order_id,order_date,sku,location_id,quantity_ordered,quantity_received,status
ORD000001,2024-01-01,SKU023,DC02,23,23,RECEIVED
ORD000002,2024-01-02,SKU003,DC01,36,36,RECEIVED
ORD000003,2024-01-02,SKU020,DC04,71,71,RECEIVED
ORD000004,2024-01-04,SKU006,DC02,20,20,RECEIVED
ORD000005,2024-01-04,SKU010,DC03,29,29,RECEIVED
ORD000006,2024-01-04,SKU023,DC04,59,59,RECEIVED
ORD000007,2024-01-05,SKU006,DC03,22,22,RECEIVED
ORD000008,2024-01-05,SKU017,DC04,52,52,RECEIVED
ORD000009,2024-01-06,SKU003,DC03,69,69,RECEIVED
ORD000010,2024-01-07,SKU012,DC01,33,33,RECEIVED
ORD000011,2024-01-07,SKU016,DC02,49,49,RECEIVED
ORD000012,2024-01-08,SKU001,DC02,65,65,RECEIVED
ORD000013,2024-01-08,SKU006,DC02,19,19,RECEIVED
ORD000014,2024-01-08,SKU010,DC03,35,35,RECEIVED
ORD000015,2024-01-08,SKU019,DC02,67,67,RECEIVED
ORD000016,2024-01-09,SKU003,DC02,69,69,RECEIVED
ORD000017,2024-01-10,SKU004,DC03,70,70,RECEIVED
ORD000018,2024-01-10,SKU005,DC04,73,73,RECEIVED
ORD000019,2024-01-10,SKU015,DC01,56,56,RECEIVED
ORD000020,2024-01-10,SKU017,DC03,64,64,RECEIVED
ORD000021,2024-01-10,SKU020,DC01,55,55,RECEIVED
ORD000022,2024-01-11,SKU006,DC01,33,33,RECEIVED
ORD000023,2024-01-11,SKU013,DC02,43,43,RECEIVED
ORD000024,2024-01-12,SKU002,DC01,41,41,RECEIVED
ORD000025,2024-01-12,SKU007,DC03,45,45,RECEIVED
ORD000026,2024-01-12,SKU010,DC02,41,41,RECEIVED
ORD000027,2024-01-13,SKU002,DC02,58,58,RECEIVED
ORD000028,2024-01-13,SKU021,DC04,48,48,RECEIVED
ORD000029,2024-01-13,SKU024,DC04,22,22,RECEIVED
ORD000030,2024-01-14,SKU009,DC01,49,49,RECEIVED
ORD000031,2024-01-14,SKU024,DC02,18,18,RECEIVED
ORD000032,2024-01-15,SKU001,DC01,30,30,RECEIVED
ORD000033,2024-01-15,SKU008,DC02,64,64,RECEIVED
ORD000034,2024-01-15,SKU009,DC03,23,23,RECEIVED
ORD000035,2024-01-15,SKU024,DC01,34,34,RECEIVED
ORD000036,2024-01-16,SKU002,DC01,44,44,RECEIVED
ORD000037,2024-01-16,SKU023,DC02,23,23,RECEIVED
ORD000038,2024-01-17,SKU002,DC01,49,49,RECEIVED
ORD000039,2024-01-17,SKU010,DC04,40,40,RECEIVED
ORD000040,2024-01-18,SKU008,DC04,39,39,RECEIVED
ORD000041,2024-01-18,SKU012,DC04,36,36,RECEIVED
ORD000042,2024-01-18,SKU013,DC02,62,62,RECEIVED
ORD000043,2024-01-20,SKU009,DC01,60,60,RECEIVED
ORD000044,2024-01-20,SKU009,DC04,17,17,RECEIVED
ORD000045,2024-01-20,SKU019,DC02,43,43,RECEIVED
ORD000046,2024-01-21,SKU001,DC04,45,45,RECEIVED
ORD000047,2024-01-21,SKU012,DC02,47,47,RECEIVED
ORD000048,2024-01-21,SKU016,DC04,49,49,RECEIVED
ORD000049,2024-01-22,SKU001,DC03,50,50,RECEIVED
ORD000050,2024-01-23,SKU001,DC02,74,74,RECEIVED
ORD000051,2024-01-23,SKU002,DC04,74,74,RECEIVED
ORD000052,2024-01-23,SKU004,DC01,40,40,RECEIVED
ORD000053,2024-01-23,SKU006,DC03,53,53,RECEIVED
ORD000054,2024-01-23,SKU012,DC01,69,69,RECEIVED
ORD000055,2024-01-23,SKU014,DC01,39,39,RECEIVED
ORD000056,2024-01-23,SKU024,DC02,74,74,RECEIVED
ORD000057,2024-01-24,SKU006,DC02,20,20,RECEIVED
ORD000058,2024-01-24,SKU010,DC02,17,17,RECEIVED
ORD000059,2024-01-24,SKU013,DC01,52,52,RECEIVED
ORD000060,2024-01-24,SKU015,DC02,58,58,RECEIVED
ORD000061,2024-01-24,SKU016,DC02,19,19,RECEIVED
ORD000062,2024-01-24,SKU018,DC03,55,55,RECEIVED
ORD000063,2024-01-24,SKU023,DC04,63,63,RECEIVED
ORD000064,2024-01-24,SKU024,DC01,68,68,RECEIVED
ORD000065,2024-01-25,SKU003,DC01,58,58,RECEIVED
ORD000066,2024-01-25,SKU003,DC04,17,17,RECEIVED
ORD000067,2024-01-25,SKU004,DC02,20,20,RECEIVED
ORD000068,2024-01-25,SKU008,DC02,30,30,RECEIVED
ORD000069,2024-01-25,SKU011,DC03,24,24,RECEIVED
ORD000070,2024-01-25,SKU013,DC01,61,61,RECEIVED
ORD000071,2024-01-26,SKU003,DC01,22,22,RECEIVED
ORD000072,2024-01-26,SKU008,DC04,60,60,RECEIVED
ORD000073,2024-01-26,SKU013,DC03,56,56,RECEIVED
ORD000074,2024-01-26,SKU015,DC02,46,46,RECEIVED
ORD000075,2024-01-26,SKU017,DC02,27,27,RECEIVED
ORD000076,2024-01-26,SKU024,DC01,64,64,RECEIVED
ORD000077,2024-01-27,SKU004,DC02,20,20,RECEIVED
ORD000078,2024-01-27,SKU014,DC01,29,29,RECEIVED
ORD000079,2024-01-27,SKU020,DC01,52,52,RECEIVED
ORD000080,2024-01-28,SKU001,DC01,22,22,RECEIVED
ORD000081,2024-01-28,SKU003,DC04,36,36,RECEIVED
ORD000082,2024-01-28,SKU014,DC02,23,23,RECEIVED
ORD000083,2024-01-28,SKU017,DC02,17,17,RECEIVED
ORD000084,2024-01-28,SKU018,DC01,63,63,RECEIVED
ORD000085,2024-01-29,SKU002,DC02,67,67,RECEIVED
ORD000086,2024-01-30,SKU002,DC03,75,75,RECEIVED
ORD000087,2024-01-30,SKU014,DC02,36,36,RECEIVED
ORD000088,2024-01-31,SKU003,DC03,29,29,RECEIVED
ORD000089,2024-01-31,SKU005,DC02,46,46,RECEIVED
ORD000090,2024-01-31,SKU008,DC03,18,18,RECEIVED
ORD000091,2024-02-01,SKU001,DC03,72,72,RECEIVED
ORD000092,2024-02-01,SKU003,DC03,15,15,RECEIVED
ORD000093,2024-02-01,SKU016,DC01,71,71,RECEIVED
ORD000094,2024-02-01,SKU022,DC03,25,25,RECEIVED
ORD000095,2024-02-02,SKU001,DC02,16,16,RECEIVED
ORD000096,2024-02-02,SKU004,DC01,38,38,RECEIVED
ORD000097,2024-02-02,SKU017,DC01,66,66,RECEIVED
ORD000098,2024-02-04,SKU008,DC01,65,65,RECEIVED
ORD000099,2024-02-04,SKU018,DC01,71,71,RECEIVED
ORD000100,2024-02-05,SKU004,DC04,58,58,RECEIVED
ORD000101,2024-02-05,SKU007,DC01,49,49,RECEIVED
ORD000102,2024-02-05,SKU013,DC01,68,68,RECEIVED
ORD000103,2024-02-06,SKU002,DC01,33,33,RECEIVED
ORD000104,2024-02-06,SKU004,DC01,32,32,RECEIVED
ORD000105,2024-02-06,SKU020,DC03,60,60,RECEIVED
ORD000106,2024-02-07,SKU003,DC04,73,73,RECEIVED
ORD000107,2024-02-07,SKU005,DC04,53,53,RECEIVED
ORD000108,2024-02-07,SKU011,DC04,23,23,RECEIVED
ORD000109,2024-02-07,SKU014,DC04,46,46,RECEIVED
ORD000110,2024-02-07,SKU020,DC01,56,56,RECEIVED
ORD000111,2024-02-08,SKU002,DC01,19,19,RECEIVED
ORD000112,2024-02-08,SKU006,DC03,57,57,RECEIVED
ORD000113,2024-02-08,SKU019,DC02,39,39,RECEIVED
ORD000114,2024-02-09,SKU003,DC04,38,38,RECEIVED
ORD000115,2024-02-09,SKU006,DC02,16,16,RECEIVED
ORD000116,2024-02-09,SKU007,DC04,35,35,RECEIVED
ORD000117,2024-02-09,SKU013,DC03,64,64,RECEIVED
ORD000118,2024-02-09,SKU014,DC02,50,50,RECEIVED
ORD000119,2024-02-09,SKU018,DC02,73,73,RECEIVED
ORD000120,2024-02-09,SKU022,DC02,73,73,RECEIVED
ORD000121,2024-02-10,SKU005,DC01,41,41,RECEIVED
ORD000122,2024-02-10,SKU018,DC04,20,20,RECEIVED
ORD000123,2024-02-11,SKU005,DC02,49,49,RECEIVED
ORD000124,2024-02-11,SKU008,DC02,63,63,RECEIVED
ORD000125,2024-02-11,SKU018,DC04,59,59,RECEIVED
ORD000126,2024-02-11,SKU021,DC03,18,18,RECEIVED
ORD000127,2024-02-11,SKU024,DC04,17,17,RECEIVED
ORD000128,2024-02-12,SKU001,DC01,18,18,RECEIVED
ORD000129,2024-02-12,SKU003,DC03,40,40,RECEIVED
ORD000130,2024-02-13,SKU014,DC04,52,52,RECEIVED
ORD000131,2024-02-13,SKU023,DC04,33,33,RECEIVED
ORD000132,2024-02-14,SKU011,DC02,61,61,RECEIVED
ORD000133,2024-02-14,SKU016,DC01,16,16,RECEIVED
ORD000134,2024-02-14,SKU024,DC01,50,50,RECEIVED
ORD000135,2024-02-15,SKU008,DC03,69,69,RECEIVED
ORD000136,2024-02-15,SKU009,DC02,37,37,RECEIVED
ORD000137,2024-02-15,SKU011,DC04,33,33,RECEIVED
ORD000138,2024-02-15,SKU012,DC03,29,29,RECEIVED
ORD000139,2024-02-15,SKU016,DC01,56,56,RECEIVED
ORD000140,2024-02-15,SKU019,DC01,48,48,RECEIVED
ORD000141,2024-02-15,SKU023,DC04,45,45,RECEIVED
ORD000142,2024-02-16,SKU016,DC02,24,24,RECEIVED
ORD000143,2024-02-17,SKU015,DC04,23,23,RECEIVED
ORD000144,2024-02-18,SKU001,DC03,43,43,RECEIVED
ORD000145,2024-02-18,SKU005,DC02,33,33,RECEIVED
ORD000146,2024-02-18,SKU005,DC03,23,23,RECEIVED
ORD000147,2024-02-18,SKU010,DC01,74,74,RECEIVED
ORD000148,2024-02-18,SKU010,DC04,60,60,RECEIVED
ORD000149,2024-02-18,SKU016,DC03,29,29,RECEIVED
ORD000150,2024-02-18,SKU022,DC02,32,32,RECEIVED
ORD000151,2024-02-19,SKU005,DC01,54,54,RECEIVED
ORD000152,2024-02-20,SKU013,DC02,31,31,RECEIVED
ORD000153,2024-02-20,SKU021,DC03,56,56,RECEIVED
ORD000154,2024-02-21,SKU004,DC01,69,69,RECEIVED
ORD000155,2024-02-21,SKU006,DC02,26,26,RECEIVED
ORD000156,2024-02-21,SKU013,DC03,40,40,RECEIVED
ORD000157,2024-02-21,SKU023,DC01,72,72,RECEIVED
ORD000158,2024-02-22,SKU017,DC02,65,65,RECEIVED
ORD000159,2024-02-22,SKU020,DC04,53,53,RECEIVED
ORD000160,2024-02-23,SKU003,DC01,68,68,RECEIVED
ORD000161,2024-02-23,SKU012,DC02,41,41,RECEIVED
ORD000162,2024-02-23,SKU014,DC03,29,29,RECEIVED
ORD000163,2024-02-24,SKU001,DC03,53,53,RECEIVED
ORD000164,2024-02-24,SKU009,DC03,62,62,RECEIVED
ORD000165,2024-02-24,SKU015,DC02,37,37,RECEIVED
ORD000166,2024-02-24,SKU022,DC02,19,19,RECEIVED
ORD000167,2024-02-24,SKU023,DC03,67,67,RECEIVED
ORD000168,2024-02-24,SKU024,DC03,53,53,RECEIVED
ORD000169,2024-02-25,SKU001,DC01,34,34,RECEIVED
ORD000170,2024-02-25,SKU006,DC03,20,20,RECEIVED
ORD000171,2024-02-25,SKU015,DC04,38,38,RECEIVED
ORD000172,2024-02-26,SKU002,DC03,41,41,RECEIVED
ORD000173,2024-02-26,SKU007,DC01,20,20,RECEIVED
ORD000174,2024-02-26,SKU019,DC01,49,49,RECEIVED
ORD000175,2024-02-27,SKU007,DC02,69,69,RECEIVED
ORD000176,2024-02-28,SKU011,DC04,18,18,RECEIVED
ORD000177,2024-02-28,SKU014,DC03,49,49,RECEIVED
ORD000178,2024-02-28,SKU019,DC01,64,64,RECEIVED
ORD000179,2024-02-29,SKU012,DC04,65,65,RECEIVED
ORD000180,2024-02-29,SKU017,DC04,46,46,RECEIVED
ORD000181,2024-02-29,SKU023,DC01,68,68,RECEIVED
ORD000182,2024-02-29,SKU024,DC03,18,18,RECEIVED
ORD000183,2024-03-01,SKU002,DC03,29,29,RECEIVED
ORD000184,2024-03-01,SKU007,DC04,41,41,RECEIVED
ORD000185,2024-03-01,SKU009,DC02,23,23,RECEIVED
ORD000186,2024-03-01,SKU009,DC04,68,68,RECEIVED
ORD000187,2024-03-01,SKU010,DC03,31,31,RECEIVED
ORD000188,2024-03-01,SKU010,DC04,32,32,RECEIVED
ORD000189,2024-03-02,SKU001,DC01,62,62,RECEIVED
ORD000190,2024-03-02,SKU007,DC04,20,20,RECEIVED
ORD000191,2024-03-02,SKU019,DC03,72,72,RECEIVED
ORD000192,2024-03-02,SKU022,DC02,42,42,RECEIVED
ORD000193,2024-03-03,SKU011,DC03,21,21,RECEIVED
ORD000194,2024-03-03,SKU019,DC04,27,27,RECEIVED
ORD000195,2024-03-03,SKU023,DC04,62,62,RECEIVED
ORD000196,2024-03-04,SKU002,DC04,28,28,RECEIVED
ORD000197,2024-03-04,SKU012,DC04,30,30,RECEIVED
ORD000198,2024-03-04,SKU014,DC01,18,18,RECEIVED
ORD000199,2024-03-04,SKU015,DC03,48,48,RECEIVED
ORD000200,2024-03-04,SKU018,DC03,60,60,RECEIVED
ORD000201,2024-03-05,SKU003,DC02,29,29,RECEIVED
ORD000202,2024-03-05,SKU004,DC01,24,24,RECEIVED
ORD000203,2024-03-05,SKU013,DC02,15,15,RECEIVED
ORD000204,2024-03-05,SKU020,DC03,75,75,RECEIVED
ORD000205,2024-03-05,SKU021,DC01,71,71,RECEIVED
ORD000206,2024-03-05,SKU023,DC01,25,25,RECEIVED
ORD000207,2024-03-06,SKU001,DC01,62,62,RECEIVED
ORD000208,2024-03-06,SKU022,DC01,22,22,RECEIVED
ORD000209,2024-03-07,SKU004,DC02,73,73,RECEIVED
ORD000210,2024-03-07,SKU008,DC04,36,36,RECEIVED
ORD000211,2024-03-07,SKU018,DC02,49,49,RECEIVED
ORD000212,2024-03-08,SKU006,DC02,46,46,RECEIVED
ORD000213,2024-03-08,SKU008,DC01,46,46,RECEIVED
ORD000214,2024-03-08,SKU013,DC02,65,65,RECEIVED
ORD000215,2024-03-08,SKU020,DC01,70,70,RECEIVED
ORD000216,2024-03-08,SKU022,DC03,51,51,RECEIVED
ORD000217,2024-03-09,SKU007,DC04,58,58,RECEIVED
ORD000218,2024-03-09,SKU014,DC02,37,37,RECEIVED
ORD000219,2024-03-09,SKU017,DC01,57,57,RECEIVED
ORD000220,2024-03-10,SKU001,DC02,27,27,RECEIVED
ORD000221,2024-03-10,SKU012,DC01,27,27,RECEIVED
ORD000222,2024-03-10,SKU016,DC02,34,34,RECEIVED
ORD000223,2024-03-11,SKU006,DC01,38,38,RECEIVED
ORD000224,2024-03-11,SKU011,DC03,19,19,RECEIVED
ORD000225,2024-03-11,SKU014,DC02,59,59,RECEIVED
ORD000226,2024-03-11,SKU015,DC03,62,62,RECEIVED
ORD000227,2024-03-11,SKU022,DC02,29,29,RECEIVED
ORD000228,2024-03-12,SKU008,DC04,21,21,RECEIVED
ORD000229,2024-03-12,SKU015,DC02,31,31,RECEIVED
ORD000230,2024-03-12,SKU019,DC02,52,52,RECEIVED
ORD000231,2024-03-12,SKU022,DC04,64,64,RECEIVED
ORD000232,2024-03-13,SKU005,DC03,21,21,RECEIVED
ORD000233,2024-03-13,SKU008,DC04,18,18,RECEIVED
ORD000234,2024-03-13,SKU019,DC02,15,15,RECEIVED
ORD000235,2024-03-14,SKU001,DC04,30,30,RECEIVED
ORD000236,2024-03-14,SKU003,DC01,66,66,RECEIVED
ORD000237,2024-03-14,SKU010,DC04,16,16,RECEIVED
ORD000238,2024-03-14,SKU011,DC02,55,55,RECEIVED
ORD000239,2024-03-14,SKU024,DC01,60,60,RECEIVED
ORD000240,2024-03-15,SKU007,DC02,67,67,RECEIVED
ORD000241,2024-03-15,SKU022,DC03,75,75,RECEIVED
ORD000242,2024-03-16,SKU001,DC04,69,69,RECEIVED
ORD000243,2024-03-16,SKU006,DC04,72,72,RECEIVED
ORD000244,2024-03-16,SKU013,DC02,31,31,RECEIVED
ORD000245,2024-03-16,SKU018,DC02,70,70,RECEIVED
ORD000246,2024-03-17,SKU009,DC02,37,37,RECEIVED
ORD000247,2024-03-17,SKU018,DC04,27,27,RECEIVED
ORD000248,2024-03-17,SKU021,DC04,49,49,RECEIVED
ORD000249,2024-03-18,SKU004,DC01,19,19,RECEIVED
ORD000250,2024-03-18,SKU005,DC04,26,26,RECEIVED
ORD000251,2024-03-18,SKU006,DC01,30,30,RECEIVED
ORD000252,2024-03-18,SKU009,DC04,22,22,RECEIVED
ORD000253,2024-03-18,SKU016,DC03,46,46,RECEIVED
ORD000254,2024-03-19,SKU001,DC02,51,51,RECEIVED
ORD000255,2024-03-19,SKU004,DC02,45,45,RECEIVED
ORD000256,2024-03-19,SKU008,DC04,51,51,RECEIVED
ORD000257,2024-03-19,SKU016,DC03,69,69,RECEIVED
ORD000258,2024-03-19,SKU017,DC02,73,73,RECEIVED
ORD000259,2024-03-19,SKU019,DC02,71,71,RECEIVED
ORD000260,2024-03-19,SKU019,DC03,33,33,RECEIVED
ORD000261,2024-03-19,SKU021,DC02,71,71,RECEIVED
ORD000262,2024-03-20,SKU020,DC02,27,27,RECEIVED
ORD000263,2024-03-20,SKU024,DC03,21,21,RECEIVED
ORD000264,2024-03-20,SKU024,DC04,72,72,RECEIVED
ORD000265,2024-03-22,SKU022,DC01,68,68,RECEIVED
ORD000266,2024-03-22,SKU023,DC03,70,70,RECEIVED
ORD000267,2024-03-23,SKU003,DC02,17,17,RECEIVED
ORD000268,2024-03-23,SKU015,DC03,52,52,RECEIVED
ORD000269,2024-03-23,SKU019,DC03,22,22,RECEIVED
ORD000270,2024-03-23,SKU020,DC04,57,57,RECEIVED
ORD000271,2024-03-24,SKU001,DC04,26,26,RECEIVED
ORD000272,2024-03-24,SKU008,DC03,27,27,RECEIVED
ORD000273,2024-03-24,SKU010,DC03,23,23,RECEIVED
ORD000274,2024-03-24,SKU020,DC04,68,68,RECEIVED
ORD000275,2024-03-25,SKU005,DC02,21,21,RECEIVED
ORD000276,2024-03-25,SKU010,DC01,50,50,RECEIVED
ORD000277,2024-03-25,SKU010,DC04,48,48,RECEIVED
ORD000278,2024-03-25,SKU015,DC01,72,72,RECEIVED
ORD000279,2024-03-25,SKU024,DC03,72,72,RECEIVED
ORD000280,2024-03-26,SKU012,DC02,35,35,RECEIVED
ORD000281,2024-03-26,SKU024,DC04,67,67,RECEIVED
ORD000282,2024-03-27,SKU001,DC03,42,42,RECEIVED
ORD000283,2024-03-28,SKU008,DC03,15,15,RECEIVED
ORD000284,2024-03-28,SKU019,DC01,55,55,RECEIVED
ORD000285,2024-03-28,SKU022,DC02,53,53,RECEIVED
ORD000286,2024-03-28,SKU024,DC02,41,41,RECEIVED
ORD000287,2024-03-29,SKU002,DC01,31,31,RECEIVED
ORD000288,2024-03-29,SKU008,DC02,63,63,RECEIVED
ORD000289,2024-03-29,SKU017,DC03,21,21,RECEIVED
ORD000290,2024-03-29,SKU022,DC01,73,73,RECEIVED
ORD000291,2024-03-30,SKU009,DC02,17,17,RECEIVED
ORD000292,2024-03-31,SKU001,DC01,40,40,RECEIVED
ORD000293,2024-03-31,SKU008,DC02,15,15,RECEIVED
ORD000294,2024-03-31,SKU011,DC03,70,70,RECEIVED
ORD000295,2024-03-31,SKU018,DC01,28,28,RECEIVED
ORD000296,2024-04-01,SKU010,DC01,62,62,RECEIVED
ORD000297,2024-04-02,SKU010,DC04,50,50,RECEIVED
ORD000298,2024-04-02,SKU014,DC02,75,75,RECEIVED
ORD000299,2024-04-03,SKU003,DC02,49,49,RECEIVED
ORD000300,2024-04-03,SKU004,DC01,41,41,RECEIVED
ORD000301,2024-04-03,SKU006,DC01,39,39,RECEIVED
ORD000302,2024-04-04,SKU007,DC01,73,73,RECEIVED
ORD000303,2024-04-04,SKU011,DC02,16,16,RECEIVED
ORD000304,2024-04-04,SKU012,DC04,17,17,RECEIVED
ORD000305,2024-04-04,SKU015,DC03,56,56,RECEIVED
ORD000306,2024-04-05,SKU005,DC01,61,61,RECEIVED
ORD000307,2024-04-05,SKU007,DC04,57,57,RECEIVED
ORD000308,2024-04-05,SKU008,DC04,42,42,RECEIVED
ORD000309,2024-04-05,SKU014,DC01,45,45,RECEIVED
ORD000310,2024-04-06,SKU010,DC04,72,72,RECEIVED
ORD000311,2024-04-06,SKU017,DC04,42,42,RECEIVED
ORD000312,2024-04-07,SKU004,DC04,52,52,RECEIVED
ORD000313,2024-04-07,SKU008,DC04,58,58,RECEIVED
ORD000314,2024-04-07,SKU022,DC02,59,59,RECEIVED
ORD000315,2024-04-08,SKU014,DC01,62,62,RECEIVED
ORD000316,2024-04-08,SKU014,DC04,23,23,RECEIVED
ORD000317,2024-04-08,SKU021,DC01,25,25,RECEIVED
ORD000318,2024-04-10,SKU021,DC03,20,20,RECEIVED
ORD000319,2024-04-11,SKU002,DC02,52,52,RECEIVED
ORD000320,2024-04-11,SKU009,DC04,47,47,RECEIVED
ORD000321,2024-04-11,SKU012,DC02,55,55,RECEIVED
ORD000322,2024-04-11,SKU018,DC04,60,60,RECEIVED
ORD000323,2024-04-11,SKU023,DC02,51,51,RECEIVED
ORD000324,2024-04-12,SKU004,DC03,23,23,RECEIVED
ORD000325,2024-04-12,SKU014,DC02,47,47,RECEIVED
ORD000326,2024-04-12,SKU016,DC01,23,23,RECEIVED
ORD000327,2024-04-12,SKU019,DC03,36,36,RECEIVED
ORD000328,2024-04-13,SKU004,DC01,32,32,RECEIVED
ORD000329,2024-04-13,SKU011,DC03,32,32,RECEIVED
ORD000330,2024-04-13,SKU024,DC01,21,21,RECEIVED
ORD000331,2024-04-14,SKU009,DC03,71,71,RECEIVED
ORD000332,2024-04-14,SKU011,DC03,57,57,RECEIVED
ORD000333,2024-04-15,SKU017,DC03,47,47,RECEIVED
ORD000334,2024-04-15,SKU023,DC04,71,71,RECEIVED
ORD000335,2024-04-16,SKU014,DC02,17,17,RECEIVED
ORD000336,2024-04-16,SKU019,DC04,55,55,RECEIVED
ORD000337,2024-04-17,SKU004,DC01,26,26,RECEIVED
ORD000338,2024-04-17,SKU004,DC04,65,65,RECEIVED
ORD000339,2024-04-17,SKU012,DC02,18,18,RECEIVED
ORD000340,2024-04-17,SKU021,DC01,40,40,RECEIVED
ORD000341,2024-04-17,SKU023,DC03,38,38,RECEIVED
ORD000342,2024-04-18,SKU002,DC04,31,31,RECEIVED
ORD000343,2024-04-19,SKU002,DC02,35,35,RECEIVED
ORD000344,2024-04-19,SKU002,DC03,30,30,RECEIVED
ORD000345,2024-04-19,SKU003,DC03,30,30,RECEIVED
ORD000346,2024-04-19,SKU012,DC03,64,64,RECEIVED
ORD000347,2024-04-19,SKU015,DC04,50,50,RECEIVED
ORD000348,2024-04-19,SKU019,DC03,36,36,RECEIVED
ORD000349,2024-04-20,SKU007,DC03,56,56,RECEIVED
ORD000350,2024-04-20,SKU015,DC02,31,31,RECEIVED
ORD000351,2024-04-20,SKU023,DC02,32,32,RECEIVED
ORD000352,2024-04-22,SKU006,DC03,17,17,RECEIVED
ORD000353,2024-04-22,SKU007,DC04,57,57,RECEIVED
ORD000354,2024-04-22,SKU011,DC01,30,30,RECEIVED
ORD000355,2024-04-22,SKU022,DC02,72,72,RECEIVED
ORD000356,2024-04-23,SKU005,DC04,16,16,RECEIVED
ORD000357,2024-04-23,SKU013,DC04,63,63,RECEIVED
ORD000358,2024-04-23,SKU021,DC04,43,43,RECEIVED
ORD000359,2024-04-24,SKU023,DC04,55,55,RECEIVED
ORD000360,2024-04-25,SKU001,DC02,56,56,RECEIVED
ORD000361,2024-04-25,SKU003,DC01,45,45,RECEIVED
ORD000362,2024-04-25,SKU017,DC03,47,47,RECEIVED
ORD000363,2024-04-25,SKU023,DC03,71,71,RECEIVED
ORD000364,2024-04-26,SKU011,DC02,24,24,RECEIVED
ORD000365,2024-04-26,SKU012,DC02,18,18,RECEIVED
ORD000366,2024-04-26,SKU016,DC02,64,64,RECEIVED
ORD000367,2024-04-27,SKU012,DC02,36,36,RECEIVED
ORD000368,2024-04-27,SKU021,DC02,62,62,RECEIVED
ORD000369,2024-04-27,SKU021,DC04,15,15,RECEIVED
ORD000370,2024-04-28,SKU004,DC01,64,64,RECEIVED
ORD000371,2024-04-28,SKU007,DC03,22,22,RECEIVED
ORD000372,2024-04-28,SKU009,DC01,58,58,RECEIVED
ORD000373,2024-04-28,SKU010,DC02,45,45,RECEIVED
ORD000374,2024-04-28,SKU013,DC01,36,36,RECEIVED
ORD000375,2024-04-28,SKU019,DC04,45,45,RECEIVED
ORD000376,2024-04-28,SKU023,DC02,67,67,RECEIVED
ORD000377,2024-04-28,SKU024,DC01,39,39,RECEIVED
ORD000378,2024-04-29,SKU007,DC04,54,54,RECEIVED
ORD000379,2024-04-29,SKU010,DC03,64,64,RECEIVED
ORD000380,2024-04-29,SKU020,DC01,33,33,RECEIVED
ORD000381,2024-04-29,SKU021,DC04,57,57,RECEIVED
ORD000382,2024-04-30,SKU002,DC03,19,19,RECEIVED
ORD000383,2024-04-30,SKU017,DC03,37,37,RECEIVED
ORD000384,2024-04-30,SKU017,DC04,24,24,RECEIVED
ORD000385,2024-04-30,SKU020,DC02,71,71,RECEIVED
ORD000386,2024-05-01,SKU006,DC03,37,37,RECEIVED
ORD000387,2024-05-01,SKU009,DC02,28,28,RECEIVED
ORD000388,2024-05-01,SKU010,DC01,29,29,RECEIVED
ORD000389,2024-05-01,SKU015,DC04,39,39,RECEIVED
ORD000390,2024-05-01,SKU018,DC01,73,73,RECEIVED
ORD000391,2024-05-01,SKU021,DC04,51,51,RECEIVED
ORD000392,2024-05-02,SKU016,DC01,40,40,RECEIVED
ORD000393,2024-05-02,SKU018,DC04,67,67,RECEIVED
ORD000394,2024-05-02,SKU019,DC04,29,29,RECEIVED
ORD000395,2024-05-03,SKU003,DC04,41,41,RECEIVED
ORD000396,2024-05-03,SKU009,DC04,68,68,RECEIVED
ORD000397,2024-05-03,SKU022,DC01,51,51,RECEIVED
ORD000398,2024-05-04,SKU007,DC01,69,69,RECEIVED
ORD000399,2024-05-04,SKU018,DC04,55,55,RECEIVED
ORD000400,2024-05-04,SKU022,DC04,35,35,RECEIVED
ORD000401,2024-05-05,SKU010,DC04,34,34,RECEIVED
ORD000402,2024-05-05,SKU011,DC01,41,41,RECEIVED
ORD000403,2024-05-06,SKU007,DC01,36,36,RECEIVED
ORD000404,2024-05-06,SKU009,DC02,22,22,RECEIVED
ORD000405,2024-05-06,SKU019,DC04,27,27,RECEIVED
ORD000406,2024-05-07,SKU008,DC01,53,53,RECEIVED
ORD000407,2024-05-07,SKU010,DC03,40,40,RECEIVED
ORD000408,2024-05-07,SKU015,DC04,69,69,RECEIVED
ORD000409,2024-05-07,SKU018,DC01,72,72,RECEIVED
ORD000410,2024-05-07,SKU019,DC03,49,49,RECEIVED
ORD000411,2024-05-08,SKU011,DC04,55,55,RECEIVED
ORD000412,2024-05-08,SKU013,DC02,44,44,RECEIVED
ORD000413,2024-05-08,SKU017,DC01,49,49,RECEIVED
ORD000414,2024-05-08,SKU018,DC03,59,59,RECEIVED
ORD000415,2024-05-09,SKU010,DC03,28,28,RECEIVED
ORD000416,2024-05-09,SKU019,DC04,51,51,RECEIVED
ORD000417,2024-05-09,SKU024,DC01,56,56,RECEIVED
ORD000418,2024-05-10,SKU004,DC04,47,47,RECEIVED
ORD000419,2024-05-10,SKU005,DC01,47,47,RECEIVED
ORD000420,2024-05-10,SKU013,DC03,46,46,RECEIVED
ORD000421,2024-05-10,SKU014,DC02,58,58,RECEIVED
ORD000422,2024-05-11,SKU008,DC02,42,42,RECEIVED
ORD000423,2024-05-11,SKU017,DC01,71,71,RECEIVED
ORD000424,2024-05-11,SKU023,DC02,54,54,RECEIVED
ORD000425,2024-05-12,SKU012,DC04,23,23,RECEIVED
ORD000426,2024-05-12,SKU018,DC04,20,20,RECEIVED
ORD000427,2024-05-12,SKU020,DC03,50,50,RECEIVED
ORD000428,2024-05-13,SKU002,DC04,61,61,RECEIVED
ORD000429,2024-05-13,SKU007,DC02,27,27,RECEIVED
ORD000430,2024-05-13,SKU007,DC03,40,40,RECEIVED
ORD000431,2024-05-13,SKU008,DC01,73,73,RECEIVED
ORD000432,2024-05-13,SKU009,DC04,33,33,RECEIVED
ORD000433,2024-05-13,SKU015,DC02,42,42,RECEIVED
ORD000434,2024-05-13,SKU021,DC02,29,29,RECEIVED
ORD000435,2024-05-13,SKU023,DC03,63,63,RECEIVED
ORD000436,2024-05-14,SKU005,DC01,26,26,RECEIVED
ORD000437,2024-05-14,SKU010,DC04,22,22,RECEIVED
ORD000438,2024-05-14,SKU013,DC03,23,23,RECEIVED
ORD000439,2024-05-14,SKU020,DC02,50,50,RECEIVED
ORD000440,2024-05-14,SKU024,DC01,48,48,RECEIVED
ORD000441,2024-05-15,SKU015,DC03,62,62,RECEIVED
ORD000442,2024-05-15,SKU021,DC04,50,50,RECEIVED
ORD000443,2024-05-15,SKU022,DC04,67,67,RECEIVED
ORD000444,2024-05-15,SKU023,DC03,27,27,RECEIVED
ORD000445,2024-05-16,SKU001,DC03,21,21,RECEIVED
ORD000446,2024-05-16,SKU005,DC02,47,47,RECEIVED
ORD000447,2024-05-16,SKU009,DC01,24,24,RECEIVED
ORD000448,2024-05-16,SKU013,DC02,67,67,RECEIVED
ORD000449,2024-05-16,SKU013,DC03,67,67,RECEIVED
ORD000450,2024-05-16,SKU021,DC03,55,55,RECEIVED
ORD000451,2024-05-17,SKU006,DC01,23,23,RECEIVED
ORD000452,2024-05-17,SKU018,DC04,33,33,RECEIVED
ORD000453,2024-05-18,SKU010,DC02,36,36,RECEIVED
ORD000454,2024-05-18,SKU011,DC02,21,21,RECEIVED
ORD000455,2024-05-18,SKU012,DC02,30,30,RECEIVED
ORD000456,2024-05-18,SKU015,DC01,55,55,RECEIVED
ORD000457,2024-05-18,SKU015,DC04,64,64,RECEIVED
ORD000458,2024-05-18,SKU023,DC04,69,69,RECEIVED
ORD000459,2024-05-19,SKU002,DC02,72,72,RECEIVED
ORD000460,2024-05-19,SKU011,DC03,30,30,RECEIVED
ORD000461,2024-05-20,SKU011,DC01,68,68,RECEIVED
ORD000462,2024-05-20,SKU013,DC03,62,62,RECEIVED
ORD000463,2024-05-20,SKU018,DC01,65,65,RECEIVED
ORD000464,2024-05-20,SKU020,DC04,27,27,RECEIVED
ORD000465,2024-05-21,SKU009,DC04,27,27,RECEIVED
ORD000466,2024-05-21,SKU010,DC04,64,64,RECEIVED
ORD000467,2024-05-21,SKU012,DC02,62,62,RECEIVED
ORD000468,2024-05-21,SKU013,DC03,15,15,RECEIVED
ORD000469,2024-05-22,SKU010,DC03,23,23,RECEIVED
ORD000470,2024-05-22,SKU011,DC02,47,47,RECEIVED
ORD000471,2024-05-22,SKU012,DC04,16,16,RECEIVED
ORD000472,2024-05-22,SKU019,DC02,16,16,RECEIVED
ORD000473,2024-05-23,SKU001,DC04,36,36,RECEIVED
ORD000474,2024-05-23,SKU022,DC02,19,19,RECEIVED
ORD000475,2024-05-24,SKU005,DC03,38,38,RECEIVED
ORD000476,2024-05-24,SKU006,DC02,67,67,RECEIVED
ORD000477,2024-05-25,SKU005,DC01,38,38,RECEIVED
ORD000478,2024-05-25,SKU009,DC02,19,19,RECEIVED
ORD000479,2024-05-25,SKU012,DC02,28,28,RECEIVED
ORD000480,2024-05-25,SKU022,DC01,37,37,RECEIVED
ORD000481,2024-05-26,SKU002,DC02,54,54,RECEIVED
ORD000482,2024-05-26,SKU009,DC01,36,36,RECEIVED
ORD000483,2024-05-26,SKU011,DC02,40,40,RECEIVED
ORD000484,2024-05-26,SKU018,DC02,32,32,RECEIVED
ORD000485,2024-05-26,SKU020,DC03,24,24,RECEIVED
ORD000486,2024-05-26,SKU024,DC01,59,59,RECEIVED
ORD000487,2024-05-27,SKU004,DC01,71,71,RECEIVED
ORD000488,2024-05-27,SKU009,DC02,57,57,RECEIVED
ORD000489,2024-05-27,SKU016,DC01,24,24,RECEIVED
ORD000490,2024-05-27,SKU016,DC03,31,31,RECEIVED
ORD000491,2024-05-27,SKU017,DC04,49,49,RECEIVED
ORD000492,2024-05-27,SKU020,DC04,50,50,RECEIVED
ORD000493,2024-05-27,SKU022,DC04,28,28,RECEIVED
ORD000494,2024-05-27,SKU024,DC01,63,63,RECEIVED
ORD000495,2024-05-28,SKU001,DC03,39,39,RECEIVED
ORD000496,2024-05-28,SKU023,DC02,62,62,RECEIVED
ORD000497,2024-05-29,SKU020,DC03,55,55,RECEIVED
ORD000498,2024-05-29,SKU023,DC03,58,58,RECEIVED
ORD000499,2024-05-30,SKU002,DC02,43,43,RECEIVED
ORD000500,2024-05-30,SKU006,DC02,71,71,RECEIVED
ORD000501,2024-05-31,SKU002,DC01,23,23,RECEIVED
ORD000502,2024-05-31,SKU003,DC04,25,25,RECEIVED
ORD000503,2024-05-31,SKU012,DC02,64,64,RECEIVED
ORD000504,2024-05-31,SKU019,DC01,43,43,RECEIVED
ORD000505,2024-05-31,SKU019,DC04,57,57,RECEIVED
ORD000506,2024-06-01,SKU001,DC04,50,50,RECEIVED
ORD000507,2024-06-01,SKU012,DC01,38,38,RECEIVED
ORD000508,2024-06-02,SKU001,DC02,50,50,RECEIVED
ORD000509,2024-06-02,SKU006,DC02,35,35,RECEIVED
ORD000510,2024-06-04,SKU007,DC03,20,20,RECEIVED
ORD000511,2024-06-04,SKU013,DC02,58,58,RECEIVED
ORD000512,2024-06-04,SKU020,DC01,21,21,RECEIVED
ORD000513,2024-06-05,SKU001,DC01,61,61,RECEIVED
ORD000514,2024-06-05,SKU008,DC04,70,70,RECEIVED
ORD000515,2024-06-05,SKU010,DC04,64,64,RECEIVED
ORD000516,2024-06-06,SKU011,DC02,60,60,RECEIVED
ORD000517,2024-06-06,SKU016,DC01,72,72,RECEIVED
ORD000518,2024-06-07,SKU005,DC01,51,51,RECEIVED
ORD000519,2024-06-07,SKU011,DC02,17,17,RECEIVED
ORD000520,2024-06-07,SKU024,DC01,22,22,RECEIVED
ORD000521,2024-06-08,SKU015,DC03,32,32,RECEIVED
ORD000522,2024-06-09,SKU001,DC04,34,34,RECEIVED
ORD000523,2024-06-09,SKU003,DC02,38,38,RECEIVED
ORD000524,2024-06-09,SKU004,DC02,56,56,RECEIVED
ORD000525,2024-06-09,SKU010,DC04,59,59,RECEIVED
ORD000526,2024-06-09,SKU011,DC03,71,71,RECEIVED
ORD000527,2024-06-09,SKU015,DC02,71,71,RECEIVED
ORD000528,2024-06-09,SKU016,DC01,51,51,RECEIVED
ORD000529,2024-06-09,SKU019,DC01,58,58,RECEIVED
ORD000530,2024-06-09,SKU021,DC04,23,23,RECEIVED
ORD000531,2024-06-10,SKU001,DC02,68,68,RECEIVED
ORD000532,2024-06-10,SKU003,DC02,17,17,RECEIVED
ORD000533,2024-06-10,SKU010,DC03,47,47,RECEIVED
ORD000534,2024-06-11,SKU016,DC01,69,69,RECEIVED
ORD000535,2024-06-12,SKU014,DC04,25,25,RECEIVED
ORD000536,2024-06-12,SKU015,DC01,28,28,RECEIVED
ORD000537,2024-06-13,SKU003,DC04,18,18,RECEIVED
ORD000538,2024-06-13,SKU005,DC02,44,44,RECEIVED
ORD000539,2024-06-13,SKU013,DC01,57,57,RECEIVED
ORD000540,2024-06-13,SKU014,DC02,37,37,RECEIVED
ORD000541,2024-06-14,SKU012,DC03,62,62,RECEIVED
ORD000542,2024-06-14,SKU015,DC02,67,67,RECEIVED
ORD000543,2024-06-15,SKU023,DC03,48,48,RECEIVED
ORD000544,2024-06-16,SKU009,DC01,65,65,RECEIVED
ORD000545,2024-06-16,SKU009,DC03,50,50,RECEIVED
ORD000546,2024-06-16,SKU011,DC04,40,40,RECEIVED
ORD000547,2024-06-16,SKU015,DC02,18,18,RECEIVED
ORD000548,2024-06-16,SKU015,DC04,18,18,RECEIVED
ORD000549,2024-06-17,SKU005,DC04,74,74,RECEIVED
ORD000550,2024-06-17,SKU024,DC04,45,45,RECEIVED
ORD000551,2024-06-18,SKU003,DC03,17,17,RECEIVED
ORD000552,2024-06-18,SKU024,DC01,16,16,RECEIVED
ORD000553,2024-06-19,SKU018,DC01,15,15,RECEIVED
ORD000554,2024-06-19,SKU019,DC01,36,36,RECEIVED
ORD000555,2024-06-20,SKU003,DC04,74,74,RECEIVED
ORD000556,2024-06-20,SKU005,DC01,57,57,RECEIVED
ORD000557,2024-06-20,SKU010,DC02,45,45,RECEIVED
ORD000558,2024-06-20,SKU017,DC02,32,32,RECEIVED
ORD000559,2024-06-20,SKU021,DC01,31,31,RECEIVED
ORD000560,2024-06-21,SKU011,DC02,21,21,RECEIVED
ORD000561,2024-06-22,SKU001,DC01,19,19,RECEIVED
ORD000562,2024-06-22,SKU007,DC04,68,68,RECEIVED
ORD000563,2024-06-22,SKU022,DC02,46,46,RECEIVED
ORD000564,2024-06-23,SKU004,DC03,58,58,RECEIVED
ORD000565,2024-06-23,SKU008,DC01,55,55,RECEIVED
ORD000566,2024-06-23,SKU017,DC02,52,52,RECEIVED
ORD000567,2024-06-25,SKU007,DC03,16,16,RECEIVED
ORD000568,2024-06-25,SKU009,DC04,20,20,RECEIVED
ORD000569,2024-06-25,SKU011,DC02,26,26,RECEIVED
ORD000570,2024-06-25,SKU015,DC03,25,25,RECEIVED
ORD000571,2024-06-25,SKU022,DC04,36,36,RECEIVED
ORD000572,2024-06-26,SKU006,DC01,55,55,RECEIVED
ORD000573,2024-06-26,SKU014,DC04,45,45,RECEIVED
ORD000574,2024-06-26,SKU024,DC02,33,33,RECEIVED
ORD000575,2024-06-27,SKU002,DC03,74,74,RECEIVED
ORD000576,2024-06-27,SKU004,DC04,27,27,RECEIVED
ORD000577,2024-06-27,SKU010,DC03,28,28,RECEIVED
ORD000578,2024-06-27,SKU013,DC01,29,29,RECEIVED
ORD000579,2024-06-27,SKU019,DC03,41,41,RECEIVED
ORD000580,2024-06-28,SKU010,DC03,58,58,RECEIVED
ORD000581,2024-06-29,SKU006,DC02,73,73,RECEIVED
ORD000582,2024-06-29,SKU015,DC01,32,32,RECEIVED
ORD000583,2024-06-29,SKU016,DC02,64,64,RECEIVED
ORD000584,2024-06-29,SKU019,DC01,69,69,RECEIVED
ORD000585,2024-06-30,SKU005,DC04,47,47,RECEIVED
ORD000586,2024-06-30,SKU008,DC02,37,37,RECEIVED
ORD000587,2024-06-30,SKU009,DC04,18,18,RECEIVED
ORD000588,2024-06-30,SKU014,DC02,40,40,RECEIVED
ORD000589,2024-06-30,SKU015,DC03,59,59,RECEIVED
ORD000590,2024-06-30,SKU019,DC02,32,32,RECEIVED
ORD000591,2024-06-30,SKU019,DC04,75,75,RECEIVED
ORD000592,2024-06-30,SKU020,DC03,43,43,RECEIVED
ORD000593,2024-06-30,SKU023,DC03,55,55,RECEIVED
ORD000594,2024-07-01,SKU001,DC04,73,73,RECEIVED
ORD000595,2024-07-01,SKU013,DC01,45,45,RECEIVED
ORD000596,2024-07-01,SKU013,DC04,61,61,RECEIVED
ORD000597,2024-07-01,SKU018,DC03,20,20,RECEIVED
ORD000598,2024-07-01,SKU020,DC04,53,53,RECEIVED
ORD000599,2024-07-01,SKU022,DC02,39,39,RECEIVED
ORD000600,2024-07-01,SKU023,DC01,20,20,RECEIVED
ORD000601,2024-07-02,SKU007,DC01,27,27,RECEIVED
ORD000602,2024-07-02,SKU020,DC04,16,16,RECEIVED
ORD000603,2024-07-03,SKU004,DC02,47,47,RECEIVED
ORD000604,2024-07-03,SKU014,DC01,48,48,RECEIVED
ORD000605,2024-07-03,SKU015,DC02,55,55,RECEIVED
ORD000606,2024-07-04,SKU014,DC03,56,56,RECEIVED
ORD000607,2024-07-04,SKU017,DC03,47,47,RECEIVED
ORD000608,2024-07-05,SKU020,DC01,75,75,RECEIVED
ORD000609,2024-07-06,SKU004,DC03,69,69,RECEIVED
ORD000610,2024-07-06,SKU009,DC03,75,75,RECEIVED
ORD000611,2024-07-06,SKU013,DC02,42,42,RECEIVED
ORD000612,2024-07-06,SKU019,DC04,32,32,RECEIVED
ORD000613,2024-07-06,SKU021,DC02,56,56,RECEIVED
ORD000614,2024-07-07,SKU001,DC01,51,51,RECEIVED
ORD000615,2024-07-07,SKU002,DC01,43,43,RECEIVED
ORD000616,2024-07-07,SKU003,DC04,64,64,RECEIVED
ORD000617,2024-07-07,SKU005,DC02,29,29,RECEIVED
ORD000618,2024-07-07,SKU010,DC01,57,57,RECEIVED
ORD000619,2024-07-07,SKU020,DC03,34,34,RECEIVED
ORD000620,2024-07-08,SKU008,DC01,15,15,RECEIVED
ORD000621,2024-07-08,SKU011,DC03,31,31,RECEIVED
ORD000622,2024-07-08,SKU016,DC02,17,17,RECEIVED
ORD000623,2024-07-08,SKU017,DC01,33,33,RECEIVED
ORD000624,2024-07-08,SKU017,DC04,59,59,RECEIVED
ORD000625,2024-07-09,SKU012,DC03,54,54,RECEIVED
ORD000626,2024-07-11,SKU002,DC03,66,66,RECEIVED
ORD000627,2024-07-11,SKU003,DC03,26,26,RECEIVED
ORD000628,2024-07-11,SKU006,DC03,48,48,RECEIVED
ORD000629,2024-07-11,SKU007,DC02,27,27,RECEIVED
ORD000630,2024-07-11,SKU009,DC01,67,67,RECEIVED
ORD000631,2024-07-11,SKU013,DC04,18,18,RECEIVED
ORD000632,2024-07-12,SKU009,DC02,36,36,RECEIVED
ORD000633,2024-07-12,SKU018,DC03,72,72,RECEIVED
ORD000634,2024-07-13,SKU012,DC01,53,53,RECEIVED
ORD000635,2024-07-14,SKU003,DC02,51,51,RECEIVED
ORD000636,2024-07-14,SKU009,DC03,75,75,RECEIVED
ORD000637,2024-07-14,SKU020,DC03,62,62,RECEIVED
ORD000638,2024-07-15,SKU007,DC01,55,55,RECEIVED
ORD000639,2024-07-15,SKU013,DC03,20,20,RECEIVED
ORD000640,2024-07-15,SKU020,DC01,32,32,RECEIVED
ORD000641,2024-07-16,SKU011,DC02,37,37,RECEIVED
ORD000642,2024-07-16,SKU015,DC02,17,17,RECEIVED
ORD000643,2024-07-16,SKU016,DC01,75,75,RECEIVED
ORD000644,2024-07-17,SKU006,DC01,34,34,RECEIVED
ORD000645,2024-07-17,SKU011,DC02,34,34,RECEIVED
ORD000646,2024-07-18,SKU006,DC02,19,19,RECEIVED
ORD000647,2024-07-18,SKU023,DC03,41,41,RECEIVED
ORD000648,2024-07-19,SKU004,DC03,21,21,RECEIVED
ORD000649,2024-07-19,SKU006,DC04,44,44,RECEIVED
ORD000650,2024-07-19,SKU008,DC03,35,35,RECEIVED
ORD000651,2024-07-19,SKU012,DC04,17,17,RECEIVED
ORD000652,2024-07-19,SKU016,DC03,66,66,RECEIVED
ORD000653,2024-07-19,SKU022,DC04,73,73,RECEIVED
ORD000654,2024-07-20,SKU010,DC03,45,45,RECEIVED
ORD000655,2024-07-20,SKU017,DC02,54,54,RECEIVED
ORD000656,2024-07-21,SKU015,DC03,28,28,RECEIVED
ORD000657,2024-07-21,SKU024,DC03,24,24,RECEIVED
ORD000658,2024-07-22,SKU005,DC01,75,75,RECEIVED
ORD000659,2024-07-22,SKU013,DC02,45,45,RECEIVED
ORD000660,2024-07-23,SKU006,DC01,43,43,RECEIVED
ORD000661,2024-07-23,SKU009,DC03,33,33,RECEIVED
ORD000662,2024-07-23,SKU015,DC04,74,74,RECEIVED
ORD000663,2024-07-23,SKU021,DC03,15,15,RECEIVED
ORD000664,2024-07-23,SKU023,DC01,61,61,RECEIVED
ORD000665,2024-07-25,SKU001,DC01,42,42,RECEIVED
ORD000666,2024-07-25,SKU011,DC02,31,31,RECEIVED
ORD000667,2024-07-25,SKU017,DC03,18,18,RECEIVED
ORD000668,2024-07-26,SKU022,DC04,65,65,RECEIVED
ORD000669,2024-07-27,SKU005,DC04,56,56,RECEIVED
ORD000670,2024-07-27,SKU008,DC02,67,67,RECEIVED
ORD000671,2024-07-27,SKU012,DC04,30,30,RECEIVED
ORD000672,2024-07-28,SKU001,DC01,71,71,RECEIVED
ORD000673,2024-07-28,SKU004,DC03,23,23,RECEIVED
ORD000674,2024-07-28,SKU012,DC02,17,17,RECEIVED
ORD000675,2024-07-28,SKU014,DC03,49,49,RECEIVED
ORD000676,2024-07-28,SKU015,DC02,75,75,RECEIVED
ORD000677,2024-07-28,SKU018,DC02,37,37,RECEIVED
ORD000678,2024-07-28,SKU020,DC03,70,70,RECEIVED
ORD000679,2024-07-29,SKU002,DC02,26,26,RECEIVED
ORD000680,2024-07-29,SKU006,DC01,51,51,RECEIVED
ORD000681,2024-07-29,SKU011,DC03,56,56,RECEIVED
ORD000682,2024-07-30,SKU002,DC04,20,20,RECEIVED
ORD000683,2024-07-30,SKU012,DC02,41,41,RECEIVED
ORD000684,2024-07-31,SKU006,DC03,59,59,RECEIVED
ORD000685,2024-08-01,SKU016,DC02,47,47,RECEIVED
ORD000686,2024-08-01,SKU017,DC03,16,16,RECEIVED
ORD000687,2024-08-02,SKU010,DC03,35,35,RECEIVED
ORD000688,2024-08-02,SKU012,DC02,60,60,RECEIVED
ORD000689,2024-08-02,SKU012,DC03,18,18,RECEIVED
ORD000690,2024-08-02,SKU016,DC02,21,21,RECEIVED
ORD000691,2024-08-02,SKU023,DC03,62,62,RECEIVED
ORD000692,2024-08-03,SKU011,DC03,41,41,RECEIVED
ORD000693,2024-08-03,SKU020,DC03,71,71,RECEIVED
ORD000694,2024-08-03,SKU024,DC04,46,46,RECEIVED
ORD000695,2024-08-04,SKU005,DC02,34,34,RECEIVED
ORD000696,2024-08-05,SKU002,DC03,56,56,RECEIVED
ORD000697,2024-08-05,SKU004,DC01,34,34,RECEIVED
ORD000698,2024-08-05,SKU005,DC03,60,60,RECEIVED
ORD000699,2024-08-05,SKU005,DC04,46,46,RECEIVED
ORD000700,2024-08-05,SKU010,DC02,55,55,RECEIVED
ORD000701,2024-08-05,SKU015,DC02,59,59,RECEIVED
ORD000702,2024-08-05,SKU016,DC01,74,74,RECEIVED
ORD000703,2024-08-06,SKU002,DC03,61,61,RECEIVED
ORD000704,2024-08-06,SKU004,DC03,68,68,RECEIVED
ORD000705,2024-08-07,SKU002,DC01,42,42,RECEIVED
ORD000706,2024-08-07,SKU008,DC03,31,31,RECEIVED
ORD000707,2024-08-07,SKU012,DC04,32,32,RECEIVED
ORD000708,2024-08-07,SKU021,DC01,42,42,RECEIVED
ORD000709,2024-08-07,SKU023,DC01,29,29,RECEIVED
ORD000710,2024-08-08,SKU001,DC03,63,63,RECEIVED
ORD000711,2024-08-08,SKU008,DC04,48,48,RECEIVED
ORD000712,2024-08-08,SKU009,DC02,48,48,RECEIVED
ORD000713,2024-08-08,SKU016,DC03,71,71,RECEIVED
ORD000714,2024-08-08,SKU018,DC03,39,39,RECEIVED
ORD000715,2024-08-09,SKU016,DC04,38,38,RECEIVED
ORD000716,2024-08-09,SKU019,DC04,53,53,RECEIVED
ORD000717,2024-08-10,SKU004,DC04,20,20,RECEIVED
ORD000718,2024-08-10,SKU024,DC03,44,44,RECEIVED
ORD000719,2024-08-11,SKU003,DC01,22,22,RECEIVED
ORD000720,2024-08-11,SKU016,DC04,49,49,RECEIVED
ORD000721,2024-08-11,SKU017,DC04,58,58,RECEIVED
ORD000722,2024-08-12,SKU003,DC04,52,52,RECEIVED
ORD000723,2024-08-12,SKU004,DC04,40,40,RECEIVED
ORD000724,2024-08-12,SKU006,DC01,72,72,RECEIVED
ORD000725,2024-08-12,SKU009,DC01,39,39,RECEIVED
ORD000726,2024-08-12,SKU013,DC03,20,20,RECEIVED
ORD000727,2024-08-13,SKU004,DC04,64,64,RECEIVED
ORD000728,2024-08-13,SKU010,DC03,60,60,RECEIVED
ORD000729,2024-08-13,SKU014,DC01,30,30,RECEIVED
ORD000730,2024-08-13,SKU016,DC04,18,18,RECEIVED
ORD000731,2024-08-13,SKU018,DC01,54,54,RECEIVED
ORD000732,2024-08-13,SKU020,DC02,20,20,RECEIVED
ORD000733,2024-08-13,SKU023,DC01,74,74,RECEIVED
ORD000734,2024-08-14,SKU002,DC01,46,46,RECEIVED
ORD000735,2024-08-14,SKU004,DC04,51,51,RECEIVED
ORD000736,2024-08-14,SKU007,DC02,27,27,RECEIVED
ORD000737,2024-08-14,SKU017,DC04,39,39,RECEIVED
ORD000738,2024-08-15,SKU010,DC03,59,59,RECEIVED
ORD000739,2024-08-15,SKU014,DC02,61,61,RECEIVED
ORD000740,2024-08-15,SKU015,DC01,71,71,RECEIVED
ORD000741,2024-08-15,SKU019,DC02,47,47,RECEIVED
ORD000742,2024-08-16,SKU008,DC04,42,42,RECEIVED
ORD000743,2024-08-16,SKU010,DC01,45,45,RECEIVED
ORD000744,2024-08-16,SKU011,DC01,64,64,RECEIVED
ORD000745,2024-08-16,SKU011,DC03,24,24,RECEIVED
ORD000746,2024-08-16,SKU020,DC04,48,48,RECEIVED
ORD000747,2024-08-17,SKU004,DC04,20,20,RECEIVED
ORD000748,2024-08-17,SKU006,DC04,64,64,RECEIVED
ORD000749,2024-08-17,SKU010,DC01,59,59,RECEIVED
ORD000750,2024-08-17,SKU011,DC03,43,43,RECEIVED
ORD000751,2024-08-18,SKU008,DC01,38,38,RECEIVED
ORD000752,2024-08-18,SKU009,DC02,60,60,RECEIVED
ORD000753,2024-08-18,SKU010,DC03,26,26,RECEIVED
ORD000754,2024-08-18,SKU016,DC01,31,31,RECEIVED
ORD000755,2024-08-18,SKU024,DC03,70,70,RECEIVED
ORD000756,2024-08-19,SKU009,DC01,75,75,RECEIVED
ORD000757,2024-08-19,SKU017,DC04,64,64,RECEIVED
ORD000758,2024-08-19,SKU020,DC02,19,19,RECEIVED
ORD000759,2024-08-20,SKU003,DC03,35,35,RECEIVED
ORD000760,2024-08-20,SKU015,DC01,25,25,RECEIVED
ORD000761,2024-08-20,SKU018,DC02,20,20,RECEIVED
ORD000762,2024-08-21,SKU007,DC02,19,19,RECEIVED
ORD000763,2024-08-21,SKU008,DC03,51,51,RECEIVED
ORD000764,2024-08-21,SKU010,DC01,42,42,RECEIVED
ORD000765,2024-08-21,SKU015,DC02,40,40,RECEIVED
ORD000766,2024-08-21,SKU017,DC02,44,44,RECEIVED
ORD000767,2024-08-21,SKU022,DC02,69,69,RECEIVED
ORD000768,2024-08-22,SKU004,DC02,19,19,RECEIVED
ORD000769,2024-08-22,SKU005,DC01,27,27,RECEIVED
ORD000770,2024-08-22,SKU006,DC03,64,64,RECEIVED
ORD000771,2024-08-22,SKU016,DC01,68,68,RECEIVED
ORD000772,2024-08-23,SKU001,DC04,51,51,RECEIVED
ORD000773,2024-08-23,SKU014,DC01,24,24,RECEIVED
ORD000774,2024-08-23,SKU017,DC02,22,22,RECEIVED
ORD000775,2024-08-24,SKU006,DC04,27,27,RECEIVED
ORD000776,2024-08-24,SKU014,DC01,69,69,RECEIVED
ORD000777,2024-08-24,SKU017,DC03,18,18,RECEIVED
ORD000778,2024-08-24,SKU018,DC02,41,41,RECEIVED
ORD000779,2024-08-24,SKU022,DC04,27,27,RECEIVED
ORD000780,2024-08-25,SKU008,DC03,46,46,RECEIVED
ORD000781,2024-08-25,SKU013,DC04,44,44,RECEIVED
ORD000782,2024-08-25,SKU015,DC02,26,26,RECEIVED
ORD000783,2024-08-25,SKU018,DC04,54,54,RECEIVED
ORD000784,2024-08-25,SKU019,DC03,59,59,RECEIVED
ORD000785,2024-08-25,SKU022,DC01,37,37,RECEIVED
ORD000786,2024-08-26,SKU013,DC02,62,62,RECEIVED
ORD000787,2024-08-26,SKU013,DC03,74,74,RECEIVED
ORD000788,2024-08-26,SKU014,DC01,28,28,RECEIVED
ORD000789,2024-08-26,SKU016,DC01,71,71,RECEIVED
ORD000790,2024-08-26,SKU019,DC01,56,56,RECEIVED
ORD000791,2024-08-26,SKU020,DC03,17,17,RECEIVED
ORD000792,2024-08-27,SKU004,DC04,29,29,RECEIVED
ORD000793,2024-08-27,SKU013,DC03,40,40,RECEIVED
ORD000794,2024-08-27,SKU015,DC02,60,60,RECEIVED
ORD000795,2024-08-27,SKU022,DC02,60,60,RECEIVED
ORD000796,2024-08-27,SKU022,DC04,24,24,RECEIVED
ORD000797,2024-08-27,SKU023,DC04,56,56,RECEIVED
ORD000798,2024-08-28,SKU003,DC04,62,62,RECEIVED
ORD000799,2024-08-28,SKU005,DC04,43,43,RECEIVED
ORD000800,2024-08-28,SKU012,DC02,16,16,RECEIVED
ORD000801,2024-08-28,SKU012,DC03,74,74,RECEIVED
ORD000802,2024-08-28,SKU017,DC02,24,24,RECEIVED
ORD000803,2024-08-28,SKU017,DC04,60,60,RECEIVED
ORD000804,2024-08-29,SKU001,DC03,21,21,RECEIVED
ORD000805,2024-08-29,SKU001,DC04,18,18,RECEIVED
ORD000806,2024-08-29,SKU003,DC03,70,70,RECEIVED
ORD000807,2024-08-29,SKU015,DC02,29,29,RECEIVED
ORD000808,2024-08-30,SKU012,DC02,70,70,RECEIVED
ORD000809,2024-08-31,SKU010,DC01,72,72,RECEIVED
ORD000810,2024-08-31,SKU012,DC01,54,54,RECEIVED
ORD000811,2024-08-31,SKU012,DC02,34,34,RECEIVED
ORD000812,2024-09-01,SKU004,DC04,70,70,RECEIVED
ORD000813,2024-09-01,SKU005,DC02,58,58,RECEIVED
ORD000814,2024-09-01,SKU012,DC03,60,60,RECEIVED
ORD000815,2024-09-01,SKU013,DC02,47,47,RECEIVED
ORD000816,2024-09-01,SKU023,DC02,27,27,RECEIVED
ORD000817,2024-09-02,SKU008,DC04,68,68,RECEIVED
ORD000818,2024-09-03,SKU005,DC02,32,32,RECEIVED
ORD000819,2024-09-03,SKU006,DC03,67,67,RECEIVED
ORD000820,2024-09-03,SKU017,DC01,48,48,RECEIVED
ORD000821,2024-09-03,SKU022,DC04,38,38,RECEIVED
ORD000822,2024-09-04,SKU010,DC01,69,69,RECEIVED
ORD000823,2024-09-04,SKU015,DC01,74,74,RECEIVED
ORD000824,2024-09-05,SKU007,DC01,69,69,RECEIVED
ORD000825,2024-09-05,SKU015,DC04,25,25,RECEIVED
ORD000826,2024-09-05,SKU017,DC01,68,68,RECEIVED
ORD000827,2024-09-06,SKU008,DC02,44,44,RECEIVED
ORD000828,2024-09-06,SKU011,DC01,47,47,RECEIVED
ORD000829,2024-09-06,SKU014,DC01,55,55,RECEIVED
ORD000830,2024-09-06,SKU016,DC04,42,42,RECEIVED
ORD000831,2024-09-07,SKU001,DC04,68,68,RECEIVED
ORD000832,2024-09-07,SKU006,DC01,45,45,RECEIVED
ORD000833,2024-09-07,SKU012,DC01,15,15,RECEIVED
ORD000834,2024-09-07,SKU013,DC04,60,60,RECEIVED
ORD000835,2024-09-08,SKU004,DC03,56,56,RECEIVED
ORD000836,2024-09-08,SKU016,DC03,20,20,RECEIVED
ORD000837,2024-09-09,SKU001,DC04,24,24,RECEIVED
ORD000838,2024-09-09,SKU007,DC02,51,51,RECEIVED
ORD000839,2024-09-09,SKU013,DC02,16,16,RECEIVED
ORD000840,2024-09-09,SKU022,DC03,49,49,RECEIVED
ORD000841,2024-09-10,SKU006,DC04,24,24,RECEIVED
ORD000842,2024-09-11,SKU006,DC04,62,62,RECEIVED
ORD000843,2024-09-11,SKU017,DC03,60,60,RECEIVED
ORD000844,2024-09-12,SKU002,DC03,33,33,RECEIVED
ORD000845,2024-09-12,SKU003,DC01,45,45,RECEIVED
ORD000846,2024-09-12,SKU004,DC01,33,33,RECEIVED
ORD000847,2024-09-12,SKU004,DC03,41,41,RECEIVED
ORD000848,2024-09-12,SKU006,DC02,26,26,RECEIVED
ORD000849,2024-09-12,SKU010,DC04,50,50,RECEIVED
ORD000850,2024-09-13,SKU003,DC02,45,45,RECEIVED
ORD000851,2024-09-13,SKU003,DC04,42,42,RECEIVED
ORD000852,2024-09-13,SKU004,DC03,58,58,RECEIVED
ORD000853,2024-09-13,SKU004,DC04,73,73,RECEIVED
ORD000854,2024-09-13,SKU018,DC03,36,36,RECEIVED
ORD000855,2024-09-15,SKU018,DC02,31,31,RECEIVED
ORD000856,2024-09-16,SKU005,DC02,71,71,RECEIVED
ORD000857,2024-09-16,SKU006,DC03,41,41,RECEIVED
ORD000858,2024-09-16,SKU008,DC04,50,50,RECEIVED
ORD000859,2024-09-17,SKU001,DC01,51,51,RECEIVED
ORD000860,2024-09-17,SKU002,DC01,18,18,RECEIVED
ORD000861,2024-09-17,SKU017,DC03,30,30,RECEIVED
ORD000862,2024-09-17,SKU021,DC01,21,21,RECEIVED
ORD000863,2024-09-17,SKU021,DC02,51,51,RECEIVED
ORD000864,2024-09-18,SKU010,DC03,75,75,RECEIVED
ORD000865,2024-09-18,SKU017,DC04,45,45,RECEIVED
ORD000866,2024-09-19,SKU003,DC01,67,67,RECEIVED
ORD000867,2024-09-19,SKU019,DC02,18,18,RECEIVED
ORD000868,2024-09-20,SKU004,DC04,64,64,RECEIVED
ORD000869,2024-09-21,SKU010,DC02,16,16,RECEIVED
ORD000870,2024-09-21,SKU023,DC03,48,48,RECEIVED
ORD000871,2024-09-21,SKU024,DC01,74,74,RECEIVED
ORD000872,2024-09-21,SKU024,DC02,51,51,RECEIVED
ORD000873,2024-09-22,SKU002,DC02,30,30,RECEIVED
ORD000874,2024-09-22,SKU005,DC04,54,54,RECEIVED
ORD000875,2024-09-22,SKU016,DC01,30,30,RECEIVED
ORD000876,2024-09-22,SKU016,DC02,62,62,RECEIVED
ORD000877,2024-09-22,SKU023,DC03,71,71,RECEIVED
ORD000878,2024-09-23,SKU005,DC04,45,45,RECEIVED
ORD000879,2024-09-23,SKU010,DC02,20,20,RECEIVED
ORD000880,2024-09-23,SKU011,DC01,33,33,RECEIVED
ORD000881,2024-09-23,SKU012,DC04,29,29,RECEIVED
ORD000882,2024-09-23,SKU018,DC04,44,44,RECEIVED
ORD000883,2024-09-23,SKU023,DC01,47,47,RECEIVED
ORD000884,2024-09-24,SKU022,DC02,71,71,RECEIVED
ORD000885,2024-09-25,SKU007,DC03,62,62,RECEIVED
ORD000886,2024-09-25,SKU013,DC02,26,26,RECEIVED
ORD000887,2024-09-25,SKU014,DC04,35,35,RECEIVED
ORD000888,2024-09-25,SKU016,DC01,27,27,RECEIVED
ORD000889,2024-09-25,SKU019,DC04,40,40,RECEIVED
ORD000890,2024-09-25,SKU020,DC01,30,30,RECEIVED
ORD000891,2024-09-25,SKU021,DC02,71,71,RECEIVED
ORD000892,2024-09-25,SKU022,DC03,65,65,RECEIVED
ORD000893,2024-09-26,SKU001,DC01,28,28,RECEIVED
ORD000894,2024-09-26,SKU013,DC01,50,50,RECEIVED
ORD000895,2024-09-26,SKU014,DC02,15,15,RECEIVED
ORD000896,2024-09-26,SKU019,DC04,20,20,RECEIVED
ORD000897,2024-09-26,SKU021,DC01,57,57,RECEIVED
ORD000898,2024-09-26,SKU023,DC01,37,37,RECEIVED
ORD000899,2024-09-27,SKU013,DC04,33,33,RECEIVED
ORD000900,2024-09-28,SKU003,DC01,21,21,RECEIVED
ORD000901,2024-09-28,SKU010,DC02,43,43,RECEIVED
ORD000902,2024-09-28,SKU011,DC01,33,33,RECEIVED
ORD000903,2024-09-28,SKU016,DC03,69,69,RECEIVED
ORD000904,2024-09-28,SKU021,DC02,33,33,RECEIVED
ORD000905,2024-09-28,SKU021,DC03,67,67,RECEIVED
ORD000906,2024-09-30,SKU003,DC03,41,41,RECEIVED
ORD000907,2024-09-30,SKU012,DC03,61,61,RECEIVED
ORD000908,2024-10-01,SKU019,DC02,22,22,RECEIVED
ORD000909,2024-10-01,SKU022,DC01,35,35,RECEIVED
ORD000910,2024-10-02,SKU002,DC04,57,57,RECEIVED
ORD000911,2024-10-02,SKU003,DC01,57,57,RECEIVED
ORD000912,2024-10-02,SKU015,DC03,34,34,RECEIVED
ORD000913,2024-10-02,SKU018,DC02,66,66,RECEIVED
ORD000914,2024-10-02,SKU021,DC02,30,30,RECEIVED
ORD000915,2024-10-03,SKU001,DC03,47,47,RECEIVED
ORD000916,2024-10-03,SKU004,DC03,19,19,RECEIVED
ORD000917,2024-10-03,SKU014,DC04,51,51,RECEIVED
ORD000918,2024-10-03,SKU021,DC04,22,22,RECEIVED
ORD000919,2024-10-03,SKU024,DC04,70,70,RECEIVED
ORD000920,2024-10-04,SKU002,DC04,48,48,RECEIVED
ORD000921,2024-10-04,SKU010,DC02,35,35,RECEIVED
ORD000922,2024-10-04,SKU011,DC01,21,21,RECEIVED
ORD000923,2024-10-04,SKU020,DC02,37,37,RECEIVED
ORD000924,2024-10-05,SKU007,DC03,19,19,RECEIVED
ORD000925,2024-10-05,SKU010,DC04,48,48,RECEIVED
ORD000926,2024-10-05,SKU022,DC02,26,26,RECEIVED
ORD000927,2024-10-06,SKU015,DC03,45,45,RECEIVED
ORD000928,2024-10-06,SKU016,DC02,64,64,RECEIVED
ORD000929,2024-10-07,SKU001,DC03,28,28,RECEIVED
ORD000930,2024-10-07,SKU004,DC04,22,22,RECEIVED
ORD000931,2024-10-07,SKU011,DC02,24,24,RECEIVED
ORD000932,2024-10-07,SKU019,DC02,17,17,RECEIVED
ORD000933,2024-10-07,SKU020,DC03,62,62,RECEIVED
ORD000934,2024-10-07,SKU021,DC02,45,45,RECEIVED
ORD000935,2024-10-08,SKU004,DC02,19,19,RECEIVED
ORD000936,2024-10-08,SKU008,DC04,55,55,RECEIVED
ORD000937,2024-10-08,SKU011,DC04,31,31,RECEIVED
ORD000938,2024-10-08,SKU015,DC02,18,18,RECEIVED
ORD000939,2024-10-09,SKU005,DC04,33,33,RECEIVED
ORD000940,2024-10-09,SKU015,DC03,51,51,RECEIVED
ORD000941,2024-10-09,SKU016,DC04,45,45,RECEIVED
ORD000942,2024-10-09,SKU024,DC01,24,24,RECEIVED
ORD000943,2024-10-10,SKU011,DC04,67,67,RECEIVED
ORD000944,2024-10-10,SKU015,DC01,16,16,RECEIVED
ORD000945,2024-10-11,SKU016,DC03,62,62,RECEIVED
ORD000946,2024-10-11,SKU021,DC01,36,36,RECEIVED
ORD000947,2024-10-12,SKU007,DC02,58,58,RECEIVED
ORD000948,2024-10-12,SKU018,DC01,51,51,RECEIVED
ORD000949,2024-10-12,SKU021,DC02,70,70,RECEIVED
ORD000950,2024-10-13,SKU007,DC04,41,41,RECEIVED
ORD000951,2024-10-13,SKU009,DC03,47,47,RECEIVED
ORD000952,2024-10-13,SKU013,DC02,72,72,RECEIVED
ORD000953,2024-10-13,SKU017,DC03,27,27,RECEIVED
ORD000954,2024-10-13,SKU023,DC03,61,61,RECEIVED
ORD000955,2024-10-14,SKU005,DC02,70,70,RECEIVED
ORD000956,2024-10-14,SKU014,DC02,54,54,RECEIVED
ORD000957,2024-10-14,SKU019,DC03,57,57,RECEIVED
ORD000958,2024-10-15,SKU004,DC01,73,73,RECEIVED
ORD000959,2024-10-15,SKU019,DC01,30,30,RECEIVED
ORD000960,2024-10-15,SKU019,DC02,57,57,RECEIVED
ORD000961,2024-10-16,SKU001,DC04,17,17,RECEIVED
ORD000962,2024-10-16,SKU011,DC01,55,55,RECEIVED
ORD000963,2024-10-16,SKU014,DC02,21,21,RECEIVED
ORD000964,2024-10-16,SKU016,DC03,46,46,RECEIVED
ORD000965,2024-10-16,SKU017,DC03,64,64,RECEIVED
ORD000966,2024-10-16,SKU021,DC04,40,40,RECEIVED
ORD000967,2024-10-17,SKU014,DC03,33,33,RECEIVED
ORD000968,2024-10-19,SKU004,DC01,37,37,RECEIVED
ORD000969,2024-10-19,SKU005,DC03,37,37,RECEIVED
ORD000970,2024-10-19,SKU008,DC03,49,49,RECEIVED
ORD000971,2024-10-19,SKU010,DC01,59,59,RECEIVED
ORD000972,2024-10-19,SKU024,DC01,23,23,RECEIVED
ORD000973,2024-10-20,SKU007,DC01,66,66,RECEIVED
ORD000974,2024-10-20,SKU008,DC02,72,72,RECEIVED
ORD000975,2024-10-20,SKU014,DC02,58,58,RECEIVED
ORD000976,2024-10-20,SKU015,DC04,52,52,RECEIVED
ORD000977,2024-10-21,SKU004,DC01,26,26,RECEIVED
ORD000978,2024-10-21,SKU020,DC01,38,38,RECEIVED
ORD000979,2024-10-21,SKU020,DC03,32,32,RECEIVED
ORD000980,2024-10-22,SKU006,DC04,70,70,RECEIVED
ORD000981,2024-10-22,SKU014,DC04,46,46,RECEIVED
ORD000982,2024-10-22,SKU024,DC03,33,33,RECEIVED
ORD000983,2024-10-23,SKU002,DC01,71,71,RECEIVED
ORD000984,2024-10-23,SKU012,DC04,35,35,RECEIVED
ORD000985,2024-10-23,SKU014,DC04,49,49,RECEIVED
ORD000986,2024-10-23,SKU023,DC04,15,15,RECEIVED
ORD000987,2024-10-24,SKU001,DC03,52,52,RECEIVED
ORD000988,2024-10-24,SKU007,DC03,51,51,RECEIVED
ORD000989,2024-10-24,SKU008,DC02,41,41,RECEIVED
ORD000990,2024-10-24,SKU010,DC02,74,74,RECEIVED
ORD000991,2024-10-24,SKU020,DC01,71,71,RECEIVED
ORD000992,2024-10-25,SKU010,DC03,51,51,RECEIVED
ORD000993,2024-10-25,SKU013,DC02,60,60,RECEIVED
ORD000994,2024-10-25,SKU024,DC02,33,33,RECEIVED
ORD000995,2024-10-26,SKU001,DC01,48,48,RECEIVED
ORD000996,2024-10-26,SKU015,DC02,35,35,RECEIVED
ORD000997,2024-10-26,SKU017,DC03,29,29,RECEIVED
ORD000998,2024-10-26,SKU018,DC01,48,48,RECEIVED
ORD000999,2024-10-26,SKU019,DC04,22,22,RECEIVED
ORD001000,2024-10-26,SKU021,DC01,29,29,RECEIVED
ORD001001,2024-10-27,SKU002,DC02,34,34,RECEIVED
ORD001002,2024-10-27,SKU007,DC01,22,22,RECEIVED
ORD001003,2024-10-27,SKU013,DC02,53,53,RECEIVED
ORD001004,2024-10-27,SKU017,DC01,53,53,RECEIVED
ORD001005,2024-10-28,SKU008,DC04,69,69,RECEIVED
ORD001006,2024-10-28,SKU014,DC02,75,75,RECEIVED
ORD001007,2024-10-29,SKU003,DC02,23,23,RECEIVED
ORD001008,2024-10-29,SKU014,DC01,51,51,RECEIVED
ORD001009,2024-10-30,SKU002,DC01,64,64,RECEIVED
ORD001010,2024-10-30,SKU012,DC03,66,66,RECEIVED
ORD001011,2024-10-30,SKU019,DC04,33,33,RECEIVED
ORD001012,2024-10-30,SKU021,DC01,17,17,RECEIVED
ORD001013,2024-10-31,SKU002,DC01,50,50,RECEIVED
ORD001014,2024-10-31,SKU003,DC04,22,22,RECEIVED
ORD001015,2024-10-31,SKU004,DC01,41,41,RECEIVED
ORD001016,2024-10-31,SKU008,DC03,27,27,RECEIVED
ORD001017,2024-10-31,SKU023,DC03,54,54,RECEIVED
ORD001018,2024-11-01,SKU010,DC03,75,75,RECEIVED
ORD001019,2024-11-01,SKU012,DC02,44,44,RECEIVED
ORD001020,2024-11-01,SKU022,DC02,47,47,RECEIVED
ORD001021,2024-11-01,SKU023,DC03,43,43,RECEIVED
ORD001022,2024-11-02,SKU001,DC04,29,29,RECEIVED
ORD001023,2024-11-02,SKU009,DC04,66,66,RECEIVED
ORD001024,2024-11-02,SKU013,DC04,28,28,RECEIVED
ORD001025,2024-11-02,SKU014,DC02,35,35,RECEIVED
ORD001026,2024-11-02,SKU019,DC02,26,26,RECEIVED
ORD001027,2024-11-03,SKU004,DC01,50,50,RECEIVED
ORD001028,2024-11-03,SKU004,DC02,62,62,RECEIVED
ORD001029,2024-11-03,SKU013,DC04,31,31,RECEIVED
ORD001030,2024-11-03,SKU015,DC02,31,31,RECEIVED
ORD001031,2024-11-03,SKU015,DC03,47,47,RECEIVED
ORD001032,2024-11-03,SKU020,DC04,62,62,RECEIVED
ORD001033,2024-11-03,SKU021,DC03,38,38,RECEIVED
ORD001034,2024-11-03,SKU022,DC04,71,71,RECEIVED
ORD001035,2024-11-04,SKU001,DC03,38,38,RECEIVED
ORD001036,2024-11-04,SKU007,DC03,53,53,RECEIVED
ORD001037,2024-11-04,SKU008,DC04,63,63,RECEIVED
ORD001038,2024-11-04,SKU011,DC04,60,60,RECEIVED
ORD001039,2024-11-04,SKU023,DC04,51,51,RECEIVED
ORD001040,2024-11-05,SKU002,DC02,24,24,RECEIVED
ORD001041,2024-11-05,SKU022,DC01,25,25,RECEIVED
ORD001042,2024-11-07,SKU010,DC04,32,32,RECEIVED
ORD001043,2024-11-07,SKU013,DC04,58,58,RECEIVED
ORD001044,2024-11-08,SKU006,DC02,36,36,RECEIVED
ORD001045,2024-11-08,SKU014,DC04,47,47,RECEIVED
ORD001046,2024-11-08,SKU015,DC04,30,30,RECEIVED
ORD001047,2024-11-08,SKU020,DC04,59,59,RECEIVED
ORD001048,2024-11-08,SKU024,DC01,70,70,RECEIVED
ORD001049,2024-11-09,SKU003,DC03,49,49,RECEIVED
ORD001050,2024-11-09,SKU007,DC01,37,37,RECEIVED
ORD001051,2024-11-09,SKU009,DC02,42,42,RECEIVED
ORD001052,2024-11-09,SKU016,DC03,56,56,RECEIVED
ORD001053,2024-11-10,SKU002,DC04,36,36,RECEIVED
ORD001054,2024-11-11,SKU003,DC02,15,15,RECEIVED
ORD001055,2024-11-11,SKU013,DC02,29,29,RECEIVED
ORD001056,2024-11-12,SKU007,DC03,24,24,RECEIVED
ORD001057,2024-11-12,SKU015,DC01,73,73,RECEIVED
ORD001058,2024-11-12,SKU015,DC02,61,61,RECEIVED
ORD001059,2024-11-13,SKU015,DC02,49,49,RECEIVED
ORD001060,2024-11-14,SKU008,DC03,67,67,RECEIVED
ORD001061,2024-11-14,SKU010,DC03,51,51,RECEIVED
ORD001062,2024-11-14,SKU018,DC01,17,17,RECEIVED
ORD001063,2024-11-15,SKU011,DC01,73,73,RECEIVED
ORD001064,2024-11-15,SKU023,DC02,20,20,RECEIVED
ORD001065,2024-11-16,SKU002,DC02,49,49,RECEIVED
ORD001066,2024-11-16,SKU005,DC04,54,54,RECEIVED
ORD001067,2024-11-16,SKU014,DC02,75,75,RECEIVED
ORD001068,2024-11-16,SKU018,DC02,73,73,RECEIVED
ORD001069,2024-11-16,SKU022,DC03,52,52,RECEIVED
ORD001070,2024-11-17,SKU014,DC01,32,32,RECEIVED
ORD001071,2024-11-17,SKU015,DC04,66,66,RECEIVED
ORD001072,2024-11-18,SKU001,DC02,50,50,RECEIVED
ORD001073,2024-11-18,SKU004,DC02,75,75,RECEIVED
ORD001074,2024-11-18,SKU009,DC02,51,51,RECEIVED
ORD001075,2024-11-18,SKU022,DC02,68,68,RECEIVED
ORD001076,2024-11-19,SKU011,DC04,15,15,RECEIVED
ORD001077,2024-11-19,SKU015,DC02,69,69,RECEIVED
ORD001078,2024-11-20,SKU018,DC04,52,52,RECEIVED
ORD001079,2024-11-21,SKU009,DC02,15,15,RECEIVED
ORD001080,2024-11-21,SKU022,DC04,47,47,RECEIVED
ORD001081,2024-11-22,SKU010,DC03,18,18,RECEIVED
ORD001082,2024-11-22,SKU013,DC01,31,31,RECEIVED
ORD001083,2024-11-22,SKU019,DC03,58,58,RECEIVED
ORD001084,2024-11-23,SKU014,DC04,68,68,RECEIVED
ORD001085,2024-11-23,SKU017,DC02,47,47,RECEIVED
ORD001086,2024-11-24,SKU013,DC01,56,56,RECEIVED
ORD001087,2024-11-25,SKU004,DC03,39,39,RECEIVED
ORD001088,2024-11-25,SKU011,DC04,25,25,RECEIVED
ORD001089,2024-11-26,SKU019,DC02,65,65,RECEIVED
ORD001090,2024-11-26,SKU022,DC02,19,19,RECEIVED
ORD001091,2024-11-26,SKU022,DC03,64,64,RECEIVED
ORD001092,2024-11-27,SKU002,DC04,53,53,RECEIVED
ORD001093,2024-11-27,SKU009,DC04,25,25,RECEIVED
ORD001094,2024-11-27,SKU022,DC02,75,75,RECEIVED
ORD001095,2024-11-28,SKU005,DC02,54,54,RECEIVED
ORD001096,2024-11-28,SKU023,DC03,58,58,RECEIVED
ORD001097,2024-11-28,SKU024,DC04,39,39,RECEIVED
ORD001098,2024-11-29,SKU014,DC03,49,49,RECEIVED
ORD001099,2024-11-29,SKU020,DC03,44,44,RECEIVED
ORD001100,2024-11-30,SKU004,DC04,49,49,RECEIVED
ORD001101,2024-11-30,SKU007,DC01,64,64,RECEIVED
ORD001102,2024-11-30,SKU024,DC02,55,55,RECEIVED
ORD001103,2024-12-01,SKU019,DC02,27,27,RECEIVED
ORD001104,2024-12-01,SKU019,DC03,73,73,RECEIVED
ORD001105,2024-12-02,SKU018,DC02,28,28,RECEIVED
ORD001106,2024-12-03,SKU002,DC03,21,21,RECEIVED
ORD001107,2024-12-03,SKU008,DC02,47,47,RECEIVED
ORD001108,2024-12-04,SKU009,DC01,30,30,RECEIVED
ORD001109,2024-12-04,SKU011,DC03,30,30,RECEIVED
ORD001110,2024-12-04,SKU015,DC02,51,51,RECEIVED
ORD001111,2024-12-04,SKU017,DC01,52,52,RECEIVED
ORD001112,2024-12-04,SKU022,DC04,64,64,RECEIVED
ORD001113,2024-12-05,SKU004,DC04,28,28,RECEIVED
ORD001114,2024-12-05,SKU017,DC04,62,62,RECEIVED
ORD001115,2024-12-05,SKU024,DC02,25,25,RECEIVED
ORD001116,2024-12-06,SKU001,DC04,37,37,RECEIVED
ORD001117,2024-12-06,SKU006,DC03,55,55,RECEIVED
ORD001118,2024-12-07,SKU003,DC02,49,49,RECEIVED
ORD001119,2024-12-07,SKU014,DC02,48,48,RECEIVED
ORD001120,2024-12-07,SKU014,DC03,41,41,RECEIVED
ORD001121,2024-12-07,SKU016,DC02,57,57,RECEIVED
ORD001122,2024-12-07,SKU016,DC04,28,28,RECEIVED
ORD001123,2024-12-08,SKU001,DC01,59,59,RECEIVED
ORD001124,2024-12-08,SKU002,DC04,49,49,RECEIVED
ORD001125,2024-12-08,SKU007,DC02,60,60,RECEIVED
ORD001126,2024-12-08,SKU019,DC03,15,15,RECEIVED
ORD001127,2024-12-09,SKU012,DC02,33,33,RECEIVED
ORD001128,2024-12-09,SKU015,DC01,27,27,RECEIVED
ORD001129,2024-12-09,SKU021,DC02,25,25,RECEIVED
ORD001130,2024-12-10,SKU014,DC03,40,40,RECEIVED
ORD001131,2024-12-10,SKU021,DC03,57,57,RECEIVED
ORD001132,2024-12-11,SKU005,DC01,43,43,RECEIVED
ORD001133,2024-12-11,SKU007,DC01,20,20,RECEIVED
ORD001134,2024-12-11,SKU014,DC01,28,28,RECEIVED
ORD001135,2024-12-13,SKU002,DC01,58,58,RECEIVED
ORD001136,2024-12-13,SKU007,DC02,45,45,RECEIVED
ORD001137,2024-12-13,SKU010,DC01,30,30,RECEIVED
ORD001138,2024-12-13,SKU014,DC03,36,36,RECEIVED
ORD001139,2024-12-13,SKU016,DC04,58,58,RECEIVED
ORD001140,2024-12-14,SKU003,DC01,33,33,RECEIVED
ORD001141,2024-12-14,SKU023,DC02,19,19,RECEIVED
ORD001142,2024-12-15,SKU001,DC01,48,48,RECEIVED
ORD001143,2024-12-15,SKU017,DC03,22,22,RECEIVED
ORD001144,2024-12-15,SKU021,DC02,66,66,RECEIVED
ORD001145,2024-12-15,SKU021,DC03,24,24,RECEIVED
ORD001146,2024-12-15,SKU024,DC01,54,54,RECEIVED
ORD001147,2024-12-16,SKU006,DC01,70,70,RECEIVED
ORD001148,2024-12-16,SKU015,DC03,31,31,RECEIVED
ORD001149,2024-12-17,SKU003,DC03,72,72,RECEIVED
ORD001150,2024-12-17,SKU006,DC03,26,26,RECEIVED
ORD001151,2024-12-17,SKU017,DC04,33,33,RECEIVED
ORD001152,2024-12-17,SKU018,DC01,25,25,RECEIVED
ORD001153,2024-12-17,SKU022,DC01,73,73,RECEIVED
ORD001154,2024-12-18,SKU016,DC04,68,68,RECEIVED
ORD001155,2024-12-18,SKU019,DC01,42,42,RECEIVED
ORD001156,2024-12-18,SKU023,DC04,35,35,RECEIVED
ORD001157,2024-12-19,SKU004,DC03,68,68,RECEIVED
ORD001158,2024-12-19,SKU014,DC01,69,69,RECEIVED
ORD001159,2024-12-19,SKU014,DC04,44,44,RECEIVED
ORD001160,2024-12-19,SKU018,DC01,38,38,RECEIVED
ORD001161,2024-12-19,SKU020,DC03,36,36,RECEIVED
ORD001162,2024-12-19,SKU023,DC01,20,20,RECEIVED
ORD001163,2024-12-20,SKU004,DC04,65,65,RECEIVED
ORD001164,2024-12-20,SKU008,DC03,53,53,RECEIVED
ORD001165,2024-12-20,SKU012,DC02,34,34,RECEIVED
ORD001166,2024-12-20,SKU016,DC03,55,55,RECEIVED
ORD001167,2024-12-21,SKU003,DC03,32,32,RECEIVED
ORD001168,2024-12-21,SKU015,DC02,62,62,RECEIVED
ORD001169,2024-12-21,SKU015,DC03,35,35,RECEIVED
ORD001170,2024-12-22,SKU011,DC02,71,71,RECEIVED
ORD001171,2024-12-22,SKU013,DC01,73,73,RECEIVED
ORD001172,2024-12-22,SKU016,DC02,26,26,RECEIVED
ORD001173,2024-12-22,SKU019,DC01,49,49,RECEIVED
ORD001174,2024-12-23,SKU018,DC02,49,49,RECEIVED
ORD001175,2024-12-24,SKU023,DC02,62,62,RECEIVED
ORD001176,2024-12-24,SKU024,DC03,59,59,RECEIVED
ORD001177,2024-12-24,SKU024,DC04,63,63,RECEIVED
ORD001178,2024-12-25,SKU024,DC03,36,36,RECEIVED
ORD001179,2024-12-26,SKU002,DC04,25,25,RECEIVED
ORD001180,2024-12-26,SKU006,DC04,60,60,RECEIVED
ORD001181,2024-12-26,SKU019,DC04,26,26,RECEIVED
ORD001182,2024-12-26,SKU024,DC02,53,53,RECEIVED
ORD001183,2024-12-27,SKU011,DC04,21,21,RECEIVED
ORD001184,2024-12-27,SKU024,DC04,37,37,RECEIVED
ORD001185,2024-12-28,SKU001,DC04,43,43,RECEIVED
ORD001186,2024-12-28,SKU002,DC01,21,21,RECEIVED
ORD001187,2024-12-28,SKU003,DC04,58,58,RECEIVED
ORD001188,2024-12-28,SKU014,DC03,45,45,RECEIVED
ORD001189,2024-12-28,SKU023,DC02,47,47,RECEIVED
ORD001190,2024-12-29,SKU001,DC01,67,67,RECEIVED
ORD001191,2024-12-29,SKU014,DC01,36,36,RECEIVED
ORD001192,2024-12-29,SKU022,DC02,21,21,RECEIVED
ORD001193,2024-12-30,SKU019,DC04,57,57,RECEIVED
ORD001194,2024-12-31,SKU008,DC02,70,70,RECEIVED
ORD001195,2024-12-31,SKU008,DC03,48,48,RECEIVED
ORD001196,2024-12-31,SKU017,DC03,55,55,RECEIVED
ORD001197,2024-12-31,SKU022,DC03,63,63,RECEIVED
ORD001198,2024-12-31,SKU023,DC02,67,67,RECEIVED
ORD001199,2025-01-01,SKU001,DC03,62,62,RECEIVED
ORD001200,2025-01-01,SKU006,DC02,50,50,RECEIVED
ORD001201,2025-01-01,SKU018,DC02,36,36,RECEIVED
ORD001202,2025-01-01,SKU023,DC02,50,50,RECEIVED
ORD001203,2025-01-01,SKU024,DC02,28,28,RECEIVED
ORD001204,2025-01-02,SKU007,DC04,23,23,RECEIVED
ORD001205,2025-01-02,SKU009,DC02,67,67,RECEIVED
ORD001206,2025-01-02,SKU015,DC03,40,40,RECEIVED
ORD001207,2025-01-02,SKU015,DC04,31,31,RECEIVED
ORD001208,2025-01-03,SKU002,DC02,44,44,RECEIVED
ORD001209,2025-01-03,SKU011,DC02,46,46,RECEIVED
ORD001210,2025-01-03,SKU015,DC02,68,68,RECEIVED
ORD001211,2025-01-04,SKU006,DC01,71,71,RECEIVED
ORD001212,2025-01-04,SKU015,DC01,40,40,RECEIVED
ORD001213,2025-01-04,SKU020,DC02,46,46,RECEIVED
ORD001214,2025-01-04,SKU024,DC03,71,71,RECEIVED
ORD001215,2025-01-05,SKU004,DC02,34,34,RECEIVED
ORD001216,2025-01-05,SKU013,DC03,23,23,RECEIVED
ORD001217,2025-01-07,SKU009,DC04,54,54,RECEIVED
ORD001218,2025-01-07,SKU010,DC02,49,49,RECEIVED
ORD001219,2025-01-07,SKU011,DC04,42,42,RECEIVED
ORD001220,2025-01-07,SKU012,DC04,66,66,RECEIVED
ORD001221,2025-01-07,SKU020,DC02,18,18,RECEIVED
ORD001222,2025-01-08,SKU001,DC03,59,59,RECEIVED
ORD001223,2025-01-08,SKU007,DC04,47,47,RECEIVED
ORD001224,2025-01-08,SKU013,DC03,33,33,RECEIVED
ORD001225,2025-01-08,SKU024,DC01,58,58,RECEIVED
ORD001226,2025-01-09,SKU006,DC03,32,32,RECEIVED
ORD001227,2025-01-09,SKU009,DC02,24,24,RECEIVED
ORD001228,2025-01-09,SKU015,DC04,34,34,RECEIVED
ORD001229,2025-01-09,SKU019,DC03,21,21,RECEIVED
ORD001230,2025-01-11,SKU015,DC01,46,46,RECEIVED
ORD001231,2025-01-11,SKU016,DC03,67,67,RECEIVED
ORD001232,2025-01-12,SKU005,DC04,53,53,RECEIVED
ORD001233,2025-01-13,SKU019,DC02,51,51,RECEIVED
ORD001234,2025-01-14,SKU006,DC03,72,72,RECEIVED
ORD001235,2025-01-15,SKU001,DC03,46,46,RECEIVED
ORD001236,2025-01-16,SKU001,DC03,38,38,RECEIVED
ORD001237,2025-01-16,SKU007,DC03,27,27,RECEIVED
ORD001238,2025-01-16,SKU009,DC01,49,49,RECEIVED
ORD001239,2025-01-16,SKU012,DC02,23,23,RECEIVED
ORD001240,2025-01-16,SKU017,DC01,56,56,RECEIVED
ORD001241,2025-01-17,SKU023,DC03,61,61,RECEIVED
ORD001242,2025-01-17,SKU024,DC01,24,24,RECEIVED
ORD001243,2025-01-18,SKU005,DC03,20,20,RECEIVED
ORD001244,2025-01-18,SKU016,DC01,55,55,RECEIVED
ORD001245,2025-01-18,SKU019,DC01,70,70,RECEIVED
ORD001246,2025-01-18,SKU023,DC01,15,15,RECEIVED
ORD001247,2025-01-18,SKU023,DC04,38,38,RECEIVED
ORD001248,2025-01-19,SKU010,DC03,20,20,RECEIVED
ORD001249,2025-01-19,SKU020,DC04,24,24,RECEIVED
ORD001250,2025-01-19,SKU021,DC03,72,72,RECEIVED
ORD001251,2025-01-20,SKU004,DC04,15,15,RECEIVED
ORD001252,2025-01-20,SKU007,DC02,72,72,RECEIVED
ORD001253,2025-01-20,SKU018,DC03,43,43,RECEIVED
ORD001254,2025-01-20,SKU020,DC04,37,37,RECEIVED
ORD001255,2025-01-21,SKU008,DC03,75,75,RECEIVED
ORD001256,2025-01-21,SKU010,DC01,19,19,RECEIVED
ORD001257,2025-01-21,SKU011,DC01,50,50,RECEIVED
ORD001258,2025-01-21,SKU012,DC01,69,69,RECEIVED
ORD001259,2025-01-21,SKU016,DC04,36,36,RECEIVED
ORD001260,2025-01-21,SKU020,DC02,17,17,RECEIVED
ORD001261,2025-01-22,SKU005,DC01,19,19,RECEIVED
ORD001262,2025-01-22,SKU006,DC03,36,36,RECEIVED
ORD001263,2025-01-22,SKU007,DC01,48,48,RECEIVED
ORD001264,2025-01-22,SKU015,DC04,52,52,RECEIVED
ORD001265,2025-01-22,SKU020,DC02,57,57,RECEIVED
ORD001266,2025-01-22,SKU022,DC01,28,28,RECEIVED
ORD001267,2025-01-22,SKU022,DC03,75,75,RECEIVED
ORD001268,2025-01-23,SKU006,DC03,19,19,RECEIVED
ORD001269,2025-01-24,SKU002,DC02,64,64,RECEIVED
ORD001270,2025-01-24,SKU016,DC03,68,68,RECEIVED
ORD001271,2025-01-25,SKU005,DC01,26,26,RECEIVED
ORD001272,2025-01-26,SKU002,DC02,57,57,RECEIVED
ORD001273,2025-01-26,SKU004,DC03,52,52,RECEIVED
ORD001274,2025-01-26,SKU005,DC02,25,25,RECEIVED
ORD001275,2025-01-26,SKU005,DC03,21,21,RECEIVED
ORD001276,2025-01-26,SKU006,DC03,53,53,RECEIVED
ORD001277,2025-01-26,SKU012,DC04,32,32,RECEIVED
ORD001278,2025-01-27,SKU013,DC04,53,53,RECEIVED
ORD001279,2025-01-27,SKU015,DC04,64,64,RECEIVED
ORD001280,2025-01-27,SKU020,DC02,45,45,RECEIVED
ORD001281,2025-01-27,SKU022,DC04,62,62,RECEIVED
ORD001282,2025-01-28,SKU001,DC01,62,62,RECEIVED
ORD001283,2025-01-28,SKU021,DC02,19,19,RECEIVED
ORD001284,2025-01-28,SKU023,DC04,49,49,RECEIVED
ORD001285,2025-01-29,SKU002,DC04,48,48,RECEIVED
ORD001286,2025-01-29,SKU016,DC03,75,75,RECEIVED
ORD001287,2025-01-29,SKU024,DC02,16,16,RECEIVED
ORD001288,2025-01-30,SKU003,DC03,55,55,RECEIVED
ORD001289,2025-01-30,SKU008,DC02,25,25,RECEIVED
ORD001290,2025-01-30,SKU011,DC03,63,63,RECEIVED
ORD001291,2025-01-30,SKU024,DC01,24,24,RECEIVED
ORD001292,2025-01-31,SKU003,DC04,39,39,RECEIVED
ORD001293,2025-01-31,SKU018,DC04,51,51,RECEIVED
ORD001294,2025-02-01,SKU017,DC03,17,17,RECEIVED
ORD001295,2025-02-01,SKU017,DC04,49,49,RECEIVED
ORD001296,2025-02-02,SKU002,DC03,39,39,RECEIVED
ORD001297,2025-02-02,SKU005,DC01,32,32,RECEIVED
ORD001298,2025-02-02,SKU008,DC01,75,75,RECEIVED
ORD001299,2025-02-02,SKU020,DC04,31,31,RECEIVED
ORD001300,2025-02-03,SKU010,DC01,23,23,RECEIVED
ORD001301,2025-02-03,SKU011,DC04,65,65,RECEIVED
ORD001302,2025-02-03,SKU018,DC01,58,58,RECEIVED
ORD001303,2025-02-03,SKU020,DC01,60,60,RECEIVED
ORD001304,2025-02-04,SKU005,DC02,46,46,RECEIVED
ORD001305,2025-02-04,SKU009,DC01,35,35,RECEIVED
ORD001306,2025-02-04,SKU010,DC02,50,50,RECEIVED
ORD001307,2025-02-04,SKU010,DC04,25,25,RECEIVED
ORD001308,2025-02-05,SKU003,DC02,67,67,RECEIVED
ORD001309,2025-02-05,SKU015,DC02,47,47,RECEIVED
ORD001310,2025-02-06,SKU001,DC02,16,16,RECEIVED
ORD001311,2025-02-06,SKU004,DC03,45,45,RECEIVED
ORD001312,2025-02-06,SKU004,DC04,41,41,RECEIVED
ORD001313,2025-02-06,SKU005,DC03,58,58,RECEIVED
ORD001314,2025-02-06,SKU015,DC02,50,50,RECEIVED
ORD001315,2025-02-06,SKU024,DC03,50,50,RECEIVED
ORD001316,2025-02-07,SKU003,DC03,72,72,RECEIVED
ORD001317,2025-02-07,SKU014,DC04,65,65,RECEIVED
ORD001318,2025-02-07,SKU024,DC01,24,24,RECEIVED
ORD001319,2025-02-08,SKU001,DC03,38,38,RECEIVED
ORD001320,2025-02-08,SKU002,DC04,22,22,RECEIVED
ORD001321,2025-02-08,SKU005,DC03,60,60,RECEIVED
ORD001322,2025-02-08,SKU005,DC04,49,49,RECEIVED
ORD001323,2025-02-08,SKU011,DC01,17,17,RECEIVED
ORD001324,2025-02-08,SKU017,DC01,57,57,RECEIVED
ORD001325,2025-02-08,SKU019,DC03,51,51,RECEIVED
ORD001326,2025-02-09,SKU001,DC03,34,34,RECEIVED
ORD001327,2025-02-09,SKU022,DC04,45,45,RECEIVED
ORD001328,2025-02-10,SKU001,DC04,31,31,RECEIVED
ORD001329,2025-02-10,SKU004,DC03,18,18,RECEIVED
ORD001330,2025-02-10,SKU005,DC01,18,18,RECEIVED
ORD001331,2025-02-10,SKU006,DC03,27,27,RECEIVED
ORD001332,2025-02-10,SKU021,DC01,51,51,RECEIVED
ORD001333,2025-02-11,SKU001,DC02,59,59,RECEIVED
ORD001334,2025-02-11,SKU020,DC01,52,52,RECEIVED
ORD001335,2025-02-12,SKU015,DC02,29,29,RECEIVED
ORD001336,2025-02-13,SKU015,DC01,18,18,RECEIVED
ORD001337,2025-02-13,SKU017,DC04,50,50,RECEIVED
ORD001338,2025-02-13,SKU020,DC04,18,18,RECEIVED
ORD001339,2025-02-13,SKU022,DC02,73,73,RECEIVED
ORD001340,2025-02-13,SKU024,DC03,63,63,RECEIVED
ORD001341,2025-02-14,SKU023,DC03,37,37,RECEIVED
ORD001342,2025-02-15,SKU012,DC04,48,48,RECEIVED
ORD001343,2025-02-15,SKU017,DC04,31,31,RECEIVED
ORD001344,2025-02-15,SKU018,DC03,63,63,RECEIVED
ORD001345,2025-02-16,SKU005,DC01,56,56,RECEIVED
ORD001346,2025-02-16,SKU009,DC01,27,27,RECEIVED
ORD001347,2025-02-16,SKU011,DC03,73,73,RECEIVED
ORD001348,2025-02-17,SKU006,DC03,16,16,RECEIVED
ORD001349,2025-02-17,SKU007,DC04,53,53,RECEIVED
ORD001350,2025-02-17,SKU017,DC02,49,49,RECEIVED
ORD001351,2025-02-17,SKU022,DC04,15,15,RECEIVED
ORD001352,2025-02-17,SKU024,DC01,16,16,RECEIVED
ORD001353,2025-02-18,SKU001,DC01,36,36,RECEIVED
ORD001354,2025-02-18,SKU011,DC03,73,73,RECEIVED
ORD001355,2025-02-18,SKU013,DC04,37,37,RECEIVED
ORD001356,2025-02-18,SKU017,DC03,57,57,RECEIVED
ORD001357,2025-02-19,SKU005,DC03,59,59,RECEIVED
ORD001358,2025-02-19,SKU005,DC04,46,46,RECEIVED
ORD001359,2025-02-19,SKU007,DC04,50,50,RECEIVED
ORD001360,2025-02-19,SKU019,DC02,25,25,RECEIVED
ORD001361,2025-02-20,SKU007,DC02,34,34,RECEIVED
ORD001362,2025-02-20,SKU021,DC03,46,46,RECEIVED
ORD001363,2025-02-20,SKU022,DC01,70,70,RECEIVED
ORD001364,2025-02-21,SKU004,DC01,67,67,RECEIVED
ORD001365,2025-02-21,SKU007,DC01,22,22,RECEIVED
ORD001366,2025-02-21,SKU015,DC04,55,55,RECEIVED
ORD001367,2025-02-21,SKU021,DC04,51,51,RECEIVED
ORD001368,2025-02-22,SKU005,DC01,20,20,RECEIVED
ORD001369,2025-02-22,SKU014,DC04,46,46,RECEIVED
ORD001370,2025-02-22,SKU015,DC01,39,39,RECEIVED
ORD001371,2025-02-22,SKU016,DC02,52,52,RECEIVED
ORD001372,2025-02-22,SKU020,DC01,53,53,RECEIVED
ORD001373,2025-02-22,SKU021,DC01,24,24,RECEIVED
ORD001374,2025-02-22,SKU022,DC03,36,36,RECEIVED
ORD001375,2025-02-23,SKU002,DC02,45,45,RECEIVED
ORD001376,2025-02-23,SKU004,DC01,39,39,RECEIVED
ORD001377,2025-02-23,SKU007,DC01,39,39,RECEIVED
ORD001378,2025-02-23,SKU008,DC01,39,39,RECEIVED
ORD001379,2025-02-23,SKU018,DC01,48,48,RECEIVED
ORD001380,2025-02-23,SKU019,DC04,49,49,RECEIVED
ORD001381,2025-02-24,SKU012,DC04,47,47,RECEIVED
ORD001382,2025-02-24,SKU022,DC04,43,43,RECEIVED
ORD001383,2025-02-25,SKU002,DC02,47,47,RECEIVED
ORD001384,2025-02-25,SKU005,DC02,50,50,RECEIVED
ORD001385,2025-02-25,SKU012,DC02,43,43,RECEIVED
ORD001386,2025-02-25,SKU016,DC02,43,43,RECEIVED
ORD001387,2025-02-25,SKU018,DC01,75,75,RECEIVED
ORD001388,2025-02-26,SKU009,DC02,45,45,RECEIVED
ORD001389,2025-02-26,SKU011,DC03,70,70,RECEIVED
ORD001390,2025-02-26,SKU020,DC03,58,58,RECEIVED
ORD001391,2025-02-26,SKU021,DC04,49,49,RECEIVED
ORD001392,2025-02-27,SKU002,DC03,31,31,RECEIVED
ORD001393,2025-02-27,SKU015,DC04,20,20,RECEIVED
ORD001394,2025-02-27,SKU017,DC03,17,17,RECEIVED
ORD001395,2025-02-27,SKU019,DC04,41,41,RECEIVED
ORD001396,2025-02-28,SKU005,DC02,66,66,RECEIVED
ORD001397,2025-02-28,SKU006,DC01,58,58,RECEIVED
ORD001398,2025-02-28,SKU007,DC04,30,30,RECEIVED
ORD001399,2025-02-28,SKU010,DC03,30,30,RECEIVED
ORD001400,2025-02-28,SKU019,DC01,35,35,RECEIVED
ORD001401,2025-02-28,SKU024,DC01,56,56,RECEIVED
ORD001402,2025-03-01,SKU005,DC02,69,69,RECEIVED
ORD001403,2025-03-01,SKU014,DC03,20,20,RECEIVED
ORD001404,2025-03-01,SKU019,DC01,35,35,RECEIVED
ORD001405,2025-03-02,SKU008,DC02,57,57,RECEIVED
ORD001406,2025-03-02,SKU009,DC04,23,23,RECEIVED
ORD001407,2025-03-02,SKU011,DC01,27,27,RECEIVED
ORD001408,2025-03-02,SKU012,DC04,62,62,RECEIVED
ORD001409,2025-03-02,SKU018,DC01,39,39,RECEIVED
ORD001410,2025-03-02,SKU020,DC02,27,27,RECEIVED
ORD001411,2025-03-03,SKU001,DC02,65,65,RECEIVED
ORD001412,2025-03-03,SKU007,DC04,75,75,RECEIVED
ORD001413,2025-03-03,SKU009,DC04,60,60,RECEIVED
ORD001414,2025-03-03,SKU018,DC03,65,65,RECEIVED
ORD001415,2025-03-04,SKU003,DC02,52,52,RECEIVED
ORD001416,2025-03-04,SKU005,DC02,44,44,RECEIVED
ORD001417,2025-03-04,SKU016,DC01,19,19,RECEIVED
ORD001418,2025-03-04,SKU019,DC01,36,36,RECEIVED
ORD001419,2025-03-04,SKU023,DC04,48,48,RECEIVED
ORD001420,2025-03-05,SKU003,DC01,74,74,RECEIVED
ORD001421,2025-03-05,SKU012,DC02,41,41,RECEIVED
ORD001422,2025-03-05,SKU013,DC01,16,16,RECEIVED
ORD001423,2025-03-05,SKU015,DC03,73,73,RECEIVED
ORD001424,2025-03-06,SKU010,DC02,70,70,RECEIVED
ORD001425,2025-03-06,SKU015,DC04,63,63,RECEIVED
ORD001426,2025-03-07,SKU002,DC02,70,70,RECEIVED
ORD001427,2025-03-07,SKU006,DC02,60,60,RECEIVED
ORD001428,2025-03-07,SKU022,DC02,55,55,RECEIVED
ORD001429,2025-03-08,SKU013,DC03,72,72,RECEIVED
ORD001430,2025-03-08,SKU013,DC04,36,36,RECEIVED
ORD001431,2025-03-08,SKU014,DC02,66,66,RECEIVED
ORD001432,2025-03-08,SKU019,DC02,57,57,RECEIVED
ORD001433,2025-03-09,SKU010,DC01,37,37,RECEIVED
ORD001434,2025-03-09,SKU010,DC04,49,49,RECEIVED
ORD001435,2025-03-09,SKU013,DC03,34,34,RECEIVED
ORD001436,2025-03-09,SKU018,DC04,16,16,RECEIVED
ORD001437,2025-03-09,SKU021,DC02,36,36,RECEIVED
ORD001438,2025-03-10,SKU015,DC01,63,63,RECEIVED
ORD001439,2025-03-11,SKU001,DC02,48,48,RECEIVED
ORD001440,2025-03-11,SKU005,DC01,21,21,RECEIVED
ORD001441,2025-03-11,SKU013,DC03,57,57,RECEIVED
ORD001442,2025-03-11,SKU022,DC04,24,24,RECEIVED
ORD001443,2025-03-12,SKU007,DC02,25,25,RECEIVED
ORD001444,2025-03-12,SKU013,DC04,48,48,RECEIVED
ORD001445,2025-03-12,SKU023,DC03,72,72,RECEIVED
ORD001446,2025-03-13,SKU001,DC01,25,25,RECEIVED
ORD001447,2025-03-13,SKU002,DC01,39,39,RECEIVED
ORD001448,2025-03-13,SKU005,DC04,74,74,RECEIVED
ORD001449,2025-03-13,SKU006,DC04,22,22,RECEIVED
ORD001450,2025-03-13,SKU007,DC04,49,49,RECEIVED
ORD001451,2025-03-13,SKU014,DC04,70,70,RECEIVED
ORD001452,2025-03-13,SKU024,DC01,69,69,RECEIVED
ORD001453,2025-03-14,SKU006,DC02,20,20,RECEIVED
ORD001454,2025-03-14,SKU009,DC03,56,56,RECEIVED
ORD001455,2025-03-14,SKU022,DC01,75,75,RECEIVED
ORD001456,2025-03-15,SKU017,DC04,44,44,RECEIVED
ORD001457,2025-03-15,SKU024,DC03,36,36,RECEIVED
ORD001458,2025-03-16,SKU002,DC02,51,51,RECEIVED
ORD001459,2025-03-16,SKU017,DC01,73,73,RECEIVED
ORD001460,2025-03-17,SKU003,DC04,75,75,RECEIVED
ORD001461,2025-03-17,SKU004,DC03,45,45,RECEIVED
ORD001462,2025-03-17,SKU007,DC03,57,57,RECEIVED
ORD001463,2025-03-18,SKU003,DC04,63,63,RECEIVED
ORD001464,2025-03-18,SKU006,DC03,30,30,RECEIVED
ORD001465,2025-03-18,SKU020,DC04,54,54,RECEIVED
ORD001466,2025-03-19,SKU005,DC01,31,31,RECEIVED
ORD001467,2025-03-19,SKU009,DC01,31,31,RECEIVED
ORD001468,2025-03-21,SKU015,DC04,18,18,RECEIVED
ORD001469,2025-03-22,SKU006,DC01,67,67,RECEIVED
ORD001470,2025-03-22,SKU012,DC03,52,52,RECEIVED
ORD001471,2025-03-22,SKU018,DC01,15,15,RECEIVED
ORD001472,2025-03-22,SKU019,DC03,49,49,RECEIVED
ORD001473,2025-03-23,SKU007,DC04,20,20,RECEIVED
ORD001474,2025-03-23,SKU021,DC01,66,66,RECEIVED
ORD001475,2025-03-24,SKU009,DC01,54,54,RECEIVED
ORD001476,2025-03-24,SKU009,DC03,65,65,RECEIVED
ORD001477,2025-03-24,SKU022,DC01,34,34,RECEIVED
ORD001478,2025-03-25,SKU003,DC03,15,15,RECEIVED
ORD001479,2025-03-25,SKU008,DC01,30,30,RECEIVED
ORD001480,2025-03-25,SKU020,DC01,72,72,RECEIVED
ORD001481,2025-03-26,SKU006,DC03,29,29,RECEIVED
ORD001482,2025-03-26,SKU020,DC02,69,69,RECEIVED
ORD001483,2025-03-27,SKU012,DC04,29,29,RECEIVED
ORD001484,2025-03-28,SKU004,DC01,68,68,RECEIVED
ORD001485,2025-03-28,SKU017,DC01,28,28,RECEIVED
ORD001486,2025-03-28,SKU017,DC03,50,50,RECEIVED
ORD001487,2025-03-28,SKU021,DC01,57,57,RECEIVED
ORD001488,2025-03-29,SKU001,DC03,61,61,RECEIVED
ORD001489,2025-03-29,SKU010,DC02,61,61,RECEIVED
ORD001490,2025-03-29,SKU014,DC03,49,49,RECEIVED
ORD001491,2025-03-29,SKU016,DC02,38,38,RECEIVED
ORD001492,2025-03-29,SKU023,DC04,52,52,RECEIVED
ORD001493,2025-03-30,SKU016,DC03,72,72,RECEIVED
ORD001494,2025-03-30,SKU021,DC01,69,69,RECEIVED
ORD001495,2025-03-30,SKU021,DC04,27,27,RECEIVED
ORD001496,2025-03-31,SKU003,DC01,57,57,RECEIVED
ORD001497,2025-03-31,SKU014,DC03,42,42,RECEIVED
ORD001498,2025-04-01,SKU024,DC03,56,56,RECEIVED
ORD001499,2025-04-02,SKU002,DC01,39,39,RECEIVED
ORD001500,2025-04-03,SKU004,DC03,71,71,RECEIVED
ORD001501,2025-04-03,SKU012,DC02,48,48,RECEIVED
ORD001502,2025-04-03,SKU024,DC03,26,26,RECEIVED
ORD001503,2025-04-04,SKU002,DC04,68,68,RECEIVED
ORD001504,2025-04-04,SKU003,DC04,66,66,RECEIVED
ORD001505,2025-04-04,SKU005,DC03,57,57,RECEIVED
ORD001506,2025-04-04,SKU008,DC02,17,17,RECEIVED
ORD001507,2025-04-04,SKU020,DC03,55,55,RECEIVED
ORD001508,2025-04-05,SKU003,DC04,23,23,RECEIVED
ORD001509,2025-04-05,SKU012,DC01,75,75,RECEIVED
ORD001510,2025-04-05,SKU012,DC02,27,27,RECEIVED
ORD001511,2025-04-06,SKU017,DC01,72,72,RECEIVED
ORD001512,2025-04-06,SKU018,DC04,68,68,RECEIVED
ORD001513,2025-04-06,SKU022,DC03,72,72,RECEIVED
ORD001514,2025-04-07,SKU002,DC01,26,26,RECEIVED
ORD001515,2025-04-07,SKU003,DC01,64,64,RECEIVED
ORD001516,2025-04-07,SKU012,DC02,44,44,RECEIVED
ORD001517,2025-04-07,SKU014,DC03,64,64,RECEIVED
ORD001518,2025-04-07,SKU017,DC04,17,17,RECEIVED
ORD001519,2025-04-08,SKU003,DC03,42,42,RECEIVED
ORD001520,2025-04-08,SKU010,DC01,63,63,RECEIVED
ORD001521,2025-04-08,SKU011,DC01,18,18,RECEIVED
ORD001522,2025-04-08,SKU013,DC04,64,64,RECEIVED
ORD001523,2025-04-08,SKU014,DC02,26,26,RECEIVED
ORD001524,2025-04-08,SKU019,DC04,20,20,RECEIVED
ORD001525,2025-04-08,SKU021,DC04,27,27,RECEIVED
ORD001526,2025-04-09,SKU016,DC04,53,53,RECEIVED
ORD001527,2025-04-10,SKU006,DC01,60,60,RECEIVED
ORD001528,2025-04-10,SKU018,DC02,46,46,RECEIVED
ORD001529,2025-04-10,SKU019,DC01,40,40,RECEIVED
ORD001530,2025-04-10,SKU021,DC01,57,57,RECEIVED
ORD001531,2025-04-10,SKU021,DC03,47,47,RECEIVED
ORD001532,2025-04-11,SKU012,DC01,24,24,RECEIVED
ORD001533,2025-04-11,SKU013,DC04,26,26,RECEIVED
ORD001534,2025-04-11,SKU024,DC01,48,48,RECEIVED
ORD001535,2025-04-11,SKU024,DC02,16,16,RECEIVED
ORD001536,2025-04-13,SKU009,DC03,34,34,RECEIVED
ORD001537,2025-04-13,SKU019,DC01,25,25,RECEIVED
ORD001538,2025-04-13,SKU023,DC03,73,73,RECEIVED
ORD001539,2025-04-14,SKU023,DC02,25,25,RECEIVED
ORD001540,2025-04-15,SKU006,DC02,36,36,RECEIVED
ORD001541,2025-04-15,SKU007,DC01,40,40,RECEIVED
ORD001542,2025-04-15,SKU007,DC03,23,23,RECEIVED
ORD001543,2025-04-15,SKU021,DC01,41,41,RECEIVED
ORD001544,2025-04-15,SKU021,DC03,29,29,RECEIVED
ORD001545,2025-04-16,SKU015,DC02,21,21,RECEIVED
ORD001546,2025-04-16,SKU020,DC04,30,30,RECEIVED
ORD001547,2025-04-17,SKU008,DC03,38,38,RECEIVED
ORD001548,2025-04-17,SKU018,DC03,64,64,RECEIVED
ORD001549,2025-04-18,SKU001,DC03,37,37,RECEIVED
ORD001550,2025-04-18,SKU002,DC01,71,71,RECEIVED
ORD001551,2025-04-19,SKU015,DC03,32,32,RECEIVED
ORD001552,2025-04-19,SKU020,DC02,35,35,RECEIVED
ORD001553,2025-04-21,SKU001,DC03,69,69,RECEIVED
ORD001554,2025-04-21,SKU008,DC02,56,56,RECEIVED
ORD001555,2025-04-21,SKU008,DC03,70,70,RECEIVED
ORD001556,2025-04-21,SKU009,DC01,62,62,RECEIVED
ORD001557,2025-04-21,SKU012,DC03,63,63,RECEIVED
ORD001558,2025-04-21,SKU019,DC03,59,59,RECEIVED
ORD001559,2025-04-21,SKU023,DC03,34,34,RECEIVED
ORD001560,2025-04-22,SKU013,DC02,44,44,RECEIVED
ORD001561,2025-04-22,SKU020,DC01,36,36,RECEIVED
ORD001562,2025-04-22,SKU020,DC04,28,28,RECEIVED
ORD001563,2025-04-24,SKU007,DC02,74,74,RECEIVED
ORD001564,2025-04-24,SKU019,DC02,39,39,RECEIVED
ORD001565,2025-04-24,SKU021,DC01,51,51,RECEIVED
ORD001566,2025-04-25,SKU007,DC02,67,67,RECEIVED
ORD001567,2025-04-25,SKU019,DC02,70,70,RECEIVED
ORD001568,2025-04-25,SKU024,DC03,59,59,RECEIVED
ORD001569,2025-04-26,SKU003,DC03,34,34,RECEIVED
ORD001570,2025-04-26,SKU012,DC02,51,51,RECEIVED
ORD001571,2025-04-26,SKU018,DC03,28,28,RECEIVED
ORD001572,2025-04-26,SKU024,DC03,53,53,RECEIVED
ORD001573,2025-04-27,SKU006,DC04,29,29,RECEIVED
ORD001574,2025-04-27,SKU007,DC03,67,67,RECEIVED
ORD001575,2025-04-27,SKU011,DC01,45,45,RECEIVED
ORD001576,2025-04-27,SKU011,DC02,30,30,RECEIVED
ORD001577,2025-04-27,SKU013,DC03,40,40,RECEIVED
ORD001578,2025-04-28,SKU008,DC02,42,42,RECEIVED
ORD001579,2025-04-28,SKU009,DC04,65,65,RECEIVED
ORD001580,2025-04-29,SKU003,DC03,71,71,RECEIVED
ORD001581,2025-04-29,SKU010,DC04,21,21,RECEIVED
ORD001582,2025-04-29,SKU021,DC03,29,29,RECEIVED
ORD001583,2025-04-29,SKU022,DC01,49,49,RECEIVED
ORD001584,2025-04-30,SKU006,DC02,48,48,RECEIVED
ORD001585,2025-04-30,SKU007,DC03,60,60,RECEIVED
ORD001586,2025-04-30,SKU008,DC01,60,60,RECEIVED
ORD001587,2025-04-30,SKU009,DC04,63,63,RECEIVED
ORD001588,2025-04-30,SKU018,DC01,26,26,RECEIVED
ORD001589,2025-05-01,SKU001,DC01,75,75,RECEIVED
ORD001590,2025-05-01,SKU009,DC01,33,33,RECEIVED
ORD001591,2025-05-01,SKU009,DC04,29,29,RECEIVED
ORD001592,2025-05-01,SKU019,DC01,33,33,RECEIVED
ORD001593,2025-05-01,SKU019,DC03,45,45,RECEIVED
ORD001594,2025-05-02,SKU001,DC02,25,25,RECEIVED
ORD001595,2025-05-02,SKU016,DC02,46,46,RECEIVED
ORD001596,2025-05-03,SKU005,DC03,51,51,RECEIVED
ORD001597,2025-05-03,SKU005,DC04,62,62,RECEIVED
ORD001598,2025-05-03,SKU014,DC04,40,40,RECEIVED
ORD001599,2025-05-03,SKU022,DC01,25,25,RECEIVED
ORD001600,2025-05-04,SKU018,DC03,74,74,RECEIVED
ORD001601,2025-05-04,SKU020,DC03,15,15,RECEIVED
ORD001602,2025-05-05,SKU003,DC02,28,28,RECEIVED
ORD001603,2025-05-05,SKU013,DC03,28,28,RECEIVED
ORD001604,2025-05-05,SKU023,DC02,70,70,RECEIVED
ORD001605,2025-05-06,SKU016,DC03,55,55,RECEIVED
ORD001606,2025-05-06,SKU016,DC04,37,37,RECEIVED
ORD001607,2025-05-07,SKU016,DC03,30,30,RECEIVED
ORD001608,2025-05-08,SKU004,DC01,45,45,RECEIVED
ORD001609,2025-05-08,SKU007,DC02,55,55,RECEIVED
ORD001610,2025-05-08,SKU012,DC03,54,54,RECEIVED
ORD001611,2025-05-08,SKU013,DC04,62,62,RECEIVED
ORD001612,2025-05-08,SKU014,DC04,62,62,RECEIVED
ORD001613,2025-05-08,SKU021,DC01,18,18,RECEIVED
ORD001614,2025-05-08,SKU024,DC01,38,38,RECEIVED
ORD001615,2025-05-09,SKU005,DC01,26,26,RECEIVED
ORD001616,2025-05-09,SKU006,DC03,29,29,RECEIVED
ORD001617,2025-05-09,SKU016,DC02,68,68,RECEIVED
ORD001618,2025-05-09,SKU022,DC01,48,48,RECEIVED
ORD001619,2025-05-09,SKU023,DC01,42,42,RECEIVED
ORD001620,2025-05-10,SKU001,DC02,44,44,RECEIVED
ORD001621,2025-05-10,SKU003,DC03,52,52,RECEIVED
ORD001622,2025-05-10,SKU008,DC03,64,64,RECEIVED
ORD001623,2025-05-10,SKU009,DC03,30,30,RECEIVED
ORD001624,2025-05-11,SKU003,DC03,47,47,RECEIVED
ORD001625,2025-05-11,SKU008,DC04,16,16,RECEIVED
ORD001626,2025-05-11,SKU010,DC03,17,17,RECEIVED
ORD001627,2025-05-11,SKU013,DC02,62,62,RECEIVED
ORD001628,2025-05-11,SKU018,DC04,33,33,RECEIVED
ORD001629,2025-05-11,SKU024,DC04,43,43,RECEIVED
ORD001630,2025-05-12,SKU003,DC03,24,24,RECEIVED
ORD001631,2025-05-12,SKU005,DC01,29,29,RECEIVED
ORD001632,2025-05-12,SKU009,DC04,19,19,RECEIVED
ORD001633,2025-05-12,SKU015,DC02,72,72,RECEIVED
ORD001634,2025-05-12,SKU022,DC01,42,42,RECEIVED
ORD001635,2025-05-13,SKU003,DC01,50,50,RECEIVED
ORD001636,2025-05-13,SKU003,DC03,43,43,RECEIVED
ORD001637,2025-05-13,SKU010,DC01,70,70,RECEIVED
ORD001638,2025-05-14,SKU002,DC02,35,35,RECEIVED
ORD001639,2025-05-14,SKU013,DC03,22,22,RECEIVED
ORD001640,2025-05-14,SKU016,DC02,35,35,RECEIVED
ORD001641,2025-05-14,SKU019,DC04,51,51,RECEIVED
ORD001642,2025-05-15,SKU005,DC03,47,47,RECEIVED
ORD001643,2025-05-15,SKU006,DC02,32,32,RECEIVED
ORD001644,2025-05-15,SKU007,DC03,41,41,RECEIVED
ORD001645,2025-05-15,SKU010,DC03,41,41,RECEIVED
ORD001646,2025-05-15,SKU024,DC04,75,75,RECEIVED
ORD001647,2025-05-16,SKU008,DC04,67,67,RECEIVED
ORD001648,2025-05-17,SKU006,DC02,74,74,RECEIVED
ORD001649,2025-05-17,SKU011,DC04,32,32,RECEIVED
ORD001650,2025-05-18,SKU010,DC03,46,46,RECEIVED
ORD001651,2025-05-18,SKU018,DC01,18,18,RECEIVED
ORD001652,2025-05-18,SKU018,DC02,50,50,RECEIVED
ORD001653,2025-05-19,SKU005,DC01,46,46,RECEIVED
ORD001654,2025-05-19,SKU010,DC02,21,21,RECEIVED
ORD001655,2025-05-19,SKU023,DC01,73,73,RECEIVED
ORD001656,2025-05-20,SKU003,DC03,23,23,RECEIVED
ORD001657,2025-05-20,SKU017,DC02,72,72,RECEIVED
ORD001658,2025-05-21,SKU001,DC03,50,50,RECEIVED
ORD001659,2025-05-21,SKU001,DC04,28,28,RECEIVED
ORD001660,2025-05-22,SKU002,DC01,19,19,RECEIVED
ORD001661,2025-05-22,SKU002,DC03,32,32,RECEIVED
ORD001662,2025-05-22,SKU014,DC01,46,46,RECEIVED
ORD001663,2025-05-22,SKU022,DC02,37,37,RECEIVED
ORD001664,2025-05-23,SKU004,DC01,19,19,RECEIVED
ORD001665,2025-05-23,SKU012,DC04,68,68,RECEIVED
ORD001666,2025-05-23,SKU022,DC03,43,43,RECEIVED
ORD001667,2025-05-24,SKU007,DC04,19,19,RECEIVED
ORD001668,2025-05-24,SKU011,DC04,36,36,RECEIVED
ORD001669,2025-05-24,SKU013,DC02,41,41,RECEIVED
ORD001670,2025-05-24,SKU014,DC02,54,54,RECEIVED
ORD001671,2025-05-24,SKU015,DC04,23,23,RECEIVED
ORD001672,2025-05-24,SKU020,DC02,52,52,RECEIVED
ORD001673,2025-05-24,SKU022,DC02,41,41,RECEIVED
ORD001674,2025-05-25,SKU012,DC02,55,55,RECEIVED
ORD001675,2025-05-25,SKU014,DC03,47,47,RECEIVED
ORD001676,2025-05-25,SKU015,DC03,25,25,RECEIVED
ORD001677,2025-05-25,SKU020,DC04,15,15,RECEIVED
ORD001678,2025-05-25,SKU021,DC03,16,16,RECEIVED
ORD001679,2025-05-26,SKU018,DC04,54,54,RECEIVED
ORD001680,2025-05-26,SKU024,DC04,24,24,RECEIVED
ORD001681,2025-05-27,SKU001,DC04,56,56,RECEIVED
ORD001682,2025-05-27,SKU012,DC01,63,63,RECEIVED
ORD001683,2025-05-28,SKU001,DC03,21,21,RECEIVED
ORD001684,2025-05-28,SKU006,DC02,74,74,RECEIVED
ORD001685,2025-05-28,SKU012,DC04,55,55,RECEIVED
ORD001686,2025-05-28,SKU013,DC03,70,70,RECEIVED
ORD001687,2025-05-28,SKU019,DC03,64,64,RECEIVED
ORD001688,2025-05-29,SKU017,DC03,29,29,RECEIVED
ORD001689,2025-05-29,SKU022,DC02,42,42,RECEIVED
ORD001690,2025-05-30,SKU002,DC04,51,51,RECEIVED
ORD001691,2025-05-30,SKU011,DC03,54,54,RECEIVED
ORD001692,2025-05-30,SKU013,DC02,66,66,RECEIVED
ORD001693,2025-05-30,SKU021,DC02,54,54,RECEIVED
ORD001694,2025-05-31,SKU007,DC02,36,36,RECEIVED
ORD001695,2025-05-31,SKU007,DC03,74,74,RECEIVED
ORD001696,2025-05-31,SKU008,DC04,27,27,RECEIVED
ORD001697,2025-05-31,SKU014,DC01,47,47,RECEIVED
ORD001698,2025-05-31,SKU015,DC01,50,50,RECEIVED
ORD001699,2025-05-31,SKU016,DC01,18,18,RECEIVED
ORD001700,2025-06-01,SKU002,DC01,33,33,RECEIVED
ORD001701,2025-06-01,SKU003,DC01,34,34,RECEIVED
ORD001702,2025-06-01,SKU013,DC04,31,31,RECEIVED
ORD001703,2025-06-02,SKU008,DC02,51,51,RECEIVED
ORD001704,2025-06-02,SKU019,DC04,26,26,RECEIVED
ORD001705,2025-06-03,SKU003,DC04,69,69,RECEIVED
ORD001706,2025-06-03,SKU015,DC04,22,22,RECEIVED
ORD001707,2025-06-04,SKU004,DC01,22,22,RECEIVED
ORD001708,2025-06-04,SKU007,DC01,19,19,RECEIVED
ORD001709,2025-06-05,SKU008,DC01,42,42,RECEIVED
ORD001710,2025-06-06,SKU006,DC01,58,58,RECEIVED
ORD001711,2025-06-06,SKU019,DC04,27,27,RECEIVED
ORD001712,2025-06-06,SKU024,DC01,58,58,RECEIVED
ORD001713,2025-06-06,SKU024,DC04,45,45,RECEIVED
ORD001714,2025-06-07,SKU010,DC03,60,60,RECEIVED
ORD001715,2025-06-08,SKU007,DC03,25,25,RECEIVED
ORD001716,2025-06-08,SKU011,DC03,55,55,RECEIVED
ORD001717,2025-06-08,SKU012,DC02,37,37,RECEIVED
ORD001718,2025-06-09,SKU003,DC03,17,17,RECEIVED
ORD001719,2025-06-09,SKU005,DC01,70,70,RECEIVED
ORD001720,2025-06-09,SKU016,DC02,57,57,RECEIVED
ORD001721,2025-06-09,SKU020,DC02,21,21,RECEIVED
ORD001722,2025-06-10,SKU003,DC02,63,63,RECEIVED
ORD001723,2025-06-10,SKU012,DC02,15,15,RECEIVED
ORD001724,2025-06-10,SKU022,DC03,42,42,RECEIVED
ORD001725,2025-06-11,SKU006,DC01,58,58,RECEIVED
ORD001726,2025-06-11,SKU016,DC02,16,16,RECEIVED
ORD001727,2025-06-11,SKU017,DC04,68,68,RECEIVED
ORD001728,2025-06-12,SKU002,DC04,30,30,RECEIVED
ORD001729,2025-06-12,SKU005,DC02,60,60,RECEIVED
ORD001730,2025-06-12,SKU024,DC01,16,16,RECEIVED
ORD001731,2025-06-13,SKU003,DC03,71,71,RECEIVED
ORD001732,2025-06-14,SKU017,DC03,68,68,RECEIVED
ORD001733,2025-06-14,SKU024,DC04,75,75,RECEIVED
ORD001734,2025-06-15,SKU008,DC03,38,38,RECEIVED
ORD001735,2025-06-15,SKU010,DC04,30,30,RECEIVED
ORD001736,2025-06-15,SKU022,DC04,37,37,RECEIVED
ORD001737,2025-06-15,SKU023,DC04,48,48,RECEIVED
ORD001738,2025-06-16,SKU003,DC01,30,30,RECEIVED
ORD001739,2025-06-16,SKU003,DC04,29,29,RECEIVED
ORD001740,2025-06-16,SKU007,DC04,51,51,RECEIVED
ORD001741,2025-06-16,SKU015,DC04,28,28,RECEIVED
ORD001742,2025-06-17,SKU006,DC04,37,37,RECEIVED
ORD001743,2025-06-18,SKU001,DC04,68,68,RECEIVED
ORD001744,2025-06-18,SKU006,DC01,51,51,RECEIVED
ORD001745,2025-06-18,SKU006,DC03,43,43,RECEIVED
ORD001746,2025-06-18,SKU007,DC01,47,47,RECEIVED
ORD001747,2025-06-18,SKU022,DC04,47,47,RECEIVED
ORD001748,2025-06-19,SKU001,DC03,20,20,RECEIVED
ORD001749,2025-06-19,SKU002,DC03,22,22,RECEIVED
ORD001750,2025-06-19,SKU004,DC04,46,46,RECEIVED
ORD001751,2025-06-19,SKU017,DC01,50,50,RECEIVED
ORD001752,2025-06-19,SKU020,DC02,54,54,RECEIVED
ORD001753,2025-06-19,SKU022,DC01,49,49,RECEIVED
ORD001754,2025-06-19,SKU024,DC04,42,42,RECEIVED
ORD001755,2025-06-20,SKU003,DC01,53,53,RECEIVED
ORD001756,2025-06-20,SKU013,DC01,64,64,RECEIVED
ORD001757,2025-06-20,SKU013,DC03,56,56,RECEIVED
ORD001758,2025-06-20,SKU019,DC03,25,25,RECEIVED
ORD001759,2025-06-20,SKU022,DC04,65,65,RECEIVED
ORD001760,2025-06-21,SKU001,DC02,16,16,RECEIVED
ORD001761,2025-06-21,SKU007,DC03,41,41,RECEIVED
ORD001762,2025-06-21,SKU011,DC03,32,32,RECEIVED
ORD001763,2025-06-22,SKU002,DC02,43,43,RECEIVED
ORD001764,2025-06-22,SKU008,DC03,64,64,RECEIVED
ORD001765,2025-06-22,SKU010,DC02,49,49,RECEIVED
ORD001766,2025-06-22,SKU015,DC03,41,41,RECEIVED
ORD001767,2025-06-22,SKU016,DC01,57,57,RECEIVED
ORD001768,2025-06-22,SKU024,DC03,33,33,RECEIVED
ORD001769,2025-06-23,SKU010,DC04,41,41,RECEIVED
ORD001770,2025-06-23,SKU011,DC02,46,46,RECEIVED
ORD001771,2025-06-23,SKU012,DC04,62,62,RECEIVED
ORD001772,2025-06-23,SKU013,DC04,47,47,RECEIVED
ORD001773,2025-06-23,SKU018,DC03,70,70,RECEIVED
ORD001774,2025-06-23,SKU023,DC01,53,53,RECEIVED
ORD001775,2025-06-24,SKU001,DC01,72,72,RECEIVED
ORD001776,2025-06-24,SKU006,DC02,58,58,RECEIVED
ORD001777,2025-06-24,SKU022,DC02,68,68,RECEIVED
ORD001778,2025-06-24,SKU023,DC01,42,42,RECEIVED
ORD001779,2025-06-25,SKU011,DC02,38,38,RECEIVED
ORD001780,2025-06-25,SKU015,DC02,47,47,RECEIVED
ORD001781,2025-06-25,SKU024,DC04,73,73,RECEIVED
ORD001782,2025-06-26,SKU003,DC03,34,34,RECEIVED
ORD001783,2025-06-26,SKU007,DC03,52,52,RECEIVED
ORD001784,2025-06-26,SKU013,DC01,20,20,RECEIVED
ORD001785,2025-06-26,SKU016,DC03,26,26,RECEIVED
ORD001786,2025-06-26,SKU021,DC04,71,71,RECEIVED
ORD001787,2025-06-27,SKU012,DC04,50,50,RECEIVED
ORD001788,2025-06-28,SKU002,DC03,15,15,RECEIVED
ORD001789,2025-06-28,SKU018,DC02,64,64,RECEIVED
ORD001790,2025-06-29,SKU001,DC02,67,67,RECEIVED
ORD001791,2025-06-30,SKU009,DC04,41,41,RECEIVED
ORD001792,2025-06-30,SKU011,DC01,69,69,RECEIVED
ORD001793,2025-06-30,SKU012,DC01,75,75,RECEIVED
ORD001794,2025-07-01,SKU007,DC01,24,24,RECEIVED
ORD001795,2025-07-01,SKU009,DC04,26,26,RECEIVED
ORD001796,2025-07-01,SKU010,DC02,19,19,RECEIVED
ORD001797,2025-07-01,SKU017,DC04,25,25,RECEIVED
ORD001798,2025-07-01,SKU019,DC02,50,50,RECEIVED
ORD001799,2025-07-01,SKU023,DC03,62,62,RECEIVED
ORD001800,2025-07-02,SKU022,DC04,64,64,RECEIVED
ORD001801,2025-07-03,SKU003,DC03,58,58,RECEIVED
ORD001802,2025-07-03,SKU008,DC01,44,44,RECEIVED
ORD001803,2025-07-04,SKU003,DC03,37,37,RECEIVED
ORD001804,2025-07-04,SKU005,DC03,40,40,RECEIVED
ORD001805,2025-07-05,SKU001,DC02,68,68,RECEIVED
ORD001806,2025-07-05,SKU002,DC02,28,28,RECEIVED
ORD001807,2025-07-05,SKU020,DC01,35,35,RECEIVED
ORD001808,2025-07-06,SKU001,DC02,71,71,RECEIVED
ORD001809,2025-07-06,SKU010,DC04,41,41,RECEIVED
ORD001810,2025-07-06,SKU011,DC03,33,33,RECEIVED
ORD001811,2025-07-06,SKU018,DC02,25,25,RECEIVED
ORD001812,2025-07-06,SKU022,DC04,31,31,RECEIVED
ORD001813,2025-07-06,SKU023,DC01,58,58,RECEIVED
ORD001814,2025-07-07,SKU019,DC03,57,57,RECEIVED
ORD001815,2025-07-08,SKU003,DC04,45,45,RECEIVED
ORD001816,2025-07-08,SKU004,DC04,50,50,RECEIVED
ORD001817,2025-07-08,SKU009,DC03,29,29,RECEIVED
ORD001818,2025-07-08,SKU015,DC01,36,36,RECEIVED
ORD001819,2025-07-09,SKU011,DC03,21,21,RECEIVED
ORD001820,2025-07-09,SKU015,DC04,21,21,RECEIVED
ORD001821,2025-07-10,SKU004,DC03,67,67,RECEIVED
ORD001822,2025-07-10,SKU007,DC01,64,64,RECEIVED
ORD001823,2025-07-10,SKU012,DC01,21,21,RECEIVED
ORD001824,2025-07-10,SKU018,DC02,39,39,RECEIVED
ORD001825,2025-07-10,SKU023,DC03,59,59,RECEIVED
ORD001826,2025-07-11,SKU001,DC02,19,19,RECEIVED
ORD001827,2025-07-11,SKU002,DC03,69,69,RECEIVED
ORD001828,2025-07-11,SKU003,DC04,73,73,RECEIVED
ORD001829,2025-07-11,SKU007,DC03,59,59,RECEIVED
ORD001830,2025-07-11,SKU014,DC04,15,15,RECEIVED
ORD001831,2025-07-11,SKU018,DC01,35,35,RECEIVED
ORD001832,2025-07-11,SKU020,DC03,67,67,RECEIVED
ORD001833,2025-07-11,SKU022,DC01,62,62,RECEIVED
ORD001834,2025-07-12,SKU004,DC04,30,30,RECEIVED
ORD001835,2025-07-12,SKU008,DC02,35,35,RECEIVED
ORD001836,2025-07-12,SKU011,DC02,44,44,RECEIVED
ORD001837,2025-07-12,SKU020,DC04,72,72,RECEIVED
ORD001838,2025-07-12,SKU022,DC02,18,18,RECEIVED
ORD001839,2025-07-12,SKU024,DC01,51,51,RECEIVED
ORD001840,2025-07-13,SKU007,DC02,23,23,RECEIVED
ORD001841,2025-07-13,SKU022,DC04,17,17,RECEIVED
ORD001842,2025-07-13,SKU023,DC02,33,33,RECEIVED
ORD001843,2025-07-14,SKU007,DC01,62,62,RECEIVED
ORD001844,2025-07-15,SKU001,DC01,23,23,RECEIVED
ORD001845,2025-07-15,SKU012,DC02,51,51,RECEIVED
ORD001846,2025-07-15,SKU012,DC04,41,41,RECEIVED
ORD001847,2025-07-15,SKU013,DC03,64,64,RECEIVED
ORD001848,2025-07-15,SKU021,DC04,17,17,RECEIVED
ORD001849,2025-07-15,SKU022,DC03,47,47,RECEIVED
ORD001850,2025-07-15,SKU023,DC01,29,29,RECEIVED
ORD001851,2025-07-16,SKU009,DC02,52,52,RECEIVED
ORD001852,2025-07-16,SKU019,DC01,72,72,RECEIVED
ORD001853,2025-07-17,SKU005,DC04,48,48,RECEIVED
ORD001854,2025-07-17,SKU006,DC04,63,63,RECEIVED
ORD001855,2025-07-17,SKU017,DC03,50,50,RECEIVED
ORD001856,2025-07-18,SKU009,DC04,38,38,RECEIVED
ORD001857,2025-07-18,SKU013,DC01,38,38,RECEIVED
ORD001858,2025-07-18,SKU014,DC01,19,19,RECEIVED
ORD001859,2025-07-19,SKU003,DC01,19,19,RECEIVED
ORD001860,2025-07-19,SKU003,DC02,20,20,RECEIVED
ORD001861,2025-07-19,SKU005,DC03,22,22,RECEIVED
ORD001862,2025-07-19,SKU009,DC03,31,31,RECEIVED
ORD001863,2025-07-19,SKU023,DC03,46,46,RECEIVED
ORD001864,2025-07-20,SKU001,DC01,48,48,RECEIVED
ORD001865,2025-07-20,SKU016,DC04,20,20,RECEIVED
ORD001866,2025-07-21,SKU010,DC04,59,59,RECEIVED
ORD001867,2025-07-21,SKU018,DC04,58,58,RECEIVED
ORD001868,2025-07-22,SKU023,DC03,24,24,RECEIVED
ORD001869,2025-07-22,SKU024,DC01,60,60,RECEIVED
ORD001870,2025-07-23,SKU001,DC02,38,38,RECEIVED
ORD001871,2025-07-23,SKU005,DC02,55,55,RECEIVED
ORD001872,2025-07-23,SKU021,DC02,67,67,RECEIVED
ORD001873,2025-07-24,SKU012,DC02,17,17,RECEIVED
ORD001874,2025-07-24,SKU016,DC03,34,34,RECEIVED
ORD001875,2025-07-24,SKU019,DC04,21,21,RECEIVED
ORD001876,2025-07-25,SKU021,DC03,27,27,RECEIVED
ORD001877,2025-07-25,SKU024,DC03,22,22,RECEIVED
ORD001878,2025-07-26,SKU007,DC04,72,72,RECEIVED
ORD001879,2025-07-26,SKU008,DC01,47,47,RECEIVED
ORD001880,2025-07-26,SKU015,DC03,42,42,RECEIVED
ORD001881,2025-07-26,SKU020,DC02,65,65,RECEIVED
ORD001882,2025-07-26,SKU021,DC04,71,71,RECEIVED
ORD001883,2025-07-27,SKU008,DC01,72,72,RECEIVED
ORD001884,2025-07-27,SKU011,DC02,72,72,RECEIVED
ORD001885,2025-07-27,SKU013,DC04,28,28,RECEIVED
ORD001886,2025-07-28,SKU012,DC03,21,21,RECEIVED
ORD001887,2025-07-28,SKU014,DC04,64,64,RECEIVED
ORD001888,2025-07-28,SKU015,DC02,19,19,RECEIVED
ORD001889,2025-07-29,SKU005,DC04,21,21,RECEIVED
ORD001890,2025-07-29,SKU017,DC01,69,69,RECEIVED
ORD001891,2025-07-30,SKU001,DC03,16,16,RECEIVED
ORD001892,2025-07-30,SKU022,DC01,36,36,RECEIVED
ORD001893,2025-07-31,SKU016,DC02,27,27,RECEIVED
ORD001894,2025-07-31,SKU016,DC03,73,73,RECEIVED
ORD001895,2025-08-01,SKU008,DC03,72,72,RECEIVED
ORD001896,2025-08-01,SKU009,DC01,53,53,RECEIVED
ORD001897,2025-08-01,SKU010,DC02,45,45,RECEIVED
ORD001898,2025-08-01,SKU021,DC01,63,63,RECEIVED
ORD001899,2025-08-01,SKU022,DC03,20,20,RECEIVED
ORD001900,2025-08-02,SKU010,DC02,45,45,RECEIVED
ORD001901,2025-08-02,SKU011,DC02,75,75,RECEIVED
ORD001902,2025-08-02,SKU013,DC03,37,37,RECEIVED
ORD001903,2025-08-02,SKU015,DC03,36,36,RECEIVED
ORD001904,2025-08-02,SKU021,DC02,58,58,RECEIVED
ORD001905,2025-08-03,SKU004,DC03,58,58,RECEIVED
ORD001906,2025-08-03,SKU006,DC02,42,42,RECEIVED
ORD001907,2025-08-03,SKU020,DC01,68,68,RECEIVED
ORD001908,2025-08-04,SKU006,DC02,22,22,RECEIVED
ORD001909,2025-08-05,SKU001,DC03,40,40,RECEIVED
ORD001910,2025-08-05,SKU005,DC01,21,21,RECEIVED
ORD001911,2025-08-05,SKU023,DC01,75,75,RECEIVED
ORD001912,2025-08-06,SKU009,DC01,65,65,RECEIVED
ORD001913,2025-08-06,SKU016,DC02,33,33,RECEIVED
ORD001914,2025-08-06,SKU019,DC01,46,46,RECEIVED
ORD001915,2025-08-07,SKU005,DC04,31,31,RECEIVED
ORD001916,2025-08-07,SKU011,DC03,19,19,RECEIVED
ORD001917,2025-08-07,SKU016,DC04,45,45,RECEIVED
ORD001918,2025-08-07,SKU020,DC02,52,52,RECEIVED
ORD001919,2025-08-07,SKU022,DC02,42,42,RECEIVED
ORD001920,2025-08-07,SKU024,DC03,46,46,RECEIVED
ORD001921,2025-08-08,SKU007,DC01,25,25,RECEIVED
ORD001922,2025-08-08,SKU012,DC02,59,59,RECEIVED
ORD001923,2025-08-09,SKU001,DC03,61,61,RECEIVED
ORD001924,2025-08-09,SKU017,DC04,19,19,RECEIVED
ORD001925,2025-08-10,SKU019,DC03,33,33,RECEIVED
ORD001926,2025-08-10,SKU023,DC01,24,24,RECEIVED
ORD001927,2025-08-11,SKU015,DC04,48,48,RECEIVED
ORD001928,2025-08-12,SKU011,DC02,71,71,RECEIVED
ORD001929,2025-08-12,SKU018,DC02,71,71,RECEIVED
ORD001930,2025-08-13,SKU004,DC01,43,43,RECEIVED
ORD001931,2025-08-13,SKU009,DC03,26,26,RECEIVED
ORD001932,2025-08-13,SKU010,DC04,65,65,RECEIVED
ORD001933,2025-08-13,SKU019,DC01,42,42,RECEIVED
ORD001934,2025-08-14,SKU012,DC01,16,16,RECEIVED
ORD001935,2025-08-14,SKU013,DC02,46,46,RECEIVED
ORD001936,2025-08-15,SKU010,DC03,15,15,RECEIVED
ORD001937,2025-08-15,SKU017,DC02,56,56,RECEIVED
ORD001938,2025-08-15,SKU018,DC01,62,62,RECEIVED
ORD001939,2025-08-16,SKU006,DC02,43,43,RECEIVED
ORD001940,2025-08-16,SKU008,DC01,47,47,RECEIVED
ORD001941,2025-08-16,SKU013,DC04,73,73,RECEIVED
ORD001942,2025-08-16,SKU018,DC04,40,40,RECEIVED
ORD001943,2025-08-16,SKU020,DC01,18,18,RECEIVED
ORD001944,2025-08-17,SKU013,DC02,23,23,RECEIVED
ORD001945,2025-08-18,SKU001,DC01,71,71,RECEIVED
ORD001946,2025-08-18,SKU002,DC03,66,66,RECEIVED
ORD001947,2025-08-18,SKU005,DC02,33,33,RECEIVED
ORD001948,2025-08-18,SKU008,DC04,52,52,RECEIVED
ORD001949,2025-08-19,SKU001,DC03,68,68,RECEIVED
ORD001950,2025-08-19,SKU011,DC01,39,39,RECEIVED
ORD001951,2025-08-19,SKU015,DC01,74,74,RECEIVED
ORD001952,2025-08-19,SKU016,DC02,50,50,RECEIVED
ORD001953,2025-08-19,SKU024,DC03,31,31,RECEIVED
ORD001954,2025-08-20,SKU004,DC03,25,25,RECEIVED
ORD001955,2025-08-20,SKU005,DC01,42,42,RECEIVED
ORD001956,2025-08-20,SKU023,DC01,27,27,RECEIVED
ORD001957,2025-08-21,SKU005,DC01,67,67,RECEIVED
ORD001958,2025-08-21,SKU012,DC01,41,41,RECEIVED
ORD001959,2025-08-21,SKU018,DC01,53,53,RECEIVED
ORD001960,2025-08-21,SKU022,DC02,72,72,RECEIVED
ORD001961,2025-08-22,SKU018,DC02,49,49,RECEIVED
ORD001962,2025-08-22,SKU024,DC04,60,60,RECEIVED
ORD001963,2025-08-23,SKU002,DC01,70,70,RECEIVED
ORD001964,2025-08-24,SKU018,DC04,27,27,RECEIVED
ORD001965,2025-08-24,SKU019,DC01,29,29,RECEIVED
ORD001966,2025-08-24,SKU020,DC01,64,64,RECEIVED
ORD001967,2025-08-25,SKU005,DC02,45,45,RECEIVED
ORD001968,2025-08-25,SKU007,DC02,50,50,RECEIVED
ORD001969,2025-08-25,SKU008,DC03,28,28,RECEIVED
ORD001970,2025-08-25,SKU012,DC03,51,51,RECEIVED
ORD001971,2025-08-25,SKU020,DC02,29,29,RECEIVED
ORD001972,2025-08-25,SKU023,DC04,31,31,RECEIVED
ORD001973,2025-08-26,SKU011,DC02,33,33,RECEIVED
ORD001974,2025-08-26,SKU011,DC03,48,48,RECEIVED
ORD001975,2025-08-26,SKU015,DC02,66,66,RECEIVED
ORD001976,2025-08-26,SKU023,DC01,44,44,RECEIVED
ORD001977,2025-08-26,SKU024,DC02,56,56,RECEIVED
ORD001978,2025-08-27,SKU002,DC02,66,66,RECEIVED
ORD001979,2025-08-27,SKU011,DC01,47,47,RECEIVED
ORD001980,2025-08-27,SKU022,DC02,50,50,RECEIVED
ORD001981,2025-08-27,SKU024,DC03,62,62,RECEIVED
ORD001982,2025-08-28,SKU002,DC04,63,63,RECEIVED
ORD001983,2025-08-28,SKU015,DC02,33,33,RECEIVED
ORD001984,2025-08-28,SKU017,DC01,75,75,RECEIVED
ORD001985,2025-08-28,SKU022,DC01,38,38,RECEIVED
ORD001986,2025-08-28,SKU022,DC03,33,33,RECEIVED
ORD001987,2025-08-29,SKU012,DC01,61,61,RECEIVED
ORD001988,2025-08-29,SKU012,DC02,16,16,RECEIVED
ORD001989,2025-08-29,SKU017,DC03,59,59,RECEIVED
ORD001990,2025-08-29,SKU024,DC03,28,28,RECEIVED
ORD001991,2025-08-30,SKU009,DC02,62,62,RECEIVED
ORD001992,2025-08-30,SKU009,DC04,67,67,RECEIVED
ORD001993,2025-08-30,SKU011,DC02,43,43,RECEIVED
ORD001994,2025-08-30,SKU014,DC03,37,37,RECEIVED
ORD001995,2025-08-30,SKU015,DC03,62,62,RECEIVED
ORD001996,2025-08-30,SKU017,DC03,57,57,RECEIVED
ORD001997,2025-08-30,SKU018,DC02,73,73,RECEIVED
ORD001998,2025-08-30,SKU020,DC02,65,65,RECEIVED
ORD001999,2025-08-30,SKU022,DC02,43,43,RECEIVED
ORD002000,2025-08-31,SKU008,DC03,58,58,RECEIVED
ORD002001,2025-09-01,SKU011,DC04,44,44,RECEIVED
ORD002002,2025-09-01,SKU017,DC04,66,66,RECEIVED
ORD002003,2025-09-01,SKU018,DC03,59,59,RECEIVED
ORD002004,2025-09-01,SKU021,DC03,71,71,RECEIVED
ORD002005,2025-09-02,SKU006,DC04,50,50,RECEIVED
ORD002006,2025-09-02,SKU008,DC02,21,21,RECEIVED
ORD002007,2025-09-02,SKU020,DC01,47,47,RECEIVED
ORD002008,2025-09-03,SKU003,DC02,61,61,RECEIVED
ORD002009,2025-09-03,SKU004,DC04,17,17,RECEIVED
ORD002010,2025-09-03,SKU007,DC01,73,73,RECEIVED
ORD002011,2025-09-03,SKU008,DC03,38,38,RECEIVED
ORD002012,2025-09-03,SKU010,DC03,56,56,RECEIVED
ORD002013,2025-09-03,SKU021,DC04,44,44,RECEIVED
ORD002014,2025-09-03,SKU024,DC01,33,33,RECEIVED
ORD002015,2025-09-03,SKU024,DC03,43,43,RECEIVED
ORD002016,2025-09-04,SKU002,DC01,34,34,RECEIVED
ORD002017,2025-09-05,SKU009,DC02,41,41,RECEIVED
ORD002018,2025-09-05,SKU010,DC02,48,48,RECEIVED
ORD002019,2025-09-05,SKU015,DC02,57,57,RECEIVED
ORD002020,2025-09-05,SKU018,DC02,44,44,RECEIVED
ORD002021,2025-09-06,SKU013,DC01,52,52,RECEIVED
ORD002022,2025-09-07,SKU001,DC01,55,55,RECEIVED
ORD002023,2025-09-07,SKU001,DC02,67,67,RECEIVED
ORD002024,2025-09-07,SKU004,DC01,50,50,RECEIVED
ORD002025,2025-09-07,SKU009,DC04,40,40,RECEIVED
ORD002026,2025-09-07,SKU023,DC04,37,37,RECEIVED
ORD002027,2025-09-08,SKU015,DC04,57,57,RECEIVED
ORD002028,2025-09-08,SKU019,DC02,29,29,RECEIVED
ORD002029,2025-09-08,SKU020,DC02,57,57,RECEIVED
ORD002030,2025-09-08,SKU021,DC04,29,29,RECEIVED
ORD002031,2025-09-09,SKU004,DC01,61,61,RECEIVED
ORD002032,2025-09-09,SKU007,DC04,37,37,RECEIVED
ORD002033,2025-09-09,SKU013,DC03,53,53,RECEIVED
ORD002034,2025-09-10,SKU008,DC02,69,69,RECEIVED
ORD002035,2025-09-11,SKU011,DC03,64,64,RECEIVED
ORD002036,2025-09-11,SKU018,DC03,38,38,RECEIVED
ORD002037,2025-09-12,SKU004,DC03,74,74,RECEIVED
ORD002038,2025-09-12,SKU005,DC02,51,51,RECEIVED
ORD002039,2025-09-12,SKU005,DC04,30,30,RECEIVED
ORD002040,2025-09-12,SKU006,DC03,32,32,RECEIVED
ORD002041,2025-09-12,SKU013,DC01,56,56,RECEIVED
ORD002042,2025-09-12,SKU019,DC01,63,63,RECEIVED
ORD002043,2025-09-13,SKU003,DC04,64,64,RECEIVED
ORD002044,2025-09-13,SKU008,DC01,72,72,RECEIVED
ORD002045,2025-09-13,SKU012,DC01,46,46,RECEIVED
ORD002046,2025-09-13,SKU014,DC03,53,53,RECEIVED
ORD002047,2025-09-13,SKU023,DC04,29,29,RECEIVED
ORD002048,2025-09-14,SKU017,DC02,30,30,RECEIVED
ORD002049,2025-09-14,SKU022,DC01,55,55,RECEIVED
ORD002050,2025-09-15,SKU004,DC01,43,43,RECEIVED
ORD002051,2025-09-15,SKU006,DC02,47,47,RECEIVED
ORD002052,2025-09-15,SKU007,DC01,38,38,RECEIVED
ORD002053,2025-09-15,SKU015,DC01,46,46,RECEIVED
ORD002054,2025-09-15,SKU017,DC03,24,24,RECEIVED
ORD002055,2025-09-15,SKU019,DC01,35,35,RECEIVED
ORD002056,2025-09-16,SKU005,DC01,74,74,RECEIVED
ORD002057,2025-09-16,SKU015,DC03,60,60,RECEIVED
ORD002058,2025-09-16,SKU022,DC01,37,37,RECEIVED
ORD002059,2025-09-17,SKU006,DC03,32,32,RECEIVED
ORD002060,2025-09-17,SKU006,DC04,26,26,RECEIVED
ORD002061,2025-09-17,SKU011,DC02,21,21,RECEIVED
ORD002062,2025-09-17,SKU020,DC03,57,57,RECEIVED
ORD002063,2025-09-18,SKU015,DC04,24,24,RECEIVED
ORD002064,2025-09-18,SKU020,DC03,37,37,RECEIVED
ORD002065,2025-09-19,SKU003,DC02,37,37,RECEIVED
ORD002066,2025-09-19,SKU017,DC04,21,21,RECEIVED
ORD002067,2025-09-20,SKU002,DC03,47,47,RECEIVED
ORD002068,2025-09-20,SKU005,DC01,63,63,RECEIVED
ORD002069,2025-09-20,SKU005,DC04,74,74,RECEIVED
ORD002070,2025-09-20,SKU016,DC02,63,63,RECEIVED
ORD002071,2025-09-20,SKU017,DC01,19,19,RECEIVED
ORD002072,2025-09-20,SKU019,DC04,40,40,RECEIVED
ORD002073,2025-09-20,SKU021,DC02,31,31,RECEIVED
ORD002074,2025-09-20,SKU022,DC01,59,59,RECEIVED
ORD002075,2025-09-21,SKU002,DC03,37,37,RECEIVED
ORD002076,2025-09-21,SKU004,DC02,51,51,RECEIVED
ORD002077,2025-09-21,SKU008,DC02,19,19,RECEIVED
ORD002078,2025-09-21,SKU021,DC04,49,49,RECEIVED
ORD002079,2025-09-21,SKU022,DC01,58,58,RECEIVED
ORD002080,2025-09-21,SKU022,DC02,19,19,RECEIVED
ORD002081,2025-09-21,SKU023,DC03,41,41,RECEIVED
ORD002082,2025-09-22,SKU003,DC04,58,58,RECEIVED
ORD002083,2025-09-22,SKU004,DC02,23,23,RECEIVED
ORD002084,2025-09-22,SKU015,DC03,61,61,RECEIVED
ORD002085,2025-09-22,SKU021,DC01,41,41,RECEIVED
ORD002086,2025-09-23,SKU004,DC01,45,45,RECEIVED
ORD002087,2025-09-23,SKU009,DC04,69,69,RECEIVED
ORD002088,2025-09-23,SKU016,DC01,66,66,RECEIVED
ORD002089,2025-09-23,SKU017,DC02,27,27,RECEIVED
ORD002090,2025-09-23,SKU019,DC02,55,55,RECEIVED
ORD002091,2025-09-23,SKU022,DC04,42,42,RECEIVED
ORD002092,2025-09-24,SKU003,DC02,38,38,RECEIVED
ORD002093,2025-09-24,SKU011,DC04,54,54,RECEIVED
ORD002094,2025-09-25,SKU003,DC01,71,71,RECEIVED
ORD002095,2025-09-25,SKU004,DC04,33,33,RECEIVED
ORD002096,2025-09-25,SKU007,DC01,18,18,RECEIVED
ORD002097,2025-09-25,SKU008,DC02,43,43,RECEIVED
ORD002098,2025-09-25,SKU009,DC03,24,24,RECEIVED
ORD002099,2025-09-25,SKU019,DC04,61,61,RECEIVED
ORD002100,2025-09-26,SKU013,DC04,58,58,RECEIVED
ORD002101,2025-09-26,SKU015,DC03,63,63,RECEIVED
ORD002102,2025-09-27,SKU013,DC01,34,34,RECEIVED
ORD002103,2025-09-27,SKU013,DC02,62,62,RECEIVED
ORD002104,2025-09-28,SKU001,DC02,63,63,RECEIVED
ORD002105,2025-09-28,SKU011,DC01,38,38,RECEIVED
ORD002106,2025-09-29,SKU001,DC01,24,24,RECEIVED
ORD002107,2025-09-29,SKU001,DC03,47,47,RECEIVED
ORD002108,2025-09-29,SKU014,DC04,48,48,RECEIVED
ORD002109,2025-09-29,SKU021,DC02,69,69,RECEIVED
ORD002110,2025-09-30,SKU001,DC03,47,47,RECEIVED
ORD002111,2025-09-30,SKU008,DC03,50,50,RECEIVED
ORD002112,2025-09-30,SKU010,DC02,60,60,RECEIVED
ORD002113,2025-09-30,SKU024,DC03,44,44,RECEIVED
ORD002114,2025-10-01,SKU006,DC01,53,53,RECEIVED
ORD002115,2025-10-01,SKU007,DC04,70,70,RECEIVED
ORD002116,2025-10-01,SKU011,DC02,53,53,RECEIVED
ORD002117,2025-10-02,SKU001,DC04,39,39,RECEIVED
ORD002118,2025-10-02,SKU011,DC04,39,39,RECEIVED
ORD002119,2025-10-02,SKU024,DC01,53,53,RECEIVED
ORD002120,2025-10-02,SKU024,DC04,39,39,RECEIVED
ORD002121,2025-10-03,SKU016,DC03,61,61,RECEIVED
ORD002122,2025-10-04,SKU011,DC01,62,62,RECEIVED
ORD002123,2025-10-04,SKU021,DC02,28,28,RECEIVED
ORD002124,2025-10-05,SKU022,DC04,40,40,RECEIVED
ORD002125,2025-10-06,SKU010,DC02,52,52,RECEIVED
ORD002126,2025-10-06,SKU016,DC01,25,25,RECEIVED
ORD002127,2025-10-07,SKU015,DC04,48,48,RECEIVED
ORD002128,2025-10-08,SKU009,DC03,59,59,RECEIVED
ORD002129,2025-10-09,SKU004,DC01,37,37,RECEIVED
ORD002130,2025-10-09,SKU004,DC02,60,60,RECEIVED
ORD002131,2025-10-09,SKU009,DC02,28,28,RECEIVED
ORD002132,2025-10-10,SKU002,DC01,35,35,RECEIVED
ORD002133,2025-10-10,SKU008,DC03,36,36,RECEIVED
ORD002134,2025-10-10,SKU013,DC02,40,40,RECEIVED
ORD002135,2025-10-10,SKU014,DC02,72,72,RECEIVED
ORD002136,2025-10-10,SKU015,DC02,38,38,RECEIVED
ORD002137,2025-10-10,SKU018,DC02,35,35,RECEIVED
ORD002138,2025-10-10,SKU022,DC01,19,19,RECEIVED
ORD002139,2025-10-12,SKU005,DC04,19,19,RECEIVED
ORD002140,2025-10-12,SKU010,DC02,25,25,RECEIVED
ORD002141,2025-10-12,SKU021,DC03,30,30,RECEIVED
ORD002142,2025-10-13,SKU021,DC03,51,51,RECEIVED
ORD002143,2025-10-14,SKU008,DC02,67,67,RECEIVED
ORD002144,2025-10-14,SKU010,DC01,55,55,RECEIVED
ORD002145,2025-10-14,SKU010,DC03,38,38,RECEIVED
ORD002146,2025-10-14,SKU021,DC01,29,29,RECEIVED
ORD002147,2025-10-14,SKU021,DC02,56,56,RECEIVED
ORD002148,2025-10-14,SKU023,DC02,34,34,RECEIVED
ORD002149,2025-10-15,SKU001,DC04,32,32,RECEIVED
ORD002150,2025-10-15,SKU018,DC01,57,57,RECEIVED
ORD002151,2025-10-15,SKU021,DC02,49,49,RECEIVED
ORD002152,2025-10-15,SKU024,DC02,44,44,RECEIVED
ORD002153,2025-10-17,SKU003,DC01,63,63,RECEIVED
ORD002154,2025-10-17,SKU012,DC02,71,71,RECEIVED
ORD002155,2025-10-17,SKU013,DC03,39,39,RECEIVED
ORD002156,2025-10-17,SKU017,DC01,25,25,RECEIVED
ORD002157,2025-10-18,SKU011,DC03,51,51,RECEIVED
ORD002158,2025-10-19,SKU009,DC01,30,30,RECEIVED
ORD002159,2025-10-19,SKU016,DC02,56,56,RECEIVED
ORD002160,2025-10-19,SKU019,DC03,64,64,RECEIVED
ORD002161,2025-10-20,SKU017,DC04,17,17,RECEIVED
ORD002162,2025-10-20,SKU022,DC02,56,56,RECEIVED
ORD002163,2025-10-21,SKU008,DC03,46,46,RECEIVED
ORD002164,2025-10-21,SKU011,DC02,52,52,RECEIVED
ORD002165,2025-10-21,SKU018,DC04,33,33,RECEIVED
ORD002166,2025-10-21,SKU024,DC01,16,16,RECEIVED
ORD002167,2025-10-22,SKU002,DC02,75,75,RECEIVED
ORD002168,2025-10-22,SKU003,DC01,31,31,RECEIVED
ORD002169,2025-10-22,SKU012,DC02,63,63,RECEIVED
ORD002170,2025-10-22,SKU016,DC02,65,65,RECEIVED
ORD002171,2025-10-23,SKU001,DC02,29,29,RECEIVED
ORD002172,2025-10-23,SKU003,DC01,26,26,RECEIVED
ORD002173,2025-10-24,SKU011,DC01,41,41,RECEIVED
ORD002174,2025-10-24,SKU014,DC04,63,63,RECEIVED
ORD002175,2025-10-24,SKU019,DC03,49,49,RECEIVED
ORD002176,2025-10-24,SKU020,DC04,18,18,RECEIVED
ORD002177,2025-10-24,SKU021,DC03,22,22,RECEIVED
ORD002178,2025-10-25,SKU001,DC01,57,57,RECEIVED
ORD002179,2025-10-25,SKU002,DC01,38,38,RECEIVED
ORD002180,2025-10-25,SKU005,DC03,41,41,RECEIVED
ORD002181,2025-10-25,SKU009,DC04,37,37,RECEIVED
ORD002182,2025-10-25,SKU013,DC03,19,19,RECEIVED
ORD002183,2025-10-25,SKU015,DC03,68,68,RECEIVED
ORD002184,2025-10-26,SKU001,DC02,38,38,RECEIVED
ORD002185,2025-10-26,SKU021,DC04,35,35,RECEIVED
ORD002186,2025-10-27,SKU017,DC04,56,56,RECEIVED
ORD002187,2025-10-28,SKU001,DC03,36,36,RECEIVED
ORD002188,2025-10-28,SKU006,DC02,46,46,RECEIVED
ORD002189,2025-10-28,SKU006,DC04,48,48,RECEIVED
ORD002190,2025-10-28,SKU008,DC03,28,28,RECEIVED
ORD002191,2025-10-28,SKU009,DC01,65,65,RECEIVED
ORD002192,2025-10-28,SKU011,DC02,50,50,RECEIVED
ORD002193,2025-10-28,SKU014,DC04,69,69,RECEIVED
ORD002194,2025-10-29,SKU002,DC01,54,54,RECEIVED
ORD002195,2025-10-29,SKU009,DC02,59,59,RECEIVED
ORD002196,2025-10-29,SKU021,DC03,17,17,RECEIVED
ORD002197,2025-10-29,SKU023,DC01,17,17,RECEIVED
ORD002198,2025-10-30,SKU010,DC01,22,22,RECEIVED
ORD002199,2025-10-30,SKU015,DC02,66,66,RECEIVED
ORD002200,2025-10-30,SKU018,DC01,18,18,RECEIVED
ORD002201,2025-10-30,SKU022,DC01,41,41,RECEIVED
ORD002202,2025-10-30,SKU024,DC04,40,40,RECEIVED
ORD002203,2025-10-31,SKU020,DC03,18,18,RECEIVED
ORD002204,2025-10-31,SKU024,DC03,27,27,RECEIVED
ORD002205,2025-11-02,SKU013,DC04,32,32,RECEIVED
ORD002206,2025-11-03,SKU007,DC03,31,31,RECEIVED
ORD002207,2025-11-03,SKU008,DC04,67,67,RECEIVED
ORD002208,2025-11-03,SKU009,DC02,47,47,RECEIVED
ORD002209,2025-11-03,SKU010,DC02,41,41,RECEIVED
ORD002210,2025-11-03,SKU022,DC03,27,27,RECEIVED
ORD002211,2025-11-03,SKU023,DC03,39,39,RECEIVED
ORD002212,2025-11-04,SKU006,DC03,17,17,RECEIVED
ORD002213,2025-11-04,SKU009,DC02,18,18,RECEIVED
ORD002214,2025-11-04,SKU020,DC03,22,22,RECEIVED
ORD002215,2025-11-04,SKU021,DC04,17,17,RECEIVED
ORD002216,2025-11-05,SKU005,DC03,40,40,RECEIVED
ORD002217,2025-11-06,SKU010,DC03,36,36,RECEIVED
ORD002218,2025-11-06,SKU014,DC03,40,40,RECEIVED
ORD002219,2025-11-06,SKU016,DC01,25,25,RECEIVED
ORD002220,2025-11-07,SKU008,DC04,50,50,RECEIVED
ORD002221,2025-11-07,SKU017,DC02,45,45,RECEIVED
ORD002222,2025-11-08,SKU001,DC03,47,47,RECEIVED
ORD002223,2025-11-08,SKU012,DC01,16,16,RECEIVED
ORD002224,2025-11-08,SKU013,DC02,15,15,RECEIVED
ORD002225,2025-11-08,SKU015,DC04,48,48,RECEIVED
ORD002226,2025-11-08,SKU024,DC02,62,62,RECEIVED
ORD002227,2025-11-09,SKU002,DC03,44,44,RECEIVED
ORD002228,2025-11-09,SKU010,DC03,52,52,RECEIVED
ORD002229,2025-11-10,SKU014,DC01,28,28,RECEIVED
ORD002230,2025-11-10,SKU017,DC04,53,53,RECEIVED
ORD002231,2025-11-10,SKU023,DC03,31,31,RECEIVED
ORD002232,2025-11-10,SKU024,DC01,26,26,RECEIVED
ORD002233,2025-11-11,SKU008,DC01,70,70,RECEIVED
ORD002234,2025-11-11,SKU011,DC02,70,70,RECEIVED
ORD002235,2025-11-11,SKU012,DC03,49,49,RECEIVED
ORD002236,2025-11-11,SKU020,DC01,72,72,RECEIVED
ORD002237,2025-11-12,SKU017,DC02,69,69,RECEIVED
ORD002238,2025-11-12,SKU018,DC02,52,52,RECEIVED
ORD002239,2025-11-12,SKU019,DC02,45,45,RECEIVED
ORD002240,2025-11-13,SKU003,DC02,17,17,RECEIVED
ORD002241,2025-11-13,SKU004,DC01,73,73,RECEIVED
ORD002242,2025-11-13,SKU004,DC04,26,26,RECEIVED
ORD002243,2025-11-13,SKU006,DC04,68,68,RECEIVED
ORD002244,2025-11-13,SKU008,DC01,47,47,RECEIVED
ORD002245,2025-11-13,SKU016,DC04,29,29,RECEIVED
ORD002246,2025-11-14,SKU003,DC04,31,31,RECEIVED
ORD002247,2025-11-14,SKU017,DC02,65,65,RECEIVED
ORD002248,2025-11-15,SKU008,DC01,48,48,RECEIVED
ORD002249,2025-11-15,SKU012,DC03,55,55,RECEIVED
ORD002250,2025-11-15,SKU014,DC04,59,59,RECEIVED
ORD002251,2025-11-15,SKU015,DC02,37,37,RECEIVED
ORD002252,2025-11-15,SKU017,DC02,65,65,RECEIVED
ORD002253,2025-11-15,SKU019,DC03,57,57,RECEIVED
ORD002254,2025-11-16,SKU013,DC04,18,18,RECEIVED
ORD002255,2025-11-17,SKU007,DC04,56,56,RECEIVED
ORD002256,2025-11-17,SKU013,DC04,25,25,RECEIVED
ORD002257,2025-11-18,SKU002,DC03,53,53,RECEIVED
ORD002258,2025-11-18,SKU010,DC02,48,48,RECEIVED
ORD002259,2025-11-18,SKU018,DC03,20,20,RECEIVED
ORD002260,2025-11-18,SKU021,DC04,60,60,RECEIVED
ORD002261,2025-11-20,SKU006,DC02,70,70,RECEIVED
ORD002262,2025-11-20,SKU007,DC03,51,51,RECEIVED
ORD002263,2025-11-20,SKU014,DC02,17,17,RECEIVED
ORD002264,2025-11-20,SKU016,DC03,75,75,RECEIVED
ORD002265,2025-11-21,SKU003,DC01,18,18,RECEIVED
ORD002266,2025-11-21,SKU004,DC04,61,61,RECEIVED
ORD002267,2025-11-21,SKU012,DC02,72,72,RECEIVED
ORD002268,2025-11-21,SKU017,DC03,65,65,RECEIVED
ORD002269,2025-11-21,SKU020,DC03,29,29,RECEIVED
ORD002270,2025-11-21,SKU023,DC04,39,39,RECEIVED
ORD002271,2025-11-22,SKU002,DC01,17,17,RECEIVED
ORD002272,2025-11-22,SKU010,DC01,52,52,RECEIVED
ORD002273,2025-11-22,SKU017,DC02,47,47,RECEIVED
ORD002274,2025-11-22,SKU023,DC02,31,31,RECEIVED
ORD002275,2025-11-23,SKU011,DC01,64,64,RECEIVED
ORD002276,2025-11-24,SKU008,DC04,48,48,RECEIVED
ORD002277,2025-11-24,SKU011,DC01,62,62,RECEIVED
ORD002278,2025-11-24,SKU020,DC01,64,64,RECEIVED
ORD002279,2025-11-24,SKU021,DC04,52,52,RECEIVED
ORD002280,2025-11-24,SKU024,DC01,16,16,RECEIVED
ORD002281,2025-11-25,SKU008,DC01,54,54,RECEIVED
ORD002282,2025-11-25,SKU019,DC01,64,64,RECEIVED
ORD002283,2025-11-25,SKU019,DC03,39,39,RECEIVED
ORD002284,2025-11-26,SKU003,DC03,16,16,RECEIVED
ORD002285,2025-11-26,SKU006,DC04,48,48,RECEIVED
ORD002286,2025-11-26,SKU008,DC04,50,50,RECEIVED
ORD002287,2025-11-26,SKU012,DC03,26,26,RECEIVED
ORD002288,2025-11-26,SKU021,DC04,52,52,RECEIVED
ORD002289,2025-11-28,SKU002,DC02,54,54,RECEIVED
ORD002290,2025-11-28,SKU002,DC03,15,15,RECEIVED
ORD002291,2025-11-28,SKU005,DC03,43,43,RECEIVED
ORD002292,2025-11-28,SKU012,DC02,16,16,RECEIVED
ORD002293,2025-11-28,SKU015,DC04,58,58,RECEIVED
ORD002294,2025-11-28,SKU018,DC01,55,55,RECEIVED
ORD002295,2025-11-28,SKU020,DC02,66,66,RECEIVED
ORD002296,2025-11-28,SKU023,DC04,72,72,RECEIVED
ORD002297,2025-11-29,SKU001,DC04,73,73,RECEIVED
ORD002298,2025-11-29,SKU003,DC02,28,28,RECEIVED
ORD002299,2025-11-29,SKU004,DC04,58,58,RECEIVED
ORD002300,2025-11-29,SKU015,DC02,63,63,RECEIVED
ORD002301,2025-12-01,SKU003,DC03,37,37,RECEIVED
ORD002302,2025-12-02,SKU005,DC01,62,62,RECEIVED
ORD002303,2025-12-02,SKU007,DC01,62,62,RECEIVED
ORD002304,2025-12-02,SKU008,DC01,16,16,RECEIVED
ORD002305,2025-12-02,SKU012,DC02,45,45,RECEIVED
ORD002306,2025-12-02,SKU016,DC03,32,32,RECEIVED
ORD002307,2025-12-03,SKU024,DC03,25,25,RECEIVED
ORD002308,2025-12-04,SKU002,DC01,29,29,RECEIVED
ORD002309,2025-12-04,SKU013,DC04,31,31,RECEIVED
ORD002310,2025-12-04,SKU020,DC01,68,68,RECEIVED
ORD002311,2025-12-04,SKU023,DC04,45,45,RECEIVED
ORD002312,2025-12-04,SKU024,DC04,23,23,RECEIVED
ORD002313,2025-12-05,SKU011,DC03,66,66,RECEIVED
ORD002314,2025-12-05,SKU016,DC04,20,20,RECEIVED
ORD002315,2025-12-05,SKU022,DC01,33,33,RECEIVED
ORD002316,2025-12-05,SKU023,DC04,52,52,RECEIVED
ORD002317,2025-12-06,SKU008,DC04,56,56,RECEIVED
ORD002318,2025-12-06,SKU011,DC03,40,40,RECEIVED
ORD002319,2025-12-06,SKU012,DC03,57,57,RECEIVED
ORD002320,2025-12-06,SKU013,DC04,50,50,RECEIVED
ORD002321,2025-12-06,SKU014,DC02,62,62,RECEIVED
ORD002322,2025-12-06,SKU015,DC04,52,52,RECEIVED
ORD002323,2025-12-06,SKU020,DC03,17,17,RECEIVED
ORD002324,2025-12-07,SKU002,DC04,28,28,RECEIVED
ORD002325,2025-12-07,SKU003,DC01,43,43,RECEIVED
ORD002326,2025-12-07,SKU010,DC02,45,45,RECEIVED
ORD002327,2025-12-07,SKU017,DC03,18,18,RECEIVED
ORD002328,2025-12-07,SKU021,DC02,54,54,RECEIVED
ORD002329,2025-12-08,SKU002,DC04,32,32,RECEIVED
ORD002330,2025-12-08,SKU008,DC02,73,73,RECEIVED
ORD002331,2025-12-08,SKU023,DC01,34,34,RECEIVED
ORD002332,2025-12-09,SKU004,DC02,20,20,RECEIVED
ORD002333,2025-12-09,SKU005,DC04,61,61,RECEIVED
ORD002334,2025-12-09,SKU012,DC02,59,59,RECEIVED
ORD002335,2025-12-09,SKU013,DC01,69,69,RECEIVED
ORD002336,2025-12-09,SKU018,DC03,53,53,RECEIVED
ORD002337,2025-12-10,SKU001,DC03,64,64,RECEIVED
ORD002338,2025-12-10,SKU009,DC02,56,56,RECEIVED
ORD002339,2025-12-10,SKU011,DC01,73,73,RECEIVED
ORD002340,2025-12-10,SKU023,DC02,46,46,RECEIVED
ORD002341,2025-12-11,SKU003,DC03,73,73,RECEIVED
ORD002342,2025-12-11,SKU004,DC01,67,67,RECEIVED
ORD002343,2025-12-11,SKU018,DC04,57,57,RECEIVED
ORD002344,2025-12-12,SKU005,DC02,27,27,RECEIVED
ORD002345,2025-12-12,SKU015,DC04,43,43,RECEIVED
ORD002346,2025-12-12,SKU022,DC01,26,26,RECEIVED
ORD002347,2025-12-12,SKU024,DC02,36,36,RECEIVED
ORD002348,2025-12-13,SKU020,DC01,28,28,RECEIVED
ORD002349,2025-12-13,SKU023,DC01,17,17,RECEIVED
ORD002350,2025-12-14,SKU002,DC01,33,33,RECEIVED
ORD002351,2025-12-14,SKU011,DC01,40,40,RECEIVED
ORD002352,2025-12-15,SKU004,DC04,32,32,RECEIVED
ORD002353,2025-12-15,SKU022,DC03,28,28,RECEIVED
ORD002354,2025-12-16,SKU006,DC03,53,53,RECEIVED
ORD002355,2025-12-16,SKU008,DC04,26,26,RECEIVED
ORD002356,2025-12-16,SKU015,DC04,72,72,RECEIVED
ORD002357,2025-12-16,SKU019,DC04,72,72,RECEIVED
ORD002358,2025-12-17,SKU005,DC04,65,65,RECEIVED
ORD002359,2025-12-18,SKU007,DC04,28,28,RECEIVED
ORD002360,2025-12-18,SKU010,DC03,72,72,RECEIVED
ORD002361,2025-12-18,SKU024,DC01,28,28,RECEIVED
ORD002362,2025-12-19,SKU004,DC04,62,62,RECEIVED
ORD002363,2025-12-19,SKU010,DC02,56,56,RECEIVED
ORD002364,2025-12-19,SKU014,DC01,47,47,RECEIVED
ORD002365,2025-12-19,SKU014,DC04,15,15,RECEIVED
ORD002366,2025-12-19,SKU020,DC04,29,29,RECEIVED
ORD002367,2025-12-20,SKU005,DC02,69,69,RECEIVED
ORD002368,2025-12-20,SKU009,DC02,28,28,RECEIVED
ORD002369,2025-12-20,SKU018,DC04,50,50,RECEIVED
ORD002370,2025-12-21,SKU001,DC01,26,26,RECEIVED
ORD002371,2025-12-21,SKU011,DC03,52,52,RECEIVED
ORD002372,2025-12-21,SKU023,DC04,49,49,RECEIVED
ORD002373,2025-12-22,SKU010,DC02,56,56,RECEIVED
ORD002374,2025-12-22,SKU012,DC04,74,74,RECEIVED
ORD002375,2025-12-23,SKU012,DC02,44,44,RECEIVED
ORD002376,2025-12-23,SKU020,DC03,60,60,RECEIVED
ORD002377,2025-12-23,SKU023,DC03,58,58,RECEIVED
ORD002378,2025-12-25,SKU012,DC02,60,60,RECEIVED
ORD002379,2025-12-25,SKU014,DC01,48,48,RECEIVED
ORD002380,2025-12-26,SKU009,DC01,68,68,RECEIVED
ORD002381,2025-12-26,SKU014,DC03,21,21,RECEIVED
ORD002382,2025-12-27,SKU007,DC03,24,24,RECEIVED
ORD002383,2025-12-27,SKU021,DC01,48,48,RECEIVED
ORD002384,2025-12-28,SKU003,DC01,20,20,RECEIVED
ORD002385,2025-12-28,SKU013,DC02,74,74,RECEIVED
ORD002386,2025-12-28,SKU013,DC04,67,67,RECEIVED
ORD002387,2025-12-28,SKU019,DC04,23,23,RECEIVED
ORD002388,2025-12-28,SKU023,DC03,41,41,RECEIVED
ORD002389,2025-12-29,SKU021,DC01,71,71,RECEIVED
ORD002390,2025-12-30,SKU004,DC03,18,18,RECEIVED
ORD002391,2025-12-30,SKU010,DC03,45,45,RECEIVED
ORD002392,2025-12-30,SKU021,DC02,23,23,RECEIVED
ORD002393,2025-12-30,SKU023,DC02,22,22,RECEIVED
ORD002394,2025-12-31,SKU004,DC01,54,54,RECEIVED
ORD002395,2025-12-31,SKU021,DC02,16,16,RECEIVED
