receipt_id,receipt_date,sku,location_id,quantity_received,supplier_id
REC000001,2024-01-02,SKU006,DC03,15,SUP06
REC000002,2024-01-02,SKU010,DC02,48,SUP02
REC000003,2024-01-02,SKU011,DC02,36,SUP03
REC000004,2024-01-03,SKU011,DC03,17,SUP03
REC000005,2024-01-03,SKU018,DC03,56,SUP02
REC000006,2024-01-03,SKU023,DC03,30,SUP07
REC000007,2024-01-04,SKU014,DC02,20,SUP06
REC000008,2024-01-04,SKU018,DC03,29,SUP02
REC000009,2024-01-05,SKU007,DC04,59,SUP07
REC000010,2024-01-05,SKU014,DC03,22,SUP06
REC000011,2024-01-06,SKU001,DC04,52,SUP01
REC000012,2024-01-06,SKU011,DC03,69,SUP03
REC000013,2024-01-07,SKU020,DC01,33,SUP04
REC000014,2024-01-07,SKU024,DC02,49,SUP08
REC000015,2024-01-08,SKU009,DC02,65,SUP01
REC000016,2024-01-08,SKU014,DC02,19,SUP06
REC000017,2024-01-08,SKU018,DC03,35,SUP02
REC000018,2024-01-09,SKU003,DC02,67,SUP03
REC000019,2024-01-09,SKU011,DC02,69,SUP03
REC000020,2024-01-10,SKU012,DC03,70,SUP04
REC000021,2024-01-10,SKU013,DC04,73,SUP05
REC000022,2024-01-10,SKU023,DC01,56,SUP07
REC000023,2024-01-11,SKU001,DC03,64,SUP01
REC000024,2024-01-11,SKU004,DC01,55,SUP04
REC000025,2024-01-11,SKU014,DC01,33,SUP06
REC000026,2024-01-11,SKU021,DC02,43,SUP05
REC000027,2024-01-12,SKU010,DC01,41,SUP02
REC000028,2024-01-12,SKU015,DC03,45,SUP07
REC000029,2024-01-12,SKU018,DC02,41,SUP02
REC000030,2024-01-13,SKU010,DC02,58,SUP02
REC000031,2024-01-14,SKU005,DC04,48,SUP05
REC000032,2024-01-14,SKU008,DC04,22,SUP08
REC000033,2024-01-14,SKU017,DC01,49,SUP01
REC000034,2024-01-15,SKU008,DC02,18,SUP08
REC000035,2024-01-15,SKU009,DC01,30,SUP01
REC000036,2024-01-15,SKU016,DC02,64,SUP08
REC000037,2024-01-15,SKU017,DC03,23,SUP01
REC000038,2024-01-16,SKU008,DC01,34,SUP08
REC000039,2024-01-16,SKU010,DC01,44,SUP02
REC000040,2024-01-17,SKU007,DC02,23,SUP07
REC000041,2024-01-17,SKU010,DC01,49,SUP02
REC000042,2024-01-17,SKU018,DC04,40,SUP02
REC000043,2024-01-18,SKU016,DC04,39,SUP08
REC000044,2024-01-18,SKU020,DC04,36,SUP04
REC000045,2024-01-18,SKU021,DC02,62,SUP05
REC000046,2024-01-20,SKU017,DC01,60,SUP01
REC000047,2024-01-20,SKU017,DC04,17,SUP01
REC000048,2024-01-21,SKU003,DC02,43,SUP03
REC000049,2024-01-21,SKU009,DC04,45,SUP01
REC000050,2024-01-21,SKU020,DC02,47,SUP04
REC000051,2024-01-21,SKU024,DC04,49,SUP08
REC000052,2024-01-22,SKU009,DC03,50,SUP01
REC000053,2024-01-23,SKU009,DC02,74,SUP01
REC000054,2024-01-23,SKU010,DC04,74,SUP02
REC000055,2024-01-23,SKU012,DC01,40,SUP04
REC000056,2024-01-23,SKU014,DC03,53,SUP06
REC000057,2024-01-23,SKU020,DC01,69,SUP04
REC000058,2024-01-23,SKU022,DC01,39,SUP06
REC000059,2024-01-24,SKU008,DC02,74,SUP08
REC000060,2024-01-24,SKU014,DC02,20,SUP06
REC000061,2024-01-24,SKU018,DC02,17,SUP02
REC000062,2024-01-24,SKU021,DC01,52,SUP05
REC000063,2024-01-24,SKU023,DC02,58,SUP07
REC000064,2024-01-24,SKU024,DC02,19,SUP08
REC000065,2024-01-25,SKU002,DC03,55,SUP02
REC000066,2024-01-25,SKU007,DC04,63,SUP07
REC000067,2024-01-25,SKU008,DC01,68,SUP08
REC000068,2024-01-25,SKU011,DC01,58,SUP03
REC000069,2024-01-25,SKU011,DC04,17,SUP03
REC000070,2024-01-25,SKU012,DC02,20,SUP04
REC000071,2024-01-25,SKU016,DC02,30,SUP08
REC000072,2024-01-25,SKU019,DC03,24,SUP03
REC000073,2024-01-25,SKU021,DC01,61,SUP05
REC000074,2024-01-26,SKU011,DC01,22,SUP03
REC000075,2024-01-26,SKU016,DC04,60,SUP08
REC000076,2024-01-26,SKU021,DC03,56,SUP05
REC000077,2024-01-26,SKU023,DC02,46,SUP07
REC000078,2024-01-27,SKU001,DC02,27,SUP01
REC000079,2024-01-27,SKU008,DC01,64,SUP08
REC000080,2024-01-27,SKU012,DC02,20,SUP04
REC000081,2024-01-27,SKU022,DC01,29,SUP06
REC000082,2024-01-28,SKU004,DC01,52,SUP04
REC000083,2024-01-28,SKU009,DC01,22,SUP01
REC000084,2024-01-28,SKU011,DC04,36,SUP03
REC000085,2024-01-28,SKU022,DC02,23,SUP06
REC000086,2024-01-29,SKU001,DC02,17,SUP01
REC000087,2024-01-29,SKU002,DC01,63,SUP02
REC000088,2024-01-29,SKU010,DC02,67,SUP02
REC000089,2024-01-30,SKU010,DC03,75,SUP02
REC000090,2024-01-30,SKU022,DC02,36,SUP06
REC000091,2024-01-31,SKU011,DC03,29,SUP03
REC000092,2024-01-31,SKU013,DC02,46,SUP05
REC000093,2024-01-31,SKU016,DC03,18,SUP08
REC000094,2024-02-01,SKU004,DC01,73,SUP04
REC000095,2024-02-01,SKU007,DC03,72,SUP07
REC000096,2024-02-01,SKU009,DC03,15,SUP01
REC000097,2024-02-01,SKU022,DC01,71,SUP06
REC000098,2024-02-02,SKU003,DC03,54,SUP03
REC000099,2024-02-02,SKU005,DC04,25,SUP05
REC000100,2024-02-02,SKU008,DC01,31,SUP08
REC000101,2024-02-02,SKU009,DC02,61,SUP01
REC000102,2024-02-02,SKU012,DC04,36,SUP04
REC000103,2024-02-02,SKU017,DC04,70,SUP01
REC000104,2024-02-02,SKU024,DC04,66,SUP08
REC000105,2024-02-03,SKU001,DC01,69,SUP01
REC000106,2024-02-03,SKU003,DC01,50,SUP03
REC000107,2024-02-04,SKU015,DC03,65,SUP07
REC000108,2024-02-05,SKU001,DC03,71,SUP01
REC000109,2024-02-05,SKU012,DC02,58,SUP04
REC000110,2024-02-05,SKU014,DC03,49,SUP06
REC000111,2024-02-05,SKU020,DC03,68,SUP04
REC000112,2024-02-06,SKU009,DC03,33,SUP01
REC000113,2024-02-06,SKU011,DC03,32,SUP03
REC000114,2024-02-07,SKU004,DC01,60,SUP04
REC000115,2024-02-07,SKU011,DC02,73,SUP03
REC000116,2024-02-07,SKU013,DC02,53,SUP05
REC000117,2024-02-07,SKU019,DC02,23,SUP03
REC000118,2024-02-07,SKU022,DC02,46,SUP06
REC000119,2024-02-08,SKU003,DC03,56,SUP03
REC000120,2024-02-08,SKU009,DC03,19,SUP01
REC000121,2024-02-08,SKU014,DC01,57,SUP06
REC000122,2024-02-09,SKU002,DC04,39,SUP02
REC000123,2024-02-09,SKU011,DC02,38,SUP03
REC000124,2024-02-09,SKU013,DC04,16,SUP05
REC000125,2024-02-09,SKU015,DC02,35,SUP07
REC000126,2024-02-09,SKU021,DC01,64,SUP05
REC000127,2024-02-09,SKU021,DC04,50,SUP05
REC000128,2024-02-10,SKU001,DC04,73,SUP01
REC000129,2024-02-10,SKU005,DC04,73,SUP05
REC000130,2024-02-10,SKU012,DC03,41,SUP04
REC000131,2024-02-11,SKU002,DC02,20,SUP02
REC000132,2024-02-11,SKU012,DC04,49,SUP04
REC000133,2024-02-11,SKU015,DC04,63,SUP07
REC000134,2024-02-12,SKU002,DC02,59,SUP02
REC000135,2024-02-12,SKU005,DC01,18,SUP05
REC000136,2024-02-12,SKU008,DC02,17,SUP08
REC000137,2024-02-12,SKU008,DC03,18,SUP08
REC000138,2024-02-12,SKU011,DC01,40,SUP03
REC000139,2024-02-13,SKU022,DC02,52,SUP06
REC000140,2024-02-14,SKU007,DC02,33,SUP07
REC000141,2024-02-14,SKU018,DC04,61,SUP02
REC000142,2024-02-14,SKU023,DC03,16,SUP07
REC000143,2024-02-15,SKU007,DC03,50,SUP07
REC000144,2024-02-15,SKU016,DC01,69,SUP08
REC000145,2024-02-15,SKU016,DC04,37,SUP08
REC000146,2024-02-15,SKU019,DC02,33,SUP03
REC000147,2024-02-15,SKU020,DC01,29,SUP04
REC000148,2024-02-15,SKU023,DC03,56,SUP07
REC000149,2024-02-16,SKU002,DC03,48,SUP02
REC000150,2024-02-16,SKU007,DC02,45,SUP07
REC000151,2024-02-16,SKU023,DC04,24,SUP07
REC000152,2024-02-17,SKU023,DC02,23,SUP07
REC000153,2024-02-18,SKU009,DC01,43,SUP01
REC000154,2024-02-18,SKU012,DC04,33,SUP04
REC000155,2024-02-18,SKU013,DC01,23,SUP05
REC000156,2024-02-18,SKU017,DC03,74,SUP01
REC000157,2024-02-18,SKU018,DC02,60,SUP02
REC000158,2024-02-18,SKU024,DC01,29,SUP08
REC000159,2024-02-19,SKU005,DC04,32,SUP05
REC000160,2024-02-19,SKU012,DC03,54,SUP04
REC000161,2024-02-20,SKU020,DC04,31,SUP04
REC000162,2024-02-21,SKU005,DC01,56,SUP05
REC000163,2024-02-21,SKU011,DC03,69,SUP03
REC000164,2024-02-21,SKU013,DC04,26,SUP05
REC000165,2024-02-21,SKU021,DC01,40,SUP05
REC000166,2024-02-22,SKU006,DC03,72,SUP06
REC000167,2024-02-22,SKU024,DC04,65,SUP08
REC000168,2024-02-23,SKU004,DC02,53,SUP04
REC000169,2024-02-23,SKU010,DC03,68,SUP02
REC000170,2024-02-23,SKU019,DC04,41,SUP03
REC000171,2024-02-23,SKU022,DC01,29,SUP06
REC000172,2024-02-24,SKU009,DC01,53,SUP01
REC000173,2024-02-24,SKU017,DC01,62,SUP01
REC000174,2024-02-24,SKU022,DC04,37,SUP06
REC000175,2024-02-25,SKU005,DC04,19,SUP05
REC000176,2024-02-25,SKU007,DC01,67,SUP07
REC000177,2024-02-25,SKU008,DC01,53,SUP08
REC000178,2024-02-25,SKU008,DC03,34,SUP08
REC000179,2024-02-25,SKU014,DC01,20,SUP06
REC000180,2024-02-25,SKU023,DC02,38,SUP07
REC000181,2024-02-26,SKU010,DC01,41,SUP02
REC000182,2024-02-26,SKU014,DC03,20,SUP06
REC000183,2024-02-27,SKU002,DC03,49,SUP02
REC000184,2024-02-27,SKU014,DC04,69,SUP06
REC000185,2024-02-28,SKU019,DC02,18,SUP03
REC000186,2024-02-28,SKU022,DC01,49,SUP06
REC000187,2024-02-29,SKU002,DC03,64,SUP02
REC000188,2024-02-29,SKU020,DC02,65,SUP04
REC000189,2024-03-01,SKU015,DC02,23,SUP07
REC000190,2024-03-01,SKU015,DC04,68,SUP07
REC000191,2024-03-01,SKU016,DC03,31,SUP08
REC000192,2024-03-01,SKU016,DC04,32,SUP08
REC000193,2024-03-02,SKU008,DC04,62,SUP08
REC000194,2024-03-02,SKU009,DC03,73,SUP01
REC000195,2024-03-02,SKU024,DC03,29,SUP08
REC000196,2024-03-03,SKU001,DC04,27,SUP01
REC000197,2024-03-03,SKU003,DC01,72,SUP03
REC000198,2024-03-03,SKU005,DC04,42,SUP05
REC000199,2024-03-03,SKU019,DC01,21,SUP03
REC000200,2024-03-04,SKU003,DC02,27,SUP03
REC000201,2024-03-04,SKU007,DC02,62,SUP07
REC000202,2024-03-04,SKU010,DC02,28,SUP02
REC000203,2024-03-04,SKU020,DC02,30,SUP04
REC000204,2024-03-04,SKU021,DC03,18,SUP05
REC000205,2024-03-04,SKU023,DC01,48,SUP07
REC000206,2024-03-05,SKU002,DC01,60,SUP02
REC000207,2024-03-05,SKU010,DC04,29,SUP02
REC000208,2024-03-05,SKU011,DC03,24,SUP03
REC000209,2024-03-05,SKU020,DC04,15,SUP04
REC000210,2024-03-06,SKU004,DC01,75,SUP04
REC000211,2024-03-06,SKU004,DC03,71,SUP04
REC000212,2024-03-06,SKU006,DC03,25,SUP06
REC000213,2024-03-06,SKU008,DC03,62,SUP08
REC000214,2024-03-07,SKU005,DC03,22,SUP05
REC000215,2024-03-07,SKU011,DC04,73,SUP03
REC000216,2024-03-07,SKU016,DC02,36,SUP08
REC000217,2024-03-08,SKU001,DC04,49,SUP01
REC000218,2024-03-08,SKU013,DC04,46,SUP05
REC000219,2024-03-08,SKU015,DC03,46,SUP07
REC000220,2024-03-08,SKU020,DC04,65,SUP04
REC000221,2024-03-09,SKU003,DC03,70,SUP03
REC000222,2024-03-09,SKU006,DC01,51,SUP06
REC000223,2024-03-09,SKU015,DC02,58,SUP07
REC000224,2024-03-09,SKU021,DC04,37,SUP05
REC000225,2024-03-09,SKU024,DC03,57,SUP08
REC000226,2024-03-10,SKU008,DC04,27,SUP08
REC000227,2024-03-10,SKU019,DC03,27,SUP03
REC000228,2024-03-10,SKU023,DC04,34,SUP07
REC000229,2024-03-11,SKU013,DC03,38,SUP05
REC000230,2024-03-11,SKU019,DC01,19,SUP03
REC000231,2024-03-11,SKU021,DC04,59,SUP05
REC000232,2024-03-11,SKU023,DC01,62,SUP07
REC000233,2024-03-12,SKU005,DC04,29,SUP05
REC000234,2024-03-12,SKU016,DC02,21,SUP08
REC000235,2024-03-12,SKU022,DC04,31,SUP06
REC000236,2024-03-13,SKU002,DC04,52,SUP02
REC000237,2024-03-13,SKU006,DC02,64,SUP06
REC000238,2024-03-13,SKU013,DC01,21,SUP05
REC000239,2024-03-13,SKU016,DC02,18,SUP08
REC000240,2024-03-14,SKU002,DC04,15,SUP02
REC000241,2024-03-14,SKU009,DC02,30,SUP01
REC000242,2024-03-14,SKU010,DC03,66,SUP02
REC000243,2024-03-14,SKU018,DC02,16,SUP02
REC000244,2024-03-14,SKU018,DC04,55,SUP02
REC000245,2024-03-15,SKU007,DC03,60,SUP07
REC000246,2024-03-15,SKU014,DC04,67,SUP06
REC000247,2024-03-16,SKU006,DC01,75,SUP06
REC000248,2024-03-16,SKU009,DC02,69,SUP01
REC000249,2024-03-16,SKU014,DC02,72,SUP06
REC000250,2024-03-16,SKU020,DC04,31,SUP04
REC000251,2024-03-17,SKU001,DC04,70,SUP01
REC000252,2024-03-17,SKU016,DC04,37,SUP08
REC000253,2024-03-18,SKU002,DC02,27,SUP02
REC000254,2024-03-18,SKU005,DC02,49,SUP05
REC000255,2024-03-18,SKU011,DC03,19,SUP03
REC000256,2024-03-18,SKU013,DC02,26,SUP05
REC000257,2024-03-18,SKU013,DC03,30,SUP05
REC000258,2024-03-18,SKU017,DC02,22,SUP01
REC000259,2024-03-18,SKU024,DC01,46,SUP08
REC000260,2024-03-19,SKU008,DC04,51,SUP08
REC000261,2024-03-19,SKU011,DC04,45,SUP03
REC000262,2024-03-19,SKU016,DC02,51,SUP08
REC000263,2024-03-19,SKU024,DC01,69,SUP08
REC000264,2024-03-19,SKU024,DC04,73,SUP08
REC000265,2024-03-20,SKU002,DC04,71,SUP02
REC000266,2024-03-20,SKU003,DC01,33,SUP03
REC000267,2024-03-20,SKU004,DC04,71,SUP04
REC000268,2024-03-21,SKU003,DC04,27,SUP03
REC000269,2024-03-21,SKU008,DC01,21,SUP08
REC000270,2024-03-21,SKU008,DC02,72,SUP08
REC000271,2024-03-23,SKU005,DC03,68,SUP05
REC000272,2024-03-23,SKU007,DC01,70,SUP07
REC000273,2024-03-23,SKU010,DC04,17,SUP02
REC000274,2024-03-23,SKU023,DC01,52,SUP07
REC000275,2024-03-24,SKU003,DC01,22,SUP03
REC000276,2024-03-24,SKU004,DC02,57,SUP04
REC000277,2024-03-24,SKU009,DC02,26,SUP01
REC000278,2024-03-24,SKU016,DC01,27,SUP08
REC000279,2024-03-24,SKU018,DC01,23,SUP02
REC000280,2024-03-25,SKU004,DC02,68,SUP04
REC000281,2024-03-25,SKU012,DC04,21,SUP04
REC000282,2024-03-25,SKU017,DC03,50,SUP01
REC000283,2024-03-25,SKU018,DC02,48,SUP02
REC000284,2024-03-25,SKU022,DC03,72,SUP06
REC000285,2024-03-26,SKU008,DC01,72,SUP08
REC000286,2024-03-26,SKU019,DC04,35,SUP03
REC000287,2024-03-27,SKU008,DC02,67,SUP08
REC000288,2024-03-27,SKU009,DC01,42,SUP01
REC000289,2024-03-28,SKU016,DC01,15,SUP08
REC000290,2024-03-29,SKU002,DC03,55,SUP02
REC000291,2024-03-29,SKU005,DC04,53,SUP05
REC000292,2024-03-29,SKU007,DC04,41,SUP07
REC000293,2024-03-29,SKU009,DC03,31,SUP01
REC000294,2024-03-29,SKU015,DC04,63,SUP07
REC000295,2024-03-30,SKU001,DC01,21,SUP01
REC000296,2024-03-30,SKU005,DC03,73,SUP05
REC000297,2024-03-30,SKU016,DC04,17,SUP08
REC000298,2024-03-31,SKU008,DC03,40,SUP08
REC000299,2024-03-31,SKU015,DC04,15,SUP07
REC000300,2024-03-31,SKU019,DC01,70,SUP03
REC000301,2024-04-01,SKU003,DC02,35,SUP03
REC000302,2024-04-01,SKU019,DC02,70,SUP03
REC000303,2024-04-02,SKU003,DC04,19,SUP03
REC000304,2024-04-02,SKU011,DC01,17,SUP03
REC000305,2024-04-03,SKU002,DC03,32,SUP02
REC000306,2024-04-03,SKU004,DC03,17,SUP04
REC000307,2024-04-03,SKU010,DC01,17,SUP02
REC000308,2024-04-03,SKU011,DC02,41,SUP03
REC000309,2024-04-03,SKU013,DC02,39,SUP05
REC000310,2024-04-04,SKU001,DC01,49,SUP01
REC000311,2024-04-04,SKU002,DC03,58,SUP02
REC000312,2024-04-04,SKU014,DC01,73,SUP06
REC000313,2024-04-04,SKU018,DC02,16,SUP02
REC000314,2024-04-04,SKU019,DC04,17,SUP03
REC000315,2024-04-04,SKU022,DC03,56,SUP06
REC000316,2024-04-05,SKU012,DC01,61,SUP04
REC000317,2024-04-05,SKU014,DC04,57,SUP06
REC000318,2024-04-05,SKU015,DC04,42,SUP07
REC000319,2024-04-05,SKU021,DC01,45,SUP05
REC000320,2024-04-06,SKU017,DC04,72,SUP01
REC000321,2024-04-06,SKU024,DC04,42,SUP08
REC000322,2024-04-07,SKU011,DC04,52,SUP03
REC000323,2024-04-07,SKU015,DC04,58,SUP07
REC000324,2024-04-08,SKU005,DC02,59,SUP05
REC000325,2024-04-08,SKU021,DC01,62,SUP05
REC000326,2024-04-08,SKU021,DC04,23,SUP05
REC000327,2024-04-09,SKU004,DC01,25,SUP04
REC000328,2024-04-11,SKU004,DC03,20,SUP04
REC000329,2024-04-11,SKU009,DC02,52,SUP01
REC000330,2024-04-11,SKU016,DC04,47,SUP08
REC000331,2024-04-11,SKU019,DC02,55,SUP03
REC000332,2024-04-12,SKU001,DC04,60,SUP01
REC000333,2024-04-12,SKU006,DC02,51,SUP06
REC000334,2024-04-12,SKU011,DC03,23,SUP03
REC000335,2024-04-12,SKU021,DC02,47,SUP05
REC000336,2024-04-12,SKU023,DC01,23,SUP07
REC000337,2024-04-13,SKU002,DC03,36,SUP02
REC000338,2024-04-13,SKU011,DC01,32,SUP03
REC000339,2024-04-13,SKU018,DC03,32,SUP02
REC000340,2024-04-14,SKU007,DC01,21,SUP07
REC000341,2024-04-14,SKU016,DC03,71,SUP08
REC000342,2024-04-14,SKU018,DC03,57,SUP02
REC000343,2024-04-15,SKU024,DC03,47,SUP08
REC000344,2024-04-16,SKU006,DC04,71,SUP06
REC000345,2024-04-16,SKU021,DC02,17,SUP05
REC000346,2024-04-17,SKU002,DC04,55,SUP02
REC000347,2024-04-17,SKU011,DC01,26,SUP03
REC000348,2024-04-17,SKU011,DC04,65,SUP03
REC000349,2024-04-17,SKU019,DC02,18,SUP03
REC000350,2024-04-18,SKU004,DC01,40,SUP04
REC000351,2024-04-18,SKU006,DC03,38,SUP06
REC000352,2024-04-18,SKU009,DC04,31,SUP01
REC000353,2024-04-19,SKU009,DC02,35,SUP01
REC000354,2024-04-19,SKU009,DC03,30,SUP01
REC000355,2024-04-19,SKU010,DC03,30,SUP02
REC000356,2024-04-19,SKU019,DC03,64,SUP03
REC000357,2024-04-19,SKU022,DC04,50,SUP06
REC000358,2024-04-20,SKU002,DC03,36,SUP02
REC000359,2024-04-20,SKU014,DC03,56,SUP06
REC000360,2024-04-20,SKU022,DC02,31,SUP06
REC000361,2024-04-21,SKU006,DC02,32,SUP06
REC000362,2024-04-22,SKU013,DC03,17,SUP05
REC000363,2024-04-22,SKU014,DC04,57,SUP06
REC000364,2024-04-22,SKU018,DC01,30,SUP02
REC000365,2024-04-23,SKU005,DC02,72,SUP05
REC000366,2024-04-23,SKU012,DC04,16,SUP04
REC000367,2024-04-23,SKU020,DC04,63,SUP04
REC000368,2024-04-24,SKU004,DC04,43,SUP04
REC000369,2024-04-25,SKU006,DC04,55,SUP06
REC000370,2024-04-25,SKU008,DC02,56,SUP08
REC000371,2024-04-25,SKU010,DC01,45,SUP02
REC000372,2024-04-25,SKU024,DC03,47,SUP08
REC000373,2024-04-26,SKU006,DC03,71,SUP06
REC000374,2024-04-26,SKU018,DC02,24,SUP02
REC000375,2024-04-26,SKU019,DC02,18,SUP03
REC000376,2024-04-26,SKU023,DC02,64,SUP07
REC000377,2024-04-27,SKU019,DC02,36,SUP03
REC000378,2024-04-28,SKU004,DC02,62,SUP04
REC000379,2024-04-28,SKU004,DC04,15,SUP04
REC000380,2024-04-28,SKU011,DC01,64,SUP03
REC000381,2024-04-28,SKU014,DC03,22,SUP06
REC000382,2024-04-28,SKU016,DC01,58,SUP08
REC000383,2024-04-28,SKU017,DC02,45,SUP01
REC000384,2024-04-28,SKU020,DC01,36,SUP04
REC000385,2024-04-29,SKU002,DC04,45,SUP02
REC000386,2024-04-29,SKU006,DC02,67,SUP06
REC000387,2024-04-29,SKU007,DC01,39,SUP07
REC000388,2024-04-29,SKU014,DC04,54,SUP06
REC000389,2024-04-29,SKU017,DC03,64,SUP01
REC000390,2024-04-30,SKU003,DC01,33,SUP03
REC000391,2024-04-30,SKU004,DC04,57,SUP04
REC000392,2024-04-30,SKU009,DC03,19,SUP01
REC000393,2024-04-30,SKU024,DC03,37,SUP08
REC000394,2024-04-30,SKU024,DC04,24,SUP08
REC000395,2024-05-01,SKU002,DC04,71,SUP02
REC000396,2024-05-01,SKU021,DC02,39,SUP05
REC000397,2024-05-01,SKU023,DC03,73,SUP07
REC000398,2024-05-02,SKU003,DC01,28,SUP03
REC000399,2024-05-02,SKU003,DC04,51,SUP03
REC000400,2024-05-02,SKU010,DC04,40,SUP02
REC000401,2024-05-03,SKU011,DC01,41,SUP03
REC000402,2024-05-03,SKU017,DC01,68,SUP01
REC000403,2024-05-04,SKU008,DC01,22,SUP08
REC000404,2024-05-04,SKU019,DC02,59,SUP03
REC000405,2024-05-05,SKU002,DC01,55,SUP02
REC000406,2024-05-05,SKU006,DC01,35,SUP06
REC000407,2024-05-05,SKU011,DC04,41,SUP03
REC000408,2024-05-05,SKU014,DC03,74,SUP06
REC000409,2024-05-06,SKU015,DC02,47,SUP07
REC000410,2024-05-06,SKU016,DC03,22,SUP08
REC000411,2024-05-07,SKU003,DC01,27,SUP03
REC000412,2024-05-07,SKU008,DC04,72,SUP08
REC000413,2024-05-07,SKU013,DC03,73,SUP05
REC000414,2024-05-07,SKU017,DC01,29,SUP01
REC000415,2024-05-07,SKU018,DC04,34,SUP02
REC000416,2024-05-08,SKU003,DC02,53,SUP03
REC000417,2024-05-08,SKU012,DC04,52,SUP04
REC000418,2024-05-08,SKU020,DC03,44,SUP04
REC000419,2024-05-09,SKU002,DC01,73,SUP02
REC000420,2024-05-09,SKU012,DC04,29,SUP04
REC000421,2024-05-09,SKU014,DC03,33,SUP06
REC000422,2024-05-09,SKU016,DC03,22,SUP08
REC000423,2024-05-09,SKU021,DC03,51,SUP05
REC000424,2024-05-10,SKU004,DC04,43,SUP04
REC000425,2024-05-10,SKU017,DC04,33,SUP01
REC000426,2024-05-10,SKU020,DC01,72,SUP04
REC000427,2024-05-10,SKU022,DC04,34,SUP06
REC000428,2024-05-11,SKU013,DC03,17,SUP05
REC000429,2024-05-11,SKU024,DC01,23,SUP08
REC000430,2024-05-11,SKU024,DC04,24,SUP08
REC000431,2024-05-12,SKU013,DC04,17,SUP05
REC000432,2024-05-13,SKU007,DC03,39,SUP07
REC000433,2024-05-13,SKU010,DC01,61,SUP02
REC000434,2024-05-13,SKU014,DC03,27,SUP06
REC000435,2024-05-13,SKU017,DC02,33,SUP01
REC000436,2024-05-13,SKU022,DC04,42,SUP06
REC000437,2024-05-14,SKU004,DC04,29,SUP04
REC000438,2024-05-14,SKU007,DC01,63,SUP07
REC000439,2024-05-14,SKU012,DC03,26,SUP04
REC000440,2024-05-14,SKU018,DC02,22,SUP02
REC000441,2024-05-14,SKU021,DC01,23,SUP05
REC000442,2024-05-15,SKU003,DC04,50,SUP03
REC000443,2024-05-15,SKU007,DC03,48,SUP07
REC000444,2024-05-15,SKU023,DC01,62,SUP07
REC000445,2024-05-16,SKU005,DC02,50,SUP05
REC000446,2024-05-16,SKU006,DC02,67,SUP06
REC000447,2024-05-16,SKU007,DC01,27,SUP07
REC000448,2024-05-16,SKU009,DC01,21,SUP01
REC000449,2024-05-16,SKU012,DC04,47,SUP04
REC000450,2024-05-16,SKU016,DC03,24,SUP08
REC000451,2024-05-16,SKU020,DC04,67,SUP04
REC000452,2024-05-16,SKU021,DC01,67,SUP05
REC000453,2024-05-17,SKU005,DC01,55,SUP05
REC000454,2024-05-17,SKU013,DC03,23,SUP05
REC000455,2024-05-18,SKU002,DC02,33,SUP02
REC000456,2024-05-18,SKU017,DC04,36,SUP01
REC000457,2024-05-18,SKU018,DC04,21,SUP02
REC000458,2024-05-18,SKU019,DC04,30,SUP03
REC000459,2024-05-18,SKU022,DC03,55,SUP06
REC000460,2024-05-18,SKU023,DC02,64,SUP07
REC000461,2024-05-19,SKU007,DC02,69,SUP07
REC000462,2024-05-19,SKU009,DC04,72,SUP01
REC000463,2024-05-19,SKU019,DC01,30,SUP03
REC000464,2024-05-20,SKU018,DC03,68,SUP02
REC000465,2024-05-20,SKU021,DC01,62,SUP05
REC000466,2024-05-21,SKU001,DC03,65,SUP01
REC000467,2024-05-21,SKU004,DC02,27,SUP04
REC000468,2024-05-21,SKU017,DC02,27,SUP01
REC000469,2024-05-21,SKU018,DC02,64,SUP02
REC000470,2024-05-21,SKU019,DC04,62,SUP03
REC000471,2024-05-21,SKU021,DC01,15,SUP05
REC000472,2024-05-22,SKU018,DC01,23,SUP02
REC000473,2024-05-22,SKU018,DC04,47,SUP02
REC000474,2024-05-22,SKU020,DC02,16,SUP04
REC000475,2024-05-23,SKU002,DC04,16,SUP02
REC000476,2024-05-23,SKU009,DC02,36,SUP01
REC000477,2024-05-24,SKU005,DC04,19,SUP05
REC000478,2024-05-24,SKU013,DC01,38,SUP05
REC000479,2024-05-24,SKU013,DC04,67,SUP05
REC000480,2024-05-25,SKU012,DC03,38,SUP04
REC000481,2024-05-25,SKU016,DC04,19,SUP08
REC000482,2024-05-25,SKU019,DC04,28,SUP03
REC000483,2024-05-26,SKU005,DC03,37,SUP05
REC000484,2024-05-26,SKU009,DC04,54,SUP01
REC000485,2024-05-26,SKU016,DC03,36,SUP08
REC000486,2024-05-26,SKU018,DC04,40,SUP02
REC000487,2024-05-27,SKU001,DC04,32,SUP01
REC000488,2024-05-27,SKU004,DC01,24,SUP04
REC000489,2024-05-27,SKU007,DC03,59,SUP07
REC000490,2024-05-27,SKU011,DC03,71,SUP03
REC000491,2024-05-27,SKU016,DC04,57,SUP08
REC000492,2024-05-27,SKU023,DC03,24,SUP07
REC000493,2024-05-27,SKU024,DC01,31,SUP08
REC000494,2024-05-28,SKU001,DC02,49,SUP01
REC000495,2024-05-28,SKU004,DC02,50,SUP04
REC000496,2024-05-28,SKU006,DC02,28,SUP06
REC000497,2024-05-28,SKU007,DC03,63,SUP07
REC000498,2024-05-28,SKU009,DC01,39,SUP01
REC000499,2024-05-29,SKU006,DC04,62,SUP06
REC000500,2024-05-30,SKU004,DC01,55,SUP04
REC000501,2024-05-30,SKU007,DC01,58,SUP07
REC000502,2024-05-30,SKU009,DC04,43,SUP01
REC000503,2024-05-30,SKU013,DC04,71,SUP05
REC000504,2024-05-31,SKU009,DC03,23,SUP01
REC000505,2024-05-31,SKU011,DC02,25,SUP03
REC000506,2024-05-31,SKU019,DC04,64,SUP03
REC000507,2024-06-01,SKU007,DC04,50,SUP07
REC000508,2024-06-01,SKU018,DC01,38,SUP02
REC000509,2024-06-02,SKU003,DC03,38,SUP03
REC000510,2024-06-02,SKU007,DC01,75,SUP07
REC000511,2024-06-02,SKU018,DC04,26,SUP02
REC000512,2024-06-03,SKU004,DC01,71,SUP04
REC000513,2024-06-03,SKU021,DC02,59,SUP05
REC000514,2024-06-04,SKU015,DC01,20,SUP07
REC000515,2024-06-04,SKU020,DC04,58,SUP04
REC000516,2024-06-05,SKU003,DC03,21,SUP03
REC000517,2024-06-05,SKU008,DC03,61,SUP08
REC000518,2024-06-05,SKU016,DC02,70,SUP08
REC000519,2024-06-05,SKU018,DC02,64,SUP02
REC000520,2024-06-06,SKU018,DC04,60,SUP02
REC000521,2024-06-06,SKU023,DC03,72,SUP07
REC000522,2024-06-07,SKU012,DC03,51,SUP04
REC000523,2024-06-07,SKU018,DC04,17,SUP02
REC000524,2024-06-08,SKU007,DC03,22,SUP07
REC000525,2024-06-08,SKU023,DC01,32,SUP07
REC000526,2024-06-09,SKU009,DC02,34,SUP01
REC000527,2024-06-09,SKU010,DC04,38,SUP02
REC000528,2024-06-09,SKU011,DC04,56,SUP03
REC000529,2024-06-09,SKU018,DC02,59,SUP02
REC000530,2024-06-09,SKU019,DC01,71,SUP03
REC000531,2024-06-09,SKU022,DC04,71,SUP06
REC000532,2024-06-09,SKU023,DC03,51,SUP07
REC000533,2024-06-10,SKU002,DC03,58,SUP02
REC000534,2024-06-10,SKU005,DC02,23,SUP05
REC000535,2024-06-10,SKU008,DC04,68,SUP08
REC000536,2024-06-10,SKU010,DC04,17,SUP02
REC000537,2024-06-10,SKU018,DC01,47,SUP02
REC000538,2024-06-11,SKU023,DC03,69,SUP07
REC000539,2024-06-12,SKU022,DC02,25,SUP06
REC000540,2024-06-12,SKU022,DC03,28,SUP06
REC000541,2024-06-13,SKU011,DC02,18,SUP03
REC000542,2024-06-13,SKU012,DC04,44,SUP04
REC000543,2024-06-13,SKU020,DC03,57,SUP04
REC000544,2024-06-13,SKU021,DC04,37,SUP05
REC000545,2024-06-14,SKU020,DC01,62,SUP04
REC000546,2024-06-14,SKU022,DC04,67,SUP06
REC000547,2024-06-16,SKU007,DC01,48,SUP07
REC000548,2024-06-16,SKU016,DC03,65,SUP08
REC000549,2024-06-16,SKU017,DC01,50,SUP01
REC000550,2024-06-16,SKU019,DC02,40,SUP03
REC000551,2024-06-16,SKU022,DC04,18,SUP06
REC000552,2024-06-16,SKU023,DC02,18,SUP07
REC000553,2024-06-17,SKU013,DC02,74,SUP05
REC000554,2024-06-18,SKU008,DC02,45,SUP08
REC000555,2024-06-18,SKU011,DC01,17,SUP03
REC000556,2024-06-19,SKU007,DC03,16,SUP07
REC000557,2024-06-20,SKU001,DC03,15,SUP01
REC000558,2024-06-20,SKU002,DC03,36,SUP02
REC000559,2024-06-20,SKU011,DC02,74,SUP03
REC000560,2024-06-20,SKU012,DC03,57,SUP04
REC000561,2024-06-20,SKU017,DC04,45,SUP01
REC000562,2024-06-20,SKU024,DC04,32,SUP08
REC000563,2024-06-21,SKU004,DC03,31,SUP04
REC000564,2024-06-21,SKU018,DC04,21,SUP02
REC000565,2024-06-22,SKU008,DC03,19,SUP08
REC000566,2024-06-22,SKU015,DC02,68,SUP07
REC000567,2024-06-23,SKU005,DC04,46,SUP05
REC000568,2024-06-23,SKU012,DC01,58,SUP04
REC000569,2024-06-23,SKU015,DC03,55,SUP07
REC000570,2024-06-23,SKU024,DC04,52,SUP08
REC000571,2024-06-25,SKU015,DC01,16,SUP07
REC000572,2024-06-25,SKU017,DC02,20,SUP01
REC000573,2024-06-25,SKU018,DC04,26,SUP02
REC000574,2024-06-25,SKU023,DC01,25,SUP07
REC000575,2024-06-26,SKU006,DC02,36,SUP06
REC000576,2024-06-26,SKU013,DC03,55,SUP05
REC000577,2024-06-26,SKU022,DC02,45,SUP06
REC000578,2024-06-27,SKU007,DC04,33,SUP07
REC000579,2024-06-27,SKU010,DC01,74,SUP02
REC000580,2024-06-27,SKU012,DC02,27,SUP04
REC000581,2024-06-27,SKU018,DC01,28,SUP02
REC000582,2024-06-27,SKU020,DC03,29,SUP04
REC000583,2024-06-28,SKU003,DC01,41,SUP03
REC000584,2024-06-28,SKU018,DC01,58,SUP02
REC000585,2024-06-29,SKU013,DC04,73,SUP05
REC000586,2024-06-29,SKU022,DC03,32,SUP06
REC000587,2024-06-29,SKU023,DC04,64,SUP07
REC000588,2024-06-30,SKU002,DC03,69,SUP02
REC000589,2024-06-30,SKU013,DC02,47,SUP05
REC000590,2024-06-30,SKU015,DC04,37,SUP07
REC000591,2024-06-30,SKU017,DC02,18,SUP01
REC000592,2024-06-30,SKU021,DC04,40,SUP05
REC000593,2024-06-30,SKU023,DC01,59,SUP07
REC000594,2024-07-01,SKU005,DC02,32,SUP05
REC000595,2024-07-01,SKU005,DC04,55,SUP05
REC000596,2024-07-01,SKU008,DC02,70,SUP08
REC000597,2024-07-01,SKU008,DC03,27,SUP08
REC000598,2024-07-01,SKU010,DC03,33,SUP02
REC000599,2024-07-01,SKU016,DC02,47,SUP08
REC000600,2024-07-01,SKU021,DC02,53,SUP05
REC000601,2024-07-01,SKU024,DC03,20,SUP08
REC000602,2024-07-02,SKU005,DC01,39,SUP05
REC000603,2024-07-02,SKU020,DC01,45,SUP04
REC000604,2024-07-03,SKU004,DC03,16,SUP04
REC000605,2024-07-03,SKU007,DC02,45,SUP07
REC000606,2024-07-03,SKU021,DC02,72,SUP05
REC000607,2024-07-04,SKU010,DC02,61,SUP02
REC000608,2024-07-04,SKU020,DC04,37,SUP04
REC000609,2024-07-05,SKU017,DC04,66,SUP01
REC000610,2024-07-05,SKU022,DC03,40,SUP06
REC000611,2024-07-06,SKU002,DC01,31,SUP02
REC000612,2024-07-06,SKU012,DC01,48,SUP04
REC000613,2024-07-06,SKU020,DC02,49,SUP04
REC000614,2024-07-07,SKU005,DC01,56,SUP05
REC000615,2024-07-07,SKU009,DC03,51,SUP01
REC000616,2024-07-07,SKU011,DC04,64,SUP03
REC000617,2024-07-07,SKU013,DC02,29,SUP05
REC000618,2024-07-07,SKU018,DC01,57,SUP02
REC000619,2024-07-08,SKU004,DC03,34,SUP04
REC000620,2024-07-08,SKU016,DC01,15,SUP08
REC000621,2024-07-08,SKU019,DC03,31,SUP03
REC000622,2024-07-08,SKU024,DC02,17,SUP08
REC000623,2024-07-09,SKU001,DC01,33,SUP01
REC000624,2024-07-09,SKU001,DC04,59,SUP01
REC000625,2024-07-09,SKU020,DC03,54,SUP04
REC000626,2024-07-11,SKU010,DC03,66,SUP02
REC000627,2024-07-11,SKU011,DC03,26,SUP03
REC000628,2024-07-11,SKU014,DC03,48,SUP06
REC000629,2024-07-11,SKU015,DC02,27,SUP07
REC000630,2024-07-11,SKU017,DC01,67,SUP01
REC000631,2024-07-11,SKU021,DC04,18,SUP05
REC000632,2024-07-12,SKU017,DC02,36,SUP01
REC000633,2024-07-13,SKU002,DC03,72,SUP02
REC000634,2024-07-13,SKU020,DC01,53,SUP04
REC000635,2024-07-14,SKU011,DC02,51,SUP03
REC000636,2024-07-14,SKU017,DC03,75,SUP01
REC000637,2024-07-15,SKU004,DC03,62,SUP04
REC000638,2024-07-15,SKU015,DC01,55,SUP07
REC000639,2024-07-15,SKU021,DC03,20,SUP05
REC000640,2024-07-16,SKU004,DC01,32,SUP04
REC000641,2024-07-16,SKU019,DC02,37,SUP03
REC000642,2024-07-16,SKU023,DC02,17,SUP07
REC000643,2024-07-16,SKU024,DC01,75,SUP08
REC000644,2024-07-17,SKU014,DC01,34,SUP06
REC000645,2024-07-17,SKU019,DC02,34,SUP03
REC000646,2024-07-18,SKU014,DC02,19,SUP06
REC000647,2024-07-19,SKU007,DC03,41,SUP07
REC000648,2024-07-19,SKU012,DC03,21,SUP04
REC000649,2024-07-19,SKU014,DC04,44,SUP06
REC000650,2024-07-19,SKU016,DC03,35,SUP08
REC000651,2024-07-19,SKU020,DC04,17,SUP04
REC000652,2024-07-19,SKU024,DC03,66,SUP08
REC000653,2024-07-20,SKU006,DC04,73,SUP06
REC000654,2024-07-20,SKU018,DC03,45,SUP02
REC000655,2024-07-21,SKU001,DC02,54,SUP01
REC000656,2024-07-21,SKU023,DC03,28,SUP07
REC000657,2024-07-22,SKU008,DC03,24,SUP08
REC000658,2024-07-22,SKU013,DC01,75,SUP05
REC000659,2024-07-22,SKU021,DC02,45,SUP05
REC000660,2024-07-23,SKU014,DC01,43,SUP06
REC000661,2024-07-23,SKU017,DC03,33,SUP01
REC000662,2024-07-23,SKU023,DC04,74,SUP07
REC000663,2024-07-24,SKU005,DC03,15,SUP05
REC000664,2024-07-24,SKU007,DC01,61,SUP07
REC000665,2024-07-25,SKU009,DC01,42,SUP01
REC000666,2024-07-25,SKU019,DC02,31,SUP03
REC000667,2024-07-26,SKU001,DC03,18,SUP01
REC000668,2024-07-27,SKU006,DC04,65,SUP06
REC000669,2024-07-27,SKU013,DC04,56,SUP05
REC000670,2024-07-27,SKU016,DC02,67,SUP08
REC000671,2024-07-27,SKU020,DC04,30,SUP04
REC000672,2024-07-28,SKU009,DC01,71,SUP01
REC000673,2024-07-28,SKU012,DC03,23,SUP04
REC000674,2024-07-28,SKU020,DC02,17,SUP04
REC000675,2024-07-28,SKU022,DC03,49,SUP06
REC000676,2024-07-28,SKU023,DC02,75,SUP07
REC000677,2024-07-29,SKU002,DC02,37,SUP02
REC000678,2024-07-29,SKU004,DC03,70,SUP04
REC000679,2024-07-29,SKU010,DC02,26,SUP02
REC000680,2024-07-29,SKU014,DC01,51,SUP06
REC000681,2024-07-29,SKU019,DC03,56,SUP03
REC000682,2024-07-30,SKU010,DC04,20,SUP02
REC000683,2024-07-30,SKU020,DC02,41,SUP04
REC000684,2024-07-31,SKU014,DC03,59,SUP06
REC000685,2024-08-01,SKU005,DC02,69,SUP05
REC000686,2024-08-01,SKU006,DC04,60,SUP06
REC000687,2024-08-01,SKU011,DC01,59,SUP03
REC000688,2024-08-02,SKU003,DC04,16,SUP03
REC000689,2024-08-02,SKU008,DC01,49,SUP08
REC000690,2024-08-02,SKU010,DC04,28,SUP02
REC000691,2024-08-02,SKU013,DC01,42,SUP05
REC000692,2024-08-02,SKU013,DC02,69,SUP05
REC000693,2024-08-02,SKU024,DC01,21,SUP08
REC000694,2024-08-03,SKU019,DC03,62,SUP03
REC000695,2024-08-04,SKU008,DC04,46,SUP08
REC000696,2024-08-04,SKU013,DC02,34,SUP05
REC000697,2024-08-05,SKU010,DC03,56,SUP02
REC000698,2024-08-05,SKU012,DC01,34,SUP04
REC000699,2024-08-05,SKU013,DC03,60,SUP05
REC000700,2024-08-05,SKU013,DC04,46,SUP05
REC000701,2024-08-05,SKU018,DC02,55,SUP02
REC000702,2024-08-05,SKU023,DC02,59,SUP07
REC000703,2024-08-05,SKU024,DC01,74,SUP08
REC000704,2024-08-06,SKU010,DC03,61,SUP02
REC000705,2024-08-06,SKU012,DC03,68,SUP04
REC000706,2024-08-07,SKU010,DC01,42,SUP02
REC000707,2024-08-07,SKU016,DC03,31,SUP08
REC000708,2024-08-07,SKU020,DC04,32,SUP04
REC000709,2024-08-08,SKU005,DC01,42,SUP05
REC000710,2024-08-08,SKU007,DC01,29,SUP07
REC000711,2024-08-08,SKU009,DC03,63,SUP01
REC000712,2024-08-08,SKU016,DC04,48,SUP08
REC000713,2024-08-08,SKU017,DC02,48,SUP01
REC000714,2024-08-08,SKU024,DC03,71,SUP08
REC000715,2024-08-09,SKU002,DC03,39,SUP02
REC000716,2024-08-09,SKU024,DC04,38,SUP08
REC000717,2024-08-10,SKU003,DC04,53,SUP03
REC000718,2024-08-10,SKU012,DC04,20,SUP04
REC000719,2024-08-11,SKU008,DC03,44,SUP08
REC000720,2024-08-11,SKU011,DC01,22,SUP03
REC000721,2024-08-11,SKU024,DC04,49,SUP08
REC000722,2024-08-12,SKU001,DC04,58,SUP01
REC000723,2024-08-12,SKU011,DC04,52,SUP03
REC000724,2024-08-12,SKU012,DC04,40,SUP04
REC000725,2024-08-12,SKU014,DC01,72,SUP06
REC000726,2024-08-12,SKU017,DC01,39,SUP01
REC000727,2024-08-12,SKU021,DC03,20,SUP05
REC000728,2024-08-13,SKU012,DC04,64,SUP04
REC000729,2024-08-13,SKU018,DC03,60,SUP02
REC000730,2024-08-13,SKU022,DC01,30,SUP06
REC000731,2024-08-13,SKU024,DC04,18,SUP08
REC000732,2024-08-14,SKU002,DC01,54,SUP02
REC000733,2024-08-14,SKU004,DC02,20,SUP04
REC000734,2024-08-14,SKU007,DC01,74,SUP07
REC000735,2024-08-14,SKU010,DC01,46,SUP02
REC000736,2024-08-14,SKU012,DC04,51,SUP04
REC000737,2024-08-14,SKU015,DC02,27,SUP07
REC000738,2024-08-15,SKU001,DC04,39,SUP01
REC000739,2024-08-15,SKU018,DC03,59,SUP02
REC000740,2024-08-15,SKU022,DC02,61,SUP06
REC000741,2024-08-15,SKU023,DC01,71,SUP07
REC000742,2024-08-16,SKU003,DC02,47,SUP03
REC000743,2024-08-16,SKU016,DC04,42,SUP08
REC000744,2024-08-16,SKU018,DC01,45,SUP02
REC000745,2024-08-16,SKU019,DC01,64,SUP03
REC000746,2024-08-16,SKU019,DC03,24,SUP03
REC000747,2024-08-17,SKU004,DC04,48,SUP04
REC000748,2024-08-17,SKU012,DC04,20,SUP04
REC000749,2024-08-17,SKU014,DC04,64,SUP06
REC000750,2024-08-17,SKU018,DC01,59,SUP02
REC000751,2024-08-17,SKU019,DC03,43,SUP03
REC000752,2024-08-18,SKU016,DC01,38,SUP08
REC000753,2024-08-18,SKU017,DC02,60,SUP01
REC000754,2024-08-18,SKU018,DC03,26,SUP02
REC000755,2024-08-18,SKU024,DC01,31,SUP08
REC000756,2024-08-19,SKU008,DC03,70,SUP08
REC000757,2024-08-19,SKU017,DC01,75,SUP01
REC000758,2024-08-20,SKU001,DC04,64,SUP01
REC000759,2024-08-20,SKU004,DC02,19,SUP04
REC000760,2024-08-20,SKU011,DC03,35,SUP03
REC000761,2024-08-20,SKU023,DC01,25,SUP07
REC000762,2024-08-21,SKU002,DC02,20,SUP02
REC000763,2024-08-21,SKU015,DC02,19,SUP07
REC000764,2024-08-21,SKU016,DC03,51,SUP08
REC000765,2024-08-21,SKU018,DC01,42,SUP02
REC000766,2024-08-21,SKU023,DC02,40,SUP07
REC000767,2024-08-22,SKU001,DC02,44,SUP01
REC000768,2024-08-22,SKU006,DC02,69,SUP06
REC000769,2024-08-22,SKU012,DC02,19,SUP04
REC000770,2024-08-22,SKU013,DC01,27,SUP05
REC000771,2024-08-22,SKU014,DC03,64,SUP06
REC000772,2024-08-22,SKU024,DC01,68,SUP08
REC000773,2024-08-23,SKU009,DC04,51,SUP01
REC000774,2024-08-23,SKU022,DC01,24,SUP06
REC000775,2024-08-24,SKU001,DC02,22,SUP01
REC000776,2024-08-24,SKU014,DC04,27,SUP06
REC000777,2024-08-24,SKU022,DC01,69,SUP06
REC000778,2024-08-25,SKU001,DC03,18,SUP01
REC000779,2024-08-25,SKU002,DC02,41,SUP02
REC000780,2024-08-25,SKU006,DC04,27,SUP06
REC000781,2024-08-25,SKU016,DC03,46,SUP08
REC000782,2024-08-25,SKU021,DC04,44,SUP05
REC000783,2024-08-25,SKU023,DC02,26,SUP07
REC000784,2024-08-26,SKU002,DC04,54,SUP02
REC000785,2024-08-26,SKU003,DC03,59,SUP03
REC000786,2024-08-26,SKU006,DC01,37,SUP06
REC000787,2024-08-26,SKU021,DC02,62,SUP05
REC000788,2024-08-26,SKU021,DC03,74,SUP05
REC000789,2024-08-26,SKU022,DC01,28,SUP06
REC000790,2024-08-26,SKU024,DC01,71,SUP08
REC000791,2024-08-27,SKU003,DC01,56,SUP03
REC000792,2024-08-27,SKU004,DC03,17,SUP04
REC000793,2024-08-27,SKU012,DC04,29,SUP04
REC000794,2024-08-27,SKU021,DC03,40,SUP05
REC000795,2024-08-27,SKU023,DC02,60,SUP07
REC000796,2024-08-28,SKU006,DC02,60,SUP06
REC000797,2024-08-28,SKU006,DC04,24,SUP06
REC000798,2024-08-28,SKU007,DC04,56,SUP07
REC000799,2024-08-28,SKU011,DC04,62,SUP03
REC000800,2024-08-28,SKU013,DC04,43,SUP05
REC000801,2024-08-28,SKU020,DC02,16,SUP04
REC000802,2024-08-28,SKU020,DC03,74,SUP04
REC000803,2024-08-29,SKU001,DC02,24,SUP01
REC000804,2024-08-29,SKU001,DC04,60,SUP01
REC000805,2024-08-29,SKU009,DC03,21,SUP01
REC000806,2024-08-29,SKU009,DC04,18,SUP01
REC000807,2024-08-29,SKU011,DC03,70,SUP03
REC000808,2024-08-29,SKU023,DC02,29,SUP07
REC000809,2024-08-30,SKU020,DC02,70,SUP04
REC000810,2024-08-31,SKU018,DC01,72,SUP02
REC000811,2024-08-31,SKU020,DC01,54,SUP04
REC000812,2024-08-31,SKU020,DC02,34,SUP04
REC000813,2024-09-01,SKU010,DC04,70,SUP02
REC000814,2024-09-01,SKU011,DC02,58,SUP03
REC000815,2024-09-01,SKU018,DC03,60,SUP02
REC000816,2024-09-01,SKU019,DC02,47,SUP03
REC000817,2024-09-02,SKU004,DC02,41,SUP04
REC000818,2024-09-02,SKU007,DC01,70,SUP07
REC000819,2024-09-02,SKU008,DC03,28,SUP08
REC000820,2024-09-02,SKU016,DC02,68,SUP08
REC000821,2024-09-03,SKU012,DC04,32,SUP04
REC000822,2024-09-03,SKU014,DC01,67,SUP06
REC000823,2024-09-03,SKU024,DC03,48,SUP08
REC000824,2024-09-04,SKU006,DC02,38,SUP06
REC000825,2024-09-04,SKU017,DC03,69,SUP01
REC000826,2024-09-04,SKU022,DC03,74,SUP06
REC000827,2024-09-05,SKU014,DC03,69,SUP06
REC000828,2024-09-05,SKU023,DC02,25,SUP07
REC000829,2024-09-05,SKU024,DC03,68,SUP08
REC000830,2024-09-06,SKU015,DC04,44,SUP07
REC000831,2024-09-06,SKU018,DC03,47,SUP02
REC000832,2024-09-06,SKU021,DC03,55,SUP05
REC000833,2024-09-06,SKU024,DC02,42,SUP08
REC000834,2024-09-07,SKU009,DC02,68,SUP01
REC000835,2024-09-07,SKU013,DC03,45,SUP05
REC000836,2024-09-07,SKU019,DC03,15,SUP03
REC000837,2024-09-07,SKU021,DC02,60,SUP05
REC000838,2024-09-08,SKU012,DC01,56,SUP04
REC000839,2024-09-08,SKU024,DC01,20,SUP08
REC000840,2024-09-09,SKU009,DC02,24,SUP01
REC000841,2024-09-09,SKU014,DC04,51,SUP06
REC000842,2024-09-09,SKU020,DC04,16,SUP04
REC000843,2024-09-10,SKU006,DC01,49,SUP06
REC000844,2024-09-10,SKU014,DC02,24,SUP06
REC000845,2024-09-11,SKU014,DC02,62,SUP06
REC000846,2024-09-12,SKU001,DC01,60,SUP01
REC000847,2024-09-12,SKU010,DC01,33,SUP02
REC000848,2024-09-12,SKU010,DC03,45,SUP02
REC000849,2024-09-12,SKU011,DC03,33,SUP03
REC000850,2024-09-12,SKU012,DC01,41,SUP04
REC000851,2024-09-12,SKU013,DC04,26,SUP05
REC000852,2024-09-12,SKU018,DC02,50,SUP02
REC000853,2024-09-13,SKU010,DC04,45,SUP02
REC000854,2024-09-13,SKU011,DC02,42,SUP03
REC000855,2024-09-13,SKU012,DC01,58,SUP04
REC000856,2024-09-13,SKU012,DC02,73,SUP04
REC000857,2024-09-14,SKU002,DC01,36,SUP02
REC000858,2024-09-16,SKU001,DC04,31,SUP01
REC000859,2024-09-16,SKU012,DC04,71,SUP04
REC000860,2024-09-16,SKU014,DC01,41,SUP06
REC000861,2024-09-16,SKU016,DC02,50,SUP08
REC000862,2024-09-17,SKU008,DC03,51,SUP08
REC000863,2024-09-17,SKU009,DC03,18,SUP01
REC000864,2024-09-18,SKU001,DC01,30,SUP01
REC000865,2024-09-18,SKU004,DC03,21,SUP04
REC000866,2024-09-18,SKU004,DC04,51,SUP04
REC000867,2024-09-18,SKU018,DC01,75,SUP02
REC000868,2024-09-19,SKU001,DC02,45,SUP01
REC000869,2024-09-19,SKU010,DC03,67,SUP02
REC000870,2024-09-20,SKU002,DC04,18,SUP02
REC000871,2024-09-20,SKU012,DC02,64,SUP04
REC000872,2024-09-21,SKU017,DC04,16,SUP01
REC000873,2024-09-22,SKU007,DC01,48,SUP07
REC000874,2024-09-22,SKU007,DC03,74,SUP07
REC000875,2024-09-22,SKU007,DC04,51,SUP07
REC000876,2024-09-22,SKU009,DC04,30,SUP01
REC000877,2024-09-22,SKU013,DC02,54,SUP05
REC000878,2024-09-22,SKU023,DC03,30,SUP07
REC000879,2024-09-22,SKU023,DC04,62,SUP07
REC000880,2024-09-23,SKU007,DC01,71,SUP07
REC000881,2024-09-23,SKU013,DC02,45,SUP05
REC000882,2024-09-23,SKU017,DC04,20,SUP01
REC000883,2024-09-23,SKU018,DC03,33,SUP02
REC000884,2024-09-23,SKU020,DC02,29,SUP04
REC000885,2024-09-24,SKU002,DC02,44,SUP02
REC000886,2024-09-24,SKU006,DC03,47,SUP06
REC000887,2024-09-25,SKU005,DC04,71,SUP05
REC000888,2024-09-25,SKU015,DC01,62,SUP07
REC000889,2024-09-25,SKU020,DC04,26,SUP04
REC000890,2024-09-25,SKU022,DC02,35,SUP06
REC000891,2024-09-25,SKU023,DC03,27,SUP07
REC000892,2024-09-26,SKU003,DC02,40,SUP03
REC000893,2024-09-26,SKU003,DC03,30,SUP03
REC000894,2024-09-26,SKU004,DC04,71,SUP04
REC000895,2024-09-26,SKU006,DC01,65,SUP06
REC000896,2024-09-26,SKU008,DC03,28,SUP08
REC000897,2024-09-26,SKU020,DC03,50,SUP04
REC000898,2024-09-26,SKU021,DC04,15,SUP05
REC000899,2024-09-27,SKU003,DC02,20,SUP03
REC000900,2024-09-27,SKU004,DC03,57,SUP04
REC000901,2024-09-27,SKU006,DC03,37,SUP06
REC000902,2024-09-27,SKU021,DC02,33,SUP05
REC000903,2024-09-28,SKU010,DC03,21,SUP02
REC000904,2024-09-28,SKU017,DC04,43,SUP01
REC000905,2024-09-28,SKU018,DC03,33,SUP02
REC000906,2024-09-28,SKU024,DC01,69,SUP08
REC000907,2024-09-29,SKU004,DC04,33,SUP04
REC000908,2024-09-29,SKU005,DC01,67,SUP05
REC000909,2024-09-30,SKU011,DC01,41,SUP03
REC000910,2024-09-30,SKU020,DC01,61,SUP04
REC000911,2024-10-02,SKU001,DC04,72,SUP01
REC000912,2024-10-02,SKU002,DC01,66,SUP02
REC000913,2024-10-02,SKU011,DC01,57,SUP03
REC000914,2024-10-02,SKU023,DC03,34,SUP07
REC000915,2024-10-03,SKU002,DC02,66,SUP02
REC000916,2024-10-03,SKU005,DC02,30,SUP05
REC000917,2024-10-03,SKU009,DC03,47,SUP01
REC000918,2024-10-03,SKU012,DC03,19,SUP04
REC000919,2024-10-03,SKU022,DC04,51,SUP06
REC000920,2024-10-04,SKU005,DC04,22,SUP05
REC000921,2024-10-04,SKU008,DC04,70,SUP08
REC000922,2024-10-04,SKU010,DC04,48,SUP02
REC000923,2024-10-04,SKU018,DC02,35,SUP02
REC000924,2024-10-04,SKU019,DC01,21,SUP03
REC000925,2024-10-05,SKU004,DC02,37,SUP04
REC000926,2024-10-05,SKU015,DC03,19,SUP07
REC000927,2024-10-05,SKU018,DC04,48,SUP02
REC000928,2024-10-06,SKU006,DC02,26,SUP06
REC000929,2024-10-06,SKU023,DC03,45,SUP07
REC000930,2024-10-06,SKU024,DC02,64,SUP08
REC000931,2024-10-07,SKU009,DC03,28,SUP01
REC000932,2024-10-07,SKU012,DC04,22,SUP04
REC000933,2024-10-07,SKU019,DC02,24,SUP03
REC000934,2024-10-08,SKU003,DC02,17,SUP03
REC000935,2024-10-08,SKU004,DC03,62,SUP04
REC000936,2024-10-08,SKU005,DC02,45,SUP05
REC000937,2024-10-08,SKU012,DC02,19,SUP04
REC000938,2024-10-08,SKU016,DC04,55,SUP08
REC000939,2024-10-08,SKU019,DC04,31,SUP03
REC000940,2024-10-08,SKU023,DC02,18,SUP07
REC000941,2024-10-09,SKU013,DC04,33,SUP05
REC000942,2024-10-09,SKU023,DC03,51,SUP07
REC000943,2024-10-09,SKU024,DC04,45,SUP08
REC000944,2024-10-10,SKU008,DC01,24,SUP08
REC000945,2024-10-10,SKU019,DC04,67,SUP03
REC000946,2024-10-10,SKU023,DC01,16,SUP07
REC000947,2024-10-11,SKU024,DC03,62,SUP08
REC000948,2024-10-12,SKU005,DC01,36,SUP05
REC000949,2024-10-12,SKU015,DC02,58,SUP07
REC000950,2024-10-13,SKU002,DC01,51,SUP02
REC000951,2024-10-13,SKU005,DC02,70,SUP05
REC000952,2024-10-13,SKU015,DC04,41,SUP07
REC000953,2024-10-13,SKU017,DC03,47,SUP01
REC000954,2024-10-13,SKU021,DC02,72,SUP05
REC000955,2024-10-14,SKU001,DC03,27,SUP01
REC000956,2024-10-14,SKU007,DC03,61,SUP07
REC000957,2024-10-14,SKU013,DC02,70,SUP05
REC000958,2024-10-14,SKU022,DC02,54,SUP06
REC000959,2024-10-15,SKU003,DC03,57,SUP03
REC000960,2024-10-15,SKU012,DC01,73,SUP04
REC000961,2024-10-16,SKU003,DC01,30,SUP03
REC000962,2024-10-16,SKU003,DC02,57,SUP03
REC000963,2024-10-16,SKU009,DC04,17,SUP01
REC000964,2024-10-16,SKU019,DC01,55,SUP03
REC000965,2024-10-16,SKU022,DC02,21,SUP06
REC000966,2024-10-16,SKU024,DC03,46,SUP08
REC000967,2024-10-17,SKU001,DC03,64,SUP01
REC000968,2024-10-17,SKU005,DC04,40,SUP05
REC000969,2024-10-17,SKU022,DC03,33,SUP06
REC000970,2024-10-19,SKU012,DC01,37,SUP04
REC000971,2024-10-19,SKU013,DC03,37,SUP05
REC000972,2024-10-19,SKU016,DC03,49,SUP08
REC000973,2024-10-19,SKU018,DC01,59,SUP02
REC000974,2024-10-20,SKU008,DC01,23,SUP08
REC000975,2024-10-20,SKU015,DC01,66,SUP07
REC000976,2024-10-20,SKU016,DC02,72,SUP08
REC000977,2024-10-20,SKU022,DC02,58,SUP06
REC000978,2024-10-20,SKU023,DC04,52,SUP07
REC000979,2024-10-21,SKU012,DC01,26,SUP04
REC000980,2024-10-22,SKU004,DC01,38,SUP04
REC000981,2024-10-22,SKU004,DC03,32,SUP04
REC000982,2024-10-22,SKU014,DC04,70,SUP06
REC000983,2024-10-22,SKU022,DC04,46,SUP06
REC000984,2024-10-23,SKU008,DC03,33,SUP08
REC000985,2024-10-23,SKU010,DC01,71,SUP02
REC000986,2024-10-23,SKU020,DC04,35,SUP04
REC000987,2024-10-23,SKU022,DC04,49,SUP06
REC000988,2024-10-24,SKU007,DC04,15,SUP07
REC000989,2024-10-24,SKU009,DC03,52,SUP01
REC000990,2024-10-24,SKU015,DC03,51,SUP07
REC000991,2024-10-24,SKU016,DC02,41,SUP08
REC000992,2024-10-24,SKU018,DC02,74,SUP02
REC000993,2024-10-25,SKU004,DC01,71,SUP04
REC000994,2024-10-25,SKU018,DC03,51,SUP02
REC000995,2024-10-25,SKU021,DC02,60,SUP05
REC000996,2024-10-26,SKU008,DC02,33,SUP08
REC000997,2024-10-26,SKU009,DC01,48,SUP01
REC000998,2024-10-26,SKU023,DC02,35,SUP07
REC000999,2024-10-27,SKU001,DC03,29,SUP01
REC001000,2024-10-27,SKU002,DC01,48,SUP02
REC001001,2024-10-27,SKU003,DC04,22,SUP03
REC001002,2024-10-27,SKU005,DC01,29,SUP05
REC001003,2024-10-27,SKU010,DC02,34,SUP02
REC001004,2024-10-27,SKU015,DC01,22,SUP07
REC001005,2024-10-27,SKU021,DC02,53,SUP05
REC001006,2024-10-28,SKU001,DC01,53,SUP01
REC001007,2024-10-28,SKU016,DC04,69,SUP08
REC001008,2024-10-28,SKU022,DC02,75,SUP06
REC001009,2024-10-29,SKU011,DC02,23,SUP03
REC001010,2024-10-29,SKU022,DC01,51,SUP06
REC001011,2024-10-30,SKU010,DC01,64,SUP02
REC001012,2024-10-30,SKU020,DC03,66,SUP04
REC001013,2024-10-31,SKU003,DC04,33,SUP03
REC001014,2024-10-31,SKU005,DC01,17,SUP05
REC001015,2024-10-31,SKU010,DC01,50,SUP02
REC001016,2024-10-31,SKU011,DC04,22,SUP03
REC001017,2024-10-31,SKU012,DC01,41,SUP04
REC001018,2024-10-31,SKU016,DC03,27,SUP08
REC001019,2024-11-01,SKU016,DC03,75,SUP08
REC001020,2024-11-01,SKU018,DC02,44,SUP02
REC001021,2024-11-02,SKU001,DC03,57,SUP01
REC001022,2024-11-02,SKU012,DC03,29,SUP04
REC001023,2024-11-02,SKU022,DC01,35,SUP06
REC001024,2024-11-03,SKU003,DC01,26,SUP03
REC001025,2024-11-03,SKU010,DC02,47,SUP02
REC001026,2024-11-03,SKU012,DC01,62,SUP04
REC001027,2024-11-03,SKU021,DC03,31,SUP05
REC001028,2024-11-03,SKU023,DC01,31,SUP07
REC001029,2024-11-04,SKU003,DC02,60,SUP03
REC001030,2024-11-04,SKU004,DC03,62,SUP04
REC001031,2024-11-04,SKU004,DC04,31,SUP04
REC001032,2024-11-04,SKU006,DC03,71,SUP06
REC001033,2024-11-04,SKU014,DC01,56,SUP06
REC001034,2024-11-04,SKU019,DC04,60,SUP03
REC001035,2024-11-05,SKU007,DC04,51,SUP07
REC001036,2024-11-05,SKU010,DC02,24,SUP02
REC001037,2024-11-06,SKU006,DC01,25,SUP06
REC001038,2024-11-07,SKU018,DC04,32,SUP02
REC001039,2024-11-07,SKU021,DC04,58,SUP05
REC001040,2024-11-08,SKU014,DC02,36,SUP06
REC001041,2024-11-08,SKU022,DC04,47,SUP06
REC001042,2024-11-08,SKU023,DC04,30,SUP07
REC001043,2024-11-09,SKU004,DC04,59,SUP04
REC001044,2024-11-09,SKU008,DC01,70,SUP08
REC001045,2024-11-09,SKU011,DC03,49,SUP03
REC001046,2024-11-09,SKU015,DC01,37,SUP07
REC001047,2024-11-09,SKU017,DC02,42,SUP01
REC001048,2024-11-09,SKU024,DC03,56,SUP08
REC001049,2024-11-10,SKU010,DC04,36,SUP02
REC001050,2024-11-11,SKU011,DC02,15,SUP03
REC001051,2024-11-11,SKU021,DC02,29,SUP05
REC001052,2024-11-12,SKU015,DC03,24,SUP07
REC001053,2024-11-12,SKU023,DC01,73,SUP07
REC001054,2024-11-12,SKU023,DC02,61,SUP07
REC001055,2024-11-13,SKU023,DC02,49,SUP07
REC001056,2024-11-14,SKU016,DC03,67,SUP08
REC001057,2024-11-14,SKU018,DC03,51,SUP02
REC001058,2024-11-15,SKU002,DC01,17,SUP02
REC001059,2024-11-15,SKU019,DC01,73,SUP03
REC001060,2024-11-16,SKU007,DC02,20,SUP07
REC001061,2024-11-16,SKU010,DC02,49,SUP02
REC001062,2024-11-16,SKU013,DC04,54,SUP05
REC001063,2024-11-16,SKU022,DC02,75,SUP06
REC001064,2024-11-17,SKU002,DC02,73,SUP02
REC001065,2024-11-17,SKU006,DC03,52,SUP06
REC001066,2024-11-17,SKU022,DC01,32,SUP06
REC001067,2024-11-17,SKU023,DC04,66,SUP07
REC001068,2024-11-18,SKU009,DC02,50,SUP01
REC001069,2024-11-18,SKU012,DC02,75,SUP04
REC001070,2024-11-18,SKU017,DC02,51,SUP01
REC001071,2024-11-19,SKU006,DC02,68,SUP06
REC001072,2024-11-19,SKU019,DC04,15,SUP03
REC001073,2024-11-19,SKU023,DC02,69,SUP07
REC001074,2024-11-21,SKU002,DC04,52,SUP02
REC001075,2024-11-21,SKU017,DC02,15,SUP01
REC001076,2024-11-22,SKU006,DC04,47,SUP06
REC001077,2024-11-22,SKU018,DC03,18,SUP02
REC001078,2024-11-22,SKU021,DC01,31,SUP05
REC001079,2024-11-23,SKU003,DC03,58,SUP03
REC001080,2024-11-23,SKU022,DC04,68,SUP06
REC001081,2024-11-24,SKU001,DC02,47,SUP01
REC001082,2024-11-24,SKU021,DC01,56,SUP05
REC001083,2024-11-25,SKU012,DC03,39,SUP04
REC001084,2024-11-25,SKU019,DC04,25,SUP03
REC001085,2024-11-27,SKU003,DC02,65,SUP03
REC001086,2024-11-27,SKU006,DC02,19,SUP06
REC001087,2024-11-27,SKU006,DC03,64,SUP06
REC001088,2024-11-27,SKU010,DC04,53,SUP02
REC001089,2024-11-27,SKU017,DC04,25,SUP01
REC001090,2024-11-28,SKU006,DC02,75,SUP06
REC001091,2024-11-28,SKU013,DC02,54,SUP05
REC001092,2024-11-29,SKU007,DC03,58,SUP07
REC001093,2024-11-29,SKU008,DC04,39,SUP08
REC001094,2024-11-29,SKU022,DC03,49,SUP06
REC001095,2024-11-30,SKU004,DC03,44,SUP04
REC001096,2024-11-30,SKU012,DC04,49,SUP04
REC001097,2024-11-30,SKU015,DC01,64,SUP07
REC001098,2024-12-01,SKU005,DC04,15,SUP05
REC001099,2024-12-01,SKU010,DC01,46,SUP02
REC001100,2024-12-01,SKU010,DC02,61,SUP02
REC001101,2024-12-02,SKU010,DC04,58,SUP02
REC001102,2024-12-02,SKU011,DC03,35,SUP03
REC001103,2024-12-02,SKU022,DC03,74,SUP06
REC001104,2024-12-02,SKU024,DC03,28,SUP08
REC001105,2024-12-03,SKU001,DC04,28,SUP01
REC001106,2024-12-03,SKU010,DC01,21,SUP02
REC001107,2024-12-03,SKU015,DC04,47,SUP07
REC001108,2024-12-04,SKU016,DC03,30,SUP08
REC001109,2024-12-04,SKU019,DC01,30,SUP03
REC001110,2024-12-04,SKU022,DC04,51,SUP06
REC001111,2024-12-04,SKU024,DC03,52,SUP08
REC001112,2024-12-05,SKU006,DC02,64,SUP06
REC001113,2024-12-05,SKU012,DC02,28,SUP04
REC001114,2024-12-06,SKU001,DC02,62,SUP01
REC001115,2024-12-06,SKU007,DC04,25,SUP07
REC001116,2024-12-06,SKU009,DC02,37,SUP01
REC001117,2024-12-06,SKU014,DC01,55,SUP06
REC001118,2024-12-07,SKU010,DC04,49,SUP02
REC001119,2024-12-07,SKU021,DC04,48,SUP05
REC001120,2024-12-07,SKU022,DC01,41,SUP06
REC001121,2024-12-07,SKU023,DC04,57,SUP07
REC001122,2024-12-07,SKU024,DC02,28,SUP08
REC001123,2024-12-08,SKU008,DC03,59,SUP08
REC001124,2024-12-08,SKU010,DC02,49,SUP02
REC001125,2024-12-08,SKU014,DC04,60,SUP06
REC001126,2024-12-09,SKU003,DC01,15,SUP03
REC001127,2024-12-09,SKU019,DC04,33,SUP03
REC001128,2024-12-09,SKU022,DC03,27,SUP06
REC001129,2024-12-10,SKU004,DC04,25,SUP04
REC001130,2024-12-10,SKU022,DC01,40,SUP06
REC001131,2024-12-11,SKU005,DC01,57,SUP05
REC001132,2024-12-11,SKU012,DC03,43,SUP04
REC001133,2024-12-11,SKU014,DC03,20,SUP06
REC001134,2024-12-11,SKU021,DC03,28,SUP05
REC001135,2024-12-13,SKU009,DC03,58,SUP01
REC001136,2024-12-13,SKU014,DC04,45,SUP06
REC001137,2024-12-13,SKU017,DC03,30,SUP01
REC001138,2024-12-13,SKU022,DC01,36,SUP06
REC001139,2024-12-13,SKU024,DC02,58,SUP08
REC001140,2024-12-14,SKU010,DC03,33,SUP02
REC001141,2024-12-15,SKU006,DC04,19,SUP06
REC001142,2024-12-15,SKU008,DC03,48,SUP08
REC001143,2024-12-16,SKU001,DC01,22,SUP01
REC001144,2024-12-16,SKU004,DC04,66,SUP04
REC001145,2024-12-16,SKU005,DC01,24,SUP05
REC001146,2024-12-16,SKU007,DC03,54,SUP07
REC001147,2024-12-16,SKU013,DC03,70,SUP05
REC001148,2024-12-16,SKU023,DC01,31,SUP07
REC001149,2024-12-17,SKU011,DC01,72,SUP03
REC001150,2024-12-17,SKU014,DC01,26,SUP06
REC001151,2024-12-18,SKU001,DC02,33,SUP01
REC001152,2024-12-18,SKU001,DC03,25,SUP01
REC001153,2024-12-18,SKU005,DC03,73,SUP05
REC001154,2024-12-18,SKU024,DC02,68,SUP08
REC001155,2024-12-19,SKU002,DC03,42,SUP02
REC001156,2024-12-19,SKU007,DC02,35,SUP07
REC001157,2024-12-19,SKU012,DC01,68,SUP04
REC001158,2024-12-19,SKU021,DC03,69,SUP05
REC001159,2024-12-19,SKU022,DC02,44,SUP06
REC001160,2024-12-20,SKU001,DC03,38,SUP01
REC001161,2024-12-20,SKU004,DC01,36,SUP04
REC001162,2024-12-20,SKU006,DC03,20,SUP06
REC001163,2024-12-20,SKU012,DC02,65,SUP04
REC001164,2024-12-20,SKU016,DC01,53,SUP08
REC001165,2024-12-20,SKU019,DC04,34,SUP03
REC001166,2024-12-20,SKU024,DC01,55,SUP08
REC001167,2024-12-21,SKU011,DC01,32,SUP03
REC001168,2024-12-21,SKU022,DC04,62,SUP06
REC001169,2024-12-21,SKU023,DC01,35,SUP07
REC001170,2024-12-22,SKU018,DC04,71,SUP02
REC001171,2024-12-22,SKU020,DC03,73,SUP04
REC001172,2024-12-22,SKU023,DC04,26,SUP07
REC001173,2024-12-23,SKU002,DC03,49,SUP02
REC001174,2024-12-24,SKU001,DC04,49,SUP01
REC001175,2024-12-25,SKU006,DC04,62,SUP06
REC001176,2024-12-25,SKU008,DC01,59,SUP08
REC001177,2024-12-25,SKU008,DC02,63,SUP08
REC001178,2024-12-26,SKU008,DC01,36,SUP08
REC001179,2024-12-26,SKU010,DC02,25,SUP02
REC001180,2024-12-26,SKU014,DC02,60,SUP06
REC001181,2024-12-27,SKU003,DC02,26,SUP03
REC001182,2024-12-27,SKU007,DC04,53,SUP07
REC001183,2024-12-27,SKU019,DC02,21,SUP03
REC001184,2024-12-28,SKU008,DC02,37,SUP08
REC001185,2024-12-28,SKU009,DC02,43,SUP01
REC001186,2024-12-28,SKU009,DC03,21,SUP01
REC001187,2024-12-28,SKU011,DC02,58,SUP03
REC001188,2024-12-28,SKU022,DC01,45,SUP06
REC001189,2024-12-29,SKU006,DC04,47,SUP06
REC001190,2024-12-29,SKU008,DC03,67,SUP08
REC001191,2024-12-29,SKU021,DC03,36,SUP05
REC001192,2024-12-30,SKU005,DC04,21,SUP05
REC001193,2024-12-31,SKU003,DC02,57,SUP03
REC001194,2024-12-31,SKU015,DC04,70,SUP07
REC001195,2024-12-31,SKU016,DC01,48,SUP08
REC001196,2025-01-01,SKU001,DC01,55,SUP01
REC001197,2025-01-01,SKU005,DC02,64,SUP05
REC001198,2025-01-01,SKU008,DC04,45,SUP08
REC001199,2025-01-01,SKU012,DC01,50,SUP04
REC001200,2025-01-01,SKU018,DC01,24,SUP02
REC001201,2025-01-01,SKU024,DC02,36,SUP08
REC001202,2025-01-02,SKU002,DC02,21,SUP02
REC001203,2025-01-02,SKU005,DC01,48,SUP05
REC001204,2025-01-02,SKU005,DC04,55,SUP05
REC001205,2025-01-02,SKU009,DC02,18,SUP01
REC001206,2025-01-02,SKU015,DC02,23,SUP07
REC001207,2025-01-02,SKU016,DC04,67,SUP08
REC001208,2025-01-02,SKU023,DC01,40,SUP07
REC001209,2025-01-02,SKU023,DC02,31,SUP07
REC001210,2025-01-03,SKU009,DC04,44,SUP01
REC001211,2025-01-03,SKU018,DC04,46,SUP02
REC001212,2025-01-03,SKU022,DC04,68,SUP06
REC001213,2025-01-04,SKU013,DC03,71,SUP05
REC001214,2025-01-04,SKU022,DC03,40,SUP06
REC001215,2025-01-05,SKU003,DC04,46,SUP03
REC001216,2025-01-05,SKU008,DC01,71,SUP08
REC001217,2025-01-05,SKU011,DC04,34,SUP03
REC001218,2025-01-05,SKU021,DC01,23,SUP05
REC001219,2025-01-07,SKU017,DC02,54,SUP01
REC001220,2025-01-07,SKU017,DC04,49,SUP01
REC001221,2025-01-07,SKU019,DC02,42,SUP03
REC001222,2025-01-07,SKU020,DC02,66,SUP04
REC001223,2025-01-08,SKU003,DC04,18,SUP03
REC001224,2025-01-08,SKU009,DC01,59,SUP01
REC001225,2025-01-08,SKU015,DC02,47,SUP07
REC001226,2025-01-08,SKU021,DC01,33,SUP05
REC001227,2025-01-09,SKU007,DC03,58,SUP07
REC001228,2025-01-09,SKU014,DC01,32,SUP06
REC001229,2025-01-09,SKU016,DC04,24,SUP08
REC001230,2025-01-09,SKU023,DC02,34,SUP07
REC001231,2025-01-10,SKU003,DC01,21,SUP03
REC001232,2025-01-11,SKU022,DC03,46,SUP06
REC001233,2025-01-11,SKU024,DC01,67,SUP08
REC001234,2025-01-12,SKU013,DC02,53,SUP05
REC001235,2025-01-14,SKU002,DC04,51,SUP02
REC001236,2025-01-14,SKU014,DC01,72,SUP06
REC001237,2025-01-15,SKU009,DC01,46,SUP01
REC001238,2025-01-16,SKU009,DC01,38,SUP01
REC001239,2025-01-16,SKU015,DC01,27,SUP07
REC001240,2025-01-16,SKU016,DC03,49,SUP08
REC001241,2025-01-16,SKU019,DC04,23,SUP03
REC001242,2025-01-16,SKU024,DC03,56,SUP08
REC001243,2025-01-18,SKU007,DC01,61,SUP07
REC001244,2025-01-18,SKU007,DC03,24,SUP07
REC001245,2025-01-18,SKU013,DC01,20,SUP05
REC001246,2025-01-18,SKU023,DC03,55,SUP07
REC001247,2025-01-19,SKU002,DC03,70,SUP02
REC001248,2025-01-19,SKU006,DC03,15,SUP06
REC001249,2025-01-19,SKU007,DC02,38,SUP07
REC001250,2025-01-19,SKU018,DC01,20,SUP02
REC001251,2025-01-20,SKU004,DC02,24,SUP04
REC001252,2025-01-20,SKU005,DC01,72,SUP05
REC001253,2025-01-20,SKU012,DC02,15,SUP04
REC001254,2025-01-20,SKU014,DC04,72,SUP06
REC001255,2025-01-21,SKU002,DC01,43,SUP02
REC001256,2025-01-21,SKU004,DC02,37,SUP04
REC001257,2025-01-21,SKU016,DC01,75,SUP08
REC001258,2025-01-21,SKU017,DC03,19,SUP01
REC001259,2025-01-21,SKU018,DC03,50,SUP02
REC001260,2025-01-21,SKU019,DC03,69,SUP03
REC001261,2025-01-21,SKU024,DC02,36,SUP08
REC001262,2025-01-22,SKU003,DC04,17,SUP03
REC001263,2025-01-22,SKU012,DC03,19,SUP04
REC001264,2025-01-22,SKU014,DC01,36,SUP06
REC001265,2025-01-22,SKU014,DC03,48,SUP06
REC001266,2025-01-22,SKU023,DC02,52,SUP07
REC001267,2025-01-23,SKU003,DC04,57,SUP03
REC001268,2025-01-23,SKU005,DC03,28,SUP05
REC001269,2025-01-23,SKU006,DC01,75,SUP06
REC001270,2025-01-23,SKU014,DC01,19,SUP06
REC001271,2025-01-24,SKU009,DC04,64,SUP01
REC001272,2025-01-24,SKU024,DC01,68,SUP08
REC001273,2025-01-25,SKU012,DC03,26,SUP04
REC001274,2025-01-26,SKU009,DC04,57,SUP01
REC001275,2025-01-26,SKU012,DC01,52,SUP04
REC001276,2025-01-26,SKU012,DC04,25,SUP04
REC001277,2025-01-26,SKU013,DC01,21,SUP05
REC001278,2025-01-26,SKU014,DC01,53,SUP06
REC001279,2025-01-26,SKU020,DC02,32,SUP04
REC001280,2025-01-27,SKU021,DC02,53,SUP05
REC001281,2025-01-27,SKU023,DC02,64,SUP07
REC001282,2025-01-28,SKU003,DC04,45,SUP03
REC001283,2025-01-28,SKU006,DC02,62,SUP06
REC001284,2025-01-28,SKU008,DC03,62,SUP08
REC001285,2025-01-29,SKU004,DC04,19,SUP04
REC001286,2025-01-29,SKU007,DC02,49,SUP07
REC001287,2025-01-29,SKU010,DC02,48,SUP02
REC001288,2025-01-29,SKU024,DC01,75,SUP08
REC001289,2025-01-30,SKU007,DC04,16,SUP07
REC001290,2025-01-30,SKU011,DC01,55,SUP03
REC001291,2025-01-30,SKU015,DC04,25,SUP07
REC001292,2025-01-30,SKU019,DC01,63,SUP03
REC001293,2025-01-31,SKU007,DC03,24,SUP07
REC001294,2025-01-31,SKU011,DC02,39,SUP03
REC001295,2025-02-01,SKU023,DC03,17,SUP07
REC001296,2025-02-01,SKU023,DC04,49,SUP07
REC001297,2025-02-02,SKU012,DC03,72,SUP04
REC001298,2025-02-02,SKU013,DC04,37,SUP05
REC001299,2025-02-02,SKU024,DC04,72,SUP08
REC001300,2025-02-03,SKU004,DC03,31,SUP04
REC001301,2025-02-04,SKU002,DC01,58,SUP02
REC001302,2025-02-04,SKU004,DC01,60,SUP04
REC001303,2025-02-04,SKU013,DC02,46,SUP05
REC001304,2025-02-04,SKU017,DC01,35,SUP01
REC001305,2025-02-04,SKU018,DC02,50,SUP02
REC001306,2025-02-04,SKU018,DC04,25,SUP02
REC001307,2025-02-05,SKU011,DC02,67,SUP03
REC001308,2025-02-05,SKU023,DC02,47,SUP07
REC001309,2025-02-06,SKU009,DC02,16,SUP01
REC001310,2025-02-06,SKU012,DC03,45,SUP04
REC001311,2025-02-06,SKU012,DC04,41,SUP04
REC001312,2025-02-06,SKU013,DC03,58,SUP05
REC001313,2025-02-06,SKU023,DC02,50,SUP07
REC001314,2025-02-07,SKU008,DC03,50,SUP08
REC001315,2025-02-07,SKU011,DC03,72,SUP03
REC001316,2025-02-07,SKU022,DC04,65,SUP06
REC001317,2025-02-08,SKU008,DC01,24,SUP08
REC001318,2025-02-08,SKU009,DC03,38,SUP01
REC001319,2025-02-08,SKU010,DC04,22,SUP02
REC001320,2025-02-08,SKU013,DC03,60,SUP05
REC001321,2025-02-08,SKU013,DC04,49,SUP05
REC001322,2025-02-08,SKU019,DC01,17,SUP03
REC001323,2025-02-09,SKU001,DC01,57,SUP01
REC001324,2025-02-09,SKU003,DC03,51,SUP03
REC001325,2025-02-09,SKU009,DC03,34,SUP01
REC001326,2025-02-10,SKU006,DC04,45,SUP06
REC001327,2025-02-10,SKU009,DC04,31,SUP01
REC001328,2025-02-10,SKU012,DC03,18,SUP04
REC001329,2025-02-10,SKU013,DC01,18,SUP05
REC001330,2025-02-10,SKU014,DC03,27,SUP06
REC001331,2025-02-11,SKU005,DC01,51,SUP05
REC001332,2025-02-11,SKU009,DC02,59,SUP01
REC001333,2025-02-12,SKU004,DC01,52,SUP04
REC001334,2025-02-12,SKU023,DC02,29,SUP07
REC001335,2025-02-13,SKU023,DC01,18,SUP07
REC001336,2025-02-14,SKU001,DC04,50,SUP01
REC001337,2025-02-14,SKU004,DC04,18,SUP04
REC001338,2025-02-14,SKU006,DC02,73,SUP06
REC001339,2025-02-14,SKU008,DC03,63,SUP08
REC001340,2025-02-15,SKU007,DC03,37,SUP07
REC001341,2025-02-15,SKU020,DC04,48,SUP04
REC001342,2025-02-16,SKU001,DC04,31,SUP01
REC001343,2025-02-16,SKU002,DC03,63,SUP02
REC001344,2025-02-16,SKU013,DC01,56,SUP05
REC001345,2025-02-16,SKU017,DC01,27,SUP01
REC001346,2025-02-16,SKU019,DC03,73,SUP03
REC001347,2025-02-17,SKU014,DC03,16,SUP06
REC001348,2025-02-17,SKU015,DC04,53,SUP07
REC001349,2025-02-18,SKU001,DC02,49,SUP01
REC001350,2025-02-18,SKU006,DC04,15,SUP06
REC001351,2025-02-18,SKU008,DC01,16,SUP08
REC001352,2025-02-18,SKU009,DC01,36,SUP01
REC001353,2025-02-18,SKU019,DC03,73,SUP03
REC001354,2025-02-18,SKU021,DC04,37,SUP05
REC001355,2025-02-19,SKU001,DC03,57,SUP01
REC001356,2025-02-19,SKU013,DC03,59,SUP05
REC001357,2025-02-19,SKU013,DC04,46,SUP05
REC001358,2025-02-19,SKU015,DC04,50,SUP07
REC001359,2025-02-20,SKU003,DC02,25,SUP03
REC001360,2025-02-20,SKU015,DC02,34,SUP07
REC001361,2025-02-21,SKU005,DC03,46,SUP05
REC001362,2025-02-21,SKU006,DC01,70,SUP06
REC001363,2025-02-21,SKU012,DC01,67,SUP04
REC001364,2025-02-21,SKU015,DC01,22,SUP07
REC001365,2025-02-21,SKU023,DC04,55,SUP07
REC001366,2025-02-22,SKU005,DC04,51,SUP05
REC001367,2025-02-22,SKU013,DC01,20,SUP05
REC001368,2025-02-22,SKU022,DC04,46,SUP06
REC001369,2025-02-22,SKU023,DC01,39,SUP07
REC001370,2025-02-22,SKU024,DC02,52,SUP08
REC001371,2025-02-23,SKU004,DC01,53,SUP04
REC001372,2025-02-23,SKU005,DC01,24,SUP05
REC001373,2025-02-23,SKU006,DC03,36,SUP06
REC001374,2025-02-23,SKU010,DC02,45,SUP02
REC001375,2025-02-23,SKU012,DC01,39,SUP04
REC001376,2025-02-23,SKU015,DC01,39,SUP07
REC001377,2025-02-23,SKU016,DC01,39,SUP08
REC001378,2025-02-24,SKU002,DC01,48,SUP02
REC001379,2025-02-24,SKU003,DC04,49,SUP03
REC001380,2025-02-24,SKU020,DC04,47,SUP04
REC001381,2025-02-25,SKU006,DC04,43,SUP06
REC001382,2025-02-25,SKU010,DC02,47,SUP02
REC001383,2025-02-25,SKU013,DC02,50,SUP05
REC001384,2025-02-25,SKU020,DC02,43,SUP04
REC001385,2025-02-25,SKU024,DC02,43,SUP08
REC001386,2025-02-26,SKU002,DC01,75,SUP02
REC001387,2025-02-26,SKU017,DC02,45,SUP01
REC001388,2025-02-26,SKU019,DC03,70,SUP03
REC001389,2025-02-27,SKU004,DC03,58,SUP04
REC001390,2025-02-27,SKU005,DC04,49,SUP05
REC001391,2025-02-27,SKU010,DC03,31,SUP02
REC001392,2025-02-27,SKU023,DC04,20,SUP07
REC001393,2025-02-28,SKU001,DC03,17,SUP01
REC001394,2025-02-28,SKU003,DC04,41,SUP03
REC001395,2025-02-28,SKU013,DC02,66,SUP05
REC001396,2025-02-28,SKU014,DC01,58,SUP06
REC001397,2025-02-28,SKU015,DC04,30,SUP07
REC001398,2025-02-28,SKU018,DC03,30,SUP02
REC001399,2025-03-01,SKU017,DC01,75,SUP01
REC001400,2025-03-01,SKU020,DC04,20,SUP04
REC001401,2025-03-01,SKU021,DC03,41,SUP05
REC001402,2025-03-02,SKU009,DC03,63,SUP01
REC001403,2025-03-02,SKU016,DC02,57,SUP08
REC001404,2025-03-02,SKU017,DC04,23,SUP01
REC001405,2025-03-02,SKU019,DC01,27,SUP03
REC001406,2025-03-02,SKU020,DC04,62,SUP04
REC001407,2025-03-03,SKU002,DC01,39,SUP02
REC001408,2025-03-03,SKU004,DC02,27,SUP04
REC001409,2025-03-03,SKU009,DC02,65,SUP01
REC001410,2025-03-03,SKU015,DC04,75,SUP07
REC001411,2025-03-03,SKU017,DC04,60,SUP01
REC001412,2025-03-04,SKU002,DC03,65,SUP02
REC001413,2025-03-04,SKU011,DC02,52,SUP03
REC001414,2025-03-04,SKU013,DC02,44,SUP05
REC001415,2025-03-04,SKU024,DC01,19,SUP08
REC001416,2025-03-05,SKU003,DC01,36,SUP03
REC001417,2025-03-05,SKU007,DC04,48,SUP07
REC001418,2025-03-05,SKU011,DC01,74,SUP03
REC001419,2025-03-05,SKU020,DC02,41,SUP04
REC001420,2025-03-05,SKU021,DC01,16,SUP05
REC001421,2025-03-05,SKU023,DC03,73,SUP07
REC001422,2025-03-06,SKU018,DC02,70,SUP02
REC001423,2025-03-06,SKU023,DC04,63,SUP07
REC001424,2025-03-07,SKU010,DC02,70,SUP02
REC001425,2025-03-07,SKU014,DC02,60,SUP06
REC001426,2025-03-08,SKU006,DC02,55,SUP06
REC001427,2025-03-08,SKU021,DC03,72,SUP05
REC001428,2025-03-08,SKU021,DC04,36,SUP05
REC001429,2025-03-08,SKU022,DC02,66,SUP06
REC001430,2025-03-09,SKU003,DC02,57,SUP03
REC001431,2025-03-09,SKU018,DC01,37,SUP02
REC001432,2025-03-09,SKU018,DC04,49,SUP02
REC001433,2025-03-09,SKU021,DC03,34,SUP05
REC001434,2025-03-10,SKU002,DC04,16,SUP02
REC001435,2025-03-10,SKU005,DC02,36,SUP05
REC001436,2025-03-10,SKU023,DC01,63,SUP07
REC001437,2025-03-11,SKU009,DC02,48,SUP01
REC001438,2025-03-11,SKU013,DC01,21,SUP05
REC001439,2025-03-11,SKU021,DC03,57,SUP05
REC001440,2025-03-12,SKU006,DC04,24,SUP06
REC001441,2025-03-12,SKU015,DC02,25,SUP07
REC001442,2025-03-12,SKU021,DC04,48,SUP05
REC001443,2025-03-13,SKU007,DC03,72,SUP07
REC001444,2025-03-13,SKU009,DC01,25,SUP01
REC001445,2025-03-13,SKU010,DC01,39,SUP02
REC001446,2025-03-13,SKU013,DC04,74,SUP05
REC001447,2025-03-13,SKU014,DC04,22,SUP06
REC001448,2025-03-13,SKU015,DC04,49,SUP07
REC001449,2025-03-13,SKU022,DC04,70,SUP06
REC001450,2025-03-14,SKU008,DC01,69,SUP08
REC001451,2025-03-14,SKU014,DC02,20,SUP06
REC001452,2025-03-14,SKU017,DC03,56,SUP01
REC001453,2025-03-15,SKU006,DC01,75,SUP06
REC001454,2025-03-16,SKU001,DC04,44,SUP01
REC001455,2025-03-16,SKU008,DC03,36,SUP08
REC001456,2025-03-16,SKU010,DC02,51,SUP02
REC001457,2025-03-17,SKU001,DC01,73,SUP01
REC001458,2025-03-17,SKU011,DC04,75,SUP03
REC001459,2025-03-17,SKU012,DC03,45,SUP04
REC001460,2025-03-17,SKU015,DC03,57,SUP07
REC001461,2025-03-18,SKU011,DC04,63,SUP03
REC001462,2025-03-18,SKU014,DC03,30,SUP06
REC001463,2025-03-19,SKU004,DC04,54,SUP04
REC001464,2025-03-19,SKU013,DC01,31,SUP05
REC001465,2025-03-19,SKU017,DC01,31,SUP01
REC001466,2025-03-21,SKU023,DC04,18,SUP07
REC001467,2025-03-22,SKU014,DC01,67,SUP06
REC001468,2025-03-22,SKU020,DC03,52,SUP04
REC001469,2025-03-23,SKU002,DC01,15,SUP02
REC001470,2025-03-23,SKU003,DC03,49,SUP03
REC001471,2025-03-23,SKU015,DC04,20,SUP07
REC001472,2025-03-24,SKU005,DC01,66,SUP05
REC001473,2025-03-24,SKU017,DC01,54,SUP01
REC001474,2025-03-24,SKU017,DC03,65,SUP01
REC001475,2025-03-25,SKU006,DC01,34,SUP06
REC001476,2025-03-25,SKU011,DC03,15,SUP03
REC001477,2025-03-25,SKU016,DC01,30,SUP08
REC001478,2025-03-26,SKU004,DC01,72,SUP04
REC001479,2025-03-26,SKU014,DC03,29,SUP06
REC001480,2025-03-27,SKU004,DC02,69,SUP04
REC001481,2025-03-27,SKU020,DC04,29,SUP04
REC001482,2025-03-28,SKU012,DC01,68,SUP04
REC001483,2025-03-29,SKU001,DC01,28,SUP01
REC001484,2025-03-29,SKU001,DC03,50,SUP01
REC001485,2025-03-29,SKU005,DC01,57,SUP05
REC001486,2025-03-29,SKU009,DC03,61,SUP01
REC001487,2025-03-29,SKU018,DC02,61,SUP02
REC001488,2025-03-29,SKU022,DC03,49,SUP06
REC001489,2025-03-29,SKU024,DC02,38,SUP08
REC001490,2025-03-30,SKU007,DC04,52,SUP07
REC001491,2025-03-30,SKU024,DC03,72,SUP08
REC001492,2025-03-31,SKU005,DC01,69,SUP05
REC001493,2025-03-31,SKU005,DC04,27,SUP05
REC001494,2025-03-31,SKU011,DC01,57,SUP03
REC001495,2025-03-31,SKU022,DC03,42,SUP06
REC001496,2025-04-01,SKU013,DC02,20,SUP05
REC001497,2025-04-01,SKU016,DC03,52,SUP08
REC001498,2025-04-02,SKU011,DC03,40,SUP03
REC001499,2025-04-02,SKU018,DC02,58,SUP02
REC001500,2025-04-03,SKU005,DC03,51,SUP05
REC001501,2025-04-03,SKU006,DC01,72,SUP06
REC001502,2025-04-03,SKU017,DC03,56,SUP01
REC001503,2025-04-03,SKU024,DC01,75,SUP08
REC001504,2025-04-04,SKU008,DC01,26,SUP08
REC001505,2025-04-04,SKU010,DC02,68,SUP02
REC001506,2025-04-04,SKU011,DC02,66,SUP03
REC001507,2025-04-04,SKU013,DC01,57,SUP05
REC001508,2025-04-04,SKU015,DC04,17,SUP07
REC001509,2025-04-05,SKU004,DC01,55,SUP04
REC001510,2025-04-05,SKU011,DC02,23,SUP03
REC001511,2025-04-05,SKU019,DC03,75,SUP03
REC001512,2025-04-05,SKU019,DC04,27,SUP03
REC001513,2025-04-06,SKU024,DC03,72,SUP08
REC001514,2025-04-07,SKU002,DC02,68,SUP02
REC001515,2025-04-07,SKU006,DC01,72,SUP06
REC001516,2025-04-07,SKU009,DC03,26,SUP01
REC001517,2025-04-07,SKU010,DC03,64,SUP02
REC001518,2025-04-07,SKU019,DC04,44,SUP03
REC001519,2025-04-07,SKU022,DC01,64,SUP06
REC001520,2025-04-08,SKU001,DC02,17,SUP01
REC001521,2025-04-08,SKU011,DC01,42,SUP03
REC001522,2025-04-08,SKU017,DC03,63,SUP01
REC001523,2025-04-08,SKU018,DC03,18,SUP02
REC001524,2025-04-08,SKU021,DC02,64,SUP05
REC001525,2025-04-08,SKU021,DC04,26,SUP05
REC001526,2025-04-09,SKU003,DC02,20,SUP03
REC001527,2025-04-09,SKU005,DC02,27,SUP05
REC001528,2025-04-09,SKU024,DC02,53,SUP08
REC001529,2025-04-10,SKU013,DC03,60,SUP05
REC001530,2025-04-11,SKU001,DC04,46,SUP01
REC001531,2025-04-11,SKU002,DC03,40,SUP02
REC001532,2025-04-11,SKU004,DC03,57,SUP04
REC001533,2025-04-11,SKU005,DC01,47,SUP05
REC001534,2025-04-11,SKU019,DC03,24,SUP03
REC001535,2025-04-11,SKU021,DC02,26,SUP05
REC001536,2025-04-12,SKU007,DC03,48,SUP07
REC001537,2025-04-12,SKU007,DC04,16,SUP07
REC001538,2025-04-13,SKU017,DC01,34,SUP01
REC001539,2025-04-14,SKU002,DC03,25,SUP02
REC001540,2025-04-14,SKU007,DC01,73,SUP07
REC001541,2025-04-15,SKU006,DC04,25,SUP06
REC001542,2025-04-15,SKU013,DC04,36,SUP05
REC001543,2025-04-15,SKU014,DC03,40,SUP06
REC001544,2025-04-15,SKU015,DC01,23,SUP07
REC001545,2025-04-16,SKU004,DC03,41,SUP04
REC001546,2025-04-16,SKU005,DC01,29,SUP05
REC001547,2025-04-16,SKU022,DC04,21,SUP06
REC001548,2025-04-17,SKU004,DC02,30,SUP04
REC001549,2025-04-17,SKU016,DC01,38,SUP08
REC001550,2025-04-18,SKU002,DC01,64,SUP02
REC001551,2025-04-18,SKU009,DC01,37,SUP01
REC001552,2025-04-18,SKU009,DC03,71,SUP01
REC001553,2025-04-19,SKU023,DC01,32,SUP07
REC001554,2025-04-20,SKU003,DC04,35,SUP03
REC001555,2025-04-21,SKU009,DC01,69,SUP01
REC001556,2025-04-21,SKU015,DC04,56,SUP07
REC001557,2025-04-21,SKU016,DC01,70,SUP08
REC001558,2025-04-21,SKU016,DC03,62,SUP08
REC001559,2025-04-21,SKU020,DC01,63,SUP04
REC001560,2025-04-22,SKU003,DC01,59,SUP03
REC001561,2025-04-22,SKU007,DC01,34,SUP07
REC001562,2025-04-22,SKU020,DC04,44,SUP04
REC001563,2025-04-23,SKU003,DC03,36,SUP03
REC001564,2025-04-23,SKU004,DC02,28,SUP04
REC001565,2025-04-24,SKU014,DC04,74,SUP06
REC001566,2025-04-25,SKU002,DC04,39,SUP02
REC001567,2025-04-25,SKU004,DC03,51,SUP04
REC001568,2025-04-25,SKU014,DC04,67,SUP06
REC001569,2025-04-26,SKU002,DC04,70,SUP02
REC001570,2025-04-26,SKU008,DC01,59,SUP08
REC001571,2025-04-26,SKU011,DC01,34,SUP03
REC001572,2025-04-26,SKU019,DC04,51,SUP03
REC001573,2025-04-27,SKU002,DC01,28,SUP02
REC001574,2025-04-27,SKU008,DC01,53,SUP08
REC001575,2025-04-27,SKU014,DC02,29,SUP06
REC001576,2025-04-27,SKU015,DC01,67,SUP07
REC001577,2025-04-27,SKU018,DC03,45,SUP02
REC001578,2025-04-27,SKU018,DC04,30,SUP02
REC001579,2025-04-27,SKU021,DC01,40,SUP05
REC001580,2025-04-28,SKU015,DC04,42,SUP07
REC001581,2025-04-28,SKU017,DC02,65,SUP01
REC001582,2025-04-29,SKU011,DC01,71,SUP03
REC001583,2025-04-29,SKU018,DC02,21,SUP02
REC001584,2025-04-30,SKU005,DC01,29,SUP05
REC001585,2025-04-30,SKU005,DC03,49,SUP05
REC001586,2025-04-30,SKU013,DC04,48,SUP05
REC001587,2025-04-30,SKU015,DC01,60,SUP07
REC001588,2025-04-30,SKU015,DC03,60,SUP07
REC001589,2025-04-30,SKU017,DC02,63,SUP01
REC001590,2025-05-01,SKU004,DC02,51,SUP04
REC001591,2025-05-01,SKU004,DC04,61,SUP04
REC001592,2025-05-01,SKU015,DC01,33,SUP07
REC001593,2025-05-01,SKU015,DC04,29,SUP07
REC001594,2025-05-02,SKU001,DC01,33,SUP01
REC001595,2025-05-02,SKU001,DC04,45,SUP01
REC001596,2025-05-02,SKU019,DC04,68,SUP03
REC001597,2025-05-03,SKU022,DC01,57,SUP06
REC001598,2025-05-04,SKU002,DC04,75,SUP02
REC001599,2025-05-04,SKU009,DC04,39,SUP01
REC001600,2025-05-04,SKU010,DC04,20,SUP02
REC001601,2025-05-05,SKU023,DC03,16,SUP07
REC001602,2025-05-06,SKU007,DC01,70,SUP07
REC001603,2025-05-06,SKU014,DC04,68,SUP06
REC001604,2025-05-06,SKU017,DC01,18,SUP01
REC001605,2025-05-06,SKU018,DC02,34,SUP02
REC001606,2025-05-06,SKU023,DC04,42,SUP07
REC001607,2025-05-06,SKU024,DC02,55,SUP08
REC001608,2025-05-07,SKU012,DC01,41,SUP04
REC001609,2025-05-07,SKU018,DC01,56,SUP02
REC001610,2025-05-08,SKU008,DC01,17,SUP08
REC001611,2025-05-08,SKU016,DC04,44,SUP08
REC001612,2025-05-08,SKU020,DC02,54,SUP04
REC001613,2025-05-09,SKU003,DC04,72,SUP03
REC001614,2025-05-09,SKU024,DC02,68,SUP08
REC001615,2025-05-10,SKU006,DC01,48,SUP06
REC001616,2025-05-10,SKU007,DC01,42,SUP07
REC001617,2025-05-10,SKU009,DC02,44,SUP01
REC001618,2025-05-10,SKU011,DC03,52,SUP03
REC001619,2025-05-10,SKU016,DC03,64,SUP08
REC001620,2025-05-10,SKU017,DC03,30,SUP01
REC001621,2025-05-11,SKU011,DC03,47,SUP03
REC001622,2025-05-11,SKU016,DC04,16,SUP08
REC001623,2025-05-11,SKU018,DC03,17,SUP02
REC001624,2025-05-11,SKU021,DC02,62,SUP05
REC001625,2025-05-12,SKU002,DC04,33,SUP02
REC001626,2025-05-12,SKU008,DC04,43,SUP08
REC001627,2025-05-12,SKU011,DC03,24,SUP03
REC001628,2025-05-12,SKU013,DC01,29,SUP05
REC001629,2025-05-12,SKU017,DC04,19,SUP01
REC001630,2025-05-12,SKU023,DC02,72,SUP07
REC001631,2025-05-13,SKU006,DC01,42,SUP06
REC001632,2025-05-13,SKU011,DC01,50,SUP03
REC001633,2025-05-13,SKU011,DC03,43,SUP03
REC001634,2025-05-13,SKU018,DC01,70,SUP02
REC001635,2025-05-14,SKU010,DC02,35,SUP02
REC001636,2025-05-14,SKU021,DC03,22,SUP05
REC001637,2025-05-14,SKU024,DC02,35,SUP08
REC001638,2025-05-15,SKU003,DC04,51,SUP03
REC001639,2025-05-15,SKU013,DC03,47,SUP05
REC001640,2025-05-15,SKU014,DC02,32,SUP06
REC001641,2025-05-15,SKU015,DC03,41,SUP07
REC001642,2025-05-15,SKU018,DC03,41,SUP02
REC001643,2025-05-16,SKU008,DC04,75,SUP08
REC001644,2025-05-16,SKU016,DC04,67,SUP08
REC001645,2025-05-17,SKU014,DC02,74,SUP06
REC001646,2025-05-17,SKU019,DC04,32,SUP03
REC001647,2025-05-18,SKU018,DC03,46,SUP02
REC001648,2025-05-19,SKU002,DC01,18,SUP02
REC001649,2025-05-19,SKU002,DC02,50,SUP02
REC001650,2025-05-19,SKU013,DC01,46,SUP05
REC001651,2025-05-19,SKU018,DC02,21,SUP02
REC001652,2025-05-20,SKU007,DC01,73,SUP07
REC001653,2025-05-20,SKU011,DC03,23,SUP03
REC001654,2025-05-21,SKU001,DC02,72,SUP01
REC001655,2025-05-21,SKU009,DC03,50,SUP01
REC001656,2025-05-21,SKU009,DC04,28,SUP01
REC001657,2025-05-22,SKU010,DC01,19,SUP02
REC001658,2025-05-22,SKU010,DC03,32,SUP02
REC001659,2025-05-22,SKU022,DC01,46,SUP06
REC001660,2025-05-23,SKU006,DC02,37,SUP06
REC001661,2025-05-23,SKU012,DC01,19,SUP04
REC001662,2025-05-23,SKU020,DC04,68,SUP04
REC001663,2025-05-24,SKU006,DC03,43,SUP06
REC001664,2025-05-24,SKU015,DC04,19,SUP07
REC001665,2025-05-24,SKU019,DC04,36,SUP03
REC001666,2025-05-24,SKU021,DC02,41,SUP05
REC001667,2025-05-24,SKU022,DC02,54,SUP06
REC001668,2025-05-24,SKU023,DC04,23,SUP07
REC001669,2025-05-25,SKU004,DC02,52,SUP04
REC001670,2025-05-25,SKU006,DC02,41,SUP06
REC001671,2025-05-25,SKU020,DC02,55,SUP04
REC001672,2025-05-25,SKU022,DC03,47,SUP06
REC001673,2025-05-25,SKU023,DC03,25,SUP07
REC001674,2025-05-26,SKU004,DC04,15,SUP04
REC001675,2025-05-26,SKU005,DC03,16,SUP05
REC001676,2025-05-27,SKU002,DC04,54,SUP02
REC001677,2025-05-27,SKU008,DC04,24,SUP08
REC001678,2025-05-27,SKU009,DC04,56,SUP01
REC001679,2025-05-27,SKU020,DC01,63,SUP04
REC001680,2025-05-28,SKU009,DC03,21,SUP01
REC001681,2025-05-28,SKU014,DC02,74,SUP06
REC001682,2025-05-28,SKU020,DC04,55,SUP04
REC001683,2025-05-28,SKU021,DC03,70,SUP05
REC001684,2025-05-29,SKU003,DC03,64,SUP03
REC001685,2025-05-30,SKU001,DC03,29,SUP01
REC001686,2025-05-30,SKU006,DC02,42,SUP06
REC001687,2025-05-30,SKU010,DC04,51,SUP02
REC001688,2025-05-30,SKU019,DC03,54,SUP03
REC001689,2025-05-30,SKU021,DC02,66,SUP05
REC001690,2025-05-31,SKU005,DC02,54,SUP05
REC001691,2025-05-31,SKU015,DC02,36,SUP07
REC001692,2025-05-31,SKU015,DC03,74,SUP07
REC001693,2025-05-31,SKU016,DC04,27,SUP08
REC001694,2025-05-31,SKU022,DC01,47,SUP06
REC001695,2025-05-31,SKU023,DC01,50,SUP07
REC001696,2025-05-31,SKU024,DC01,18,SUP08
REC001697,2025-06-01,SKU008,DC02,33,SUP08
REC001698,2025-06-01,SKU009,DC02,34,SUP01
REC001699,2025-06-01,SKU010,DC03,36,SUP02
REC001700,2025-06-02,SKU005,DC04,68,SUP05
REC001701,2025-06-02,SKU016,DC02,51,SUP08
REC001702,2025-06-03,SKU003,DC04,26,SUP03
REC001703,2025-06-03,SKU011,DC04,69,SUP03
REC001704,2025-06-03,SKU023,DC04,22,SUP07
REC001705,2025-06-04,SKU012,DC01,22,SUP04
REC001706,2025-06-04,SKU015,DC01,19,SUP07
REC001707,2025-06-05,SKU016,DC01,42,SUP08
REC001708,2025-06-06,SKU014,DC01,58,SUP06
REC001709,2025-06-07,SKU003,DC04,27,SUP03
REC001710,2025-06-07,SKU008,DC01,58,SUP08
REC001711,2025-06-07,SKU008,DC04,45,SUP08
REC001712,2025-06-07,SKU018,DC03,60,SUP02
REC001713,2025-06-08,SKU015,DC03,25,SUP07
REC001714,2025-06-08,SKU019,DC03,55,SUP03
REC001715,2025-06-08,SKU020,DC02,37,SUP04
REC001716,2025-06-09,SKU011,DC03,17,SUP03
REC001717,2025-06-09,SKU013,DC01,70,SUP05
REC001718,2025-06-09,SKU024,DC02,57,SUP08
REC001719,2025-06-10,SKU004,DC02,21,SUP04
REC001720,2025-06-10,SKU011,DC02,63,SUP03
REC001721,2025-06-10,SKU020,DC02,15,SUP04
REC001722,2025-06-11,SKU006,DC03,42,SUP06
REC001723,2025-06-11,SKU014,DC01,58,SUP06
REC001724,2025-06-11,SKU024,DC02,16,SUP08
REC001725,2025-06-12,SKU001,DC04,68,SUP01
REC001726,2025-06-12,SKU010,DC04,30,SUP02
REC001727,2025-06-12,SKU013,DC02,60,SUP05
REC001728,2025-06-13,SKU008,DC01,16,SUP08
REC001729,2025-06-13,SKU011,DC03,71,SUP03
REC001730,2025-06-15,SKU001,DC03,68,SUP01
REC001731,2025-06-15,SKU008,DC04,75,SUP08
REC001732,2025-06-15,SKU016,DC03,38,SUP08
REC001733,2025-06-15,SKU018,DC04,30,SUP02
REC001734,2025-06-16,SKU006,DC04,37,SUP06
REC001735,2025-06-16,SKU007,DC04,48,SUP07
REC001736,2025-06-16,SKU011,DC01,30,SUP03
REC001737,2025-06-16,SKU011,DC04,29,SUP03
REC001738,2025-06-16,SKU015,DC04,51,SUP07
REC001739,2025-06-16,SKU023,DC04,28,SUP07
REC001740,2025-06-17,SKU014,DC04,37,SUP06
REC001741,2025-06-18,SKU009,DC04,68,SUP01
REC001742,2025-06-18,SKU014,DC01,51,SUP06
REC001743,2025-06-18,SKU014,DC03,43,SUP06
REC001744,2025-06-18,SKU015,DC01,47,SUP07
REC001745,2025-06-19,SKU006,DC04,47,SUP06
REC001746,2025-06-19,SKU009,DC03,20,SUP01
REC001747,2025-06-19,SKU010,DC03,22,SUP02
REC001748,2025-06-19,SKU012,DC04,46,SUP04
REC001749,2025-06-20,SKU001,DC01,50,SUP01
REC001750,2025-06-20,SKU004,DC02,54,SUP04
REC001751,2025-06-20,SKU006,DC01,49,SUP06
REC001752,2025-06-20,SKU008,DC04,42,SUP08
REC001753,2025-06-20,SKU011,DC01,53,SUP03
REC001754,2025-06-20,SKU021,DC01,64,SUP05
REC001755,2025-06-20,SKU021,DC03,56,SUP05
REC001756,2025-06-21,SKU003,DC03,25,SUP03
REC001757,2025-06-21,SKU006,DC04,65,SUP06
REC001758,2025-06-21,SKU009,DC02,16,SUP01
REC001759,2025-06-21,SKU015,DC03,41,SUP07
REC001760,2025-06-21,SKU019,DC03,32,SUP03
REC001761,2025-06-22,SKU010,DC02,43,SUP02
REC001762,2025-06-22,SKU016,DC03,64,SUP08
REC001763,2025-06-22,SKU018,DC02,49,SUP02
REC001764,2025-06-22,SKU023,DC03,41,SUP07
REC001765,2025-06-22,SKU024,DC01,57,SUP08
REC001766,2025-06-23,SKU008,DC03,33,SUP08
REC001767,2025-06-23,SKU018,DC04,41,SUP02
REC001768,2025-06-23,SKU019,DC02,46,SUP03
REC001769,2025-06-23,SKU020,DC04,62,SUP04
REC001770,2025-06-23,SKU021,DC04,47,SUP05
REC001771,2025-06-24,SKU002,DC03,70,SUP02
REC001772,2025-06-24,SKU007,DC01,53,SUP07
REC001773,2025-06-24,SKU009,DC01,72,SUP01
REC001774,2025-06-24,SKU014,DC02,58,SUP06
REC001775,2025-06-25,SKU006,DC02,68,SUP06
REC001776,2025-06-25,SKU007,DC01,42,SUP07
REC001777,2025-06-25,SKU019,DC02,38,SUP03
REC001778,2025-06-25,SKU023,DC02,47,SUP07
REC001779,2025-06-26,SKU008,DC04,73,SUP08
REC001780,2025-06-26,SKU011,DC03,34,SUP03
REC001781,2025-06-26,SKU015,DC03,52,SUP07
REC001782,2025-06-26,SKU021,DC01,20,SUP05
REC001783,2025-06-26,SKU024,DC03,26,SUP08
REC001784,2025-06-27,SKU005,DC04,71,SUP05
REC001785,2025-06-27,SKU020,DC04,50,SUP04
REC001786,2025-06-28,SKU010,DC03,15,SUP02
REC001787,2025-06-29,SKU002,DC02,64,SUP02
REC001788,2025-06-29,SKU009,DC02,67,SUP01
REC001789,2025-06-30,SKU017,DC04,41,SUP01
REC001790,2025-06-30,SKU019,DC01,69,SUP03
REC001791,2025-06-30,SKU020,DC01,75,SUP04
REC001792,2025-07-01,SKU004,DC01,59,SUP04
REC001793,2025-07-01,SKU016,DC02,15,SUP08
REC001794,2025-07-01,SKU016,DC04,67,SUP08
REC001795,2025-07-02,SKU001,DC04,50,SUP01
REC001796,2025-07-02,SKU007,DC02,62,SUP07
REC001797,2025-07-03,SKU006,DC04,64,SUP06
REC001798,2025-07-03,SKU011,DC03,58,SUP03
REC001799,2025-07-03,SKU016,DC01,44,SUP08
REC001800,2025-07-04,SKU011,DC03,37,SUP03
REC001801,2025-07-04,SKU013,DC03,40,SUP05
REC001802,2025-07-05,SKU009,DC02,68,SUP01
REC001803,2025-07-05,SKU010,DC02,28,SUP02
REC001804,2025-07-06,SKU004,DC01,35,SUP04
REC001805,2025-07-06,SKU009,DC02,71,SUP01
REC001806,2025-07-06,SKU018,DC04,41,SUP02
REC001807,2025-07-06,SKU019,DC03,33,SUP03
REC001808,2025-07-07,SKU002,DC02,25,SUP02
REC001809,2025-07-07,SKU006,DC04,31,SUP06
REC001810,2025-07-07,SKU007,DC01,58,SUP07
REC001811,2025-07-08,SKU003,DC03,57,SUP03
REC001812,2025-07-08,SKU011,DC04,45,SUP03
REC001813,2025-07-08,SKU012,DC04,50,SUP04
REC001814,2025-07-08,SKU017,DC03,29,SUP01
REC001815,2025-07-08,SKU023,DC01,36,SUP07
REC001816,2025-07-09,SKU019,DC03,21,SUP03
REC001817,2025-07-09,SKU023,DC04,21,SUP07
REC001818,2025-07-10,SKU012,DC03,67,SUP04
REC001819,2025-07-10,SKU015,DC01,64,SUP07
REC001820,2025-07-10,SKU020,DC01,21,SUP04
REC001821,2025-07-11,SKU002,DC02,39,SUP02
REC001822,2025-07-11,SKU007,DC03,59,SUP07
REC001823,2025-07-11,SKU009,DC02,19,SUP01
REC001824,2025-07-11,SKU010,DC03,69,SUP02
REC001825,2025-07-11,SKU011,DC04,73,SUP03
REC001826,2025-07-11,SKU015,DC03,59,SUP07
REC001827,2025-07-11,SKU022,DC04,15,SUP06
REC001828,2025-07-12,SKU002,DC01,35,SUP02
REC001829,2025-07-12,SKU004,DC03,67,SUP04
REC001830,2025-07-12,SKU006,DC01,62,SUP06
REC001831,2025-07-12,SKU012,DC04,30,SUP04
REC001832,2025-07-12,SKU016,DC02,35,SUP08
REC001833,2025-07-12,SKU019,DC02,44,SUP03
REC001834,2025-07-13,SKU004,DC04,72,SUP04
REC001835,2025-07-13,SKU006,DC02,18,SUP06
REC001836,2025-07-13,SKU008,DC01,51,SUP08
REC001837,2025-07-13,SKU015,DC02,23,SUP07
REC001838,2025-07-14,SKU006,DC04,17,SUP06
REC001839,2025-07-14,SKU007,DC02,33,SUP07
REC001840,2025-07-14,SKU015,DC01,62,SUP07
REC001841,2025-07-15,SKU009,DC01,23,SUP01
REC001842,2025-07-15,SKU020,DC02,51,SUP04
REC001843,2025-07-15,SKU020,DC04,41,SUP04
REC001844,2025-07-15,SKU021,DC03,64,SUP05
REC001845,2025-07-16,SKU005,DC04,17,SUP05
REC001846,2025-07-16,SKU006,DC03,47,SUP06
REC001847,2025-07-16,SKU007,DC01,29,SUP07
REC001848,2025-07-16,SKU017,DC02,52,SUP01
REC001849,2025-07-17,SKU003,DC01,72,SUP03
REC001850,2025-07-17,SKU013,DC04,48,SUP05
REC001851,2025-07-17,SKU014,DC04,63,SUP06
REC001852,2025-07-18,SKU001,DC03,50,SUP01
REC001853,2025-07-18,SKU017,DC04,38,SUP01
REC001854,2025-07-18,SKU021,DC01,38,SUP05
REC001855,2025-07-18,SKU022,DC01,19,SUP06
REC001856,2025-07-19,SKU011,DC01,19,SUP03
REC001857,2025-07-19,SKU011,DC02,20,SUP03
REC001858,2025-07-19,SKU013,DC03,22,SUP05
REC001859,2025-07-19,SKU017,DC03,31,SUP01
REC001860,2025-07-20,SKU007,DC03,46,SUP07
REC001861,2025-07-20,SKU009,DC01,48,SUP01
REC001862,2025-07-20,SKU024,DC04,20,SUP08
REC001863,2025-07-21,SKU018,DC04,59,SUP02
REC001864,2025-07-22,SKU002,DC04,58,SUP02
REC001865,2025-07-23,SKU007,DC03,24,SUP07
REC001866,2025-07-23,SKU008,DC01,60,SUP08
REC001867,2025-07-23,SKU009,DC02,38,SUP01
REC001868,2025-07-23,SKU013,DC02,55,SUP05
REC001869,2025-07-24,SKU005,DC02,67,SUP05
REC001870,2025-07-24,SKU020,DC02,17,SUP04
REC001871,2025-07-24,SKU024,DC03,34,SUP08
REC001872,2025-07-25,SKU003,DC04,21,SUP03
REC001873,2025-07-26,SKU005,DC03,27,SUP05
REC001874,2025-07-26,SKU008,DC03,22,SUP08
REC001875,2025-07-26,SKU015,DC04,72,SUP07
REC001876,2025-07-26,SKU016,DC01,47,SUP08
REC001877,2025-07-26,SKU023,DC03,42,SUP07
REC001878,2025-07-27,SKU004,DC02,65,SUP04
REC001879,2025-07-27,SKU005,DC04,71,SUP05
REC001880,2025-07-27,SKU016,DC01,72,SUP08
REC001881,2025-07-27,SKU019,DC02,72,SUP03
REC001882,2025-07-27,SKU021,DC04,28,SUP05
REC001883,2025-07-28,SKU020,DC03,21,SUP04
REC001884,2025-07-28,SKU022,DC04,64,SUP06
REC001885,2025-07-28,SKU023,DC02,19,SUP07
REC001886,2025-07-29,SKU013,DC04,21,SUP05
REC001887,2025-07-30,SKU001,DC01,69,SUP01
REC001888,2025-07-30,SKU009,DC03,16,SUP01
REC001889,2025-07-31,SKU006,DC01,36,SUP06
REC001890,2025-07-31,SKU024,DC02,27,SUP08
REC001891,2025-07-31,SKU024,DC03,73,SUP08
REC001892,2025-08-01,SKU014,DC03,72,SUP06
REC001893,2025-08-01,SKU015,DC01,53,SUP07
REC001894,2025-08-01,SKU016,DC02,45,SUP08
REC001895,2025-08-02,SKU001,DC03,58,SUP01
REC001896,2025-08-02,SKU010,DC01,32,SUP02
REC001897,2025-08-02,SKU011,DC02,42,SUP03
REC001898,2025-08-02,SKU017,DC04,45,SUP01
REC001899,2025-08-02,SKU018,DC04,75,SUP02
REC001900,2025-08-02,SKU021,DC01,37,SUP05
REC001901,2025-08-02,SKU023,DC01,36,SUP07
REC001902,2025-08-03,SKU004,DC04,58,SUP04
REC001903,2025-08-03,SKU012,DC01,58,SUP04
REC001904,2025-08-03,SKU013,DC04,42,SUP05
REC001905,2025-08-04,SKU003,DC03,68,SUP03
REC001906,2025-08-04,SKU013,DC04,22,SUP05
REC001907,2025-08-05,SKU009,DC01,40,SUP01
REC001908,2025-08-05,SKU012,DC03,21,SUP04
REC001909,2025-08-06,SKU006,DC03,75,SUP06
REC001910,2025-08-06,SKU016,DC03,65,SUP08
REC001911,2025-08-06,SKU023,DC04,33,SUP07
REC001912,2025-08-07,SKU002,DC03,46,SUP02
REC001913,2025-08-07,SKU013,DC02,31,SUP05
REC001914,2025-08-07,SKU019,DC01,19,SUP03
REC001915,2025-08-07,SKU024,DC02,45,SUP08
REC001916,2025-08-08,SKU003,DC04,52,SUP03
REC001917,2025-08-08,SKU005,DC04,42,SUP05
REC001918,2025-08-08,SKU008,DC01,46,SUP08
REC001919,2025-08-08,SKU014,DC03,25,SUP06
REC001920,2025-08-08,SKU019,DC04,59,SUP03
REC001921,2025-08-09,SKU009,DC01,61,SUP01
REC001922,2025-08-10,SKU001,DC02,19,SUP01
REC001923,2025-08-11,SKU003,DC01,33,SUP03
REC001924,2025-08-11,SKU006,DC03,24,SUP06
REC001925,2025-08-11,SKU023,DC02,48,SUP07
REC001926,2025-08-12,SKU018,DC04,71,SUP02
REC001927,2025-08-13,SKU001,DC04,71,SUP01
REC001928,2025-08-13,SKU011,DC03,43,SUP03
REC001929,2025-08-13,SKU017,DC01,26,SUP01
REC001930,2025-08-13,SKU018,DC02,65,SUP02
REC001931,2025-08-14,SKU002,DC03,42,SUP02
REC001932,2025-08-14,SKU019,DC03,16,SUP03
REC001933,2025-08-14,SKU020,DC04,46,SUP04
REC001934,2025-08-15,SKU018,DC01,15,SUP02
REC001935,2025-08-15,SKU024,DC04,56,SUP08
REC001936,2025-08-16,SKU001,DC03,62,SUP01
REC001937,2025-08-16,SKU013,DC04,43,SUP05
REC001938,2025-08-16,SKU015,DC03,47,SUP07
REC001939,2025-08-16,SKU021,DC02,73,SUP05
REC001940,2025-08-17,SKU002,DC02,40,SUP02
REC001941,2025-08-17,SKU003,DC03,18,SUP03
REC001942,2025-08-17,SKU020,DC04,23,SUP04
REC001943,2025-08-18,SKU008,DC03,71,SUP08
REC001944,2025-08-18,SKU010,DC01,66,SUP02
REC001945,2025-08-18,SKU012,DC04,33,SUP04
REC001946,2025-08-18,SKU016,DC02,52,SUP08
REC001947,2025-08-19,SKU009,DC01,68,SUP01
REC001948,2025-08-19,SKU018,DC03,39,SUP02
REC001949,2025-08-19,SKU022,DC03,74,SUP06
REC001950,2025-08-19,SKU023,DC04,50,SUP07
REC001951,2025-08-20,SKU008,DC01,31,SUP08
REC001952,2025-08-20,SKU012,DC01,25,SUP04
REC001953,2025-08-20,SKU012,DC03,42,SUP04
REC001954,2025-08-21,SKU006,DC03,27,SUP06
REC001955,2025-08-21,SKU012,DC03,67,SUP04
REC001956,2025-08-21,SKU019,DC03,41,SUP03
REC001957,2025-08-22,SKU001,DC03,53,SUP01
REC001958,2025-08-22,SKU005,DC04,72,SUP05
REC001959,2025-08-23,SKU001,DC04,49,SUP01
REC001960,2025-08-23,SKU008,DC02,60,SUP08
REC001961,2025-08-23,SKU009,DC03,70,SUP01
REC001962,2025-08-25,SKU002,DC02,27,SUP02
REC001963,2025-08-25,SKU002,DC03,29,SUP02
REC001964,2025-08-25,SKU003,DC03,64,SUP03
REC001965,2025-08-25,SKU012,DC04,45,SUP04
REC001966,2025-08-25,SKU014,DC04,50,SUP06
REC001967,2025-08-25,SKU016,DC01,28,SUP08
REC001968,2025-08-25,SKU020,DC01,51,SUP04
REC001969,2025-08-26,SKU003,DC04,29,SUP03
REC001970,2025-08-26,SKU007,DC02,31,SUP07
REC001971,2025-08-26,SKU018,DC04,33,SUP02
REC001972,2025-08-26,SKU019,DC01,48,SUP03
REC001973,2025-08-26,SKU022,DC04,66,SUP06
REC001974,2025-08-27,SKU006,DC03,44,SUP06
REC001975,2025-08-27,SKU007,DC04,56,SUP07
REC001976,2025-08-27,SKU009,DC04,66,SUP01
REC001977,2025-08-27,SKU018,DC03,47,SUP02
REC001978,2025-08-28,SKU005,DC04,50,SUP05
REC001979,2025-08-28,SKU008,DC01,62,SUP08
REC001980,2025-08-28,SKU010,DC02,63,SUP02
REC001981,2025-08-28,SKU022,DC04,33,SUP06
REC001982,2025-08-28,SKU024,DC03,75,SUP08
REC001983,2025-08-29,SKU005,DC03,38,SUP05
REC001984,2025-08-29,SKU006,DC01,33,SUP06
REC001985,2025-08-29,SKU019,DC03,61,SUP03
REC001986,2025-08-29,SKU019,DC04,16,SUP03
REC001987,2025-08-30,SKU001,DC01,59,SUP01
REC001988,2025-08-30,SKU008,DC01,28,SUP08
REC001989,2025-08-30,SKU016,DC04,62,SUP08
REC001990,2025-08-30,SKU017,DC02,67,SUP01
REC001991,2025-08-30,SKU018,DC04,43,SUP02
REC001992,2025-08-30,SKU022,DC01,37,SUP06
REC001993,2025-08-30,SKU023,DC01,62,SUP07
REC001994,2025-08-31,SKU001,DC01,57,SUP01
REC001995,2025-08-31,SKU001,DC04,73,SUP01
REC001996,2025-08-31,SKU003,DC04,65,SUP03
REC001997,2025-08-31,SKU005,DC04,43,SUP05
REC001998,2025-08-31,SKU016,DC01,58,SUP08
REC001999,2025-09-01,SKU004,DC01,19,SUP04
REC002000,2025-09-01,SKU007,DC02,70,SUP07
REC002001,2025-09-01,SKU014,DC04,70,SUP06
REC002002,2025-09-01,SKU023,DC03,66,SUP07
REC002003,2025-09-02,SKU004,DC01,71,SUP04
REC002004,2025-09-02,SKU014,DC02,50,SUP06
REC002005,2025-09-02,SKU015,DC04,21,SUP07
REC002006,2025-09-03,SKU003,DC03,47,SUP03
REC002007,2025-09-03,SKU010,DC04,61,SUP02
REC002008,2025-09-03,SKU012,DC02,17,SUP04
REC002009,2025-09-03,SKU014,DC03,73,SUP06
REC002010,2025-09-03,SKU016,DC01,38,SUP08
REC002011,2025-09-03,SKU018,DC01,56,SUP02
REC002012,2025-09-04,SKU005,DC02,44,SUP05
REC002013,2025-09-04,SKU007,DC03,33,SUP07
REC002014,2025-09-04,SKU008,DC01,43,SUP08
REC002015,2025-09-04,SKU009,DC03,34,SUP01
REC002016,2025-09-05,SKU016,DC04,41,SUP08
REC002017,2025-09-05,SKU017,DC04,48,SUP01
REC002018,2025-09-05,SKU022,DC04,57,SUP06
REC002019,2025-09-06,SKU001,DC04,44,SUP01
REC002020,2025-09-06,SKU020,DC03,52,SUP04
REC002021,2025-09-07,SKU008,DC03,55,SUP08
REC002022,2025-09-07,SKU008,DC04,67,SUP08
REC002023,2025-09-07,SKU011,DC03,50,SUP03
REC002024,2025-09-07,SKU017,DC02,40,SUP01
REC002025,2025-09-08,SKU007,DC02,37,SUP07
REC002026,2025-09-08,SKU023,DC02,57,SUP07
REC002027,2025-09-09,SKU002,DC04,29,SUP02
REC002028,2025-09-09,SKU003,DC04,57,SUP03
REC002029,2025-09-09,SKU005,DC02,29,SUP05
REC002030,2025-09-09,SKU011,DC03,61,SUP03
REC002031,2025-09-09,SKU015,DC02,37,SUP07
REC002032,2025-09-09,SKU021,DC01,53,SUP05
REC002033,2025-09-10,SKU015,DC04,69,SUP07
REC002034,2025-09-11,SKU019,DC01,64,SUP03
REC002035,2025-09-12,SKU002,DC01,38,SUP02
REC002036,2025-09-12,SKU012,DC01,74,SUP04
REC002037,2025-09-12,SKU012,DC04,51,SUP04
REC002038,2025-09-12,SKU013,DC02,30,SUP05
REC002039,2025-09-12,SKU014,DC01,32,SUP06
REC002040,2025-09-12,SKU020,DC03,56,SUP04
REC002041,2025-09-13,SKU002,DC03,63,SUP02
REC002042,2025-09-13,SKU011,DC02,64,SUP03
REC002043,2025-09-13,SKU015,DC03,72,SUP07
REC002044,2025-09-13,SKU019,DC03,46,SUP03
REC002045,2025-09-13,SKU022,DC01,53,SUP06
REC002046,2025-09-14,SKU007,DC02,29,SUP07
REC002047,2025-09-14,SKU024,DC04,30,SUP08
REC002048,2025-09-15,SKU005,DC03,55,SUP05
REC002049,2025-09-15,SKU011,DC03,43,SUP03
REC002050,2025-09-15,SKU013,DC04,47,SUP05
REC002051,2025-09-15,SKU014,DC03,38,SUP06
REC002052,2025-09-15,SKU022,DC03,46,SUP06
REC002053,2025-09-16,SKU001,DC01,24,SUP01
REC002054,2025-09-16,SKU002,DC03,35,SUP02
REC002055,2025-09-16,SKU012,DC03,74,SUP04
REC002056,2025-09-16,SKU023,DC01,60,SUP07
REC002057,2025-09-17,SKU005,DC03,37,SUP05
REC002058,2025-09-17,SKU014,DC01,32,SUP06
REC002059,2025-09-17,SKU014,DC02,26,SUP06
REC002060,2025-09-17,SKU018,DC04,21,SUP02
REC002061,2025-09-18,SKU004,DC01,57,SUP04
REC002062,2025-09-18,SKU023,DC02,24,SUP07
REC002063,2025-09-19,SKU004,DC01,37,SUP04
REC002064,2025-09-19,SKU010,DC04,37,SUP02
REC002065,2025-09-20,SKU001,DC02,21,SUP01
REC002066,2025-09-20,SKU010,DC01,47,SUP02
REC002067,2025-09-20,SKU012,DC03,63,SUP04
REC002068,2025-09-20,SKU013,DC02,74,SUP05
REC002069,2025-09-20,SKU023,DC04,63,SUP07
REC002070,2025-09-20,SKU024,DC03,19,SUP08
REC002071,2025-09-21,SKU003,DC02,40,SUP03
REC002072,2025-09-21,SKU004,DC04,31,SUP04
REC002073,2025-09-21,SKU005,DC03,59,SUP05
REC002074,2025-09-21,SKU010,DC01,37,SUP02
REC002075,2025-09-21,SKU011,DC04,51,SUP03
REC002076,2025-09-21,SKU015,DC04,19,SUP07
REC002077,2025-09-22,SKU005,DC02,49,SUP05
REC002078,2025-09-22,SKU005,DC03,58,SUP05
REC002079,2025-09-22,SKU005,DC04,19,SUP05
REC002080,2025-09-22,SKU007,DC01,41,SUP07
REC002081,2025-09-22,SKU011,DC02,58,SUP03
REC002082,2025-09-22,SKU011,DC04,23,SUP03
REC002083,2025-09-22,SKU023,DC01,61,SUP07
REC002084,2025-09-23,SKU004,DC03,41,SUP04
REC002085,2025-09-23,SKU011,DC03,45,SUP03
REC002086,2025-09-23,SKU017,DC02,69,SUP01
REC002087,2025-09-23,SKU023,DC03,66,SUP07
REC002088,2025-09-23,SKU024,DC04,27,SUP08
REC002089,2025-09-24,SKU002,DC04,55,SUP02
REC002090,2025-09-24,SKU006,DC02,42,SUP06
REC002091,2025-09-24,SKU010,DC04,38,SUP02
REC002092,2025-09-24,SKU019,DC02,54,SUP03
REC002093,2025-09-25,SKU010,DC03,71,SUP02
REC002094,2025-09-25,SKU012,DC02,33,SUP04
REC002095,2025-09-25,SKU014,DC03,18,SUP06
REC002096,2025-09-25,SKU015,DC04,43,SUP07
REC002097,2025-09-25,SKU017,DC01,24,SUP01
REC002098,2025-09-26,SKU003,DC02,61,SUP03
REC002099,2025-09-26,SKU021,DC02,58,SUP05
REC002100,2025-09-26,SKU023,DC01,63,SUP07
REC002101,2025-09-27,SKU020,DC03,34,SUP04
REC002102,2025-09-27,SKU020,DC04,62,SUP04
REC002103,2025-09-28,SKU008,DC04,63,SUP08
REC002104,2025-09-28,SKU018,DC03,38,SUP02
REC002105,2025-09-29,SKU008,DC03,24,SUP08
REC002106,2025-09-29,SKU009,DC01,47,SUP01
REC002107,2025-09-29,SKU022,DC02,48,SUP06
REC002108,2025-09-30,SKU004,DC04,69,SUP04
REC002109,2025-09-30,SKU009,DC01,47,SUP01
REC002110,2025-09-30,SKU016,DC01,50,SUP08
REC002111,2025-09-30,SKU017,DC04,60,SUP01
REC002112,2025-10-01,SKU009,DC04,23,SUP01
REC002113,2025-10-01,SKU014,DC01,18,SUP06
REC002114,2025-10-01,SKU015,DC01,75,SUP07
REC002115,2025-10-02,SKU002,DC01,42,SUP02
REC002116,2025-10-02,SKU018,DC04,39,SUP02
REC002117,2025-10-03,SKU007,DC01,53,SUP07
REC002118,2025-10-03,SKU007,DC04,39,SUP07
REC002119,2025-10-03,SKU023,DC03,61,SUP07
REC002120,2025-10-04,SKU018,DC01,62,SUP02
REC002121,2025-10-05,SKU004,DC02,28,SUP04
REC002122,2025-10-06,SKU005,DC04,40,SUP05
REC002123,2025-10-06,SKU017,DC02,52,SUP01
REC002124,2025-10-06,SKU023,DC01,25,SUP07
REC002125,2025-10-07,SKU022,DC04,48,SUP06
REC002126,2025-10-08,SKU016,DC03,59,SUP08
REC002127,2025-10-09,SKU011,DC01,37,SUP03
REC002128,2025-10-09,SKU011,DC02,60,SUP03
REC002129,2025-10-09,SKU016,DC02,28,SUP08
REC002130,2025-10-10,SKU009,DC01,35,SUP01
REC002131,2025-10-10,SKU015,DC03,36,SUP07
REC002132,2025-10-10,SKU020,DC02,40,SUP04
REC002133,2025-10-10,SKU021,DC02,72,SUP05
REC002134,2025-10-10,SKU022,DC02,38,SUP06
REC002135,2025-10-11,SKU001,DC02,35,SUP01
REC002136,2025-10-11,SKU005,DC01,19,SUP05
REC002137,2025-10-12,SKU012,DC04,19,SUP04
REC002138,2025-10-12,SKU017,DC02,25,SUP01
REC002139,2025-10-13,SKU004,DC03,30,SUP04
REC002140,2025-10-14,SKU004,DC03,51,SUP04
REC002141,2025-10-14,SKU015,DC02,67,SUP07
REC002142,2025-10-14,SKU017,DC01,55,SUP01
REC002143,2025-10-14,SKU017,DC03,38,SUP01
REC002144,2025-10-15,SKU004,DC01,29,SUP04
REC002145,2025-10-15,SKU004,DC02,56,SUP04
REC002146,2025-10-15,SKU006,DC02,34,SUP06
REC002147,2025-10-15,SKU008,DC04,32,SUP08
REC002148,2025-10-16,SKU001,DC01,57,SUP01
REC002149,2025-10-16,SKU004,DC02,49,SUP04
REC002150,2025-10-16,SKU007,DC02,44,SUP07
REC002151,2025-10-17,SKU010,DC01,63,SUP02
REC002152,2025-10-17,SKU019,DC02,71,SUP03
REC002153,2025-10-17,SKU020,DC03,39,SUP04
REC002154,2025-10-17,SKU024,DC01,25,SUP08
REC002155,2025-10-18,SKU018,DC03,51,SUP02
REC002156,2025-10-19,SKU016,DC01,30,SUP08
REC002157,2025-10-19,SKU023,DC02,56,SUP07
REC002158,2025-10-20,SKU002,DC03,64,SUP02
REC002159,2025-10-20,SKU024,DC04,17,SUP08
REC002160,2025-10-21,SKU005,DC02,56,SUP05
REC002161,2025-10-21,SKU015,DC03,46,SUP07
REC002162,2025-10-21,SKU018,DC02,52,SUP02
REC002163,2025-10-22,SKU001,DC04,33,SUP01
REC002164,2025-10-22,SKU007,DC01,16,SUP07
REC002165,2025-10-22,SKU009,DC02,75,SUP01
REC002166,2025-10-22,SKU010,DC01,31,SUP02
REC002167,2025-10-22,SKU019,DC02,63,SUP03
REC002168,2025-10-22,SKU023,DC02,65,SUP07
REC002169,2025-10-23,SKU008,DC02,29,SUP08
REC002170,2025-10-23,SKU010,DC01,26,SUP02
REC002171,2025-10-24,SKU018,DC01,41,SUP02
REC002172,2025-10-24,SKU021,DC04,63,SUP05
REC002173,2025-10-25,SKU002,DC03,49,SUP02
REC002174,2025-10-25,SKU003,DC04,18,SUP03
REC002175,2025-10-25,SKU004,DC03,22,SUP04
REC002176,2025-10-25,SKU008,DC01,57,SUP08
REC002177,2025-10-25,SKU009,DC01,38,SUP01
REC002178,2025-10-25,SKU012,DC03,41,SUP04
REC002179,2025-10-25,SKU016,DC04,37,SUP08
REC002180,2025-10-25,SKU020,DC03,19,SUP04
REC002181,2025-10-25,SKU022,DC03,68,SUP06
REC002182,2025-10-26,SKU008,DC02,38,SUP08
REC002183,2025-10-27,SKU004,DC04,35,SUP04
REC002184,2025-10-27,SKU024,DC04,56,SUP08
REC002185,2025-10-28,SKU008,DC03,36,SUP08
REC002186,2025-10-28,SKU013,DC02,46,SUP05
REC002187,2025-10-28,SKU013,DC04,48,SUP05
REC002188,2025-10-28,SKU015,DC03,28,SUP07
REC002189,2025-10-28,SKU016,DC01,65,SUP08
REC002190,2025-10-28,SKU018,DC02,50,SUP02
REC002191,2025-10-28,SKU021,DC04,69,SUP05
REC002192,2025-10-29,SKU009,DC01,54,SUP01
REC002193,2025-10-29,SKU016,DC02,59,SUP08
REC002194,2025-10-30,SKU004,DC03,17,SUP04
REC002195,2025-10-30,SKU006,DC01,17,SUP06
REC002196,2025-10-30,SKU017,DC01,22,SUP01
REC002197,2025-10-30,SKU022,DC02,66,SUP06
REC002198,2025-10-31,SKU001,DC01,18,SUP01
REC002199,2025-10-31,SKU005,DC01,41,SUP05
REC002200,2025-10-31,SKU007,DC04,40,SUP07
REC002201,2025-11-01,SKU003,DC01,18,SUP03
REC002202,2025-11-01,SKU006,DC04,29,SUP06
REC002203,2025-11-02,SKU008,DC01,70,SUP08
REC002204,2025-11-03,SKU016,DC04,47,SUP08
REC002205,2025-11-03,SKU017,DC04,41,SUP01
REC002206,2025-11-04,SKU006,DC01,27,SUP06
REC002207,2025-11-04,SKU007,DC01,39,SUP07
REC002208,2025-11-04,SKU014,DC01,17,SUP06
REC002209,2025-11-04,SKU016,DC04,18,SUP08
REC002210,2025-11-05,SKU004,DC01,22,SUP04
REC002211,2025-11-05,SKU005,DC02,17,SUP05
REC002212,2025-11-05,SKU013,DC01,40,SUP05
REC002213,2025-11-06,SKU018,DC01,36,SUP02
REC002214,2025-11-06,SKU022,DC01,40,SUP06
REC002215,2025-11-06,SKU023,DC03,25,SUP07
REC002216,2025-11-07,SKU016,DC02,50,SUP08
REC002217,2025-11-07,SKU024,DC04,45,SUP08
REC002218,2025-11-08,SKU009,DC01,47,SUP01
REC002219,2025-11-08,SKU019,DC03,16,SUP03
REC002220,2025-11-08,SKU020,DC04,15,SUP04
REC002221,2025-11-08,SKU023,DC02,48,SUP07
REC002222,2025-11-09,SKU007,DC04,62,SUP07
REC002223,2025-11-09,SKU010,DC01,44,SUP02
REC002224,2025-11-09,SKU018,DC01,52,SUP02
REC002225,2025-11-10,SKU021,DC03,28,SUP05
REC002226,2025-11-11,SKU001,DC02,53,SUP01
REC002227,2025-11-11,SKU007,DC01,31,SUP07
REC002228,2025-11-11,SKU007,DC03,26,SUP07
REC002229,2025-11-11,SKU015,DC03,70,SUP07
REC002230,2025-11-11,SKU018,DC04,70,SUP02
REC002231,2025-11-11,SKU020,DC01,49,SUP04
REC002232,2025-11-12,SKU003,DC03,72,SUP03
REC002233,2025-11-12,SKU024,DC04,69,SUP08
REC002234,2025-11-13,SKU001,DC04,52,SUP01
REC002235,2025-11-13,SKU002,DC04,45,SUP02
REC002236,2025-11-13,SKU010,DC04,17,SUP02
REC002237,2025-11-13,SKU011,DC03,73,SUP03
REC002238,2025-11-13,SKU012,DC02,26,SUP04
REC002239,2025-11-13,SKU014,DC02,68,SUP06
REC002240,2025-11-13,SKU015,DC03,47,SUP07
REC002241,2025-11-13,SKU024,DC02,29,SUP08
REC002242,2025-11-14,SKU011,DC02,31,SUP03
REC002243,2025-11-14,SKU024,DC04,65,SUP08
REC002244,2025-11-15,SKU015,DC03,48,SUP07
REC002245,2025-11-15,SKU020,DC01,55,SUP04
REC002246,2025-11-15,SKU022,DC02,59,SUP06
REC002247,2025-11-15,SKU022,DC04,37,SUP06
REC002248,2025-11-15,SKU024,DC04,65,SUP08
REC002249,2025-11-16,SKU003,DC01,57,SUP03
REC002250,2025-11-16,SKU021,DC02,18,SUP05
REC002251,2025-11-17,SKU015,DC02,56,SUP07
REC002252,2025-11-17,SKU021,DC02,25,SUP05
REC002253,2025-11-18,SKU010,DC01,53,SUP02
REC002254,2025-11-18,SKU017,DC04,48,SUP01
REC002255,2025-11-19,SKU002,DC01,20,SUP02
REC002256,2025-11-19,SKU005,DC02,60,SUP05
REC002257,2025-11-20,SKU013,DC04,70,SUP05
REC002258,2025-11-20,SKU015,DC01,51,SUP07
REC002259,2025-11-20,SKU021,DC04,17,SUP05
REC002260,2025-11-20,SKU024,DC01,75,SUP08
REC002261,2025-11-21,SKU010,DC03,18,SUP02
REC002262,2025-11-21,SKU012,DC02,61,SUP04
REC002263,2025-11-21,SKU019,DC04,72,SUP03
REC002264,2025-11-22,SKU001,DC01,65,SUP01
REC002265,2025-11-22,SKU004,DC01,29,SUP04
REC002266,2025-11-22,SKU007,DC02,39,SUP07
REC002267,2025-11-22,SKU009,DC03,17,SUP01
REC002268,2025-11-22,SKU017,DC03,52,SUP01
REC002269,2025-11-22,SKU024,DC04,47,SUP08
REC002270,2025-11-23,SKU006,DC04,31,SUP06
REC002271,2025-11-23,SKU018,DC03,64,SUP02
REC002272,2025-11-24,SKU016,DC02,48,SUP08
REC002273,2025-11-24,SKU018,DC03,62,SUP02
REC002274,2025-11-25,SKU003,DC03,64,SUP03
REC002275,2025-11-25,SKU005,DC02,52,SUP05
REC002276,2025-11-25,SKU007,DC03,16,SUP07
REC002277,2025-11-25,SKU015,DC03,54,SUP07
REC002278,2025-11-26,SKU002,DC03,64,SUP02
REC002279,2025-11-26,SKU003,DC01,39,SUP03
REC002280,2025-11-26,SKU011,DC01,16,SUP03
REC002281,2025-11-26,SKU014,DC02,48,SUP06
REC002282,2025-11-26,SKU016,DC02,50,SUP08
REC002283,2025-11-26,SKU020,DC01,26,SUP04
REC002284,2025-11-27,SKU005,DC02,52,SUP05
REC002285,2025-11-28,SKU009,DC04,54,SUP01
REC002286,2025-11-28,SKU010,DC01,15,SUP02
REC002287,2025-11-28,SKU013,DC01,43,SUP05
REC002288,2025-11-28,SKU019,DC04,16,SUP03
REC002289,2025-11-28,SKU023,DC02,58,SUP07
REC002290,2025-11-29,SKU001,DC03,55,SUP01
REC002291,2025-11-29,SKU003,DC04,66,SUP03
REC002292,2025-11-29,SKU007,DC02,72,SUP07
REC002293,2025-11-29,SKU009,DC02,73,SUP01
REC002294,2025-11-29,SKU010,DC04,28,SUP02
REC002295,2025-11-29,SKU012,DC02,58,SUP04
REC002296,2025-11-29,SKU022,DC04,63,SUP06
REC002297,2025-12-01,SKU012,DC02,17,SUP04
REC002298,2025-12-01,SKU017,DC04,22,SUP01
REC002299,2025-12-01,SKU019,DC01,52,SUP03
REC002300,2025-12-02,SKU006,DC03,61,SUP06
REC002301,2025-12-02,SKU010,DC03,28,SUP02
REC002302,2025-12-02,SKU012,DC03,62,SUP04
REC002303,2025-12-02,SKU014,DC03,62,SUP06
REC002304,2025-12-02,SKU015,DC03,16,SUP07
REC002305,2025-12-02,SKU019,DC04,45,SUP03
REC002306,2025-12-02,SKU024,DC01,32,SUP08
REC002307,2025-12-04,SKU008,DC01,25,SUP08
REC002308,2025-12-04,SKU009,DC03,29,SUP01
REC002309,2025-12-04,SKU021,DC02,31,SUP05
REC002310,2025-12-05,SKU003,DC03,68,SUP03
REC002311,2025-12-05,SKU007,DC02,45,SUP07
REC002312,2025-12-05,SKU008,DC02,23,SUP08
REC002313,2025-12-05,SKU019,DC01,66,SUP03
REC002314,2025-12-05,SKU024,DC02,20,SUP08
REC002315,2025-12-06,SKU005,DC03,33,SUP05
REC002316,2025-12-06,SKU007,DC02,52,SUP07
REC002317,2025-12-06,SKU016,DC02,56,SUP08
REC002318,2025-12-06,SKU019,DC01,40,SUP03
REC002319,2025-12-06,SKU020,DC01,57,SUP04
REC002320,2025-12-06,SKU021,DC02,50,SUP05
REC002321,2025-12-06,SKU021,DC04,62,SUP05
REC002322,2025-12-06,SKU023,DC02,52,SUP07
REC002323,2025-12-07,SKU004,DC01,17,SUP04
REC002324,2025-12-07,SKU010,DC02,28,SUP02
REC002325,2025-12-07,SKU010,DC03,43,SUP02
REC002326,2025-12-07,SKU017,DC04,45,SUP01
REC002327,2025-12-08,SKU001,DC01,18,SUP01
REC002328,2025-12-08,SKU004,DC04,54,SUP04
REC002329,2025-12-08,SKU010,DC02,32,SUP02
REC002330,2025-12-08,SKU015,DC04,73,SUP07
REC002331,2025-12-09,SKU006,DC03,34,SUP06
REC002332,2025-12-09,SKU011,DC04,20,SUP03
REC002333,2025-12-09,SKU013,DC02,61,SUP05
REC002334,2025-12-09,SKU019,DC04,59,SUP03
REC002335,2025-12-09,SKU020,DC03,69,SUP04
REC002336,2025-12-10,SKU002,DC01,53,SUP02
REC002337,2025-12-10,SKU009,DC01,64,SUP01
REC002338,2025-12-10,SKU016,DC04,56,SUP08
REC002339,2025-12-10,SKU018,DC03,73,SUP02
REC002340,2025-12-11,SKU006,DC04,46,SUP06
REC002341,2025-12-11,SKU011,DC01,73,SUP03
REC002342,2025-12-11,SKU011,DC03,67,SUP03
REC002343,2025-12-12,SKU002,DC02,57,SUP02
REC002344,2025-12-12,SKU012,DC04,27,SUP04
REC002345,2025-12-12,SKU023,DC02,43,SUP07
REC002346,2025-12-13,SKU005,DC03,26,SUP05
REC002347,2025-12-13,SKU007,DC04,36,SUP07
REC002348,2025-12-14,SKU003,DC03,28,SUP03
REC002349,2025-12-14,SKU006,DC03,17,SUP06
REC002350,2025-12-14,SKU009,DC03,33,SUP01
REC002351,2025-12-14,SKU018,DC03,40,SUP02
REC002352,2025-12-15,SKU012,DC02,32,SUP04
REC002353,2025-12-16,SKU006,DC01,28,SUP06
REC002354,2025-12-16,SKU014,DC01,53,SUP06
REC002355,2025-12-16,SKU016,DC02,26,SUP08
REC002356,2025-12-16,SKU023,DC02,72,SUP07
REC002357,2025-12-17,SKU003,DC02,72,SUP03
REC002358,2025-12-17,SKU013,DC02,65,SUP05
REC002359,2025-12-18,SKU015,DC02,28,SUP07
REC002360,2025-12-18,SKU018,DC01,72,SUP02
REC002361,2025-12-19,SKU007,DC03,28,SUP07
REC002362,2025-12-19,SKU012,DC02,62,SUP04
REC002363,2025-12-19,SKU017,DC04,56,SUP01
REC002364,2025-12-19,SKU021,DC03,47,SUP05
REC002365,2025-12-19,SKU022,DC02,15,SUP06
REC002366,2025-12-20,SKU004,DC02,29,SUP04
REC002367,2025-12-20,SKU012,DC04,69,SUP04
REC002368,2025-12-20,SKU016,DC04,28,SUP08
REC002369,2025-12-21,SKU002,DC02,50,SUP02
REC002370,2025-12-21,SKU008,DC03,26,SUP08
REC002371,2025-12-21,SKU019,DC01,52,SUP03
REC002372,2025-12-22,SKU007,DC02,49,SUP07
REC002373,2025-12-22,SKU017,DC04,56,SUP01
REC002374,2025-12-22,SKU020,DC02,74,SUP04
REC002375,2025-12-23,SKU019,DC04,44,SUP03
REC002376,2025-12-24,SKU004,DC01,60,SUP04
REC002377,2025-12-24,SKU007,DC01,58,SUP07
REC002378,2025-12-25,SKU019,DC04,60,SUP03
REC002379,2025-12-25,SKU021,DC03,48,SUP05
REC002380,2025-12-26,SKU016,DC03,68,SUP08
REC002381,2025-12-26,SKU022,DC01,21,SUP06
REC002382,2025-12-27,SKU015,DC01,24,SUP07
REC002383,2025-12-28,SKU004,DC03,48,SUP04
REC002384,2025-12-28,SKU010,DC03,20,SUP02
REC002385,2025-12-28,SKU020,DC04,74,SUP04
REC002386,2025-12-28,SKU021,DC02,67,SUP05
REC002387,2025-12-29,SKU003,DC02,23,SUP03
REC002388,2025-12-29,SKU007,DC01,41,SUP07
REC002389,2025-12-30,SKU004,DC03,71,SUP04
REC002390,2025-12-30,SKU012,DC01,18,SUP04
REC002391,2025-12-30,SKU018,DC01,45,SUP02
REC002392,2025-12-31,SKU004,DC04,23,SUP04
REC002393,2025-12-31,SKU006,DC04,22,SUP06
REC002394,2025-12-31,SKU011,DC03,54,SUP03
