priority_rank,sku,product_name,category,location,zone,latest_system_qty,latest_physical_qty,quantity_variance,absolute_quantity_variance,unit_cost,inventory_value,location_adjustment_exposure,variance_event_count,recurring_variance,count_records,recount_count,recount_rate,transaction_volume,location_recurrence_flag,control_tier,control_reason,count_action_flag,priority_score,recommended_count_frequency
1,SKU0188,Maintenance Parts 0188,Maintenance Parts,Z2-B02,Z2,0,0,0,0,554.00,0.00,4432.00,4,Y,13,10,83.33,97,Y,High,High: recurring SKU/location variance with repeated recount or material adjustment exposure,Y,94.87,Biweekly
2,SKU0188,Maintenance Parts 0188,Maintenance Parts,Z3-B03,Z3,0,0,0,0,554.00,0.00,4432.00,4,Y,13,10,83.33,91,Y,High,High: recurring SKU/location variance with repeated recount or material adjustment exposure,Y,94.57,Biweekly
3,SKU0208,Maintenance Parts 0208,Maintenance Parts,Z2-B02,Z2,0,0,0,0,364.00,0.00,2912.00,4,Y,13,10,83.33,11,Y,High,High: recurring SKU/location variance with repeated recount or material adjustment exposure,Y,75.12,Biweekly
4,SKU0208,Maintenance Parts 0208,Maintenance Parts,Z3-B03,Z3,0,0,0,0,364.00,0.00,2912.00,4,Y,13,11,84.62,11,Y,High,High: recurring SKU/location variance with repeated recount or material adjustment exposure,Y,75.12,Biweekly
5,SKU0277,Fasteners 0277,Fasteners,Z3-B03,Z3,0,0,0,0,563.50,0.00,2817.50,5,Y,13,10,83.33,11,Y,High,High: recurring SKU/location variance with repeated recount or material adjustment exposure,Y,74.16,Biweekly
6,SKU0013,Safety Supplies 0013,Safety Supplies,Z3-B03,Z3,0,0,0,0,191.50,0.00,1915.00,5,Y,13,11,91.67,134,Y,High,High: recurring SKU/location variance with repeated recount or material adjustment exposure,Y,71.18,Biweekly
7,SKU0277,Fasteners 0277,Fasteners,Z2-B02,Z2,0,0,0,0,563.50,0.00,2254.00,4,Y,13,10,83.33,12,Y,High,High: recurring SKU/location variance with repeated recount or material adjustment exposure,Y,68.49,Biweekly
8,SKU0007,Fasteners 0007,Fasteners,Z3-B03,Z3,0,0,0,0,428.50,0.00,2142.50,5,Y,13,10,83.33,10,Y,High,High: recurring SKU/location variance with repeated recount or material adjustment exposure,Y,67.26,Biweekly
9,SKU0259,Shipping Supplies 0259,Shipping Supplies,Z3-B03,Z3,162,162,0,0,122.30,19812.60,1223.00,5,Y,13,11,84.62,190,Y,High,High: recurring SKU/location variance with repeated recount or material adjustment exposure,Y,66.97,Biweekly
10,SKU0064,Packaging 0064,Packaging,Z2-B02,Z2,902,900,2,2,120.80,108720.00,1208.00,5,Y,13,10,83.33,193,Y,Critical,"Critical: recurring variance, large latest discrepancy, and repeated recounts in a recurring-variance location",Y,66.96,Weekly
11,SKU0193,Safety Supplies 0193,Safety Supplies,Z2-B02,Z2,467,469,-2,2,118.10,55388.90,1181.00,5,Y,13,10,83.33,197,Y,Critical,"Critical: recurring variance, large latest discrepancy, and repeated recounts in a recurring-variance location",Y,66.89,Weekly
12,SKU0224,Packaging 0224,Packaging,Z2-B02,Z2,292,292,0,0,112.80,32937.60,1128.00,5,Y,13,11,84.62,191,Y,High,High: recurring SKU/location variance with repeated recount or material adjustment exposure,Y,66.05,Biweekly
13,SKU0013,Safety Supplies 0013,Safety Supplies,Z2-B02,Z2,0,0,0,0,191.50,0.00,1532.00,4,Y,13,10,83.33,102,Y,High,High: recurring SKU/location variance with repeated recount or material adjustment exposure,Y,65.68,Biweekly
14,SKU0028,Maintenance Parts 0028,Maintenance Parts,Z2-B02,Z2,206,206,0,0,107.60,22165.60,1076.00,5,Y,13,10,83.33,191,Y,High,High: recurring SKU/location variance with repeated recount or material adjustment exposure,Y,65.52,Biweekly
15,SKU0124,Packaging 0124,Packaging,Z3-B03,Z3,303,303,0,0,102.80,31148.40,1028.00,5,Y,13,10,83.33,196,Y,High,High: recurring SKU/location variance with repeated recount or material adjustment exposure,Y,65.29,Biweekly
16,SKU0064,Packaging 0064,Packaging,Z3-B03,Z3,24,24,0,0,120.80,2899.20,966.40,4,Y,13,11,91.67,198,Y,High,High: recurring SKU/location variance with repeated recount or material adjustment exposure,Y,64.76,Biweekly
17,SKU0129,Shipping Supplies 0129,Shipping Supplies,Z2-B02,Z2,584,584,0,0,121.30,70839.20,970.40,4,Y,13,10,83.33,194,Y,High,High: recurring SKU/location variance with repeated recount or material adjustment exposure,Y,64.60,Biweekly
18,SKU0284,Packaging 0284,Packaging,Z3-B03,Z3,496,496,0,0,94.80,47020.80,948.00,5,Y,13,10,83.33,197,Y,High,High: recurring SKU/location variance with repeated recount or material adjustment exposure,Y,64.52,Biweekly
19,SKU0089,Shipping Supplies 0089,Shipping Supplies,Z2-B02,Z2,382,382,0,0,93.30,35640.60,933.00,5,Y,13,10,83.33,197,Y,High,High: recurring SKU/location variance with repeated recount or material adjustment exposure,Y,64.37,Biweekly
20,SKU0128,Maintenance Parts 0128,Maintenance Parts,Z3-B03,Z3,534,534,0,0,117.60,62798.40,940.80,4,Y,13,11,84.62,195,Y,High,High: recurring SKU/location variance with repeated recount or material adjustment exposure,Y,64.35,Biweekly
21,SKU0063,Safety Supplies 0063,Safety Supplies,Z3-B03,Z3,806,806,0,0,117.10,94382.60,936.80,4,Y,13,10,83.33,195,Y,High,High: recurring SKU/location variance with repeated recount or material adjustment exposure,Y,64.31,Biweekly
22,SKU0128,Maintenance Parts 0128,Maintenance Parts,Z2-B02,Z2,733,733,0,0,117.60,86200.80,940.80,4,Y,13,10,83.33,193,Y,High,High: recurring SKU/location variance with repeated recount or material adjustment exposure,Y,64.25,Biweekly
23,SKU0289,Shipping Supplies 0289,Shipping Supplies,Z2-B02,Z2,74,74,0,0,113.30,8384.20,906.40,4,Y,13,10,83.33,197,Y,High,High: recurring SKU/location variance with repeated recount or material adjustment exposure,Y,64.10,Biweekly
24,SKU0224,Packaging 0224,Packaging,Z3-B03,Z3,116,116,0,0,112.80,13084.80,902.40,4,Y,13,11,84.62,197,Y,High,High: recurring SKU/location variance with repeated recount or material adjustment exposure,Y,64.06,Biweekly
25,SKU0283,Safety Supplies 0283,Safety Supplies,Z3-B03,Z3,645,647,-2,2,91.10,58941.70,911.00,5,Y,13,10,83.33,193,Y,Critical,"Critical: recurring variance, large latest discrepancy, and repeated recounts in a recurring-variance location",Y,63.95,Weekly
26,SKU0159,Shipping Supplies 0159,Shipping Supplies,Z3-B03,Z3,406,406,0,0,112.30,45593.80,898.40,4,Y,13,10,83.33,195,Y,High,High: recurring SKU/location variance with repeated recount or material adjustment exposure,Y,63.92,Biweekly
27,SKU0288,Maintenance Parts 0288,Maintenance Parts,Z3-B03,Z3,113,113,0,0,109.60,12384.80,876.80,4,Y,13,10,83.33,198,Y,High,High: recurring SKU/location variance with repeated recount or material adjustment exposure,Y,63.85,Biweekly
28,SKU0288,Maintenance Parts 0288,Maintenance Parts,Z2-B02,Z2,126,126,0,0,109.60,13809.60,876.80,4,Y,13,11,91.67,197,Y,High,High: recurring SKU/location variance with repeated recount or material adjustment exposure,Y,63.80,Biweekly
29,SKU0029,Shipping Supplies 0029,Shipping Supplies,Z2-B02,Z2,168,168,0,0,111.30,18698.40,890.40,4,Y,13,11,91.67,193,Y,High,High: recurring SKU/location variance with repeated recount or material adjustment exposure,Y,63.74,Biweekly
30,SKU0093,Safety Supplies 0093,Safety Supplies,Z2-B02,Z2,72,72,0,0,108.10,7783.20,864.80,4,Y,13,11,84.62,198,Y,High,High: recurring SKU/location variance with repeated recount or material adjustment exposure,Y,63.73,Biweekly
31,SKU0028,Maintenance Parts 0028,Maintenance Parts,Z3-B03,Z3,148,148,0,0,107.60,15924.80,860.80,4,Y,13,10,83.33,195,Y,High,High: recurring SKU/location variance with repeated recount or material adjustment exposure,Y,63.54,Biweekly
32,SKU0154,Packaging 0154,Packaging,Z3-B03,Z3,859,857,2,2,93.80,80386.60,938.00,5,Y,13,10,83.33,179,Y,Critical,"Critical: recurring variance, large latest discrepancy, and repeated recounts in a recurring-variance location",Y,63.52,Weekly
33,SKU0249,Shipping Supplies 0249,Shipping Supplies,Z2-B02,Z2,489,489,0,0,85.30,41711.70,853.00,5,Y,13,10,83.33,195,Y,High,High: recurring SKU/location variance with repeated recount or material adjustment exposure,Y,63.46,Biweekly
34,SKU0223,Safety Supplies 0223,Safety Supplies,Z3-B03,Z3,278,278,0,0,109.10,30329.80,872.80,4,Y,13,10,83.33,190,Y,High,High: recurring SKU/location variance with repeated recount or material adjustment exposure,Y,63.41,Biweekly
35,SKU0194,Packaging 0194,Packaging,Z3-B03,Z3,422,422,0,0,121.80,51399.60,974.40,4,Y,13,10,83.33,169,Y,High,High: recurring SKU/location variance with repeated recount or material adjustment exposure,Y,63.39,Biweekly
36,SKU0189,Shipping Supplies 0189,Shipping Supplies,Z2-B02,Z2,292,292,0,0,103.30,30163.60,826.40,4,Y,13,11,84.62,197,Y,High,High: recurring SKU/location variance with repeated recount or material adjustment exposure,Y,63.29,Biweekly
37,SKU0259,Shipping Supplies 0259,Shipping Supplies,Z2-B02,Z2,922,922,0,0,122.30,112760.60,978.40,4,Y,13,10,83.33,164,Y,High,High: recurring SKU/location variance with repeated recount or material adjustment exposure,Y,63.18,Biweekly
38,SKU0059,Shipping Supplies 0059,Shipping Supplies,Z3-B03,Z3,426,426,0,0,102.30,43579.80,818.40,4,Y,13,10,83.33,195,Y,High,High: recurring SKU/location variance with repeated recount or material adjustment exposure,Y,63.11,Biweekly
39,SKU0258,Maintenance Parts 0258,Maintenance Parts,Z3-B03,Z3,915,915,0,0,118.60,108519.00,948.80,4,Y,13,11,84.62,168,Y,High,High: recurring SKU/location variance with repeated recount or material adjustment exposure,Y,63.08,Biweekly
40,SKU0253,Safety Supplies 0253,Safety Supplies,Z2-B02,Z2,252,252,0,0,100.10,25225.20,800.80,4,Y,13,10,83.33,196,Y,High,High: recurring SKU/location variance with repeated recount or material adjustment exposure,Y,62.98,Biweekly
41,SKU0007,Fasteners 0007,Fasteners,Z2-B02,Z2,0,0,0,0,428.50,0.00,1714.00,4,Y,13,10,83.33,10,Y,High,High: recurring SKU/location variance with repeated recount or material adjustment exposure,Y,62.91,Biweekly
42,SKU0124,Packaging 0124,Packaging,Z2-B02,Z2,375,375,0,0,102.80,38550.00,822.40,4,Y,13,10,83.33,190,Y,High,High: recurring SKU/location variance with repeated recount or material adjustment exposure,Y,62.90,Biweekly
43,SKU0063,Safety Supplies 0063,Safety Supplies,Z2-B02,Z2,959,959,0,0,117.10,112298.90,936.80,4,Y,13,11,91.67,166,Y,High,High: recurring SKU/location variance with repeated recount or material adjustment exposure,Y,62.85,Biweekly
44,SKU0194,Packaging 0194,Packaging,Z2-B02,Z2,1180,1180,0,0,121.80,143724.00,1218.00,5,Y,13,10,83.33,109,Y,High,High: recurring SKU/location variance with repeated recount or material adjustment exposure,Y,62.84,Biweekly
45,SKU0123,Safety Supplies 0123,Safety Supplies,Z3-B03,Z3,426,426,0,0,99.10,42216.60,792.80,4,Y,13,11,84.62,192,Y,High,High: recurring SKU/location variance with repeated recount or material adjustment exposure,Y,62.70,Biweekly
46,SKU0094,Packaging 0094,Packaging,Z3-B03,Z3,506,506,0,0,111.80,56570.80,894.40,4,Y,13,11,84.62,168,Y,High,High: recurring SKU/location variance with repeated recount or material adjustment exposure,Y,62.52,Biweekly
47,SKU0284,Packaging 0284,Packaging,Z2-B02,Z2,677,677,0,0,94.80,64179.60,758.40,4,Y,13,11,91.67,195,Y,High,High: recurring SKU/location variance with repeated recount or material adjustment exposure,Y,62.50,Biweekly
48,SKU0024,Packaging 0024,Packaging,Z3-B03,Z3,494,494,0,0,92.80,45843.20,742.40,4,Y,13,10,83.33,196,Y,High,High: recurring SKU/location variance with repeated recount or material adjustment exposure,Y,62.39,Biweekly
49,SKU0219,Shipping Supplies 0219,Shipping Supplies,Z3-B03,Z3,655,655,0,0,94.30,61766.50,754.40,4,Y,13,11,84.62,193,Y,High,High: recurring SKU/location variance with repeated recount or material adjustment exposure,Y,62.36,Biweekly
50,SKU0159,Shipping Supplies 0159,Shipping Supplies,Z2-B02,Z2,440,440,0,0,112.30,49412.00,898.40,4,Y,13,10,83.33,163,Y,High,High: recurring SKU/location variance with repeated recount or material adjustment exposure,Y,62.31,Biweekly
51,SKU0059,Shipping Supplies 0059,Shipping Supplies,Z2-B02,Z2,629,629,0,0,102.30,64346.70,818.40,4,Y,13,11,84.62,178,Y,High,High: recurring SKU/location variance with repeated recount or material adjustment exposure,Y,62.25,Biweekly
52,SKU0019,Shipping Supplies 0019,Shipping Supplies,Z3-B03,Z3,324,324,0,0,74.30,24073.20,743.00,5,Y,13,10,83.33,193,Y,High,High: recurring SKU/location variance with repeated recount or material adjustment exposure,Y,62.24,Biweekly
53,SKU0024,Packaging 0024,Packaging,Z2-B02,Z2,650,650,0,0,92.80,60320.00,742.40,4,Y,13,10,83.33,193,Y,High,High: recurring SKU/location variance with repeated recount or material adjustment exposure,Y,62.24,Biweekly
54,SKU0158,Maintenance Parts 0158,Maintenance Parts,Z3-B03,Z3,497,497,0,0,108.60,53974.20,868.80,4,Y,13,10,83.33,167,Y,High,High: recurring SKU/location variance with repeated recount or material adjustment exposure,Y,62.21,Biweekly
55,SKU0088,Maintenance Parts 0088,Maintenance Parts,Z3-B03,Z3,388,388,0,0,89.60,34764.80,716.80,4,Y,13,11,84.62,197,Y,High,High: recurring SKU/location variance with repeated recount or material adjustment exposure,Y,62.18,Biweekly
56,SKU0148,Maintenance Parts 0148,Maintenance Parts,Z3-B03,Z3,70,70,0,0,71.60,5012.00,716.00,5,Y,13,10,83.33,196,Y,High,High: recurring SKU/location variance with repeated recount or material adjustment exposure,Y,62.12,Biweekly
57,SKU0153,Safety Supplies 0153,Safety Supplies,Z2-B02,Z2,260,260,0,0,90.10,23426.00,720.80,4,Y,13,10,83.33,195,Y,High,High: recurring SKU/location variance with repeated recount or material adjustment exposure,Y,62.12,Biweekly
58,SKU0088,Maintenance Parts 0088,Maintenance Parts,Z2-B02,Z2,577,577,0,0,89.60,51699.20,716.80,4,Y,13,11,84.62,195,Y,High,High: recurring SKU/location variance with repeated recount or material adjustment exposure,Y,62.08,Biweekly
59,SKU0023,Safety Supplies 0023,Safety Supplies,Z3-B03,Z3,616,616,0,0,89.10,54885.60,712.80,4,Y,13,10,83.33,193,Y,High,High: recurring SKU/location variance with repeated recount or material adjustment exposure,Y,61.94,Biweekly
60,SKU0058,Maintenance Parts 0058,Maintenance Parts,Z3-B03,Z3,618,618,0,0,98.60,60934.80,788.80,4,Y,13,10,83.33,177,Y,High,High: recurring SKU/location variance with repeated recount or material adjustment exposure,Y,61.90,Biweekly
61,SKU0223,Safety Supplies 0223,Safety Supplies,Z2-B02,Z2,395,395,0,0,109.10,43094.50,872.80,4,Y,13,11,84.62,159,Y,High,High: recurring SKU/location variance with repeated recount or material adjustment exposure,Y,61.85,Biweekly
62,SKU0254,Packaging 0254,Packaging,Z3-B03,Z3,728,728,0,0,103.80,75566.40,830.40,4,Y,13,10,83.33,166,Y,High,High: recurring SKU/location variance with repeated recount or material adjustment exposure,Y,61.77,Biweekly
63,SKU0184,Packaging 0184,Packaging,Z3-B03,Z3,582,582,0,0,84.80,49353.60,678.40,4,Y,13,10,83.33,196,Y,High,High: recurring SKU/location variance with repeated recount or material adjustment exposure,Y,61.74,Biweekly
64,SKU0184,Packaging 0184,Packaging,Z2-B02,Z2,804,804,0,0,84.80,68179.20,678.40,4,Y,13,11,84.62,195,Y,High,High: recurring SKU/location variance with repeated recount or material adjustment exposure,Y,61.69,Biweekly
65,SKU0119,Shipping Supplies 0119,Shipping Supplies,Z3-B03,Z3,866,866,0,0,84.30,73003.80,674.40,4,Y,13,11,91.67,193,Y,High,High: recurring SKU/location variance with repeated recount or material adjustment exposure,Y,61.55,Biweekly
66,SKU0118,Maintenance Parts 0118,Maintenance Parts,Z3-B03,Z3,974,974,0,0,80.60,78504.40,806.00,5,Y,13,10,83.33,166,Y,High,High: recurring SKU/location variance with repeated recount or material adjustment exposure,Y,61.53,Biweekly
67,SKU0053,Safety Supplies 0053,Safety Supplies,Z2-B02,Z2,575,575,0,0,80.10,46057.50,640.80,4,Y,13,11,84.62,198,Y,High,High: recurring SKU/location variance with repeated recount or material adjustment exposure,Y,61.46,Biweekly
68,SKU0179,Shipping Supplies 0179,Shipping Supplies,Z3-B03,Z3,424,424,0,0,66.30,28111.20,663.00,5,Y,13,11,84.62,193,Y,High,High: recurring SKU/location variance with repeated recount or material adjustment exposure,Y,61.43,Biweekly
69,SKU0248,Maintenance Parts 0248,Maintenance Parts,Z3-B03,Z3,521,521,0,0,81.60,42513.60,652.80,4,Y,13,10,83.33,195,Y,High,High: recurring SKU/location variance with repeated recount or material adjustment exposure,Y,61.43,Biweekly
70,SKU0183,Safety Supplies 0183,Safety Supplies,Z3-B03,Z3,803,803,0,0,81.10,65123.30,648.80,4,Y,13,11,91.67,195,Y,High,High: recurring SKU/location variance with repeated recount or material adjustment exposure,Y,61.39,Biweekly
71,SKU0219,Shipping Supplies 0219,Shipping Supplies,Z2-B02,Z2,803,803,0,0,94.30,75722.90,754.40,4,Y,13,10,83.33,171,Y,High,High: recurring SKU/location variance with repeated recount or material adjustment exposure,Y,61.25,Biweekly
72,SKU0123,Safety Supplies 0123,Safety Supplies,Z2-B02,Z2,510,510,0,0,99.10,50541.00,792.80,4,Y,13,10,83.33,163,Y,High,High: recurring SKU/location variance with repeated recount or material adjustment exposure,Y,61.24,Biweekly
73,SKU0279,Shipping Supplies 0279,Shipping Supplies,Z2-B02,Z2,415,413,2,2,76.30,31511.90,763.00,5,Y,13,10,83.33,169,Y,Critical,"Critical: recurring variance, large latest discrepancy, and repeated recounts in a recurring-variance location",Y,61.24,Weekly
74,SKU0248,Maintenance Parts 0248,Maintenance Parts,Z2-B02,Z2,663,663,0,0,81.60,54100.80,652.80,4,Y,13,10,83.33,191,Y,High,High: recurring SKU/location variance with repeated recount or material adjustment exposure,Y,61.23,Biweekly
75,SKU0093,Safety Supplies 0093,Safety Supplies,Z3-B03,Z3,554,554,0,0,108.10,59887.40,1081.00,5,Y,13,10,83.33,103,Y,High,High: recurring SKU/location variance with repeated recount or material adjustment exposure,Y,61.15,Biweekly
76,SKU0084,Packaging 0084,Packaging,Z3-B03,Z3,142,142,0,0,74.80,10621.60,598.40,4,Y,13,10,83.33,198,Y,High,High: recurring SKU/location variance with repeated recount or material adjustment exposure,Y,61.03,Biweekly
77,SKU0032,Electrical Components 0032,Electrical Components,Z3-B03,Z3,359,359,0,0,122.40,43941.60,612.00,5,Y,13,11,84.62,195,Y,High,High: recurring SKU/location variance with repeated recount or material adjustment exposure,Y,61.01,Biweekly
78,SKU0023,Safety Supplies 0023,Safety Supplies,Z2-B02,Z2,684,684,0,0,89.10,60944.40,712.80,4,Y,13,10,83.33,174,Y,High,High: recurring SKU/location variance with repeated recount or material adjustment exposure,Y,60.98,Biweekly
79,SKU0149,Shipping Supplies 0149,Shipping Supplies,Z2-B02,Z2,73,73,0,0,75.30,5496.90,602.40,4,Y,13,10,83.33,196,Y,High,High: recurring SKU/location variance with repeated recount or material adjustment exposure,Y,60.97,Biweekly
80,SKU0084,Packaging 0084,Packaging,Z2-B02,Z2,175,175,0,0,74.80,13090.00,598.40,4,Y,13,11,91.67,195,Y,High,High: recurring SKU/location variance with repeated recount or material adjustment exposure,Y,60.87,Biweekly
81,SKU0083,Safety Supplies 0083,Safety Supplies,Z2-B02,Z2,323,323,0,0,71.10,22965.30,711.00,5,Y,13,10,83.33,171,Y,High,High: recurring SKU/location variance with repeated recount or material adjustment exposure,Y,60.81,Biweekly
82,SKU0279,Shipping Supplies 0279,Shipping Supplies,Z3-B03,Z3,331,331,0,0,76.30,25255.30,610.40,4,Y,13,10,83.33,191,Y,High,High: recurring SKU/location variance with repeated recount or material adjustment exposure,Y,60.80,Biweekly
83,SKU0283,Safety Supplies 0283,Safety Supplies,Z2-B02,Z2,632,632,0,0,91.10,57575.20,728.80,4,Y,13,10,83.33,166,Y,High,High: recurring SKU/location variance with repeated recount or material adjustment exposure,Y,60.74,Biweekly
84,SKU0213,Safety Supplies 0213,Safety Supplies,Z2-B02,Z2,19,19,0,0,72.10,1369.90,576.80,4,Y,13,10,83.33,195,Y,High,High: recurring SKU/location variance with repeated recount or material adjustment exposure,Y,60.66,Biweekly
85,SKU0218,Maintenance Parts 0218,Maintenance Parts,Z3-B03,Z3,708,708,0,0,90.60,64144.80,724.80,4,Y,13,10,83.33,165,Y,High,High: recurring SKU/location variance with repeated recount or material adjustment exposure,Y,60.65,Biweekly
86,SKU0253,Safety Supplies 0253,Safety Supplies,Z3-B03,Z3,700,700,0,0,100.10,70070.00,1001.00,5,Y,13,11,84.62,108,Y,High,High: recurring SKU/location variance with repeated recount or material adjustment exposure,Y,60.59,Biweekly
87,SKU0058,Maintenance Parts 0058,Maintenance Parts,Z2-B02,Z2,742,742,0,0,98.60,73161.20,986.00,5,Y,13,10,83.33,111,Y,High,High: recurring SKU/location variance with repeated recount or material adjustment exposure,Y,60.59,Biweekly
88,SKU0083,Safety Supplies 0083,Safety Supplies,Z3-B03,Z3,221,221,0,0,71.10,15713.10,568.80,4,Y,13,11,84.62,193,Y,High,High: recurring SKU/location variance with repeated recount or material adjustment exposure,Y,60.47,Biweekly
89,SKU0148,Maintenance Parts 0148,Maintenance Parts,Z2-B02,Z2,207,207,0,0,71.60,14821.20,572.80,4,Y,13,11,91.67,192,Y,High,High: recurring SKU/location variance with repeated recount or material adjustment exposure,Y,60.46,Biweekly
90,SKU0273,Safety Supplies 0273,Safety Supplies,Z2-B02,Z2,336,336,0,0,54.10,18177.60,541.00,5,Y,13,10,83.33,198,Y,High,High: recurring SKU/location variance with repeated recount or material adjustment exposure,Y,60.44,Biweekly
91,SKU0144,Packaging 0144,Packaging,Z2-B02,Z2,613,613,0,0,56.80,34818.40,568.00,5,Y,13,11,84.62,192,Y,High,High: recurring SKU/location variance with repeated recount or material adjustment exposure,Y,60.42,Biweekly
92,SKU0054,Packaging 0054,Packaging,Z3-B03,Z3,918,918,0,0,83.80,76928.40,670.40,4,Y,13,11,84.62,170,Y,High,High: recurring SKU/location variance with repeated recount or material adjustment exposure,Y,60.35,Biweekly
93,SKU0244,Packaging 0244,Packaging,Z3-B03,Z3,278,278,0,0,66.80,18570.40,534.40,4,Y,13,10,83.33,197,Y,High,High: recurring SKU/location variance with repeated recount or material adjustment exposure,Y,60.33,Biweekly
94,SKU0129,Shipping Supplies 0129,Shipping Supplies,Z3-B03,Z3,494,494,0,0,121.30,59922.20,970.40,4,Y,13,10,83.33,108,Y,High,High: recurring SKU/location variance with repeated recount or material adjustment exposure,Y,60.28,Biweekly
95,SKU0049,Shipping Supplies 0049,Shipping Supplies,Z2-B02,Z2,262,262,0,0,65.30,17108.60,522.40,4,Y,13,10,83.33,198,Y,High,High: recurring SKU/location variance with repeated recount or material adjustment exposure,Y,60.25,Biweekly
96,SKU0119,Shipping Supplies 0119,Shipping Supplies,Z2-B02,Z2,849,849,0,0,84.30,71570.70,674.40,4,Y,13,10,83.33,167,Y,High,High: recurring SKU/location variance with repeated recount or material adjustment exposure,Y,60.24,Biweekly
97,SKU0183,Safety Supplies 0183,Safety Supplies,Z2-B02,Z2,879,879,0,0,81.10,71286.90,648.80,4,Y,13,10,83.33,169,Y,High,High: recurring SKU/location variance with repeated recount or material adjustment exposure,Y,60.08,Biweekly
98,SKU0244,Packaging 0244,Packaging,Z2-B02,Z2,374,374,0,0,66.80,24983.20,534.40,4,Y,13,10,83.33,192,Y,High,High: recurring SKU/location variance with repeated recount or material adjustment exposure,Y,60.07,Biweekly
99,SKU0029,Shipping Supplies 0029,Shipping Supplies,Z3-B03,Z3,699,699,0,0,111.30,77798.70,890.40,4,Y,13,10,83.33,118,Y,High,High: recurring SKU/location variance with repeated recount or material adjustment exposure,Y,59.97,Biweekly
100,SKU0243,Safety Supplies 0243,Safety Supplies,Z2-B02,Z2,491,491,0,0,63.10,30982.10,631.00,5,Y,13,10,83.33,170,Y,High,High: recurring SKU/location variance with repeated recount or material adjustment exposure,Y,59.95,Biweekly
101,SKU0113,Safety Supplies 0113,Safety Supplies,Z2-B02,Z2,83,83,0,0,62.10,5154.30,496.80,4,Y,13,10,83.33,197,Y,High,High: recurring SKU/location variance with repeated recount or material adjustment exposure,Y,59.94,Biweekly
102,SKU0097,Fasteners 0097,Fasteners,Z2-B02,Z2,356,356,0,0,122.90,43752.40,491.60,4,Y,13,11,91.67,198,Y,High,High: recurring SKU/location variance with repeated recount or material adjustment exposure,Y,59.94,Biweekly
103,SKU0243,Safety Supplies 0243,Safety Supplies,Z3-B03,Z3,371,371,0,0,63.10,23410.10,504.80,4,Y,13,10,83.33,195,Y,High,High: recurring SKU/location variance with repeated recount or material adjustment exposure,Y,59.92,Biweekly
104,SKU0193,Safety Supplies 0193,Safety Supplies,Z3-B03,Z3,1185,1185,0,0,118.10,139948.50,944.80,4,Y,13,10,83.33,106,Y,High,High: recurring SKU/location variance with repeated recount or material adjustment exposure,Y,59.92,Biweekly
105,SKU0048,Maintenance Parts 0048,Maintenance Parts,Z3-B03,Z3,175,175,0,0,61.60,10780.00,492.80,4,Y,13,10,83.33,197,Y,High,High: recurring SKU/location variance with repeated recount or material adjustment exposure,Y,59.90,Biweekly
106,SKU0214,Packaging 0214,Packaging,Z3-B03,Z3,389,389,0,0,75.80,29486.20,606.40,4,Y,13,10,83.33,173,Y,High,High: recurring SKU/location variance with repeated recount or material adjustment exposure,Y,59.85,Biweekly
107,SKU0289,Shipping Supplies 0289,Shipping Supplies,Z3-B03,Z3,682,682,0,0,113.30,77270.60,906.40,4,Y,13,11,91.67,111,Y,High,High: recurring SKU/location variance with repeated recount or material adjustment exposure,Y,59.78,Biweekly
108,SKU0032,Electrical Components 0032,Electrical Components,Z2-B02,Z2,544,544,0,0,122.40,66585.60,489.60,4,Y,13,10,83.33,195,Y,High,High: recurring SKU/location variance with repeated recount or material adjustment exposure,Y,59.77,Biweekly
109,SKU0218,Maintenance Parts 0218,Maintenance Parts,Z2-B02,Z2,883,883,0,0,90.60,79999.80,906.00,5,Y,13,11,84.62,109,Y,High,High: recurring SKU/location variance with repeated recount or material adjustment exposure,Y,59.68,Biweekly
110,SKU0160,Material Handling 0160,Material Handling,Z3-B03,Z3,282,282,0,0,116.00,32712.00,464.00,4,Y,13,10,83.33,198,Y,High,High: recurring SKU/location variance with repeated recount or material adjustment exposure,Y,59.66,Biweekly
111,SKU0048,Maintenance Parts 0048,Maintenance Parts,Z2-B02,Z2,338,338,0,0,61.60,20820.80,492.80,4,Y,13,11,84.62,192,Y,High,High: recurring SKU/location variance with repeated recount or material adjustment exposure,Y,59.65,Biweekly
112,SKU0225,Tools 0225,Tools,Z2-B02,Z2,94,94,0,0,116.50,10951.00,466.00,4,Y,13,10,83.33,197,Y,High,High: recurring SKU/location variance with repeated recount or material adjustment exposure,Y,59.63,Biweekly
113,SKU0094,Packaging 0094,Packaging,Z2-B02,Z2,643,643,0,0,111.80,71887.40,894.40,4,Y,13,10,83.33,110,Y,High,High: recurring SKU/location variance with repeated recount or material adjustment exposure,Y,59.61,Biweekly
114,SKU0192,Electrical Components 0192,Electrical Components,Z3-B03,Z3,589,589,0,0,114.40,67381.60,457.60,4,Y,13,10,83.33,198,Y,High,High: recurring SKU/location variance with repeated recount or material adjustment exposure,Y,59.60,Biweekly
115,SKU0227,Fasteners 0227,Fasteners,Z3-B03,Z3,578,578,0,0,123.90,71614.20,495.60,4,Y,13,10,83.33,190,Y,High,High: recurring SKU/location variance with repeated recount or material adjustment exposure,Y,59.58,Biweekly
116,SKU0258,Maintenance Parts 0258,Maintenance Parts,Z2-B02,Z2,1115,1115,0,0,118.60,132239.00,948.80,4,Y,13,11,84.62,98,Y,High,High: recurring SKU/location variance with repeated recount or material adjustment exposure,Y,59.56,Biweekly
117,SKU0209,Shipping Supplies 0209,Shipping Supplies,Z2-B02,Z2,323,323,0,0,57.30,18507.90,458.40,4,Y,13,10,83.33,197,Y,High,High: recurring SKU/location variance with repeated recount or material adjustment exposure,Y,59.55,Biweekly
118,SKU0155,Tools 0155,Tools,Z3-B03,Z3,795,795,0,0,97.50,77512.50,487.50,5,Y,13,10,83.33,191,Y,High,High: recurring SKU/location variance with repeated recount or material adjustment exposure,Y,59.55,Biweekly
119,SKU0257,Fasteners 0257,Fasteners,Z2-B02,Z2,469,469,0,0,114.90,53888.10,459.60,4,Y,13,11,84.62,196,Y,High,High: recurring SKU/location variance with repeated recount or material adjustment exposure,Y,59.52,Biweekly
120,SKU0278,Maintenance Parts 0278,Maintenance Parts,Z3-B03,Z3,429,429,0,0,72.60,31145.40,580.80,4,Y,13,10,83.33,171,Y,High,High: recurring SKU/location variance with repeated recount or material adjustment exposure,Y,59.49,Biweekly
121,SKU0095,Tools 0095,Tools,Z3-B03,Z3,369,369,0,0,115.50,42619.50,462.00,4,Y,13,10,83.33,195,Y,High,High: recurring SKU/location variance with repeated recount or material adjustment exposure,Y,59.49,Biweekly
122,SKU0144,Packaging 0144,Packaging,Z3-B03,Z3,343,343,0,0,56.80,19482.40,454.40,4,Y,13,10,83.33,196,Y,High,High: recurring SKU/location variance with repeated recount or material adjustment exposure,Y,59.46,Biweekly
123,SKU0160,Material Handling 0160,Material Handling,Z2-B02,Z2,379,379,0,0,116.00,43964.00,464.00,4,Y,13,10,83.33,194,Y,High,High: recurring SKU/location variance with repeated recount or material adjustment exposure,Y,59.46,Biweekly
124,SKU0192,Electrical Components 0192,Electrical Components,Z2-B02,Z2,656,656,0,0,114.40,75046.40,457.60,4,Y,13,10,83.33,194,Y,High,High: recurring SKU/location variance with repeated recount or material adjustment exposure,Y,59.39,Biweekly
125,SKU0019,Shipping Supplies 0019,Shipping Supplies,Z2-B02,Z2,430,430,0,0,74.30,31949.00,594.40,4,Y,13,11,84.62,165,Y,High,High: recurring SKU/location variance with repeated recount or material adjustment exposure,Y,59.33,Biweekly
126,SKU0158,Maintenance Parts 0158,Maintenance Parts,Z2-B02,Z2,531,531,0,0,108.60,57666.60,868.80,4,Y,13,10,83.33,109,Y,High,High: recurring SKU/location variance with repeated recount or material adjustment exposure,Y,59.30,Biweekly
127,SKU0179,Shipping Supplies 0179,Shipping Supplies,Z2-B02,Z2,600,600,0,0,66.30,39780.00,530.40,4,Y,13,10,83.33,177,Y,High,High: recurring SKU/location variance with repeated recount or material adjustment exposure,Y,59.28,Biweekly
128,SKU0062,Electrical Components 0062,Electrical Components,Z3-B03,Z3,910,910,0,0,113.40,103194.00,567.00,5,Y,13,10,83.33,169,Y,High,High: recurring SKU/location variance with repeated recount or material adjustment exposure,Y,59.25,Biweekly
129,SKU0290,Material Handling 0290,Material Handling,Z3-B03,Z3,662,662,0,0,117.00,77454.00,585.00,5,Y,13,10,83.33,165,Y,High,High: recurring SKU/location variance with repeated recount or material adjustment exposure,Y,59.23,Biweekly
130,SKU0079,Shipping Supplies 0079,Shipping Supplies,Z3-B03,Z3,673,673,0,0,56.30,37889.90,450.40,4,Y,13,10,83.33,192,Y,High,High: recurring SKU/location variance with repeated recount or material adjustment exposure,Y,59.22,Biweekly
131,SKU0060,Material Handling 0060,Material Handling,Z3-B03,Z3,341,341,0,0,106.00,36146.00,424.00,4,Y,13,11,84.62,197,Y,High,High: recurring SKU/location variance with repeated recount or material adjustment exposure,Y,59.20,Biweekly
132,SKU0108,Maintenance Parts 0108,Maintenance Parts,Z2-B02,Z2,578,578,0,0,43.60,25200.80,436.00,5,Y,13,10,83.33,194,Y,High,High: recurring SKU/location variance with repeated recount or material adjustment exposure,Y,59.18,Biweekly
133,SKU0120,Material Handling 0120,Material Handling,Z2-B02,Z2,147,147,0,0,88.00,12936.00,440.00,5,Y,13,10,83.33,193,Y,High,High: recurring SKU/location variance with repeated recount or material adjustment exposure,Y,59.17,Biweekly
134,SKU0087,Fasteners 0087,Fasteners,Z3-B03,Z3,532,532,0,0,85.90,45698.80,429.50,5,Y,13,10,83.33,195,Y,High,High: recurring SKU/location variance with repeated recount or material adjustment exposure,Y,59.16,Biweekly
135,SKU0092,Electrical Components 0092,Electrical Components,Z3-B03,Z3,40,40,0,0,104.40,4176.00,417.60,4,Y,13,10,83.33,197,Y,High,High: recurring SKU/location variance with repeated recount or material adjustment exposure,Y,59.14,Biweekly
136,SKU0125,Tools 0125,Tools,Z2-B02,Z2,275,275,0,0,106.50,29287.50,426.00,4,Y,13,10,83.33,195,Y,High,High: recurring SKU/location variance with repeated recount or material adjustment exposure,Y,59.12,Biweekly
137,SKU0127,Fasteners 0127,Fasteners,Z3-B03,Z3,681,681,0,0,113.90,77565.90,455.60,4,Y,13,10,83.33,189,Y,High,High: recurring SKU/location variance with repeated recount or material adjustment exposure,Y,59.12,Biweekly
138,SKU0143,Safety Supplies 0143,Safety Supplies,Z3-B03,Z3,543,543,0,0,53.10,28833.30,424.80,4,Y,13,10,83.33,195,Y,High,High: recurring SKU/location variance with repeated recount or material adjustment exposure,Y,59.11,Biweekly
139,SKU0018,Maintenance Parts 0018,Maintenance Parts,Z3-B03,Z3,379,379,0,0,70.60,26757.40,564.80,4,Y,13,10,83.33,166,Y,High,High: recurring SKU/location variance with repeated recount or material adjustment exposure,Y,59.08,Biweekly
140,SKU0255,Tools 0255,Tools,Z3-B03,Z3,608,608,0,0,107.50,65360.00,430.00,4,Y,13,11,91.67,192,Y,High,High: recurring SKU/location variance with repeated recount or material adjustment exposure,Y,59.01,Biweekly
141,SKU0287,Fasteners 0287,Fasteners,Z3-B03,Z3,183,183,0,0,105.90,19379.70,423.60,4,Y,13,11,84.62,193,Y,High,High: recurring SKU/location variance with repeated recount or material adjustment exposure,Y,59.00,Biweekly
142,SKU0280,Material Handling 0280,Material Handling,Z2-B02,Z2,364,364,0,0,80.00,29120.00,400.00,5,Y,13,11,84.62,197,Y,High,High: recurring SKU/location variance with repeated recount or material adjustment exposure,Y,58.96,Biweekly
143,SKU0285,Tools 0285,Tools,Z2-B02,Z2,503,503,0,0,98.50,49545.50,394.00,4,Y,13,10,83.33,198,Y,High,High: recurring SKU/location variance with repeated recount or material adjustment exposure,Y,58.95,Biweekly
144,SKU0092,Electrical Components 0092,Electrical Components,Z2-B02,Z2,186,186,0,0,104.40,19418.40,417.60,4,Y,13,10,83.33,193,Y,High,High: recurring SKU/location variance with repeated recount or material adjustment exposure,Y,58.94,Biweekly
145,SKU0220,Material Handling 0220,Material Handling,Z3-B03,Z3,623,623,0,0,98.00,61054.00,392.00,4,Y,13,10,83.33,198,Y,High,High: recurring SKU/location variance with repeated recount or material adjustment exposure,Y,58.93,Biweekly
146,SKU0178,Maintenance Parts 0178,Maintenance Parts,Z3-B03,Z3,476,476,0,0,62.60,29797.60,500.80,4,Y,13,10,83.33,176,Y,High,High: recurring SKU/location variance with repeated recount or material adjustment exposure,Y,58.93,Biweekly
147,SKU0060,Material Handling 0060,Material Handling,Z2-B02,Z2,570,570,0,0,106.00,60420.00,424.00,4,Y,13,10,83.33,191,Y,High,High: recurring SKU/location variance with repeated recount or material adjustment exposure,Y,58.90,Biweekly
148,SKU0204,Packaging 0204,Packaging,Z3-B03,Z3,49,49,0,0,38.80,1901.20,388.00,5,Y,13,11,91.67,198,Y,High,High: recurring SKU/location variance with repeated recount or material adjustment exposure,Y,58.89,Biweekly
149,SKU0095,Tools 0095,Tools,Z2-B02,Z2,536,536,0,0,115.50,61908.00,577.50,5,Y,13,10,83.33,159,Y,High,High: recurring SKU/location variance with repeated recount or material adjustment exposure,Y,58.85,Biweekly
150,SKU0114,Packaging 0114,Packaging,Z3-B03,Z3,642,642,0,0,65.80,42243.60,526.40,4,Y,13,10,83.33,169,Y,High,High: recurring SKU/location variance with repeated recount or material adjustment exposure,Y,58.84,Biweekly
151,SKU0027,Fasteners 0027,Fasteners,Z3-B03,Z3,118,118,0,0,103.90,12260.20,415.60,4,Y,13,10,83.33,191,Y,High,High: recurring SKU/location variance with repeated recount or material adjustment exposure,Y,58.82,Biweekly
152,SKU0109,Shipping Supplies 0109,Shipping Supplies,Z2-B02,Z2,624,624,0,0,47.30,29515.20,378.40,4,Y,13,10,83.33,198,Y,High,High: recurring SKU/location variance with repeated recount or material adjustment exposure,Y,58.79,Biweekly
153,SKU0025,Tools 0025,Tools,Z2-B02,Z2,523,523,0,0,96.50,50469.50,386.00,4,Y,13,11,84.62,196,Y,High,High: recurring SKU/location variance with repeated recount or material adjustment exposure,Y,58.77,Biweekly
154,SKU0157,Fasteners 0157,Fasteners,Z2-B02,Z2,4,4,0,0,104.90,419.60,524.50,5,Y,13,10,83.33,168,Y,High,High: recurring SKU/location variance with repeated recount or material adjustment exposure,Y,58.77,Biweekly
155,SKU0254,Packaging 0254,Packaging,Z2-B02,Z2,744,744,0,0,103.80,77227.20,830.40,4,Y,13,11,91.67,106,Y,High,High: recurring SKU/location variance with repeated recount or material adjustment exposure,Y,58.76,Biweekly
156,SKU0057,Fasteners 0057,Fasteners,Z2-B02,Z2,99,99,0,0,94.90,9395.10,379.60,4,Y,13,10,83.33,197,Y,High,High: recurring SKU/location variance with repeated recount or material adjustment exposure,Y,58.75,Biweekly
157,SKU0222,Electrical Components 0222,Electrical Components,Z3-B03,Z3,381,381,0,0,105.40,40157.40,527.00,5,Y,13,10,83.33,167,Y,High,High: recurring SKU/location variance with repeated recount or material adjustment exposure,Y,58.74,Biweekly
158,SKU0252,Electrical Components 0252,Electrical Components,Z3-B03,Z3,140,140,0,0,96.40,13496.00,385.60,4,Y,13,10,83.33,195,Y,High,High: recurring SKU/location variance with repeated recount or material adjustment exposure,Y,58.71,Biweekly
159,SKU0187,Fasteners 0187,Fasteners,Z2-B02,Z2,465,465,0,0,95.90,44593.50,479.50,5,Y,13,10,83.33,175,Y,High,High: recurring SKU/location variance with repeated recount or material adjustment exposure,Y,58.66,Biweekly
160,SKU0255,Tools 0255,Tools,Z2-B02,Z2,640,640,0,0,107.50,68800.00,537.50,5,Y,13,10,83.33,163,Y,High,High: recurring SKU/location variance with repeated recount or material adjustment exposure,Y,58.65,Biweekly
161,SKU0009,Shipping Supplies 0009,Shipping Supplies,Z2-B02,Z2,59,59,0,0,37.30,2200.70,373.00,5,Y,13,10,83.33,196,Y,High,High: recurring SKU/location variance with repeated recount or material adjustment exposure,Y,58.64,Biweekly
162,SKU0052,Electrical Components 0052,Electrical Components,Z2-B02,Z2,630,630,0,0,76.40,48132.00,382.00,5,Y,13,10,83.33,193,Y,High,High: recurring SKU/location variance with repeated recount or material adjustment exposure,Y,58.58,Biweekly
163,SKU0239,Shipping Supplies 0239,Shipping Supplies,Z3-B03,Z3,811,811,0,0,48.30,39171.30,386.40,4,Y,13,10,83.33,192,Y,High,High: recurring SKU/location variance with repeated recount or material adjustment exposure,Y,58.57,Biweekly
164,SKU0185,Tools 0185,Tools,Z2-B02,Z2,39,39,0,0,88.50,3451.50,354.00,4,Y,13,10,83.33,198,Y,High,High: recurring SKU/location variance with repeated recount or material adjustment exposure,Y,58.54,Biweekly
165,SKU0187,Fasteners 0187,Fasteners,Z3-B03,Z3,400,400,0,0,95.90,38360.00,383.60,4,Y,13,11,91.67,192,Y,High,High: recurring SKU/location variance with repeated recount or material adjustment exposure,Y,58.54,Biweekly
166,SKU0227,Fasteners 0227,Fasteners,Z2-B02,Z2,648,648,0,0,123.90,80287.20,495.60,4,Y,13,10,83.33,169,Y,High,High: recurring SKU/location variance with repeated recount or material adjustment exposure,Y,58.52,Biweekly
167,SKU0252,Electrical Components 0252,Electrical Components,Z2-B02,Z2,293,293,0,0,96.40,28245.20,385.60,4,Y,13,11,84.62,191,Y,High,High: recurring SKU/location variance with repeated recount or material adjustment exposure,Y,58.51,Biweekly
168,SKU0108,Maintenance Parts 0108,Maintenance Parts,Z3-B03,Z3,591,591,0,0,43.60,25767.60,348.80,4,Y,13,10,83.33,198,Y,High,High: recurring SKU/location variance with repeated recount or material adjustment exposure,Y,58.49,Biweekly
169,SKU0173,Safety Supplies 0173,Safety Supplies,Z2-B02,Z2,468,468,0,0,44.10,20638.80,352.80,4,Y,13,11,84.62,197,Y,High,High: recurring SKU/location variance with repeated recount or material adjustment exposure,Y,58.48,Biweekly
170,SKU0217,Fasteners 0217,Fasteners,Z2-B02,Z2,288,288,0,0,86.90,25027.20,347.60,4,Y,13,10,83.33,198,Y,High,High: recurring SKU/location variance with repeated recount or material adjustment exposure,Y,58.48,Biweekly
171,SKU0189,Shipping Supplies 0189,Shipping Supplies,Z3-B03,Z3,862,862,0,0,103.30,89044.60,826.40,4,Y,13,10,83.33,101,Y,High,High: recurring SKU/location variance with repeated recount or material adjustment exposure,Y,58.47,Biweekly
172,SKU0120,Material Handling 0120,Material Handling,Z3-B03,Z3,53,53,0,0,88.00,4664.00,352.00,4,Y,13,10,83.33,196,Y,High,High: recurring SKU/location variance with repeated recount or material adjustment exposure,Y,58.42,Biweekly
173,SKU0220,Material Handling 0220,Material Handling,Z2-B02,Z2,635,635,0,0,98.00,62230.00,392.00,4,Y,13,11,91.67,187,Y,High,High: recurring SKU/location variance with repeated recount or material adjustment exposure,Y,58.38,Biweekly
174,SKU0152,Electrical Components 0152,Electrical Components,Z3-B03,Z3,375,375,0,0,86.40,32400.00,345.60,4,Y,13,10,83.33,196,Y,High,High: recurring SKU/location variance with repeated recount or material adjustment exposure,Y,58.36,Biweekly
175,SKU0162,Electrical Components 0162,Electrical Components,Z3-B03,Z3,683,683,0,0,123.40,84282.20,493.60,4,Y,13,11,84.62,166,Y,High,High: recurring SKU/location variance with repeated recount or material adjustment exposure,Y,58.35,Biweekly
176,SKU0212,Electrical Components 0212,Electrical Components,Z2-B02,Z2,806,806,0,0,68.40,55130.40,342.00,5,Y,13,11,84.62,195,Y,High,High: recurring SKU/location variance with repeated recount or material adjustment exposure,Y,58.27,Biweekly
177,SKU0127,Fasteners 0127,Fasteners,Z2-B02,Z2,872,872,0,0,113.90,99320.80,455.60,4,Y,13,11,84.62,172,Y,High,High: recurring SKU/location variance with repeated recount or material adjustment exposure,Y,58.27,Biweekly
178,SKU0247,Fasteners 0247,Fasteners,Z3-B03,Z3,641,641,0,0,77.90,49933.90,389.50,5,Y,13,11,84.62,185,Y,High,High: recurring SKU/location variance with repeated recount or material adjustment exposure,Y,58.25,Biweekly
179,SKU0014,Packaging 0014,Packaging,Z3-B03,Z3,691,691,0,0,55.80,38557.80,446.40,4,Y,13,10,83.33,173,Y,High,High: recurring SKU/location variance with repeated recount or material adjustment exposure,Y,58.23,Biweekly
180,SKU0055,Tools 0055,Tools,Z3-B03,Z3,171,171,0,0,87.50,14962.50,350.00,4,Y,13,11,84.62,192,Y,High,High: recurring SKU/location variance with repeated recount or material adjustment exposure,Y,58.20,Biweekly
181,SKU0043,Safety Supplies 0043,Safety Supplies,Z3-B03,Z3,646,646,0,0,43.10,27842.60,344.80,4,Y,13,11,84.62,193,Y,High,High: recurring SKU/location variance with repeated recount or material adjustment exposure,Y,58.20,Biweekly
182,SKU0280,Material Handling 0280,Material Handling,Z3-B03,Z3,137,137,0,0,80.00,10960.00,320.00,4,Y,13,10,83.33,197,Y,High,High: recurring SKU/location variance with repeated recount or material adjustment exposure,Y,58.15,Biweekly
183,SKU0274,Packaging 0274,Packaging,Z3-B03,Z3,812,812,0,0,57.80,46933.60,462.40,4,Y,13,10,83.33,168,Y,High,High: recurring SKU/location variance with repeated recount or material adjustment exposure,Y,58.14,Biweekly
184,SKU0079,Shipping Supplies 0079,Shipping Supplies,Z2-B02,Z2,684,684,0,0,56.30,38509.20,450.40,4,Y,13,10,83.33,170,Y,High,High: recurring SKU/location variance with repeated recount or material adjustment exposure,Y,58.12,Biweekly
185,SKU0152,Electrical Components 0152,Electrical Components,Z2-B02,Z2,412,412,0,0,86.40,35596.80,345.60,4,Y,13,11,91.67,191,Y,High,High: recurring SKU/location variance with repeated recount or material adjustment exposure,Y,58.11,Biweekly
186,SKU0085,Tools 0085,Tools,Z2-B02,Z2,94,94,0,0,78.50,7379.00,314.00,4,Y,13,10,83.33,197,Y,High,High: recurring SKU/location variance with repeated recount or material adjustment exposure,Y,58.09,Biweekly
187,SKU0215,Tools 0215,Tools,Z3-B03,Z3,400,400,0,0,79.50,31800.00,318.00,4,Y,13,10,83.33,196,Y,High,High: recurring SKU/location variance with repeated recount or material adjustment exposure,Y,58.08,Biweekly
188,SKU0052,Electrical Components 0052,Electrical Components,Z3-B03,Z3,511,511,0,0,76.40,39040.40,305.60,4,Y,13,10,83.33,198,Y,High,High: recurring SKU/location variance with repeated recount or material adjustment exposure,Y,58.05,Biweekly
189,SKU0154,Packaging 0154,Packaging,Z2-B02,Z2,970,970,0,0,93.80,90986.00,750.40,4,Y,13,10,83.33,108,Y,High,High: recurring SKU/location variance with repeated recount or material adjustment exposure,Y,58.05,Biweekly
190,SKU0020,Material Handling 0020,Material Handling,Z3-B03,Z3,153,153,0,0,78.00,11934.00,312.00,4,Y,13,11,84.62,195,Y,High,High: recurring SKU/location variance with repeated recount or material adjustment exposure,Y,57.97,Biweekly
191,SKU0030,Material Handling 0030,Material Handling,Z3-B03,Z3,600,600,0,0,115.00,69000.00,460.00,4,Y,13,11,91.67,165,Y,High,High: recurring SKU/location variance with repeated recount or material adjustment exposure,Y,57.96,Biweekly
192,SKU0117,Fasteners 0117,Fasteners,Z2-B02,Z2,499,499,0,0,76.90,38373.10,307.60,4,Y,13,10,83.33,195,Y,High,High: recurring SKU/location variance with repeated recount or material adjustment exposure,Y,57.92,Biweekly
193,SKU0204,Packaging 0204,Packaging,Z2-B02,Z2,147,147,0,0,38.80,5703.60,310.40,4,Y,13,10,83.33,194,Y,High,High: recurring SKU/location variance with repeated recount or material adjustment exposure,Y,57.90,Biweekly
194,SKU0169,Shipping Supplies 0169,Shipping Supplies,Z2-B02,Z2,80,80,0,0,29.30,2344.00,293.00,5,Y,13,11,91.67,197,Y,High,High: recurring SKU/location variance with repeated recount or material adjustment exposure,Y,57.87,Biweekly
195,SKU0112,Electrical Components 0112,Electrical Components,Z3-B03,Z3,64,64,0,0,58.40,3737.60,292.00,5,Y,13,10,83.33,197,Y,High,High: recurring SKU/location variance with repeated recount or material adjustment exposure,Y,57.86,Biweekly
196,SKU0020,Material Handling 0020,Material Handling,Z2-B02,Z2,367,367,0,0,78.00,28626.00,312.00,4,Y,13,11,84.62,192,Y,High,High: recurring SKU/location variance with repeated recount or material adjustment exposure,Y,57.82,Biweekly
197,SKU0245,Tools 0245,Tools,Z2-B02,Z2,322,322,0,0,70.50,22701.00,282.00,4,Y,13,10,83.33,197,Y,High,High: recurring SKU/location variance with repeated recount or material adjustment exposure,Y,57.76,Biweekly
198,SKU0139,Shipping Supplies 0139,Shipping Supplies,Z3-B03,Z3,205,205,0,0,38.30,7851.50,306.40,4,Y,13,11,84.62,192,Y,High,High: recurring SKU/location variance with repeated recount or material adjustment exposure,Y,57.76,Biweekly
199,SKU0155,Tools 0155,Tools,Z2-B02,Z2,875,875,0,0,97.50,85312.50,390.00,4,Y,13,11,84.62,175,Y,High,High: recurring SKU/location variance with repeated recount or material adjustment exposure,Y,57.75,Biweekly
200,SKU0180,Material Handling 0180,Material Handling,Z3-B03,Z3,300,300,0,0,70.00,21000.00,280.00,4,Y,13,10,83.33,197,Y,High,High: recurring SKU/location variance with repeated recount or material adjustment exposure,Y,57.74,Biweekly
201,SKU0089,Shipping Supplies 0089,Shipping Supplies,Z3-B03,Z3,921,921,0,0,93.30,85929.30,746.40,4,Y,13,11,84.62,102,Y,High,High: recurring SKU/location variance with repeated recount or material adjustment exposure,Y,57.70,Biweekly
202,SKU0090,Material Handling 0090,Material Handling,Z3-B03,Z3,950,950,0,0,97.00,92150.00,388.00,4,Y,13,10,83.33,174,Y,High,High: recurring SKU/location variance with repeated recount or material adjustment exposure,Y,57.68,Biweekly
203,SKU0122,Electrical Components 0122,Electrical Components,Z3-B03,Z3,467,467,0,0,95.40,44551.80,381.60,4,Y,13,11,84.62,175,Y,High,High: recurring SKU/location variance with repeated recount or material adjustment exposure,Y,57.67,Biweekly
204,SKU0203,Safety Supplies 0203,Safety Supplies,Z3-B03,Z3,187,187,0,0,35.10,6563.70,280.80,4,Y,13,10,83.33,195,Y,High,High: recurring SKU/location variance with repeated recount or material adjustment exposure,Y,57.65,Biweekly
205,SKU0073,Safety Supplies 0073,Safety Supplies,Z2-B02,Z2,590,590,0,0,34.10,20119.00,272.80,4,Y,13,10,83.33,196,Y,High,High: recurring SKU/location variance with repeated recount or material adjustment exposure,Y,57.62,Biweekly
206,SKU0268,Maintenance Parts 0268,Maintenance Parts,Z2-B02,Z2,838,838,0,0,35.60,29832.80,284.80,4,Y,13,10,83.33,193,Y,High,High: recurring SKU/location variance with repeated recount or material adjustment exposure,Y,57.59,Biweekly
207,SKU0190,Material Handling 0190,Material Handling,Z3-B03,Z3,726,726,0,0,107.00,77682.00,428.00,4,Y,13,11,84.62,164,Y,High,High: recurring SKU/location variance with repeated recount or material adjustment exposure,Y,57.59,Biweekly
208,SKU0078,Maintenance Parts 0078,Maintenance Parts,Z3-B03,Z3,660,660,0,0,52.60,34716.00,420.80,4,Y,13,10,83.33,165,Y,High,High: recurring SKU/location variance with repeated recount or material adjustment exposure,Y,57.56,Biweekly
209,SKU0287,Fasteners 0287,Fasteners,Z2-B02,Z2,367,367,0,0,105.90,38865.30,423.60,4,Y,13,10,83.33,164,Y,High,High: recurring SKU/location variance with repeated recount or material adjustment exposure,Y,57.54,Biweekly
210,SKU0027,Fasteners 0027,Fasteners,Z2-B02,Z2,294,294,0,0,103.90,30546.60,415.60,4,Y,13,10,83.33,165,Y,High,High: recurring SKU/location variance with repeated recount or material adjustment exposure,Y,57.51,Biweekly
211,SKU0249,Shipping Supplies 0249,Shipping Supplies,Z3-B03,Z3,1177,1177,0,0,85.30,100398.10,682.40,4,Y,13,10,83.33,111,Y,High,High: recurring SKU/location variance with repeated recount or material adjustment exposure,Y,57.51,Biweekly
212,SKU0115,Tools 0115,Tools,Z3-B03,Z3,577,577,0,0,69.50,40101.50,278.00,4,Y,13,11,91.67,192,Y,High,High: recurring SKU/location variance with repeated recount or material adjustment exposure,Y,57.47,Biweekly
213,SKU0017,Fasteners 0017,Fasteners,Z2-B02,Z2,506,506,0,0,66.90,33851.40,267.60,4,Y,13,10,83.33,194,Y,High,High: recurring SKU/location variance with repeated recount or material adjustment exposure,Y,57.47,Biweekly
214,SKU0147,Fasteners 0147,Fasteners,Z3-B03,Z3,182,182,0,0,67.90,12357.80,271.60,4,Y,13,10,83.33,193,Y,High,High: recurring SKU/location variance with repeated recount or material adjustment exposure,Y,57.46,Biweekly
215,SKU0250,Material Handling 0250,Material Handling,Z3-B03,Z3,364,364,0,0,89.00,32396.00,356.00,4,Y,13,10,83.33,175,Y,High,High: recurring SKU/location variance with repeated recount or material adjustment exposure,Y,57.41,Biweekly
216,SKU0080,Material Handling 0080,Material Handling,Z3-B03,Z3,567,567,0,0,60.00,34020.00,240.00,4,Y,13,10,83.33,198,Y,High,High: recurring SKU/location variance with repeated recount or material adjustment exposure,Y,57.39,Biweekly
217,SKU0077,Fasteners 0077,Fasteners,Z2-B02,Z2,247,247,0,0,48.90,12078.30,244.50,5,Y,13,10,83.33,197,Y,High,High: recurring SKU/location variance with repeated recount or material adjustment exposure,Y,57.38,Biweekly
218,SKU0145,Tools 0145,Tools,Z2-B02,Z2,468,468,0,0,60.50,28314.00,242.00,4,Y,13,10,83.33,197,Y,High,High: recurring SKU/location variance with repeated recount or material adjustment exposure,Y,57.36,Biweekly
219,SKU0143,Safety Supplies 0143,Safety Supplies,Z2-B02,Z2,720,720,0,0,53.10,38232.00,424.80,4,Y,13,10,83.33,160,Y,High,High: recurring SKU/location variance with repeated recount or material adjustment exposure,Y,57.35,Biweekly
220,SKU0268,Maintenance Parts 0268,Maintenance Parts,Z3-B03,Z3,16,16,0,0,35.60,569.60,284.80,4,Y,13,11,91.67,188,Y,High,High: recurring SKU/location variance with repeated recount or material adjustment exposure,Y,57.34,Biweekly
221,SKU0054,Packaging 0054,Packaging,Z2-B02,Z2,1120,1120,0,0,83.80,93856.00,670.40,4,Y,13,11,84.62,110,Y,High,High: recurring SKU/location variance with repeated recount or material adjustment exposure,Y,57.33,Biweekly
222,SKU0008,Maintenance Parts 0008,Maintenance Parts,Z2-B02,Z2,834,834,0,0,33.60,28022.40,268.80,4,Y,13,11,84.62,191,Y,High,High: recurring SKU/location variance with repeated recount or material adjustment exposure,Y,57.33,Biweekly
223,SKU0174,Packaging 0174,Packaging,Z3-B03,Z3,899,899,0,0,47.80,42972.20,382.40,4,Y,13,11,84.62,168,Y,High,High: recurring SKU/location variance with repeated recount or material adjustment exposure,Y,57.32,Biweekly
224,SKU0239,Shipping Supplies 0239,Shipping Supplies,Z2-B02,Z2,909,909,0,0,48.30,43904.70,386.40,4,Y,13,10,83.33,167,Y,High,High: recurring SKU/location variance with repeated recount or material adjustment exposure,Y,57.32,Biweekly
225,SKU0153,Safety Supplies 0153,Safety Supplies,Z3-B03,Z3,961,961,0,0,90.10,86586.10,720.80,4,Y,13,11,91.67,99,Y,High,High: recurring SKU/location variance with repeated recount or material adjustment exposure,Y,57.29,Biweekly
226,SKU0282,Electrical Components 0282,Electrical Components,Z3-B03,Z3,609,609,0,0,87.40,53226.60,349.60,4,Y,13,10,83.33,174,Y,High,High: recurring SKU/location variance with repeated recount or material adjustment exposure,Y,57.29,Biweekly
227,SKU0177,Fasteners 0177,Fasteners,Z2-B02,Z2,78,78,0,0,58.90,4594.20,235.60,4,Y,13,10,83.33,197,Y,High,High: recurring SKU/location variance with repeated recount or material adjustment exposure,Y,57.29,Biweekly
228,SKU0180,Material Handling 0180,Material Handling,Z2-B02,Z2,448,448,0,0,70.00,31360.00,280.00,4,Y,13,10,83.33,188,Y,High,High: recurring SKU/location variance with repeated recount or material adjustment exposure,Y,57.29,Biweekly
229,SKU0104,Packaging 0104,Packaging,Z3-B03,Z3,215,215,0,0,28.80,6192.00,230.40,4,Y,13,10,83.33,198,Y,High,High: recurring SKU/location variance with repeated recount or material adjustment exposure,Y,57.29,Biweekly
230,SKU0275,Tools 0275,Tools,Z3-B03,Z3,651,651,0,0,61.50,40036.50,246.00,4,Y,13,11,84.62,194,Y,High,High: recurring SKU/location variance with repeated recount or material adjustment exposure,Y,57.25,Biweekly
231,SKU0299,Shipping Supplies 0299,Shipping Supplies,Z3-B03,Z3,301,301,0,0,30.30,9120.30,242.40,4,Y,13,10,83.33,194,Y,High,High: recurring SKU/location variance with repeated recount or material adjustment exposure,Y,57.21,Biweekly
232,SKU0112,Electrical Components 0112,Electrical Components,Z2-B02,Z2,189,189,0,0,58.40,11037.60,233.60,4,Y,13,10,83.33,195,Y,High,High: recurring SKU/location variance with repeated recount or material adjustment exposure,Y,57.17,Biweekly
233,SKU0047,Fasteners 0047,Fasteners,Z3-B03,Z3,298,298,0,0,57.90,17254.20,231.60,4,Y,13,11,91.67,195,Y,High,High: recurring SKU/location variance with repeated recount or material adjustment exposure,Y,57.15,Biweekly
234,SKU0055,Tools 0055,Tools,Z2-B02,Z2,281,281,0,0,87.50,24587.50,350.00,4,Y,13,10,83.33,171,Y,High,High: recurring SKU/location variance with repeated recount or material adjustment exposure,Y,57.15,Biweekly
235,SKU0050,Material Handling 0050,Material Handling,Z3-B03,Z3,731,731,0,0,69.00,50439.00,345.00,5,Y,13,10,83.33,172,Y,High,High: recurring SKU/location variance with repeated recount or material adjustment exposure,Y,57.15,Biweekly
236,SKU0104,Packaging 0104,Packaging,Z2-B02,Z2,403,403,0,0,28.80,11606.40,230.40,4,Y,13,11,84.62,195,Y,High,High: recurring SKU/location variance with repeated recount or material adjustment exposure,Y,57.14,Biweekly
237,SKU0240,Material Handling 0240,Material Handling,Z3-B03,Z3,13,12,1,1,52.00,624.00,260.00,5,Y,13,10,83.33,189,Y,High,High: recurring SKU/location variance with repeated recount or material adjustment exposure,Y,57.14,Biweekly
238,SKU0015,Tools 0015,Tools,Z3-B03,Z3,654,654,0,0,59.50,38913.00,238.00,4,Y,13,11,84.62,193,Y,High,High: recurring SKU/location variance with repeated recount or material adjustment exposure,Y,57.12,Biweekly
239,SKU0043,Safety Supplies 0043,Safety Supplies,Z2-B02,Z2,815,815,0,0,43.10,35126.50,344.80,4,Y,13,10,83.33,171,Y,High,High: recurring SKU/location variance with repeated recount or material adjustment exposure,Y,57.09,Biweekly
240,SKU0039,Shipping Supplies 0039,Shipping Supplies,Z3-B03,Z3,393,393,0,0,28.30,11121.90,226.40,4,Y,13,10,83.33,194,Y,High,High: recurring SKU/location variance with repeated recount or material adjustment exposure,Y,57.05,Biweekly
241,SKU0080,Material Handling 0080,Material Handling,Z2-B02,Z2,601,601,0,0,60.00,36060.00,240.00,4,Y,13,11,91.67,191,Y,High,High: recurring SKU/location variance with repeated recount or material adjustment exposure,Y,57.03,Biweekly
242,SKU0053,Safety Supplies 0053,Safety Supplies,Z3-B03,Z3,1102,1102,0,0,80.10,88270.20,640.80,4,Y,13,10,83.33,109,Y,High,High: recurring SKU/location variance with repeated recount or material adjustment exposure,Y,56.98,Biweekly
243,SKU0103,Safety Supplies 0103,Safety Supplies,Z3-B03,Z3,331,331,0,0,25.10,8308.10,200.80,4,Y,13,10,83.33,197,Y,High,High: recurring SKU/location variance with repeated recount or material adjustment exposure,Y,56.94,Biweekly
244,SKU0087,Fasteners 0087,Fasteners,Z2-B02,Z2,683,683,0,0,85.90,58669.70,343.60,4,Y,13,11,84.62,168,Y,High,High: recurring SKU/location variance with repeated recount or material adjustment exposure,Y,56.93,Biweekly
245,SKU0168,Maintenance Parts 0168,Maintenance Parts,Z2-B02,Z2,249,249,0,0,25.60,6374.40,204.80,4,Y,13,10,83.33,196,Y,High,High: recurring SKU/location variance with repeated recount or material adjustment exposure,Y,56.93,Biweekly
246,SKU0168,Maintenance Parts 0168,Maintenance Parts,Z3-B03,Z3,134,134,0,0,25.60,3430.40,204.80,4,Y,13,11,84.62,196,Y,High,High: recurring SKU/location variance with repeated recount or material adjustment exposure,Y,56.93,Biweekly
247,SKU0233,Safety Supplies 0233,Safety Supplies,Z2-B02,Z2,129,129,0,0,26.10,3366.90,208.80,4,Y,13,11,91.67,195,Y,High,High: recurring SKU/location variance with repeated recount or material adjustment exposure,Y,56.92,Biweekly
248,SKU0075,Tools 0075,Tools,Z3-B03,Z3,307,307,0,0,41.50,12740.50,207.50,5,Y,13,10,83.33,195,Y,High,High: recurring SKU/location variance with repeated recount or material adjustment exposure,Y,56.91,Biweekly
249,SKU0045,Tools 0045,Tools,Z2-B02,Z2,569,569,0,0,50.50,28734.50,202.00,4,Y,13,10,83.33,196,Y,High,High: recurring SKU/location variance with repeated recount or material adjustment exposure,Y,56.90,Biweekly
250,SKU0272,Electrical Components 0272,Electrical Components,Z3-B03,Z3,322,322,0,0,50.40,16228.80,201.60,4,Y,13,11,91.67,196,Y,High,High: recurring SKU/location variance with repeated recount or material adjustment exposure,Y,56.90,Biweekly
251,SKU0237,Fasteners 0237,Fasteners,Z2-B02,Z2,330,330,0,0,40.90,13497.00,204.50,5,Y,13,11,91.67,195,Y,High,High: recurring SKU/location variance with repeated recount or material adjustment exposure,Y,56.88,Biweekly
252,SKU0240,Material Handling 0240,Material Handling,Z2-B02,Z2,804,804,0,0,52.00,41808.00,208.00,4,Y,13,11,84.62,194,Y,High,High: recurring SKU/location variance with repeated recount or material adjustment exposure,Y,56.86,Biweekly
253,SKU0022,Electrical Components 0022,Electrical Components,Z3-B03,Z3,754,754,0,0,85.40,64391.60,341.60,4,Y,13,10,83.33,167,Y,High,High: recurring SKU/location variance with repeated recount or material adjustment exposure,Y,56.86,Biweekly
254,SKU0175,Tools 0175,Tools,Z3-B03,Z3,145,145,0,0,51.50,7467.50,206.00,4,Y,13,10,83.33,194,Y,High,High: recurring SKU/location variance with repeated recount or material adjustment exposure,Y,56.84,Biweekly
255,SKU0214,Packaging 0214,Packaging,Z2-B02,Z2,541,541,0,0,75.80,41007.80,606.40,4,Y,13,10,83.33,113,Y,High,High: recurring SKU/location variance with repeated recount or material adjustment exposure,Y,56.84,Biweekly
256,SKU0012,Electrical Components 0012,Electrical Components,Z3-B03,Z3,292,292,0,0,48.40,14132.80,193.60,4,Y,13,10,83.33,196,Y,High,High: recurring SKU/location variance with repeated recount or material adjustment exposure,Y,56.81,Biweekly
257,SKU0238,Maintenance Parts 0238,Maintenance Parts,Z3-B03,Z3,954,954,0,0,44.60,42548.40,356.80,4,Y,13,11,91.67,162,Y,High,High: recurring SKU/location variance with repeated recount or material adjustment exposure,Y,56.76,Biweekly
258,SKU0150,Material Handling 0150,Material Handling,Z3-B03,Z3,506,506,0,0,79.00,39974.00,316.00,4,Y,13,10,83.33,170,Y,High,High: recurring SKU/location variance with repeated recount or material adjustment exposure,Y,56.75,Biweekly
259,SKU0234,Packaging 0234,Packaging,Z3-B03,Z3,571,571,0,0,29.80,17015.80,298.00,5,Y,13,11,91.67,173,Y,High,High: recurring SKU/location variance with repeated recount or material adjustment exposure,Y,56.72,Biweekly
260,SKU0074,Packaging 0074,Packaging,Z3-B03,Z3,422,422,0,0,37.80,15951.60,302.40,4,Y,13,10,83.33,172,Y,High,High: recurring SKU/location variance with repeated recount or material adjustment exposure,Y,56.71,Biweekly
261,SKU0205,Tools 0205,Tools,Z2-B02,Z2,105,105,0,0,42.50,4462.50,170.00,4,Y,13,10,83.33,198,Y,High,High: recurring SKU/location variance with repeated recount or material adjustment exposure,Y,56.68,Biweekly
262,SKU0012,Electrical Components 0012,Electrical Components,Z2-B02,Z2,406,406,0,0,48.40,19650.40,193.60,4,Y,13,11,91.67,193,Y,High,High: recurring SKU/location variance with repeated recount or material adjustment exposure,Y,56.66,Biweekly
263,SKU0272,Electrical Components 0272,Electrical Components,Z2-B02,Z2,360,360,0,0,50.40,18144.00,201.60,4,Y,13,10,83.33,191,Y,High,High: recurring SKU/location variance with repeated recount or material adjustment exposure,Y,56.64,Biweekly
264,SKU0207,Fasteners 0207,Fasteners,Z3-B03,Z3,416,416,0,0,49.90,20758.40,199.60,4,Y,13,11,84.62,191,Y,High,High: recurring SKU/location variance with repeated recount or material adjustment exposure,Y,56.62,Biweekly
265,SKU0118,Maintenance Parts 0118,Maintenance Parts,Z2-B02,Z2,959,959,0,0,80.60,77295.40,644.80,4,Y,13,11,91.67,101,Y,High,High: recurring SKU/location variance with repeated recount or material adjustment exposure,Y,56.62,Biweekly
266,SKU0172,Electrical Components 0172,Electrical Components,Z3-B03,Z3,502,502,0,0,40.40,20280.80,161.60,4,Y,13,10,83.33,198,Y,High,High: recurring SKU/location variance with repeated recount or material adjustment exposure,Y,56.59,Biweekly
267,SKU0210,Material Handling 0210,Material Handling,Z3-B03,Z3,913,913,0,0,61.00,55693.00,305.00,5,Y,13,10,83.33,169,Y,High,High: recurring SKU/location variance with repeated recount or material adjustment exposure,Y,56.59,Biweekly
268,SKU0008,Maintenance Parts 0008,Maintenance Parts,Z3-B03,Z3,11,11,0,0,33.60,369.60,268.80,4,Y,13,10,83.33,176,Y,High,High: recurring SKU/location variance with repeated recount or material adjustment exposure,Y,56.57,Biweekly
269,SKU0015,Tools 0015,Tools,Z2-B02,Z2,828,828,0,0,59.50,49266.00,297.50,5,Y,13,10,83.33,170,Y,High,High: recurring SKU/location variance with repeated recount or material adjustment exposure,Y,56.56,Biweekly
270,SKU0140,Material Handling 0140,Material Handling,Z3-B03,Z3,82,82,0,0,42.00,3444.00,168.00,4,Y,13,11,84.62,196,Y,High,High: recurring SKU/location variance with repeated recount or material adjustment exposure,Y,56.56,Biweekly
271,SKU0068,Maintenance Parts 0068,Maintenance Parts,Z3-B03,Z3,368,370,-2,2,15.60,5772.00,156.00,5,Y,13,11,91.67,198,Y,Critical,"Critical: recurring variance, large latest discrepancy, and repeated recounts in a recurring-variance location",Y,56.53,Weekly
272,SKU0215,Tools 0215,Tools,Z2-B02,Z2,494,494,0,0,79.50,39273.00,318.00,4,Y,13,10,83.33,165,Y,High,High: recurring SKU/location variance with repeated recount or material adjustment exposure,Y,56.52,Biweekly
273,SKU0247,Fasteners 0247,Fasteners,Z2-B02,Z2,793,793,0,0,77.90,61774.70,311.60,4,Y,13,10,83.33,166,Y,High,High: recurring SKU/location variance with repeated recount or material adjustment exposure,Y,56.51,Biweekly
274,SKU0139,Shipping Supplies 0139,Shipping Supplies,Z2-B02,Z2,378,378,0,0,38.30,14477.40,306.40,4,Y,13,11,84.62,167,Y,High,High: recurring SKU/location variance with repeated recount or material adjustment exposure,Y,56.50,Biweekly
275,SKU0264,Packaging 0264,Packaging,Z3-B03,Z3,301,301,0,0,20.80,6260.80,166.40,4,Y,13,11,84.62,195,Y,High,High: recurring SKU/location variance with repeated recount or material adjustment exposure,Y,56.49,Biweekly
276,SKU0069,Shipping Supplies 0069,Shipping Supplies,Z2-B02,Z2,359,359,0,0,19.30,6928.70,154.40,4,Y,13,10,83.33,197,Y,High,High: recurring SKU/location variance with repeated recount or material adjustment exposure,Y,56.47,Biweekly
277,SKU0264,Packaging 0264,Packaging,Z2-B02,Z2,556,556,0,0,20.80,11564.80,166.40,4,Y,13,10,83.33,194,Y,High,High: recurring SKU/location variance with repeated recount or material adjustment exposure,Y,56.44,Biweekly
278,SKU0199,Shipping Supplies 0199,Shipping Supplies,Z3-B03,Z3,588,588,0,0,20.30,11936.40,162.40,4,Y,13,10,83.33,194,Y,High,High: recurring SKU/location variance with repeated recount or material adjustment exposure,Y,56.40,Biweekly
279,SKU0275,Tools 0275,Tools,Z2-B02,Z2,862,862,0,0,61.50,53013.00,246.00,4,Y,13,11,84.62,177,Y,High,High: recurring SKU/location variance with repeated recount or material adjustment exposure,Y,56.39,Biweekly
280,SKU0182,Electrical Components 0182,Electrical Components,Z3-B03,Z3,862,862,0,0,77.40,66718.80,309.60,4,Y,13,10,83.33,164,Y,High,High: recurring SKU/location variance with repeated recount or material adjustment exposure,Y,56.38,Biweekly
281,SKU0140,Material Handling 0140,Material Handling,Z2-B02,Z2,281,281,0,0,42.00,11802.00,168.00,4,Y,13,10,83.33,192,Y,High,High: recurring SKU/location variance with repeated recount or material adjustment exposure,Y,56.35,Biweekly
282,SKU0138,Maintenance Parts 0138,Maintenance Parts,Z3-B03,Z3,329,329,0,0,34.60,11383.40,276.80,4,Y,13,10,83.33,170,Y,High,High: recurring SKU/location variance with repeated recount or material adjustment exposure,Y,56.35,Biweekly
283,SKU0149,Shipping Supplies 0149,Shipping Supplies,Z3-B03,Z3,655,655,0,0,75.30,49321.50,602.40,4,Y,13,11,91.67,104,Y,High,High: recurring SKU/location variance with repeated recount or material adjustment exposure,Y,56.34,Biweekly
284,SKU0172,Electrical Components 0172,Electrical Components,Z2-B02,Z2,623,623,0,0,40.40,25169.20,161.60,4,Y,13,11,84.62,193,Y,High,High: recurring SKU/location variance with repeated recount or material adjustment exposure,Y,56.34,Biweekly
285,SKU0269,Shipping Supplies 0269,Shipping Supplies,Z2-B02,Z2,30,30,0,0,39.30,1179.00,235.80,3,Y,13,11,84.62,178,Y,High,High: recurring SKU/location variance with repeated recount or material adjustment exposure,Y,56.34,Biweekly
286,SKU0300,Material Handling 0300,Material Handling,Z3-B03,Z3,310,310,0,0,34.00,10540.00,136.00,4,Y,13,10,83.33,198,Y,High,High: recurring SKU/location variance with repeated recount or material adjustment exposure,Y,56.33,Biweekly
287,SKU0004,Packaging 0004,Packaging,Z3-B03,Z3,323,323,0,0,18.80,6072.40,150.40,4,Y,13,11,84.62,195,Y,High,High: recurring SKU/location variance with repeated recount or material adjustment exposure,Y,56.33,Biweekly
288,SKU0114,Packaging 0114,Packaging,Z2-B02,Z2,765,765,0,0,65.80,50337.00,658.00,5,Y,13,11,91.67,92,Y,High,High: recurring SKU/location variance with repeated recount or material adjustment exposure,Y,56.30,Biweekly
289,SKU0278,Maintenance Parts 0278,Maintenance Parts,Z2-B02,Z2,482,482,0,0,72.60,34993.20,580.80,4,Y,13,10,83.33,107,Y,High,High: recurring SKU/location variance with repeated recount or material adjustment exposure,Y,56.27,Biweekly
290,SKU0142,Electrical Components 0142,Electrical Components,Z3-B03,Z3,623,623,0,0,49.40,30776.20,247.00,5,Y,13,10,83.33,174,Y,High,High: recurring SKU/location variance with repeated recount or material adjustment exposure,Y,56.25,Biweekly
291,SKU0203,Safety Supplies 0203,Safety Supplies,Z2-B02,Z2,927,927,0,0,35.10,32537.70,280.80,4,Y,13,11,91.67,167,Y,High,High: recurring SKU/location variance with repeated recount or material adjustment exposure,Y,56.24,Biweekly
292,SKU0107,Fasteners 0107,Fasteners,Z3-B03,Z3,638,638,0,0,39.90,25456.20,159.60,4,Y,13,10,83.33,191,Y,High,High: recurring SKU/location variance with repeated recount or material adjustment exposure,Y,56.22,Biweekly
293,SKU0040,Material Handling 0040,Material Handling,Z3-B03,Z3,293,293,0,0,32.00,9376.00,128.00,4,Y,13,10,83.33,197,Y,High,High: recurring SKU/location variance with repeated recount or material adjustment exposure,Y,56.20,Biweekly
294,SKU0300,Material Handling 0300,Material Handling,Z2-B02,Z2,352,352,0,0,34.00,11968.00,136.00,4,Y,13,10,83.33,195,Y,High,High: recurring SKU/location variance with repeated recount or material adjustment exposure,Y,56.18,Biweekly
295,SKU0040,Material Handling 0040,Material Handling,Z2-B02,Z2,402,402,0,0,32.00,12864.00,160.00,5,Y,13,10,83.33,190,Y,High,High: recurring SKU/location variance with repeated recount or material adjustment exposure,Y,56.17,Biweekly
296,SKU0212,Electrical Components 0212,Electrical Components,Z3-B03,Z3,11,11,0,0,68.40,752.40,273.60,4,Y,13,10,83.33,167,Y,High,High: recurring SKU/location variance with repeated recount or material adjustment exposure,Y,56.17,Biweekly
297,SKU0105,Tools 0105,Tools,Z2-B02,Z2,303,303,0,0,32.50,9847.50,130.00,4,Y,13,11,84.62,196,Y,High,High: recurring SKU/location variance with repeated recount or material adjustment exposure,Y,56.17,Biweekly
298,SKU0133,Safety Supplies 0133,Safety Supplies,Z2-B02,Z2,254,254,0,0,16.10,4089.40,128.80,4,Y,13,11,84.62,196,Y,High,High: recurring SKU/location variance with repeated recount or material adjustment exposure,Y,56.16,Biweekly
299,SKU0137,Fasteners 0137,Fasteners,Z2-B02,Z2,554,554,0,0,30.90,17118.60,123.60,4,Y,13,10,83.33,197,Y,High,High: recurring SKU/location variance with repeated recount or material adjustment exposure,Y,56.15,Biweekly
300,SKU0072,Electrical Components 0072,Electrical Components,Z3-B03,Z3,530,530,0,0,30.40,16112.00,121.60,4,Y,13,11,84.62,196,Y,High,High: recurring SKU/location variance with repeated recount or material adjustment exposure,Y,56.08,Biweekly
301,SKU0115,Tools 0115,Tools,Z2-B02,Z2,677,677,0,0,69.50,47051.50,278.00,4,Y,13,10,83.33,164,Y,High,High: recurring SKU/location variance with repeated recount or material adjustment exposure,Y,56.06,Biweekly
302,SKU0267,Fasteners 0267,Fasteners,Z3-B03,Z3,780,780,0,0,31.90,24882.00,127.60,4,Y,13,10,83.33,194,Y,High,High: recurring SKU/location variance with repeated recount or material adjustment exposure,Y,56.04,Biweekly
303,SKU0082,Electrical Components 0082,Electrical Components,Z3-B03,Z3,296,296,0,0,67.40,19950.40,269.60,4,Y,13,10,83.33,165,Y,High,High: recurring SKU/location variance with repeated recount or material adjustment exposure,Y,56.03,Biweekly
304,SKU0004,Packaging 0004,Packaging,Z2-B02,Z2,423,423,0,0,18.80,7952.40,150.40,4,Y,13,10,83.33,189,Y,High,High: recurring SKU/location variance with repeated recount or material adjustment exposure,Y,56.02,Biweekly
305,SKU0175,Tools 0175,Tools,Z2-B02,Z2,888,888,0,0,51.50,45732.00,257.50,5,Y,13,10,83.33,167,Y,High,High: recurring SKU/location variance with repeated recount or material adjustment exposure,Y,56.01,Biweekly
306,SKU0072,Electrical Components 0072,Electrical Components,Z2-B02,Z2,656,656,0,0,30.40,19942.40,121.60,4,Y,13,10,83.33,194,Y,High,High: recurring SKU/location variance with repeated recount or material adjustment exposure,Y,55.98,Biweekly
307,SKU0068,Maintenance Parts 0068,Maintenance Parts,Z2-B02,Z2,433,433,0,0,15.60,6754.80,124.80,4,Y,13,10,83.33,193,Y,High,High: recurring SKU/location variance with repeated recount or material adjustment exposure,Y,55.97,Biweekly
308,SKU0047,Fasteners 0047,Fasteners,Z2-B02,Z2,451,451,0,0,57.90,26112.90,231.60,4,Y,13,10,83.33,171,Y,High,High: recurring SKU/location variance with repeated recount or material adjustment exposure,Y,55.94,Biweekly
309,SKU0263,Safety Supplies 0263,Safety Supplies,Z3-B03,Z3,442,442,0,0,17.10,7558.20,136.80,4,Y,13,10,83.33,190,Y,High,High: recurring SKU/location variance with repeated recount or material adjustment exposure,Y,55.94,Biweekly
310,SKU0200,Material Handling 0200,Material Handling,Z3-B03,Z3,511,511,0,0,24.00,12264.00,96.00,4,Y,13,11,91.67,198,Y,High,High: recurring SKU/location variance with repeated recount or material adjustment exposure,Y,55.92,Biweekly
311,SKU0235,Tools 0235,Tools,Z3-B03,Z3,397,397,0,0,33.50,13299.50,134.00,4,Y,13,10,83.33,190,Y,High,High: recurring SKU/location variance with repeated recount or material adjustment exposure,Y,55.91,Biweekly
312,SKU0200,Material Handling 0200,Material Handling,Z2-B02,Z2,590,590,0,0,24.00,14160.00,120.00,5,Y,13,10,83.33,192,Y,High,High: recurring SKU/location variance with repeated recount or material adjustment exposure,Y,55.87,Biweekly
313,SKU0147,Fasteners 0147,Fasteners,Z2-B02,Z2,935,935,0,0,67.90,63486.50,271.60,4,Y,13,10,83.33,161,Y,High,High: recurring SKU/location variance with repeated recount or material adjustment exposure,Y,55.85,Biweekly
314,SKU0099,Shipping Supplies 0099,Shipping Supplies,Z3-B03,Z3,666,666,0,0,10.30,6859.80,103.00,5,Y,13,10,83.33,195,Y,High,High: recurring SKU/location variance with repeated recount or material adjustment exposure,Y,55.84,Biweekly
315,SKU0297,Fasteners 0297,Fasteners,Z2-B02,Z2,55,55,0,0,22.90,1259.50,91.60,4,Y,13,11,84.62,197,Y,High,High: recurring SKU/location variance with repeated recount or material adjustment exposure,Y,55.83,Biweekly
316,SKU0178,Maintenance Parts 0178,Maintenance Parts,Z2-B02,Z2,686,686,0,0,62.60,42943.60,500.80,4,Y,13,11,84.62,114,Y,High,High: recurring SKU/location variance with repeated recount or material adjustment exposure,Y,55.81,Biweekly
317,SKU0299,Shipping Supplies 0299,Shipping Supplies,Z2-B02,Z2,499,499,0,0,30.30,15119.70,242.40,4,Y,13,10,83.33,166,Y,High,High: recurring SKU/location variance with repeated recount or material adjustment exposure,Y,55.80,Biweekly
318,SKU0265,Tools 0265,Tools,Z2-B02,Z2,355,355,0,0,24.50,8697.50,98.00,4,Y,13,10,83.33,195,Y,High,High: recurring SKU/location variance with repeated recount or material adjustment exposure,Y,55.79,Biweekly
319,SKU0164,Packaging 0164,Packaging,Z3-B03,Z3,630,630,0,0,10.80,6804.00,86.40,4,Y,13,10,83.33,197,Y,High,High: recurring SKU/location variance with repeated recount or material adjustment exposure,Y,55.78,Biweekly
320,SKU0229,Shipping Supplies 0229,Shipping Supplies,Z2-B02,Z2,535,535,0,0,11.30,6045.50,90.40,4,Y,13,11,84.62,196,Y,High,High: recurring SKU/location variance with repeated recount or material adjustment exposure,Y,55.77,Biweekly
321,SKU0232,Electrical Components 0232,Electrical Components,Z3-B03,Z3,140,140,0,0,22.40,3136.00,89.60,4,Y,13,10,83.33,196,Y,High,High: recurring SKU/location variance with repeated recount or material adjustment exposure,Y,55.76,Biweekly
322,SKU0213,Safety Supplies 0213,Safety Supplies,Z3-B03,Z3,508,508,0,0,72.10,36626.80,576.80,4,Y,13,11,84.62,97,Y,High,High: recurring SKU/location variance with repeated recount or material adjustment exposure,Y,55.73,Biweekly
323,SKU0037,Fasteners 0037,Fasteners,Z2-B02,Z2,61,61,0,0,20.90,1274.90,83.60,4,Y,13,11,84.62,196,Y,High,High: recurring SKU/location variance with repeated recount or material adjustment exposure,Y,55.70,Biweekly
324,SKU0038,Maintenance Parts 0038,Maintenance Parts,Z3-B03,Z3,463,463,0,0,24.60,11389.80,246.00,5,Y,13,11,84.62,163,Y,High,High: recurring SKU/location variance with repeated recount or material adjustment exposure,Y,55.69,Biweekly
325,SKU0049,Shipping Supplies 0049,Shipping Supplies,Z3-B03,Z3,734,734,0,0,65.30,47930.20,522.40,4,Y,13,11,84.62,107,Y,High,High: recurring SKU/location variance with repeated recount or material adjustment exposure,Y,55.68,Biweekly
326,SKU0005,Tools 0005,Tools,Z2-B02,Z2,365,365,0,0,22.50,8212.50,90.00,4,Y,13,10,83.33,194,Y,High,High: recurring SKU/location variance with repeated recount or material adjustment exposure,Y,55.66,Biweekly
327,SKU0228,Maintenance Parts 0228,Maintenance Parts,Z3-B03,Z3,464,464,0,0,7.60,3526.40,76.00,5,Y,13,10,83.33,196,Y,High,High: recurring SKU/location variance with repeated recount or material adjustment exposure,Y,55.62,Biweekly
328,SKU0010,Material Handling 0010,Material Handling,Z3-B03,Z3,457,457,0,0,41.00,18737.00,164.00,4,Y,13,10,83.33,178,Y,High,High: recurring SKU/location variance with repeated recount or material adjustment exposure,Y,55.61,Biweekly
329,SKU0242,Electrical Components 0242,Electrical Components,Z3-B03,Z3,480,480,0,0,59.40,28512.00,237.60,4,Y,13,11,84.62,163,Y,High,High: recurring SKU/location variance with repeated recount or material adjustment exposure,Y,55.60,Biweekly
330,SKU0003,Safety Supplies 0003,Safety Supplies,Z3-B03,Z3,508,508,0,0,15.10,7670.80,120.80,4,Y,13,11,84.62,186,Y,High,High: recurring SKU/location variance with repeated recount or material adjustment exposure,Y,55.57,Biweekly
331,SKU0293,Safety Supplies 0293,Safety Supplies,Z2-B02,Z2,348,348,0,0,8.10,2818.80,64.80,4,Y,13,10,83.33,197,Y,High,High: recurring SKU/location variance with repeated recount or material adjustment exposure,Y,55.56,Biweekly
332,SKU0298,Maintenance Parts 0298,Maintenance Parts,Z3-B03,Z3,459,459,0,0,26.60,12209.40,212.80,4,Y,13,11,84.62,167,Y,High,High: recurring SKU/location variance with repeated recount or material adjustment exposure,Y,55.55,Biweekly
333,SKU0135,Tools 0135,Tools,Z3-B03,Z3,647,647,0,0,23.50,15204.50,94.00,4,Y,13,10,83.33,191,Y,High,High: recurring SKU/location variance with repeated recount or material adjustment exposure,Y,55.55,Biweekly
334,SKU0162,Electrical Components 0162,Electrical Components,Z2-B02,Z2,897,897,0,0,123.40,110689.80,493.60,4,Y,13,10,83.33,110,Y,High,High: recurring SKU/location variance with repeated recount or material adjustment exposure,Y,55.54,Biweekly
335,SKU0164,Packaging 0164,Packaging,Z2-B02,Z2,620,620,0,0,10.80,6696.00,86.40,4,Y,13,10,83.33,192,Y,High,High: recurring SKU/location variance with repeated recount or material adjustment exposure,Y,55.53,Biweekly
336,SKU0167,Fasteners 0167,Fasteners,Z3-B03,Z3,250,250,0,0,21.90,5475.00,109.50,5,Y,13,10,83.33,187,Y,High,High: recurring SKU/location variance with repeated recount or material adjustment exposure,Y,55.51,Biweekly
337,SKU0165,Tools 0165,Tools,Z2-B02,Z2,586,586,0,0,14.50,8497.00,58.00,4,Y,13,11,91.67,197,Y,High,High: recurring SKU/location variance with repeated recount or material adjustment exposure,Y,55.49,Biweekly
338,SKU0075,Tools 0075,Tools,Z2-B02,Z2,461,461,0,0,41.50,19131.50,166.00,4,Y,13,10,83.33,175,Y,High,High: recurring SKU/location variance with repeated recount or material adjustment exposure,Y,55.48,Biweekly
339,SKU0097,Fasteners 0097,Fasteners,Z3-B03,Z3,899,899,0,0,122.90,110487.10,491.60,4,Y,13,10,83.33,109,Y,High,High: recurring SKU/location variance with repeated recount or material adjustment exposure,Y,55.47,Biweekly
340,SKU0110,Material Handling 0110,Material Handling,Z3-B03,Z3,311,311,0,0,51.00,15861.00,204.00,4,Y,13,10,83.33,167,Y,High,High: recurring SKU/location variance with repeated recount or material adjustment exposure,Y,55.46,Biweekly
341,SKU0232,Electrical Components 0232,Electrical Components,Z2-B02,Z2,180,180,0,0,22.40,4032.00,89.60,4,Y,13,10,83.33,190,Y,High,High: recurring SKU/location variance with repeated recount or material adjustment exposure,Y,55.46,Biweekly
342,SKU0039,Shipping Supplies 0039,Shipping Supplies,Z2-B02,Z2,499,499,0,0,28.30,14121.70,226.40,4,Y,13,10,83.33,162,Y,High,High: recurring SKU/location variance with repeated recount or material adjustment exposure,Y,55.44,Biweekly
343,SKU0207,Fasteners 0207,Fasteners,Z2-B02,Z2,584,584,0,0,49.90,29141.60,199.60,4,Y,13,11,84.62,167,Y,High,High: recurring SKU/location variance with repeated recount or material adjustment exposure,Y,55.42,Biweekly
344,SKU0100,Material Handling 0100,Material Handling,Z3-B03,Z3,530,530,0,0,14.00,7420.00,56.00,4,Y,13,11,84.62,196,Y,High,High: recurring SKU/location variance with repeated recount or material adjustment exposure,Y,55.42,Biweekly
345,SKU0107,Fasteners 0107,Fasteners,Z2-B02,Z2,672,673,-1,1,39.90,26852.70,199.50,5,Y,13,10,83.33,167,Y,High,High: recurring SKU/location variance with repeated recount or material adjustment exposure,Y,55.42,Biweekly
346,SKU0003,Safety Supplies 0003,Safety Supplies,Z2-B02,Z2,636,636,0,0,15.10,9603.60,151.00,5,Y,13,11,84.62,176,Y,High,High: recurring SKU/location variance with repeated recount or material adjustment exposure,Y,55.38,Biweekly
347,SKU0197,Fasteners 0197,Fasteners,Z2-B02,Z2,169,169,0,0,12.90,2180.10,51.60,4,Y,13,10,83.33,196,Y,High,High: recurring SKU/location variance with repeated recount or material adjustment exposure,Y,55.37,Biweekly
348,SKU0113,Safety Supplies 0113,Safety Supplies,Z3-B03,Z3,729,729,0,0,62.10,45270.90,496.80,4,Y,13,10,83.33,106,Y,High,High: recurring SKU/location variance with repeated recount or material adjustment exposure,Y,55.37,Biweekly
349,SKU0100,Material Handling 0100,Material Handling,Z2-B02,Z2,782,782,0,0,14.00,10948.00,56.00,4,Y,13,10,83.33,195,Y,High,High: recurring SKU/location variance with repeated recount or material adjustment exposure,Y,55.37,Biweekly
350,SKU0103,Safety Supplies 0103,Safety Supplies,Z2-B02,Z2,463,463,0,0,25.10,11621.30,200.80,4,Y,13,10,83.33,165,Y,High,High: recurring SKU/location variance with repeated recount or material adjustment exposure,Y,55.33,Biweekly
351,SKU0163,Safety Supplies 0163,Safety Supplies,Z3-B03,Z3,586,586,0,0,7.10,4160.60,56.80,4,Y,13,10,83.33,194,Y,High,High: recurring SKU/location variance with repeated recount or material adjustment exposure,Y,55.33,Biweekly
352,SKU0018,Maintenance Parts 0018,Maintenance Parts,Z2-B02,Z2,548,548,0,0,70.60,38688.80,564.80,4,Y,13,10,83.33,91,Y,High,High: recurring SKU/location variance with repeated recount or material adjustment exposure,Y,55.31,Biweekly
353,SKU0132,Electrical Components 0132,Electrical Components,Z3-B03,Z3,274,274,0,0,12.40,3397.60,49.60,4,Y,13,11,91.67,195,Y,High,High: recurring SKU/location variance with repeated recount or material adjustment exposure,Y,55.30,Biweekly
354,SKU0033,Safety Supplies 0033,Safety Supplies,Z2-B02,Z2,341,341,0,0,6.10,2080.10,48.80,4,Y,13,11,91.67,195,Y,High,High: recurring SKU/location variance with repeated recount or material adjustment exposure,Y,55.29,Biweekly
355,SKU0067,Fasteners 0067,Fasteners,Z3-B03,Z3,465,465,0,0,11.90,5533.50,47.60,4,Y,13,10,83.33,195,Y,High,High: recurring SKU/location variance with repeated recount or material adjustment exposure,Y,55.28,Biweekly
356,SKU0267,Fasteners 0267,Fasteners,Z2-B02,Z2,930,930,0,0,31.90,29667.00,159.50,5,Y,13,11,91.67,172,Y,High,High: recurring SKU/location variance with repeated recount or material adjustment exposure,Y,55.26,Biweekly
357,SKU0295,Tools 0295,Tools,Z3-B03,Z3,884,884,0,0,15.50,13702.00,62.00,4,Y,13,10,83.33,191,Y,High,High: recurring SKU/location variance with repeated recount or material adjustment exposure,Y,55.23,Biweekly
358,SKU0228,Maintenance Parts 0228,Maintenance Parts,Z2-B02,Z2,657,657,0,0,7.60,4993.20,60.80,4,Y,13,10,83.33,191,Y,High,High: recurring SKU/location variance with repeated recount or material adjustment exposure,Y,55.22,Biweekly
359,SKU0134,Packaging 0134,Packaging,Z3-B03,Z3,703,703,0,0,19.80,13919.40,158.40,4,Y,13,11,84.62,170,Y,High,High: recurring SKU/location variance with repeated recount or material adjustment exposure,Y,55.15,Biweekly
360,SKU0030,Material Handling 0030,Material Handling,Z2-B02,Z2,755,755,0,0,115.00,86825.00,460.00,4,Y,13,10,83.33,109,Y,High,High: recurring SKU/location variance with repeated recount or material adjustment exposure,Y,55.15,Biweekly
361,SKU0132,Electrical Components 0132,Electrical Components,Z2-B02,Z2,396,396,0,0,12.40,4910.40,62.00,5,Y,13,10,83.33,189,Y,High,High: recurring SKU/location variance with repeated recount or material adjustment exposure,Y,55.13,Biweekly
362,SKU0014,Packaging 0014,Packaging,Z2-B02,Z2,890,890,0,0,55.80,49662.00,446.40,4,Y,13,11,84.62,111,Y,High,High: recurring SKU/location variance with repeated recount or material adjustment exposure,Y,55.11,Biweekly
363,SKU0173,Safety Supplies 0173,Safety Supplies,Z3-B03,Z3,924,924,0,0,44.10,40748.40,441.00,5,Y,13,11,84.62,112,Y,High,High: recurring SKU/location variance with repeated recount or material adjustment exposure,Y,55.11,Biweekly
364,SKU0062,Electrical Components 0062,Electrical Components,Z2-B02,Z2,939,939,0,0,113.40,106482.60,453.60,4,Y,13,10,83.33,109,Y,High,High: recurring SKU/location variance with repeated recount or material adjustment exposure,Y,55.08,Biweekly
365,SKU0065,Tools 0065,Tools,Z2-B02,Z2,30,30,0,0,4.50,135.00,18.00,4,Y,13,11,84.62,197,Y,High,High: recurring SKU/location variance with repeated recount or material adjustment exposure,Y,55.08,Biweekly
366,SKU0292,Electrical Components 0292,Electrical Components,Z3-B03,Z3,326,326,0,0,4.40,1434.40,17.60,4,Y,13,11,84.62,197,Y,High,High: recurring SKU/location variance with repeated recount or material adjustment exposure,Y,55.08,Biweekly
367,SKU0198,Maintenance Parts 0198,Maintenance Parts,Z3-B03,Z3,726,726,0,0,16.60,12051.60,166.00,5,Y,13,10,83.33,167,Y,High,High: recurring SKU/location variance with repeated recount or material adjustment exposure,Y,55.08,Biweekly
368,SKU0274,Packaging 0274,Packaging,Z2-B02,Z2,944,944,0,0,57.80,54563.20,462.40,4,Y,13,11,84.62,107,Y,High,High: recurring SKU/location variance with repeated recount or material adjustment exposure,Y,55.07,Biweekly
369,SKU0125,Tools 0125,Tools,Z3-B03,Z3,896,896,0,0,106.50,95424.00,426.00,4,Y,13,10,83.33,114,Y,High,High: recurring SKU/location variance with repeated recount or material adjustment exposure,Y,55.05,Biweekly
370,SKU0035,Tools 0035,Tools,Z3-B03,Z3,797,797,0,0,13.50,10759.50,54.00,4,Y,13,10,83.33,189,Y,High,High: recurring SKU/location variance with repeated recount or material adjustment exposure,Y,55.05,Biweekly
371,SKU0260,Material Handling 0260,Material Handling,Z3-B03,Z3,113,113,0,0,6.00,678.00,24.00,4,Y,13,10,83.33,195,Y,High,High: recurring SKU/location variance with repeated recount or material adjustment exposure,Y,55.04,Biweekly
372,SKU0199,Shipping Supplies 0199,Shipping Supplies,Z2-B02,Z2,719,719,0,0,20.30,14595.70,162.40,4,Y,13,11,91.67,167,Y,High,High: recurring SKU/location variance with repeated recount or material adjustment exposure,Y,55.04,Biweekly
373,SKU0195,Tools 0195,Tools,Z3-B03,Z3,251,251,0,0,5.50,1380.50,22.00,4,Y,13,10,83.33,195,Y,High,High: recurring SKU/location variance with repeated recount or material adjustment exposure,Y,55.02,Biweekly
374,SKU0042,Electrical Components 0042,Electrical Components,Z3-B03,Z3,725,725,0,0,39.40,28565.00,157.60,4,Y,13,10,83.33,167,Y,High,High: recurring SKU/location variance with repeated recount or material adjustment exposure,Y,54.99,Biweekly
375,SKU0273,Safety Supplies 0273,Safety Supplies,Z3-B03,Z3,859,859,0,0,54.10,46471.90,432.80,4,Y,13,10,83.33,111,Y,High,High: recurring SKU/location variance with repeated recount or material adjustment exposure,Y,54.97,Biweekly
376,SKU0292,Electrical Components 0292,Electrical Components,Z2-B02,Z2,475,475,0,0,4.40,2090.00,22.00,5,Y,13,11,84.62,194,Y,High,High: recurring SKU/location variance with repeated recount or material adjustment exposure,Y,54.97,Biweekly
377,SKU0235,Tools 0235,Tools,Z2-B02,Z2,606,606,0,0,33.50,20301.00,134.00,4,Y,13,11,84.62,170,Y,High,High: recurring SKU/location variance with repeated recount or material adjustment exposure,Y,54.90,Biweekly
378,SKU0022,Electrical Components 0022,Electrical Components,Z2-B02,Z2,729,729,0,0,85.40,62256.60,427.00,5,Y,13,10,83.33,110,Y,High,High: recurring SKU/location variance with repeated recount or material adjustment exposure,Y,54.86,Biweekly
379,SKU0025,Tools 0025,Tools,Z3-B03,Z3,1017,1016,1,1,96.50,98044.00,482.50,5,Y,13,10,83.33,98,Y,High,High: recurring SKU/location variance with repeated recount or material adjustment exposure,Y,54.82,Biweekly
380,SKU0225,Tools 0225,Tools,Z3-B03,Z3,693,693,0,0,116.50,80734.50,466.00,4,Y,13,11,84.62,101,Y,High,High: recurring SKU/location variance with repeated recount or material adjustment exposure,Y,54.81,Biweekly
381,SKU0290,Material Handling 0290,Material Handling,Z2-B02,Z2,716,716,0,0,117.00,83772.00,468.00,4,Y,13,10,83.33,100,Y,High,High: recurring SKU/location variance with repeated recount or material adjustment exposure,Y,54.78,Biweekly
382,SKU0202,Electrical Components 0202,Electrical Components,Z3-B03,Z3,917,917,0,0,31.40,28793.80,125.60,4,Y,13,11,84.62,169,Y,High,High: recurring SKU/location variance with repeated recount or material adjustment exposure,Y,54.77,Biweekly
383,SKU0260,Material Handling 0260,Material Handling,Z2-B02,Z2,174,174,0,0,6.00,1044.00,24.00,4,Y,13,10,83.33,189,Y,High,High: recurring SKU/location variance with repeated recount or material adjustment exposure,Y,54.74,Biweekly
384,SKU0157,Fasteners 0157,Fasteners,Z3-B03,Z3,465,465,0,0,104.90,48778.50,419.60,4,Y,13,11,84.62,109,Y,High,High: recurring SKU/location variance with repeated recount or material adjustment exposure,Y,54.74,Biweekly
385,SKU0270,Material Handling 0270,Material Handling,Z3-B03,Z3,469,469,0,0,43.00,20167.00,172.00,4,Y,13,11,84.62,159,Y,High,High: recurring SKU/location variance with repeated recount or material adjustment exposure,Y,54.74,Biweekly
386,SKU0185,Tools 0185,Tools,Z3-B03,Z3,481,481,0,0,88.50,42568.50,442.50,5,Y,13,11,84.62,104,Y,High,High: recurring SKU/location variance with repeated recount or material adjustment exposure,Y,54.72,Biweekly
387,SKU0257,Fasteners 0257,Fasteners,Z3-B03,Z3,1112,1112,0,0,114.90,127768.80,459.60,4,Y,13,10,83.33,100,Y,High,High: recurring SKU/location variance with repeated recount or material adjustment exposure,Y,54.69,Biweekly
388,SKU0167,Fasteners 0167,Fasteners,Z2-B02,Z2,401,401,0,0,21.90,8781.90,87.60,4,Y,13,11,84.62,175,Y,High,High: recurring SKU/location variance with repeated recount or material adjustment exposure,Y,54.68,Biweekly
389,SKU0170,Material Handling 0170,Material Handling,Z3-B03,Z3,648,648,0,0,33.00,21384.00,132.00,4,Y,13,11,91.67,166,Y,High,High: recurring SKU/location variance with repeated recount or material adjustment exposure,Y,54.68,Biweekly
390,SKU0263,Safety Supplies 0263,Safety Supplies,Z2-B02,Z2,610,610,0,0,17.10,10431.00,136.80,4,Y,13,11,84.62,165,Y,High,High: recurring SKU/location variance with repeated recount or material adjustment exposure,Y,54.68,Biweekly
391,SKU0078,Maintenance Parts 0078,Maintenance Parts,Z2-B02,Z2,743,743,0,0,52.60,39081.80,420.80,4,Y,13,10,83.33,107,Y,High,High: recurring SKU/location variance with repeated recount or material adjustment exposure,Y,54.65,Biweekly
392,SKU0057,Fasteners 0057,Fasteners,Z3-B03,Z3,693,693,0,0,94.90,65765.70,379.60,4,Y,13,10,83.33,115,Y,High,High: recurring SKU/location variance with repeated recount or material adjustment exposure,Y,54.63,Biweekly
393,SKU0209,Shipping Supplies 0209,Shipping Supplies,Z3-B03,Z3,988,988,0,0,57.30,56612.40,458.40,4,Y,13,10,83.33,99,Y,High,High: recurring SKU/location variance with repeated recount or material adjustment exposure,Y,54.63,Biweekly
394,SKU0070,Material Handling 0070,Material Handling,Z3-B03,Z3,811,811,0,0,23.00,18653.00,92.00,4,Y,13,10,83.33,172,Y,High,High: recurring SKU/location variance with repeated recount or material adjustment exposure,Y,54.58,Biweekly
395,SKU0190,Material Handling 0190,Material Handling,Z2-B02,Z2,920,920,0,0,107.00,98440.00,428.00,4,Y,13,11,84.62,104,Y,High,High: recurring SKU/location variance with repeated recount or material adjustment exposure,Y,54.57,Biweekly
396,SKU0090,Material Handling 0090,Material Handling,Z2-B02,Z2,966,966,0,0,97.00,93702.00,388.00,4,Y,13,10,83.33,112,Y,High,High: recurring SKU/location variance with repeated recount or material adjustment exposure,Y,54.57,Biweekly
397,SKU0222,Electrical Components 0222,Electrical Components,Z2-B02,Z2,516,516,0,0,105.40,54386.40,421.60,4,Y,13,10,83.33,105,Y,High,High: recurring SKU/location variance with repeated recount or material adjustment exposure,Y,54.56,Biweekly
398,SKU0034,Packaging 0034,Packaging,Z3-B03,Z3,918,918,0,0,9.80,8996.40,78.40,4,Y,13,11,91.67,174,Y,High,High: recurring SKU/location variance with repeated recount or material adjustment exposure,Y,54.54,Biweekly
399,SKU0163,Safety Supplies 0163,Safety Supplies,Z2-B02,Z2,679,679,0,0,7.10,4820.90,71.00,5,Y,13,10,83.33,175,Y,High,High: recurring SKU/location variance with repeated recount or material adjustment exposure,Y,54.51,Biweekly
400,SKU0174,Packaging 0174,Packaging,Z2-B02,Z2,1000,1000,0,0,47.80,47800.00,382.40,4,Y,13,10,83.33,112,Y,High,High: recurring SKU/location variance with repeated recount or material adjustment exposure,Y,54.51,Biweekly
401,SKU0150,Material Handling 0150,Material Handling,Z2-B02,Z2,620,619,1,1,79.00,48901.00,395.00,5,Y,13,11,84.62,107,Y,High,High: recurring SKU/location variance with repeated recount or material adjustment exposure,Y,54.39,Biweekly
402,SKU0282,Electrical Components 0282,Electrical Components,Z2-B02,Z2,736,736,0,0,87.40,64326.40,349.60,4,Y,13,10,83.33,116,Y,High,High: recurring SKU/location variance with repeated recount or material adjustment exposure,Y,54.38,Biweekly
403,SKU0102,Electrical Components 0102,Electrical Components,Z3-B03,Z3,459,459,0,0,21.40,9822.60,85.60,4,Y,13,11,91.67,168,Y,High,High: recurring SKU/location variance with repeated recount or material adjustment exposure,Y,54.31,Biweekly
404,SKU0135,Tools 0135,Tools,Z2-B02,Z2,685,685,0,0,23.50,16097.50,94.00,4,Y,13,11,91.67,165,Y,High,High: recurring SKU/location variance with repeated recount or material adjustment exposure,Y,54.25,Biweekly
405,SKU0294,Packaging 0294,Packaging,Z3-B03,Z3,980,980,0,0,11.80,11564.00,94.40,4,Y,13,10,83.33,164,Y,High,High: recurring SKU/location variance with repeated recount or material adjustment exposure,Y,54.20,Biweekly
406,SKU0099,Shipping Supplies 0099,Shipping Supplies,Z2-B02,Z2,884,884,0,0,10.30,9105.20,82.40,4,Y,13,11,84.62,166,Y,High,High: recurring SKU/location variance with repeated recount or material adjustment exposure,Y,54.18,Biweekly
407,SKU0098,Maintenance Parts 0098,Maintenance Parts,Z3-B03,Z3,872,872,0,0,6.60,5755.20,52.80,4,Y,13,11,91.67,171,Y,High,High: recurring SKU/location variance with repeated recount or material adjustment exposure,Y,54.13,Biweekly
408,SKU0285,Tools 0285,Tools,Z3-B03,Z3,1112,1112,0,0,98.50,109532.00,394.00,4,Y,13,11,91.67,102,Y,High,High: recurring SKU/location variance with repeated recount or material adjustment exposure,Y,54.13,Biweekly
409,SKU0109,Shipping Supplies 0109,Shipping Supplies,Z3-B03,Z3,1133,1133,0,0,47.30,53590.90,378.40,4,Y,13,10,83.33,105,Y,High,High: recurring SKU/location variance with repeated recount or material adjustment exposure,Y,54.12,Biweekly
410,SKU0250,Material Handling 0250,Material Handling,Z2-B02,Z2,525,525,0,0,89.00,46725.00,356.00,4,Y,13,11,91.67,108,Y,High,High: recurring SKU/location variance with repeated recount or material adjustment exposure,Y,54.04,Biweekly
411,SKU0295,Tools 0295,Tools,Z2-B02,Z2,875,875,0,0,15.50,13562.50,62.00,4,Y,13,10,83.33,167,Y,High,High: recurring SKU/location variance with repeated recount or material adjustment exposure,Y,54.02,Biweekly
412,SKU0035,Tools 0035,Tools,Z2-B02,Z2,935,935,0,0,13.50,12622.50,54.00,4,Y,13,10,83.33,168,Y,High,High: recurring SKU/location variance with repeated recount or material adjustment exposure,Y,53.99,Biweekly
413,SKU0262,Electrical Components 0262,Electrical Components,Z3-B03,Z3,635,635,0,0,13.40,8509.00,53.60,4,Y,13,10,83.33,168,Y,High,High: recurring SKU/location variance with repeated recount or material adjustment exposure,Y,53.99,Biweekly
414,SKU0238,Maintenance Parts 0238,Maintenance Parts,Z2-B02,Z2,888,888,0,0,44.60,39604.80,356.80,4,Y,13,10,83.33,105,Y,High,High: recurring SKU/location variance with repeated recount or material adjustment exposure,Y,53.90,Biweekly
415,SKU0195,Tools 0195,Tools,Z2-B02,Z2,382,382,0,0,5.50,2101.00,22.00,4,Y,13,11,84.62,172,Y,High,High: recurring SKU/location variance with repeated recount or material adjustment exposure,Y,53.87,Biweekly
416,SKU0130,Material Handling 0130,Material Handling,Z3-B03,Z3,449,449,0,0,5.00,2245.00,25.00,5,Y,13,10,83.33,171,Y,High,High: recurring SKU/location variance with repeated recount or material adjustment exposure,Y,53.85,Biweekly
417,SKU0217,Fasteners 0217,Fasteners,Z3-B03,Z3,903,903,0,0,86.90,78470.70,347.60,4,Y,13,11,91.67,105,Y,High,High: recurring SKU/location variance with repeated recount or material adjustment exposure,Y,53.81,Biweekly
418,SKU0230,Material Handling 0230,Material Handling,Z3-B03,Z3,882,882,0,0,15.00,13230.00,60.00,4,Y,13,11,84.62,163,Y,High,High: recurring SKU/location variance with repeated recount or material adjustment exposure,Y,53.80,Biweekly
419,SKU0085,Tools 0085,Tools,Z3-B03,Z3,687,687,0,0,78.50,53929.50,314.00,4,Y,13,11,91.67,111,Y,High,High: recurring SKU/location variance with repeated recount or material adjustment exposure,Y,53.77,Biweekly
420,SKU0138,Maintenance Parts 0138,Maintenance Parts,Z2-B02,Z2,1155,1155,0,0,34.60,39963.00,346.00,5,Y,13,11,84.62,104,Y,High,High: recurring SKU/location variance with repeated recount or material adjustment exposure,Y,53.74,Biweekly
421,SKU0182,Electrical Components 0182,Electrical Components,Z2-B02,Z2,960,960,0,0,77.40,74304.00,309.60,4,Y,13,11,91.67,110,Y,High,High: recurring SKU/location variance with repeated recount or material adjustment exposure,Y,53.67,Biweekly
422,SKU0009,Shipping Supplies 0009,Shipping Supplies,Z3-B03,Z3,557,557,0,0,37.30,20776.10,298.40,4,Y,13,11,84.62,112,Y,High,High: recurring SKU/location variance with repeated recount or material adjustment exposure,Y,53.66,Biweekly
423,SKU0067,Fasteners 0067,Fasteners,Z2-B02,Z2,508,508,0,0,11.90,6045.20,47.60,4,Y,13,11,91.67,162,Y,High,High: recurring SKU/location variance with repeated recount or material adjustment exposure,Y,53.62,Biweekly
424,SKU0002,Electrical Components 0002,Electrical Components,Z3-B03,Z3,593,593,0,0,11.40,6760.20,45.60,4,Y,13,10,83.33,162,Y,High,High: recurring SKU/location variance with repeated recount or material adjustment exposure,Y,53.60,Biweekly
425,SKU0122,Electrical Components 0122,Electrical Components,Z2-B02,Z2,684,684,0,0,95.40,65253.60,381.60,4,Y,13,11,84.62,94,Y,High,High: recurring SKU/location variance with repeated recount or material adjustment exposure,Y,53.60,Biweekly
426,SKU0145,Tools 0145,Tools,Z3-B03,Z3,897,897,0,0,60.50,54268.50,242.00,4,Y,13,11,84.62,122,Y,High,High: recurring SKU/location variance with repeated recount or material adjustment exposure,Y,53.59,Biweekly
427,SKU0082,Electrical Components 0082,Electrical Components,Z2-B02,Z2,1159,1159,0,0,67.40,78116.60,269.60,4,Y,13,11,84.62,116,Y,High,High: recurring SKU/location variance with repeated recount or material adjustment exposure,Y,53.57,Biweekly
428,SKU0074,Packaging 0074,Packaging,Z2-B02,Z2,483,483,0,0,37.80,18257.40,302.40,4,Y,13,10,83.33,108,Y,High,High: recurring SKU/location variance with repeated recount or material adjustment exposure,Y,53.50,Biweekly
429,SKU0117,Fasteners 0117,Fasteners,Z3-B03,Z3,928,928,0,0,76.90,71363.20,307.60,4,Y,13,11,84.62,104,Y,High,High: recurring SKU/location variance with repeated recount or material adjustment exposure,Y,53.35,Biweekly
430,SKU0050,Material Handling 0050,Material Handling,Z2-B02,Z2,724,724,0,0,69.00,49956.00,276.00,4,Y,13,11,91.67,109,Y,High,High: recurring SKU/location variance with repeated recount or material adjustment exposure,Y,53.28,Biweekly
431,SKU0169,Shipping Supplies 0169,Shipping Supplies,Z3-B03,Z3,773,773,0,0,29.30,22648.90,234.40,4,Y,13,10,83.33,117,Y,High,High: recurring SKU/location variance with repeated recount or material adjustment exposure,Y,53.26,Biweekly
432,SKU0269,Shipping Supplies 0269,Shipping Supplies,Z3-B03,Z3,573,573,0,0,39.30,22518.90,314.40,4,Y,13,10,83.33,100,Y,High,High: recurring SKU/location variance with repeated recount or material adjustment exposure,Y,53.22,Biweekly
433,SKU0017,Fasteners 0017,Fasteners,Z3-B03,Z3,476,476,0,0,66.90,31844.40,267.60,4,Y,13,11,91.67,108,Y,High,High: recurring SKU/location variance with repeated recount or material adjustment exposure,Y,53.14,Biweekly
434,SKU0069,Shipping Supplies 0069,Shipping Supplies,Z3-B03,Z3,922,922,0,0,19.30,17794.60,193.00,5,Y,13,10,83.33,121,Y,High,High: recurring SKU/location variance with repeated recount or material adjustment exposure,Y,53.04,Biweekly
435,SKU0073,Safety Supplies 0073,Safety Supplies,Z3-B03,Z3,537,537,0,0,34.10,18311.70,272.80,4,Y,13,10,83.33,104,Y,High,High: recurring SKU/location variance with repeated recount or material adjustment exposure,Y,53.00,Biweekly
436,SKU0245,Tools 0245,Tools,Z3-B03,Z3,882,882,0,0,70.50,62181.00,282.00,4,Y,13,10,83.33,102,Y,High,High: recurring SKU/location variance with repeated recount or material adjustment exposure,Y,52.99,Biweekly
437,SKU0234,Packaging 0234,Packaging,Z2-B02,Z2,702,702,0,0,29.80,20919.60,238.40,4,Y,13,10,83.33,109,Y,High,High: recurring SKU/location variance with repeated recount or material adjustment exposure,Y,52.90,Biweekly
438,SKU0177,Fasteners 0177,Fasteners,Z3-B03,Z3,674,674,0,0,58.90,39698.60,235.60,4,Y,13,10,83.33,107,Y,High,High: recurring SKU/location variance with repeated recount or material adjustment exposure,Y,52.77,Biweekly
439,SKU0298,Maintenance Parts 0298,Maintenance Parts,Z2-B02,Z2,626,626,0,0,26.60,16651.60,266.00,5,Y,13,10,83.33,100,Y,High,High: recurring SKU/location variance with repeated recount or material adjustment exposure,Y,52.73,Biweekly
440,SKU0210,Material Handling 0210,Material Handling,Z2-B02,Z2,911,911,0,0,61.00,55571.00,244.00,4,Y,13,10,83.33,104,Y,High,High: recurring SKU/location variance with repeated recount or material adjustment exposure,Y,52.70,Biweekly
441,SKU0142,Electrical Components 0142,Electrical Components,Z2-B02,Z2,655,655,0,0,49.40,32357.00,197.60,4,Y,13,10,83.33,113,Y,High,High: recurring SKU/location variance with repeated recount or material adjustment exposure,Y,52.68,Biweekly
442,SKU0205,Tools 0205,Tools,Z3-B03,Z3,624,624,0,0,42.50,26520.00,170.00,4,Y,13,10,83.33,118,Y,High,High: recurring SKU/location variance with repeated recount or material adjustment exposure,Y,52.66,Biweekly
443,SKU0233,Safety Supplies 0233,Safety Supplies,Z3-B03,Z3,655,655,0,0,26.10,17095.50,208.80,4,Y,13,10,83.33,110,Y,High,High: recurring SKU/location variance with repeated recount or material adjustment exposure,Y,52.65,Biweekly
444,SKU0045,Tools 0045,Tools,Z3-B03,Z3,514,514,0,0,50.50,25957.00,202.00,4,Y,13,10,83.33,109,Y,High,High: recurring SKU/location variance with repeated recount or material adjustment exposure,Y,52.53,Biweekly
445,SKU0105,Tools 0105,Tools,Z3-B03,Z3,714,714,0,0,32.50,23205.00,162.50,5,Y,13,11,84.62,116,Y,High,High: recurring SKU/location variance with repeated recount or material adjustment exposure,Y,52.48,Biweekly
446,SKU0038,Maintenance Parts 0038,Maintenance Parts,Z2-B02,Z2,557,557,0,0,24.60,13702.20,196.80,4,Y,13,10,83.33,108,Y,High,High: recurring SKU/location variance with repeated recount or material adjustment exposure,Y,52.43,Biweekly
447,SKU0170,Material Handling 0170,Material Handling,Z2-B02,Z2,701,701,0,0,33.00,23133.00,132.00,4,Y,13,10,83.33,119,Y,High,High: recurring SKU/location variance with repeated recount or material adjustment exposure,Y,52.32,Biweekly
448,SKU0134,Packaging 0134,Packaging,Z2-B02,Z2,869,869,0,0,19.80,17206.20,158.40,4,Y,13,10,83.33,113,Y,High,High: recurring SKU/location variance with repeated recount or material adjustment exposure,Y,52.29,Biweekly
449,SKU0242,Electrical Components 0242,Electrical Components,Z2-B02,Z2,590,590,0,0,59.40,35046.00,237.60,4,Y,13,10,83.33,94,Y,High,High: recurring SKU/location variance with repeated recount or material adjustment exposure,Y,52.14,Biweekly
450,SKU0270,Material Handling 0270,Material Handling,Z2-B02,Z2,586,586,0,0,43.00,25198.00,172.00,4,Y,13,10,83.33,104,Y,High,High: recurring SKU/location variance with repeated recount or material adjustment exposure,Y,51.97,Biweekly
451,SKU0077,Fasteners 0077,Fasteners,Z3-B03,Z3,774,774,0,0,48.90,37848.60,195.60,4,Y,13,11,84.62,99,Y,High,High: recurring SKU/location variance with repeated recount or material adjustment exposure,Y,51.96,Biweekly
452,SKU0110,Material Handling 0110,Material Handling,Z2-B02,Z2,1184,1184,0,0,51.00,60384.00,204.00,4,Y,13,11,84.62,97,Y,High,High: recurring SKU/location variance with repeated recount or material adjustment exposure,Y,51.95,Biweekly
453,SKU0010,Material Handling 0010,Material Handling,Z2-B02,Z2,549,549,0,0,41.00,22509.00,164.00,4,Y,13,10,83.33,105,Y,High,High: recurring SKU/location variance with repeated recount or material adjustment exposure,Y,51.94,Biweekly
454,SKU0133,Safety Supplies 0133,Safety Supplies,Z3-B03,Z3,752,752,0,0,16.10,12107.20,128.80,4,Y,13,10,83.33,111,Y,High,High: recurring SKU/location variance with repeated recount or material adjustment exposure,Y,51.89,Biweekly
455,SKU0198,Maintenance Parts 0198,Maintenance Parts,Z2-B02,Z2,710,710,0,0,16.60,11786.00,132.80,4,Y,13,10,83.33,110,Y,High,High: recurring SKU/location variance with repeated recount or material adjustment exposure,Y,51.88,Biweekly
456,SKU0034,Packaging 0034,Packaging,Z2-B02,Z2,926,926,0,0,9.80,9074.80,98.00,5,Y,13,10,83.33,114,Y,High,High: recurring SKU/location variance with repeated recount or material adjustment exposure,Y,51.72,Biweekly
457,SKU0202,Electrical Components 0202,Electrical Components,Z2-B02,Z2,1071,1071,0,0,31.40,33629.40,125.60,4,Y,13,10,83.33,107,Y,High,High: recurring SKU/location variance with repeated recount or material adjustment exposure,Y,51.65,Biweekly
458,SKU0102,Electrical Components 0102,Electrical Components,Z2-B02,Z2,486,486,0,0,21.40,10400.40,85.60,4,Y,13,10,83.33,115,Y,High,High: recurring SKU/location variance with repeated recount or material adjustment exposure,Y,51.65,Biweekly
459,SKU0070,Material Handling 0070,Material Handling,Z2-B02,Z2,952,952,0,0,23.00,21896.00,92.00,4,Y,13,11,84.62,113,Y,High,High: recurring SKU/location variance with repeated recount or material adjustment exposure,Y,51.61,Biweekly
460,SKU0294,Packaging 0294,Packaging,Z2-B02,Z2,917,917,0,0,11.80,10820.60,94.40,4,Y,13,10,83.33,112,Y,High,High: recurring SKU/location variance with repeated recount or material adjustment exposure,Y,51.59,Biweekly
461,SKU0037,Fasteners 0037,Fasteners,Z3-B03,Z3,499,499,0,0,20.90,10429.10,83.60,4,Y,13,11,84.62,113,Y,High,High: recurring SKU/location variance with repeated recount or material adjustment exposure,Y,51.53,Biweekly
462,SKU0042,Electrical Components 0042,Electrical Components,Z2-B02,Z2,970,970,0,0,39.40,38218.00,157.60,4,Y,13,11,84.62,97,Y,High,High: recurring SKU/location variance with repeated recount or material adjustment exposure,Y,51.47,Biweekly
463,SKU0005,Tools 0005,Tools,Z3-B03,Z3,1016,1016,0,0,22.50,22860.00,90.00,4,Y,13,10,83.33,110,Y,High,High: recurring SKU/location variance with repeated recount or material adjustment exposure,Y,51.44,Biweekly
464,SKU0265,Tools 0265,Tools,Z3-B03,Z3,942,942,0,0,24.50,23079.00,122.50,5,Y,13,10,83.33,103,Y,High,High: recurring SKU/location variance with repeated recount or material adjustment exposure,Y,51.42,Biweekly
465,SKU0237,Fasteners 0237,Fasteners,Z3-B03,Z3,1008,1008,0,0,40.90,41227.20,163.60,4,Y,13,10,83.33,94,Y,High,High: recurring SKU/location variance with repeated recount or material adjustment exposure,Y,51.38,Biweekly
466,SKU0230,Material Handling 0230,Material Handling,Z2-B02,Z2,1128,1128,0,0,15.00,16920.00,75.00,5,Y,13,10,83.33,111,Y,High,High: recurring SKU/location variance with repeated recount or material adjustment exposure,Y,51.34,Biweekly
467,SKU0293,Safety Supplies 0293,Safety Supplies,Z3-B03,Z3,876,876,0,0,8.10,7095.60,64.80,4,Y,13,11,84.62,113,Y,High,High: recurring SKU/location variance with repeated recount or material adjustment exposure,Y,51.34,Biweekly
468,SKU0197,Fasteners 0197,Fasteners,Z3-B03,Z3,652,653,-1,1,12.90,8423.70,64.50,5,Y,13,10,83.33,110,Y,High,High: recurring SKU/location variance with repeated recount or material adjustment exposure,Y,51.18,Biweekly
469,SKU0297,Fasteners 0297,Fasteners,Z3-B03,Z3,526,526,0,0,22.90,12045.40,91.60,4,Y,13,10,83.33,104,Y,High,High: recurring SKU/location variance with repeated recount or material adjustment exposure,Y,51.16,Biweekly
470,SKU0229,Shipping Supplies 0229,Shipping Supplies,Z3-B03,Z3,946,946,0,0,11.30,10689.80,90.40,4,Y,13,10,83.33,103,Y,High,High: recurring SKU/location variance with repeated recount or material adjustment exposure,Y,51.09,Biweekly
471,SKU0137,Fasteners 0137,Fasteners,Z3-B03,Z3,1178,1178,0,0,30.90,36400.20,123.60,4,Y,13,10,83.33,95,Y,High,High: recurring SKU/location variance with repeated recount or material adjustment exposure,Y,51.03,Biweekly
472,SKU0002,Electrical Components 0002,Electrical Components,Z2-B02,Z2,695,695,0,0,11.40,7923.00,45.60,4,Y,13,11,84.62,110,Y,High,High: recurring SKU/location variance with repeated recount or material adjustment exposure,Y,50.99,Biweekly
473,SKU0098,Maintenance Parts 0098,Maintenance Parts,Z2-B02,Z2,927,927,0,0,6.60,6118.20,52.80,4,Y,13,10,83.33,107,Y,High,High: recurring SKU/location variance with repeated recount or material adjustment exposure,Y,50.91,Biweekly
474,SKU0130,Material Handling 0130,Material Handling,Z2-B02,Z2,490,490,0,0,5.00,2450.00,20.00,4,Y,13,10,83.33,111,Y,High,High: recurring SKU/location variance with repeated recount or material adjustment exposure,Y,50.78,Biweekly
475,SKU0065,Tools 0065,Tools,Z3-B03,Z3,558,558,0,0,4.50,2511.00,18.00,4,Y,13,10,83.33,107,Y,High,High: recurring SKU/location variance with repeated recount or material adjustment exposure,Y,50.56,Biweekly
476,SKU0033,Safety Supplies 0033,Safety Supplies,Z3-B03,Z3,1016,1016,0,0,6.10,6197.60,48.80,4,Y,13,10,83.33,100,Y,High,High: recurring SKU/location variance with repeated recount or material adjustment exposure,Y,50.52,Biweekly
477,SKU0165,Tools 0165,Tools,Z3-B03,Z3,1148,1148,0,0,14.50,16646.00,58.00,4,Y,13,10,83.33,95,Y,High,High: recurring SKU/location variance with repeated recount or material adjustment exposure,Y,50.36,Biweekly
478,SKU0262,Electrical Components 0262,Electrical Components,Z2-B02,Z2,695,695,0,0,13.40,9313.00,53.60,4,Y,13,10,83.33,91,Y,High,High: recurring SKU/location variance with repeated recount or material adjustment exposure,Y,50.12,Biweekly
479,SKU0056,Consumables 0056,Consumables,Z3-B03,Z3,116,116,0,0,91.20,10579.20,0.00,0,N,13,10,83.33,198,Y,Watch,Watch: variance or recount pattern warrants monitoring,N,29.95,Monthly
480,SKU0081,Industrial Supplies 0081,Industrial Supplies,Z2-B02,Z2,595,595,0,0,63.70,37901.50,0.00,0,N,13,10,83.33,198,Y,Watch,Watch: variance or recount pattern warrants monitoring,N,29.95,Monthly
481,SKU0161,Industrial Supplies 0161,Industrial Supplies,Z2-B02,Z2,320,320,0,0,119.70,38304.00,0.00,0,N,13,11,84.62,198,Y,Watch,Watch: variance or recount pattern warrants monitoring,N,29.95,Monthly
482,SKU0176,Consumables 0176,Consumables,Z3-B03,Z3,71,71,0,0,55.20,3919.20,0.00,0,N,13,10,83.33,198,Y,Watch,Watch: variance or recount pattern warrants monitoring,N,29.95,Monthly
483,SKU0216,Consumables 0216,Consumables,Z3-B03,Z3,257,257,0,0,83.20,21382.40,0.00,0,N,13,10,83.33,198,Y,Watch,Watch: variance or recount pattern warrants monitoring,N,29.95,Monthly
484,SKU0281,Industrial Supplies 0281,Industrial Supplies,Z2-B02,Z2,244,244,0,0,83.70,20422.80,0.00,0,N,13,10,83.33,198,Y,Watch,Watch: variance or recount pattern warrants monitoring,N,29.95,Monthly
485,SKU0296,Consumables 0296,Consumables,Z3-B03,Z3,46,46,0,0,19.20,883.20,0.00,0,N,13,10,83.33,198,Y,Watch,Watch: variance or recount pattern warrants monitoring,N,29.95,Monthly
486,SKU0041,Industrial Supplies 0041,Industrial Supplies,Z2-B02,Z2,363,363,0,0,35.70,12959.10,0.00,0,N,13,10,83.33,197,Y,Watch,Watch: variance or recount pattern warrants monitoring,N,29.90,Monthly
487,SKU0076,Consumables 0076,Consumables,Z3-B03,Z3,124,124,0,0,45.20,5604.80,0.00,0,N,13,10,83.33,197,Y,Watch,Watch: variance or recount pattern warrants monitoring,N,29.90,Monthly
488,SKU0091,Industrial Supplies 0091,Industrial Supplies,Z3-B03,Z3,826,826,0,0,100.70,83178.20,0.00,0,N,13,10,83.33,197,Y,Watch,Watch: variance or recount pattern warrants monitoring,N,29.90,Monthly
489,SKU0201,Industrial Supplies 0201,Industrial Supplies,Z2-B02,Z2,536,536,0,0,27.70,14847.20,0.00,0,N,13,11,84.62,197,Y,Watch,Watch: variance or recount pattern warrants monitoring,N,29.90,Monthly
490,SKU0221,Industrial Supplies 0221,Industrial Supplies,Z2-B02,Z2,521,521,0,0,101.70,52985.70,0.00,0,N,13,10,83.33,197,Y,Watch,Watch: variance or recount pattern warrants monitoring,N,29.90,Monthly
491,SKU0276,Consumables 0276,Consumables,Z3-B03,Z3,536,536,0,0,65.20,34947.20,0.00,0,N,13,11,84.62,197,Y,Watch,Watch: variance or recount pattern warrants monitoring,N,29.90,Monthly
492,SKU0016,Consumables 0016,Consumables,Z3-B03,Z3,638,638,0,0,63.20,40321.60,0.00,0,N,13,10,83.33,196,Y,Watch,Watch: variance or recount pattern warrants monitoring,N,29.85,Monthly
493,SKU0051,Industrial Supplies 0051,Industrial Supplies,Z3-B03,Z3,626,626,0,0,72.70,45510.20,0.00,0,N,13,11,91.67,196,Y,Watch,Watch: variance or recount pattern warrants monitoring,N,29.85,Monthly
494,SKU0061,Industrial Supplies 0061,Industrial Supplies,Z2-B02,Z2,365,365,0,0,109.70,40040.50,0.00,0,N,13,10,83.33,196,Y,Watch,Watch: variance or recount pattern warrants monitoring,N,29.85,Monthly
495,SKU0096,Consumables 0096,Consumables,Z3-B03,Z3,357,357,0,0,119.20,42554.40,0.00,0,N,13,10,83.33,196,Y,Watch,Watch: variance or recount pattern warrants monitoring,N,29.85,Monthly
496,SKU0141,Industrial Supplies 0141,Industrial Supplies,Z2-B02,Z2,135,135,0,0,45.70,6169.50,0.00,0,N,13,10,83.33,196,Y,Watch,Watch: variance or recount pattern warrants monitoring,N,29.85,Monthly
497,SKU0176,Consumables 0176,Consumables,Z2-B02,Z2,90,90,0,0,55.20,4968.00,0.00,0,N,13,10,83.33,196,Y,Watch,Watch: variance or recount pattern warrants monitoring,N,29.85,Monthly
498,SKU0181,Industrial Supplies 0181,Industrial Supplies,Z2-B02,Z2,322,322,0,0,73.70,23731.40,0.00,0,N,13,10,83.33,196,Y,Watch,Watch: variance or recount pattern warrants monitoring,N,29.85,Monthly
499,SKU0196,Consumables 0196,Consumables,Z2-B02,Z2,290,290,0,0,9.20,2668.00,0.00,0,N,13,10,83.33,196,Y,Watch,Watch: variance or recount pattern warrants monitoring,N,29.85,Monthly
500,SKU0001,Industrial Supplies 0001,Industrial Supplies,Z2-B02,Z2,72,72,0,0,7.70,554.40,0.00,0,N,13,10,83.33,195,Y,Watch,Watch: variance or recount pattern warrants monitoring,N,29.80,Monthly
501,SKU0021,Industrial Supplies 0021,Industrial Supplies,Z2-B02,Z2,132,132,0,0,81.70,10784.40,0.00,0,N,13,10,83.33,195,Y,Watch,Watch: variance or recount pattern warrants monitoring,N,29.80,Monthly
502,SKU0036,Consumables 0036,Consumables,Z2-B02,Z2,854,854,0,0,17.20,14688.80,0.00,0,N,13,11,84.62,195,Y,Watch,Watch: variance or recount pattern warrants monitoring,N,29.80,Monthly
503,SKU0036,Consumables 0036,Consumables,Z3-B03,Z3,12,12,0,0,17.20,206.40,0.00,0,N,13,10,83.33,195,Y,Watch,Watch: variance or recount pattern warrants monitoring,N,29.80,Monthly
504,SKU0096,Consumables 0096,Consumables,Z2-B02,Z2,413,413,0,0,119.20,49229.60,0.00,0,N,13,10,83.33,195,Y,Watch,Watch: variance or recount pattern warrants monitoring,N,29.80,Monthly
505,SKU0101,Industrial Supplies 0101,Industrial Supplies,Z2-B02,Z2,533,533,0,0,17.70,9434.10,0.00,0,N,13,11,91.67,195,Y,Watch,Watch: variance or recount pattern warrants monitoring,N,29.80,Monthly
506,SKU0116,Consumables 0116,Consumables,Z3-B03,Z3,349,349,0,0,73.20,25546.80,0.00,0,N,13,10,83.33,195,Y,Watch,Watch: variance or recount pattern warrants monitoring,N,29.80,Monthly
507,SKU0136,Consumables 0136,Consumables,Z3-B03,Z3,557,557,0,0,27.20,15150.40,0.00,0,N,13,11,91.67,195,Y,Watch,Watch: variance or recount pattern warrants monitoring,N,29.80,Monthly
508,SKU0156,Consumables 0156,Consumables,Z3-B03,Z3,575,575,0,0,101.20,58190.00,0.00,0,N,13,11,84.62,195,Y,Watch,Watch: variance or recount pattern warrants monitoring,N,29.80,Monthly
509,SKU0216,Consumables 0216,Consumables,Z2-B02,Z2,444,444,0,0,83.20,36940.80,0.00,0,N,13,11,91.67,195,Y,Watch,Watch: variance or recount pattern warrants monitoring,N,29.80,Monthly
510,SKU0236,Consumables 0236,Consumables,Z3-B03,Z3,299,299,0,0,37.20,11122.80,0.00,0,N,13,11,84.62,195,Y,Watch,Watch: variance or recount pattern warrants monitoring,N,29.80,Monthly
511,SKU0261,Industrial Supplies 0261,Industrial Supplies,Z2-B02,Z2,50,50,0,0,9.70,485.00,0.00,0,N,13,10,83.33,195,Y,Watch,Watch: variance or recount pattern warrants monitoring,N,29.80,Monthly
512,SKU0296,Consumables 0296,Consumables,Z2-B02,Z2,856,856,0,0,19.20,16435.20,0.00,0,N,13,10,83.33,195,Y,Watch,Watch: variance or recount pattern warrants monitoring,N,29.80,Monthly
513,SKU0111,Industrial Supplies 0111,Industrial Supplies,Z3-B03,Z3,171,171,0,0,54.70,9353.70,0.00,0,N,13,11,84.62,194,Y,Watch,Watch: variance or recount pattern warrants monitoring,N,29.75,Monthly
514,SKU0116,Consumables 0116,Consumables,Z2-B02,Z2,615,615,0,0,73.20,45018.00,0.00,0,N,13,11,84.62,194,Y,Watch,Watch: variance or recount pattern warrants monitoring,N,29.75,Monthly
515,SKU0131,Industrial Supplies 0131,Industrial Supplies,Z3-B03,Z3,368,368,0,0,8.70,3201.60,0.00,0,N,13,10,83.33,194,Y,Watch,Watch: variance or recount pattern warrants monitoring,N,29.75,Monthly
516,SKU0196,Consumables 0196,Consumables,Z3-B03,Z3,100,100,0,0,9.20,920.00,0.00,0,N,13,11,84.62,194,Y,Watch,Watch: variance or recount pattern warrants monitoring,N,29.75,Monthly
517,SKU0256,Consumables 0256,Consumables,Z3-B03,Z3,561,561,0,0,111.20,62383.20,0.00,0,N,13,10,83.33,194,Y,Watch,Watch: variance or recount pattern warrants monitoring,N,29.75,Monthly
518,SKU0031,Industrial Supplies 0031,Industrial Supplies,Z3-B03,Z3,420,420,0,0,118.70,49854.00,0.00,0,N,13,10,83.33,193,Y,Watch,Watch: variance or recount pattern warrants monitoring,N,29.70,Monthly
519,SKU0056,Consumables 0056,Consumables,Z2-B02,Z2,182,182,0,0,91.20,16598.40,0.00,0,N,13,10,83.33,193,Y,Watch,Watch: variance or recount pattern warrants monitoring,N,29.70,Monthly
520,SKU0076,Consumables 0076,Consumables,Z2-B02,Z2,366,366,0,0,45.20,16543.20,0.00,0,N,13,11,84.62,193,Y,Watch,Watch: variance or recount pattern warrants monitoring,N,29.70,Monthly
521,SKU0211,Industrial Supplies 0211,Industrial Supplies,Z3-B03,Z3,816,816,0,0,64.70,52795.20,0.00,0,N,13,10,83.33,193,Y,Watch,Watch: variance or recount pattern warrants monitoring,N,29.70,Monthly
522,SKU0276,Consumables 0276,Consumables,Z2-B02,Z2,667,667,0,0,65.20,43488.40,0.00,0,N,13,10,83.33,193,Y,Watch,Watch: variance or recount pattern warrants monitoring,N,29.70,Monthly
523,SKU0291,Industrial Supplies 0291,Industrial Supplies,Z3-B03,Z3,571,571,0,0,120.70,68919.70,0.00,0,N,13,10,83.33,193,Y,Watch,Watch: variance or recount pattern warrants monitoring,N,29.70,Monthly
524,SKU0171,Industrial Supplies 0171,Industrial Supplies,Z3-B03,Z3,607,607,0,0,36.70,22276.90,0.00,0,N,13,10,83.33,192,Y,Watch,Watch: variance or recount pattern warrants monitoring,N,29.65,Monthly
525,SKU0256,Consumables 0256,Consumables,Z2-B02,Z2,637,637,0,0,111.20,70834.40,0.00,0,N,13,10,83.33,192,Y,Watch,Watch: variance or recount pattern warrants monitoring,N,29.65,Monthly
526,SKU0071,Industrial Supplies 0071,Industrial Supplies,Z3-B03,Z3,647,647,0,0,26.70,17274.90,0.00,0,N,13,11,84.62,191,Y,Watch,Watch: variance or recount pattern warrants monitoring,N,29.60,Monthly
527,SKU0151,Industrial Supplies 0151,Industrial Supplies,Z3-B03,Z3,378,378,0,0,82.70,31260.60,0.00,0,N,13,11,84.62,191,Y,Watch,Watch: variance or recount pattern warrants monitoring,N,29.60,Monthly
528,SKU0191,Industrial Supplies 0191,Industrial Supplies,Z3-B03,Z3,568,568,0,0,110.70,62877.60,0.00,0,N,13,11,84.62,191,Y,Watch,Watch: variance or recount pattern warrants monitoring,N,29.60,Monthly
529,SKU0231,Industrial Supplies 0231,Industrial Supplies,Z3-B03,Z3,119,119,0,0,18.70,2225.30,0.00,0,N,13,10,83.33,191,Y,Watch,Watch: variance or recount pattern warrants monitoring,N,29.60,Monthly
530,SKU0236,Consumables 0236,Consumables,Z2-B02,Z2,550,550,0,0,37.20,20460.00,0.00,0,N,13,10,83.33,191,Y,Watch,Watch: variance or recount pattern warrants monitoring,N,29.60,Monthly
531,SKU0271,Industrial Supplies 0271,Industrial Supplies,Z3-B03,Z3,444,444,0,0,46.70,20734.80,0.00,0,N,13,10,83.33,191,Y,Watch,Watch: variance or recount pattern warrants monitoring,N,29.60,Monthly
532,SKU0016,Consumables 0016,Consumables,Z2-B02,Z2,648,648,0,0,63.20,40953.60,0.00,0,N,13,11,91.67,190,Y,Watch,Watch: variance or recount pattern warrants monitoring,N,29.55,Monthly
533,SKU0156,Consumables 0156,Consumables,Z2-B02,Z2,762,762,0,0,101.20,77114.40,0.00,0,N,13,11,84.62,190,Y,Watch,Watch: variance or recount pattern warrants monitoring,N,29.55,Monthly
534,SKU0011,Industrial Supplies 0011,Industrial Supplies,Z3-B03,Z3,393,393,0,0,44.70,17567.10,0.00,0,N,13,10,83.33,189,Y,Watch,Watch: variance or recount pattern warrants monitoring,N,29.50,Monthly
535,SKU0136,Consumables 0136,Consumables,Z2-B02,Z2,601,601,0,0,27.20,16347.20,0.00,0,N,13,10,83.33,186,Y,Watch,Watch: variance or recount pattern warrants monitoring,N,29.35,Monthly
536,SKU0241,Industrial Supplies 0241,Industrial Supplies,Z2-B02,Z2,26,26,0,0,55.70,1448.20,0.00,0,N,13,11,84.62,183,Y,Watch,Watch: variance or recount pattern warrants monitoring,N,29.20,Monthly
537,SKU0011,Industrial Supplies 0011,Industrial Supplies,Z2-B02,Z2,462,462,0,0,44.70,20651.40,0.00,0,N,13,10,83.33,176,Y,Watch,Watch: variance or recount pattern warrants monitoring,N,28.84,Monthly
538,SKU0191,Industrial Supplies 0191,Industrial Supplies,Z2-B02,Z2,718,718,0,0,110.70,79482.60,0.00,0,N,13,10,83.33,176,Y,Watch,Watch: variance or recount pattern warrants monitoring,N,28.84,Monthly
539,SKU0126,Consumables 0126,Consumables,Z3-B03,Z3,857,857,0,0,110.20,94441.40,0.00,0,N,13,10,83.33,175,Y,Watch,Watch: variance or recount pattern warrants monitoring,N,28.79,Monthly
540,SKU0286,Consumables 0286,Consumables,Z3-B03,Z3,891,891,0,0,102.20,91060.20,0.00,0,N,13,10,83.33,175,Y,Watch,Watch: variance or recount pattern warrants monitoring,N,28.79,Monthly
541,SKU0051,Industrial Supplies 0051,Industrial Supplies,Z2-B02,Z2,693,693,0,0,72.70,50381.10,0.00,0,N,13,10,83.33,174,Y,Watch,Watch: variance or recount pattern warrants monitoring,N,28.74,Monthly
542,SKU0066,Consumables 0066,Consumables,Z3-B03,Z3,458,458,0,0,8.20,3755.60,0.00,0,N,13,11,84.62,174,Y,Watch,Watch: variance or recount pattern warrants monitoring,N,28.74,Monthly
543,SKU0106,Consumables 0106,Consumables,Z3-B03,Z3,618,618,0,0,36.20,22371.60,0.00,0,N,13,11,84.62,174,Y,Watch,Watch: variance or recount pattern warrants monitoring,N,28.74,Monthly
544,SKU0206,Consumables 0206,Consumables,Z3-B03,Z3,598,598,0,0,46.20,27627.60,0.00,0,N,13,10,83.33,174,Y,Watch,Watch: variance or recount pattern warrants monitoring,N,28.74,Monthly
545,SKU0146,Consumables 0146,Consumables,Z3-B03,Z3,819,819,0,0,64.20,52579.80,0.00,0,N,13,10,83.33,173,Y,Watch,Watch: variance or recount pattern warrants monitoring,N,28.69,Monthly
546,SKU0271,Industrial Supplies 0271,Industrial Supplies,Z2-B02,Z2,457,457,0,0,46.70,21341.90,0.00,0,N,13,11,91.67,173,Y,Watch,Watch: variance or recount pattern warrants monitoring,N,28.69,Monthly
547,SKU0086,Consumables 0086,Consumables,Z3-B03,Z3,616,616,0,0,82.20,50635.20,0.00,0,N,13,10,83.33,172,Y,Watch,Watch: variance or recount pattern warrants monitoring,N,28.64,Monthly
548,SKU0166,Consumables 0166,Consumables,Z3-B03,Z3,348,348,0,0,18.20,6333.60,0.00,0,N,13,11,91.67,172,Y,Watch,Watch: variance or recount pattern warrants monitoring,N,28.64,Monthly
549,SKU0211,Industrial Supplies 0211,Industrial Supplies,Z2-B02,Z2,875,875,0,0,64.70,56612.50,0.00,0,N,13,10,83.33,172,Y,Watch,Watch: variance or recount pattern warrants monitoring,N,28.64,Monthly
550,SKU0026,Consumables 0026,Consumables,Z3-B03,Z3,882,882,0,0,100.20,88376.40,0.00,0,N,13,11,84.62,171,Y,Watch,Watch: variance or recount pattern warrants monitoring,N,28.59,Monthly
551,SKU0071,Industrial Supplies 0071,Industrial Supplies,Z2-B02,Z2,879,879,0,0,26.70,23469.30,0.00,0,N,13,11,84.62,171,Y,Watch,Watch: variance or recount pattern warrants monitoring,N,28.59,Monthly
552,SKU0171,Industrial Supplies 0171,Industrial Supplies,Z2-B02,Z2,706,706,0,0,36.70,25910.20,0.00,0,N,13,10,83.33,171,Y,Watch,Watch: variance or recount pattern warrants monitoring,N,28.59,Monthly
553,SKU0186,Consumables 0186,Consumables,Z3-B03,Z3,506,506,0,0,92.20,46653.20,0.00,0,N,13,10,83.33,171,Y,Watch,Watch: variance or recount pattern warrants monitoring,N,28.59,Monthly
554,SKU0226,Consumables 0226,Consumables,Z3-B03,Z3,702,702,0,0,120.20,84380.40,0.00,0,N,13,10,83.33,171,Y,Watch,Watch: variance or recount pattern warrants monitoring,N,28.59,Monthly
555,SKU0044,Packaging 0044,Packaging,Z3-B03,Z3,0,0,0,0,392.00,0.00,784.00,1,N,13,10,83.33,12,Y,Watch,Watch: variance or recount pattern warrants monitoring,N,28.56,Monthly
556,SKU0031,Industrial Supplies 0031,Industrial Supplies,Z2-B02,Z2,635,635,0,0,118.70,75374.50,0.00,0,N,13,11,84.62,169,Y,Watch,Watch: variance or recount pattern warrants monitoring,N,28.49,Monthly
557,SKU0111,Industrial Supplies 0111,Industrial Supplies,Z2-B02,Z2,367,367,0,0,54.70,20074.90,0.00,0,N,13,10,83.33,168,Y,Watch,Watch: variance or recount pattern warrants monitoring,N,28.44,Monthly
558,SKU0151,Industrial Supplies 0151,Industrial Supplies,Z2-B02,Z2,566,566,0,0,82.70,46808.20,0.00,0,N,13,10,83.33,168,Y,Watch,Watch: variance or recount pattern warrants monitoring,N,28.44,Monthly
559,SKU0231,Industrial Supplies 0231,Industrial Supplies,Z2-B02,Z2,946,946,0,0,18.70,17690.20,0.00,0,N,13,10,83.33,167,Y,Watch,Watch: variance or recount pattern warrants monitoring,N,28.39,Monthly
560,SKU0046,Consumables 0046,Consumables,Z3-B03,Z3,443,443,0,0,54.20,24010.60,0.00,0,N,13,10,83.33,166,Y,Watch,Watch: variance or recount pattern warrants monitoring,N,28.34,Monthly
561,SKU0131,Industrial Supplies 0131,Industrial Supplies,Z2-B02,Z2,493,493,0,0,8.70,4289.10,0.00,0,N,13,11,91.67,166,Y,Watch,Watch: variance or recount pattern warrants monitoring,N,28.34,Monthly
562,SKU0006,Consumables 0006,Consumables,Z3-B03,Z3,897,897,0,0,26.20,23501.40,0.00,0,N,13,10,83.33,164,Y,Watch,Watch: variance or recount pattern warrants monitoring,N,28.24,Monthly
563,SKU0266,Consumables 0266,Consumables,Z3-B03,Z3,898,898,0,0,28.20,25323.60,0.00,0,N,13,10,83.33,164,Y,Watch,Watch: variance or recount pattern warrants monitoring,N,28.24,Monthly
564,SKU0291,Industrial Supplies 0291,Industrial Supplies,Z2-B02,Z2,635,635,0,0,120.70,76644.50,0.00,0,N,13,11,84.62,164,Y,Watch,Watch: variance or recount pattern warrants monitoring,N,28.24,Monthly
565,SKU0091,Industrial Supplies 0091,Industrial Supplies,Z2-B02,Z2,860,860,0,0,100.70,86602.00,0.00,0,N,13,10,83.33,163,Y,Watch,Watch: variance or recount pattern warrants monitoring,N,28.19,Monthly
566,SKU0246,Consumables 0246,Consumables,Z3-B03,Z3,719,719,0,0,74.20,53349.80,0.00,0,N,13,10,83.33,161,Y,Watch,Watch: variance or recount pattern warrants monitoring,N,28.09,Monthly
567,SKU0061,Industrial Supplies 0061,Industrial Supplies,Z3-B03,Z3,867,867,0,0,109.70,95109.90,0.00,0,N,13,10,83.33,125,Y,Watch,Watch: variance or recount pattern warrants monitoring,N,26.28,Monthly
568,SKU0026,Consumables 0026,Consumables,Z2-B02,Z2,1115,1115,0,0,100.20,111723.00,0.00,0,N,13,10,83.33,122,Y,Watch,Watch: variance or recount pattern warrants monitoring,N,26.13,Monthly
569,SKU0141,Industrial Supplies 0141,Industrial Supplies,Z3-B03,Z3,723,723,0,0,45.70,33041.10,0.00,0,N,13,10,83.33,116,Y,Watch,Watch: variance or recount pattern warrants monitoring,N,25.83,Monthly
570,SKU0021,Industrial Supplies 0021,Industrial Supplies,Z3-B03,Z3,692,692,0,0,81.70,56536.40,0.00,0,N,13,11,84.62,113,Y,Watch,Watch: variance or recount pattern warrants monitoring,N,25.68,Monthly
571,SKU0266,Consumables 0266,Consumables,Z2-B02,Z2,898,898,0,0,28.20,25323.60,0.00,0,N,13,10,83.33,113,Y,Watch,Watch: variance or recount pattern warrants monitoring,N,25.68,Monthly
572,SKU0181,Industrial Supplies 0181,Industrial Supplies,Z3-B03,Z3,932,932,0,0,73.70,68688.40,0.00,0,N,13,10,83.33,111,Y,Watch,Watch: variance or recount pattern warrants monitoring,N,25.58,Monthly
573,SKU0041,Industrial Supplies 0041,Industrial Supplies,Z3-B03,Z3,913,913,0,0,35.70,32594.10,0.00,0,N,13,10,83.33,110,Y,Watch,Watch: variance or recount pattern warrants monitoring,N,25.53,Monthly
574,SKU0106,Consumables 0106,Consumables,Z2-B02,Z2,795,795,0,0,36.20,28779.00,0.00,0,N,13,10,83.33,110,Y,Watch,Watch: variance or recount pattern warrants monitoring,N,25.53,Monthly
575,SKU0161,Industrial Supplies 0161,Industrial Supplies,Z3-B03,Z3,763,763,0,0,119.70,91331.10,0.00,0,N,13,10,83.33,110,Y,Watch,Watch: variance or recount pattern warrants monitoring,N,25.53,Monthly
576,SKU0086,Consumables 0086,Consumables,Z2-B02,Z2,727,727,0,0,82.20,59759.40,0.00,0,N,13,10,83.33,108,Y,Watch,Watch: variance or recount pattern warrants monitoring,N,25.43,Monthly
577,SKU0221,Industrial Supplies 0221,Industrial Supplies,Z3-B03,Z3,1216,1216,0,0,101.70,123667.20,0.00,0,N,13,11,91.67,108,Y,Watch,Watch: variance or recount pattern warrants monitoring,N,25.43,Monthly
578,SKU0146,Consumables 0146,Consumables,Z2-B02,Z2,934,934,0,0,64.20,59962.80,0.00,0,N,13,10,83.33,107,Y,Watch,Watch: variance or recount pattern warrants monitoring,N,25.38,Monthly
579,SKU0166,Consumables 0166,Consumables,Z2-B02,Z2,1163,1163,0,0,18.20,21166.60,0.00,0,N,13,10,83.33,107,Y,Watch,Watch: variance or recount pattern warrants monitoring,N,25.38,Monthly
580,SKU0206,Consumables 0206,Consumables,Z2-B02,Z2,707,707,0,0,46.20,32663.40,0.00,0,N,13,11,84.62,107,Y,Watch,Watch: variance or recount pattern warrants monitoring,N,25.38,Monthly
581,SKU0251,Industrial Supplies 0251,Industrial Supplies,Z2-B02,Z2,0,0,0,0,540.50,0.00,0.00,0,N,13,10,83.33,107,Y,Watch,Watch: variance or recount pattern warrants monitoring,N,25.38,Monthly
582,SKU0066,Consumables 0066,Consumables,Z2-B02,Z2,656,656,0,0,8.20,5379.20,0.00,0,N,13,10,83.33,106,Y,Watch,Watch: variance or recount pattern warrants monitoring,N,25.33,Monthly
583,SKU0201,Industrial Supplies 0201,Industrial Supplies,Z3-B03,Z3,1007,1007,0,0,27.70,27893.90,0.00,0,N,13,10,83.33,106,Y,Watch,Watch: variance or recount pattern warrants monitoring,N,25.33,Monthly
584,SKU0101,Industrial Supplies 0101,Industrial Supplies,Z3-B03,Z3,523,523,0,0,17.70,9257.10,0.00,0,N,13,10,83.33,105,Y,Watch,Watch: variance or recount pattern warrants monitoring,N,25.28,Monthly
585,SKU0126,Consumables 0126,Consumables,Z2-B02,Z2,974,974,0,0,110.20,107334.80,0.00,0,N,13,10,83.33,105,Y,Watch,Watch: variance or recount pattern warrants monitoring,N,25.28,Monthly
586,SKU0241,Industrial Supplies 0241,Industrial Supplies,Z3-B03,Z3,512,512,0,0,55.70,28518.40,0.00,0,N,13,11,84.62,105,Y,Watch,Watch: variance or recount pattern warrants monitoring,N,25.28,Monthly
587,SKU0246,Consumables 0246,Consumables,Z2-B02,Z2,882,882,0,0,74.20,65444.40,0.00,0,N,13,11,84.62,105,Y,Watch,Watch: variance or recount pattern warrants monitoring,N,25.28,Monthly
588,SKU0286,Consumables 0286,Consumables,Z2-B02,Z2,1102,1102,0,0,102.20,112624.40,0.00,0,N,13,11,84.62,105,Y,Watch,Watch: variance or recount pattern warrants monitoring,N,25.28,Monthly
589,SKU0006,Consumables 0006,Consumables,Z2-B02,Z2,899,899,0,0,26.20,23553.80,0.00,0,N,13,10,83.33,104,Y,Watch,Watch: variance or recount pattern warrants monitoring,N,25.23,Monthly
590,SKU0186,Consumables 0186,Consumables,Z2-B02,Z2,550,550,0,0,92.20,50710.00,0.00,0,N,13,11,91.67,104,Y,Watch,Watch: variance or recount pattern warrants monitoring,N,25.23,Monthly
591,SKU0081,Industrial Supplies 0081,Industrial Supplies,Z3-B03,Z3,1156,1156,0,0,63.70,73637.20,0.00,0,N,13,11,91.67,102,Y,Watch,Watch: variance or recount pattern warrants monitoring,N,25.13,Monthly
592,SKU0281,Industrial Supplies 0281,Industrial Supplies,Z3-B03,Z3,744,744,0,0,83.70,62272.80,0.00,0,N,13,11,84.62,101,Y,Watch,Watch: variance or recount pattern warrants monitoring,N,25.08,Monthly
593,SKU0001,Industrial Supplies 0001,Industrial Supplies,Z3-B03,Z3,675,675,0,0,7.70,5197.50,0.00,0,N,13,10,83.33,98,Y,Watch,Watch: variance or recount pattern warrants monitoring,N,24.92,Monthly
594,SKU0261,Industrial Supplies 0261,Industrial Supplies,Z3-B03,Z3,681,681,0,0,9.70,6605.70,0.00,0,N,13,10,83.33,97,Y,Watch,Watch: variance or recount pattern warrants monitoring,N,24.87,Monthly
595,SKU0046,Consumables 0046,Consumables,Z2-B02,Z2,517,517,0,0,54.20,28021.40,0.00,0,N,13,11,91.67,94,Y,Watch,Watch: variance or recount pattern warrants monitoring,N,24.72,Monthly
596,SKU0226,Consumables 0226,Consumables,Z2-B02,Z2,708,708,0,0,120.20,85101.60,0.00,0,N,13,10,83.33,94,Y,Watch,Watch: variance or recount pattern warrants monitoring,N,24.72,Monthly
597,SKU0251,Industrial Supplies 0251,Industrial Supplies,Z3-B03,Z3,73,73,0,0,540.50,39456.50,0.00,0,N,13,11,91.67,91,Y,Watch,Watch: variance or recount pattern warrants monitoring,N,24.57,Monthly
598,SKU0044,Packaging 0044,Packaging,Z2-B02,Z2,0,0,0,0,392.00,0.00,0.00,0,N,13,10,83.33,14,Y,Watch,Watch: variance or recount pattern warrants monitoring,N,20.70,Monthly
599,SKU0121,Industrial Supplies 0121,Industrial Supplies,Z3-B03,Z3,0,0,0,0,425.50,0.00,0.00,0,N,13,10,83.33,12,Y,Watch,Watch: variance or recount pattern warrants monitoring,N,20.60,Monthly
600,SKU0121,Industrial Supplies 0121,Industrial Supplies,Z2-B02,Z2,0,0,0,0,425.50,0.00,0.00,0,N,13,11,84.62,10,Y,Watch,Watch: variance or recount pattern warrants monitoring,N,20.50,Monthly
601,SKU0047,Fasteners 0047,Fasteners,Z1-B04,Z1,66,66,0,0,57.90,3821.40,0.00,0,N,13,0,0.00,199,N,Routine,Routine: no recurring variance or recount pattern,N,10.00,Quarterly
602,SKU0047,Fasteners 0047,Fasteners,Z2-B04,Z2,77,77,0,0,57.90,4458.30,0.00,0,N,13,0,0.00,199,N,Routine,Routine: no recurring variance or recount pattern,N,10.00,Quarterly
603,SKU0048,Maintenance Parts 0048,Maintenance Parts,Z1-B03,Z1,96,96,0,0,61.60,5913.60,0.00,0,N,13,0,0.00,199,N,Routine,Routine: no recurring variance or recount pattern,N,10.00,Quarterly
604,SKU0087,Fasteners 0087,Fasteners,Z2-B04,Z2,349,349,0,0,85.90,29979.10,0.00,0,N,13,0,0.00,199,N,Routine,Routine: no recurring variance or recount pattern,N,10.00,Quarterly
605,SKU0088,Maintenance Parts 0088,Maintenance Parts,Z2-B03,Z2,422,422,0,0,89.60,37811.20,0.00,0,N,13,0,0.00,199,N,Routine,Routine: no recurring variance or recount pattern,N,10.00,Quarterly
606,SKU0089,Shipping Supplies 0089,Shipping Supplies,Z1-B02,Z1,422,422,0,0,93.30,39372.60,0.00,0,N,13,0,0.00,199,N,Routine,Routine: no recurring variance or recount pattern,N,10.00,Quarterly
607,SKU0093,Safety Supplies 0093,Safety Supplies,Z1-B02,Z1,49,49,0,0,108.10,5296.90,0.00,0,N,13,0,0.00,199,N,Routine,Routine: no recurring variance or recount pattern,N,10.00,Quarterly
608,SKU0189,Shipping Supplies 0189,Shipping Supplies,Z1-B02,Z1,236,236,0,0,103.30,24378.80,0.00,0,N,13,0,0.00,199,N,Routine,Routine: no recurring variance or recount pattern,N,10.00,Quarterly
609,SKU0287,Fasteners 0287,Fasteners,Z1-B04,Z1,691,691,0,0,105.90,73176.90,0.00,0,N,13,0,0.00,199,N,Routine,Routine: no recurring variance or recount pattern,N,10.00,Quarterly
610,SKU0288,Maintenance Parts 0288,Maintenance Parts,Z1-B03,Z1,34,34,0,0,109.60,3726.40,0.00,0,N,13,0,0.00,199,N,Routine,Routine: no recurring variance or recount pattern,N,10.00,Quarterly
611,SKU0048,Maintenance Parts 0048,Maintenance Parts,Z2-B03,Z2,170,170,0,0,61.60,10472.00,0.00,0,N,13,0,0.00,198,N,Routine,Routine: no recurring variance or recount pattern,N,9.95,Quarterly
612,SKU0049,Shipping Supplies 0049,Shipping Supplies,Z1-B02,Z1,181,181,0,0,65.30,11819.30,0.00,0,N,13,0,0.00,198,N,Routine,Routine: no recurring variance or recount pattern,N,9.95,Quarterly
613,SKU0051,Industrial Supplies 0051,Industrial Supplies,Z2-B04,Z2,414,414,0,0,72.70,30097.80,0.00,0,N,13,0,0.00,198,N,Routine,Routine: no recurring variance or recount pattern,N,9.95,Quarterly
614,SKU0053,Safety Supplies 0053,Safety Supplies,Z1-B02,Z1,478,478,0,0,80.10,38287.80,0.00,0,N,13,0,0.00,198,N,Routine,Routine: no recurring variance or recount pattern,N,9.95,Quarterly
615,SKU0053,Safety Supplies 0053,Safety Supplies,Z3-B02,Z3,620,620,0,0,80.10,49662.00,0.00,0,N,13,0,0.00,198,N,Routine,Routine: no recurring variance or recount pattern,N,9.95,Quarterly
616,SKU0054,Packaging 0054,Packaging,Z2-B01,Z2,637,637,0,0,83.80,53380.60,0.00,0,N,13,0,0.00,198,N,Routine,Routine: no recurring variance or recount pattern,N,9.95,Quarterly
617,SKU0055,Tools 0055,Tools,Z1-B04,Z1,643,643,0,0,87.50,56262.50,0.00,0,N,13,0,0.00,198,N,Routine,Routine: no recurring variance or recount pattern,N,9.95,Quarterly
618,SKU0057,Fasteners 0057,Fasteners,Z3-B02,Z3,200,200,0,0,94.90,18980.00,0.00,0,N,13,0,0.00,198,N,Routine,Routine: no recurring variance or recount pattern,N,9.95,Quarterly
619,SKU0058,Maintenance Parts 0058,Maintenance Parts,Z2-B01,Z2,237,237,0,0,98.60,23368.20,0.00,0,N,13,0,0.00,198,N,Routine,Routine: no recurring variance or recount pattern,N,9.95,Quarterly
620,SKU0058,Maintenance Parts 0058,Maintenance Parts,Z3-B01,Z3,291,291,0,0,98.60,28692.60,0.00,0,N,13,0,0.00,198,N,Routine,Routine: no recurring variance or recount pattern,N,9.95,Quarterly
621,SKU0060,Material Handling 0060,Material Handling,Z2-B03,Z2,401,401,0,0,106.00,42506.00,0.00,0,N,13,0,0.00,198,N,Routine,Routine: no recurring variance or recount pattern,N,9.95,Quarterly
622,SKU0061,Industrial Supplies 0061,Industrial Supplies,Z1-B02,Z1,386,386,0,0,109.70,42344.20,0.00,0,N,13,0,0.00,198,N,Routine,Routine: no recurring variance or recount pattern,N,9.95,Quarterly
623,SKU0062,Electrical Components 0062,Electrical Components,Z3-B01,Z3,583,583,0,0,113.40,66112.20,0.00,0,N,13,0,0.00,198,N,Routine,Routine: no recurring variance or recount pattern,N,9.95,Quarterly
624,SKU0063,Safety Supplies 0063,Safety Supplies,Z2-B04,Z2,616,616,0,0,117.10,72133.60,0.00,0,N,13,0,0.00,198,N,Routine,Routine: no recurring variance or recount pattern,N,9.95,Quarterly
625,SKU0064,Packaging 0064,Packaging,Z1-B03,Z1,664,664,0,0,120.80,80211.20,0.00,0,N,13,0,0.00,198,N,Routine,Routine: no recurring variance or recount pattern,N,9.95,Quarterly
626,SKU0066,Consumables 0066,Consumables,Z2-B01,Z2,106,106,0,0,8.20,869.20,0.00,0,N,13,0,0.00,198,N,Routine,Routine: no recurring variance or recount pattern,N,9.95,Quarterly
627,SKU0069,Shipping Supplies 0069,Shipping Supplies,Z3-B02,Z3,356,356,0,0,19.30,6870.80,0.00,0,N,13,0,0.00,198,N,Routine,Routine: no recurring variance or recount pattern,N,9.95,Quarterly
628,SKU0071,Industrial Supplies 0071,Industrial Supplies,Z1-B04,Z1,522,522,0,0,26.70,13937.40,0.00,0,N,13,0,0.00,198,N,Routine,Routine: no recurring variance or recount pattern,N,9.95,Quarterly
629,SKU0071,Industrial Supplies 0071,Industrial Supplies,Z2-B04,Z2,531,531,0,0,26.70,14177.70,0.00,0,N,13,0,0.00,198,N,Routine,Routine: no recurring variance or recount pattern,N,9.95,Quarterly
630,SKU0072,Electrical Components 0072,Electrical Components,Z1-B03,Z1,541,541,0,0,30.40,16446.40,0.00,0,N,13,0,0.00,198,N,Routine,Routine: no recurring variance or recount pattern,N,9.95,Quarterly
631,SKU0074,Packaging 0074,Packaging,Z3-B01,Z3,42,42,0,0,37.80,1587.60,0.00,0,N,13,0,0.00,198,N,Routine,Routine: no recurring variance or recount pattern,N,9.95,Quarterly
632,SKU0075,Tools 0075,Tools,Z1-B04,Z1,62,62,0,0,41.50,2573.00,0.00,0,N,13,0,0.00,198,N,Routine,Routine: no recurring variance or recount pattern,N,9.95,Quarterly
633,SKU0075,Tools 0075,Tools,Z2-B04,Z2,143,143,0,0,41.50,5934.50,0.00,0,N,13,0,0.00,198,N,Routine,Routine: no recurring variance or recount pattern,N,9.95,Quarterly
634,SKU0076,Consumables 0076,Consumables,Z1-B03,Z1,171,171,0,0,45.20,7729.20,0.00,0,N,13,0,0.00,198,N,Routine,Routine: no recurring variance or recount pattern,N,9.95,Quarterly
635,SKU0077,Fasteners 0077,Fasteners,Z1-B02,Z1,199,199,0,0,48.90,9731.10,0.00,0,N,13,0,0.00,198,N,Routine,Routine: no recurring variance or recount pattern,N,9.95,Quarterly
636,SKU0080,Material Handling 0080,Material Handling,Z2-B03,Z2,512,512,0,0,60.00,30720.00,0.00,0,N,13,0,0.00,198,N,Routine,Routine: no recurring variance or recount pattern,N,9.95,Quarterly
637,SKU0081,Industrial Supplies 0081,Industrial Supplies,Z3-B02,Z3,580,580,0,0,63.70,36946.00,0.00,0,N,13,0,0.00,198,N,Routine,Routine: no recurring variance or recount pattern,N,9.95,Quarterly
638,SKU0082,Electrical Components 0082,Electrical Components,Z2-B01,Z2,619,619,0,0,67.40,41720.60,0.00,0,N,13,0,0.00,198,N,Routine,Routine: no recurring variance or recount pattern,N,9.95,Quarterly
639,SKU0084,Packaging 0084,Packaging,Z1-B03,Z1,38,38,0,0,74.80,2842.40,0.00,0,N,13,0,0.00,198,N,Routine,Routine: no recurring variance or recount pattern,N,9.95,Quarterly
640,SKU0085,Tools 0085,Tools,Z3-B02,Z3,213,213,0,0,78.50,16720.50,0.00,0,N,13,0,0.00,198,N,Routine,Routine: no recurring variance or recount pattern,N,9.95,Quarterly
641,SKU0086,Consumables 0086,Consumables,Z2-B01,Z2,212,212,0,0,82.20,17426.40,0.00,0,N,13,0,0.00,198,N,Routine,Routine: no recurring variance or recount pattern,N,9.95,Quarterly
642,SKU0087,Fasteners 0087,Fasteners,Z1-B04,Z1,282,282,0,0,85.90,24223.80,0.00,0,N,13,0,0.00,198,N,Routine,Routine: no recurring variance or recount pattern,N,9.95,Quarterly
643,SKU0088,Maintenance Parts 0088,Maintenance Parts,Z1-B03,Z1,379,379,0,0,89.60,33958.40,0.00,0,N,13,0,0.00,198,N,Routine,Routine: no recurring variance or recount pattern,N,9.95,Quarterly
644,SKU0090,Material Handling 0090,Material Handling,Z2-B01,Z2,463,463,0,0,97.00,44911.00,0.00,0,N,13,0,0.00,198,N,Routine,Routine: no recurring variance or recount pattern,N,9.95,Quarterly
645,SKU0091,Industrial Supplies 0091,Industrial Supplies,Z1-B04,Z1,449,449,0,0,100.70,45214.30,0.00,0,N,13,0,0.00,198,N,Routine,Routine: no recurring variance or recount pattern,N,9.95,Quarterly
646,SKU0091,Industrial Supplies 0091,Industrial Supplies,Z2-B04,Z2,657,657,0,0,100.70,66159.90,0.00,0,N,13,0,0.00,198,N,Routine,Routine: no recurring variance or recount pattern,N,9.95,Quarterly
647,SKU0093,Safety Supplies 0093,Safety Supplies,Z3-B02,Z3,109,109,0,0,108.10,11782.90,0.00,0,N,13,0,0.00,198,N,Routine,Routine: no recurring variance or recount pattern,N,9.95,Quarterly
648,SKU0094,Packaging 0094,Packaging,Z2-B01,Z2,137,137,0,0,111.80,15316.60,0.00,0,N,13,0,0.00,198,N,Routine,Routine: no recurring variance or recount pattern,N,9.95,Quarterly
649,SKU0095,Tools 0095,Tools,Z1-B04,Z1,248,248,0,0,115.50,28644.00,0.00,0,N,13,0,0.00,198,N,Routine,Routine: no recurring variance or recount pattern,N,9.95,Quarterly
650,SKU0108,Maintenance Parts 0108,Maintenance Parts,Z2-B03,Z2,502,502,0,0,43.60,21887.20,0.00,0,N,13,0,0.00,198,N,Routine,Routine: no recurring variance or recount pattern,N,9.95,Quarterly
651,SKU0109,Shipping Supplies 0109,Shipping Supplies,Z3-B02,Z3,661,661,0,0,47.30,31265.30,0.00,0,N,13,0,0.00,198,N,Routine,Routine: no recurring variance or recount pattern,N,9.95,Quarterly
652,SKU0110,Material Handling 0110,Material Handling,Z2-B01,Z2,662,662,0,0,51.00,33762.00,0.00,0,N,13,0,0.00,198,N,Routine,Routine: no recurring variance or recount pattern,N,9.95,Quarterly
653,SKU0110,Material Handling 0110,Material Handling,Z3-B01,Z3,708,708,0,0,51.00,36108.00,0.00,0,N,13,0,0.00,198,N,Routine,Routine: no recurring variance or recount pattern,N,9.95,Quarterly
654,SKU0112,Electrical Components 0112,Electrical Components,Z1-B03,Z1,62,62,0,0,58.40,3620.80,0.00,0,N,13,0,0.00,198,N,Routine,Routine: no recurring variance or recount pattern,N,9.95,Quarterly
655,SKU0113,Safety Supplies 0113,Safety Supplies,Z3-B02,Z3,210,210,0,0,62.10,13041.00,0.00,0,N,13,0,0.00,198,N,Routine,Routine: no recurring variance or recount pattern,N,9.95,Quarterly
656,SKU0160,Material Handling 0160,Material Handling,Z2-B03,Z2,191,191,0,0,116.00,22156.00,0.00,0,N,13,0,0.00,198,N,Routine,Routine: no recurring variance or recount pattern,N,9.95,Quarterly
657,SKU0161,Industrial Supplies 0161,Industrial Supplies,Z1-B02,Z1,258,258,0,0,119.70,30882.60,0.00,0,N,13,0,0.00,198,N,Routine,Routine: no recurring variance or recount pattern,N,9.95,Quarterly
658,SKU0161,Industrial Supplies 0161,Industrial Supplies,Z3-B02,Z3,353,353,0,0,119.70,42254.10,0.00,0,N,13,0,0.00,198,N,Routine,Routine: no recurring variance or recount pattern,N,9.95,Quarterly
659,SKU0162,Electrical Components 0162,Electrical Components,Z2-B01,Z2,350,350,0,0,123.40,43190.00,0.00,0,N,13,0,0.00,198,N,Routine,Routine: no recurring variance or recount pattern,N,9.95,Quarterly
660,SKU0165,Tools 0165,Tools,Z3-B02,Z3,665,665,0,0,14.50,9642.50,0.00,0,N,13,0,0.00,198,N,Routine,Routine: no recurring variance or recount pattern,N,9.95,Quarterly
661,SKU0166,Consumables 0166,Consumables,Z2-B01,Z2,689,689,0,0,18.20,12539.80,0.00,0,N,13,0,0.00,198,N,Routine,Routine: no recurring variance or recount pattern,N,9.95,Quarterly
662,SKU0167,Fasteners 0167,Fasteners,Z2-B04,Z2,78,78,0,0,21.90,1708.20,0.00,0,N,13,0,0.00,198,N,Routine,Routine: no recurring variance or recount pattern,N,9.95,Quarterly
663,SKU0168,Maintenance Parts 0168,Maintenance Parts,Z1-B03,Z1,110,110,0,0,25.60,2816.00,0.00,0,N,13,0,0.00,198,N,Routine,Routine: no recurring variance or recount pattern,N,9.95,Quarterly
664,SKU0169,Shipping Supplies 0169,Shipping Supplies,Z1-B02,Z1,175,175,0,0,29.30,5127.50,0.00,0,N,13,0,0.00,198,N,Routine,Routine: no recurring variance or recount pattern,N,9.95,Quarterly
665,SKU0171,Industrial Supplies 0171,Industrial Supplies,Z2-B04,Z2,357,357,0,0,36.70,13101.90,0.00,0,N,13,0,0.00,198,N,Routine,Routine: no recurring variance or recount pattern,N,9.95,Quarterly
666,SKU0172,Electrical Components 0172,Electrical Components,Z2-B03,Z2,470,470,0,0,40.40,18988.00,0.00,0,N,13,0,0.00,198,N,Routine,Routine: no recurring variance or recount pattern,N,9.95,Quarterly
667,SKU0173,Safety Supplies 0173,Safety Supplies,Z1-B02,Z1,437,437,0,0,44.10,19271.70,0.00,0,N,13,0,0.00,198,N,Routine,Routine: no recurring variance or recount pattern,N,9.95,Quarterly
668,SKU0174,Packaging 0174,Packaging,Z2-B01,Z2,548,548,0,0,47.80,26194.40,0.00,0,N,13,0,0.00,198,N,Routine,Routine: no recurring variance or recount pattern,N,9.95,Quarterly
669,SKU0177,Fasteners 0177,Fasteners,Z3-B02,Z3,97,97,0,0,58.90,5713.30,0.00,0,N,13,0,0.00,198,N,Routine,Routine: no recurring variance or recount pattern,N,9.95,Quarterly
670,SKU0178,Maintenance Parts 0178,Maintenance Parts,Z2-B01,Z2,148,148,0,0,62.60,9264.80,0.00,0,N,13,0,0.00,198,N,Routine,Routine: no recurring variance or recount pattern,N,9.95,Quarterly
671,SKU0178,Maintenance Parts 0178,Maintenance Parts,Z3-B01,Z3,213,213,0,0,62.60,13333.80,0.00,0,N,13,0,0.00,198,N,Routine,Routine: no recurring variance or recount pattern,N,9.95,Quarterly
672,SKU0179,Shipping Supplies 0179,Shipping Supplies,Z1-B04,Z1,218,218,0,0,66.30,14453.40,0.00,0,N,13,0,0.00,198,N,Routine,Routine: no recurring variance or recount pattern,N,9.95,Quarterly
673,SKU0181,Industrial Supplies 0181,Industrial Supplies,Z3-B02,Z3,452,452,0,0,73.70,33312.40,0.00,0,N,13,0,0.00,198,N,Routine,Routine: no recurring variance or recount pattern,N,9.95,Quarterly
674,SKU0182,Electrical Components 0182,Electrical Components,Z3-B01,Z3,525,525,0,0,77.40,40635.00,0.00,0,N,13,0,0.00,198,N,Routine,Routine: no recurring variance or recount pattern,N,9.95,Quarterly
675,SKU0183,Safety Supplies 0183,Safety Supplies,Z1-B04,Z1,537,537,0,0,81.10,43550.70,0.00,0,N,13,0,0.00,198,N,Routine,Routine: no recurring variance or recount pattern,N,9.95,Quarterly
676,SKU0183,Safety Supplies 0183,Safety Supplies,Z2-B04,Z2,590,590,0,0,81.10,47849.00,0.00,0,N,13,0,0.00,198,N,Routine,Routine: no recurring variance or recount pattern,N,9.95,Quarterly
677,SKU0184,Packaging 0184,Packaging,Z1-B03,Z1,606,606,0,0,84.80,51388.80,0.00,0,N,13,0,0.00,198,N,Routine,Routine: no recurring variance or recount pattern,N,9.95,Quarterly
678,SKU0184,Packaging 0184,Packaging,Z2-B03,Z2,691,691,0,0,84.80,58596.80,0.00,0,N,13,0,0.00,198,N,Routine,Routine: no recurring variance or recount pattern,N,9.95,Quarterly
679,SKU0185,Tools 0185,Tools,Z1-B02,Z1,659,659,0,0,88.50,58321.50,0.00,0,N,13,0,0.00,198,N,Routine,Routine: no recurring variance or recount pattern,N,9.95,Quarterly
680,SKU0187,Fasteners 0187,Fasteners,Z2-B04,Z2,119,119,0,0,95.90,11412.10,0.00,0,N,13,0,0.00,198,N,Routine,Routine: no recurring variance or recount pattern,N,9.95,Quarterly
681,SKU0189,Shipping Supplies 0189,Shipping Supplies,Z2-B01,Z2,470,470,0,0,103.30,48551.00,0.00,0,N,13,0,0.00,198,N,Routine,Routine: no recurring variance or recount pattern,N,9.95,Quarterly
682,SKU0189,Shipping Supplies 0189,Shipping Supplies,Z3-B02,Z3,347,347,0,0,103.30,35845.10,0.00,0,N,13,0,0.00,198,N,Routine,Routine: no recurring variance or recount pattern,N,9.95,Quarterly
683,SKU0190,Material Handling 0190,Material Handling,Z2-B01,Z2,359,359,0,0,107.00,38413.00,0.00,0,N,13,0,0.00,198,N,Routine,Routine: no recurring variance or recount pattern,N,9.95,Quarterly
684,SKU0191,Industrial Supplies 0191,Industrial Supplies,Z1-B04,Z1,446,446,0,0,110.70,49372.20,0.00,0,N,13,0,0.00,198,N,Routine,Routine: no recurring variance or recount pattern,N,9.95,Quarterly
685,SKU0193,Safety Supplies 0193,Safety Supplies,Z3-B02,Z3,670,670,0,0,118.10,79127.00,0.00,0,N,13,0,0.00,198,N,Routine,Routine: no recurring variance or recount pattern,N,9.95,Quarterly
686,SKU0194,Packaging 0194,Packaging,Z2-B01,Z2,722,722,0,0,121.80,87939.60,0.00,0,N,13,0,0.00,198,N,Routine,Routine: no recurring variance or recount pattern,N,9.95,Quarterly
687,SKU0195,Tools 0195,Tools,Z2-B04,Z2,68,68,0,0,5.50,374.00,0.00,0,N,13,0,0.00,198,N,Routine,Routine: no recurring variance or recount pattern,N,9.95,Quarterly
688,SKU0196,Consumables 0196,Consumables,Z2-B03,Z2,140,140,0,0,9.20,1288.00,0.00,0,N,13,0,0.00,198,N,Routine,Routine: no recurring variance or recount pattern,N,9.95,Quarterly
689,SKU0197,Fasteners 0197,Fasteners,Z1-B02,Z1,102,102,0,0,12.90,1315.80,0.00,0,N,13,0,0.00,198,N,Routine,Routine: no recurring variance or recount pattern,N,9.95,Quarterly
690,SKU0205,Tools 0205,Tools,Z3-B02,Z3,142,142,0,0,42.50,6035.00,0.00,0,N,13,0,0.00,198,N,Routine,Routine: no recurring variance or recount pattern,N,9.95,Quarterly
691,SKU0206,Consumables 0206,Consumables,Z3-B01,Z3,219,219,0,0,46.20,10117.80,0.00,0,N,13,0,0.00,198,N,Routine,Routine: no recurring variance or recount pattern,N,9.95,Quarterly
692,SKU0207,Fasteners 0207,Fasteners,Z2-B04,Z2,301,301,0,0,49.90,15019.90,0.00,0,N,13,0,0.00,198,N,Routine,Routine: no recurring variance or recount pattern,N,9.95,Quarterly
693,SKU0209,Shipping Supplies 0209,Shipping Supplies,Z1-B02,Z1,399,399,0,0,57.30,22862.70,0.00,0,N,13,0,0.00,198,N,Routine,Routine: no recurring variance or recount pattern,N,9.95,Quarterly
694,SKU0209,Shipping Supplies 0209,Shipping Supplies,Z3-B02,Z3,494,494,0,0,57.30,28306.20,0.00,0,N,13,0,0.00,198,N,Routine,Routine: no recurring variance or recount pattern,N,9.95,Quarterly
695,SKU0211,Industrial Supplies 0211,Industrial Supplies,Z1-B04,Z1,526,526,0,0,64.70,34032.20,0.00,0,N,13,0,0.00,198,N,Routine,Routine: no recurring variance or recount pattern,N,9.95,Quarterly
696,SKU0211,Industrial Supplies 0211,Industrial Supplies,Z2-B04,Z2,584,584,0,0,64.70,37784.80,0.00,0,N,13,0,0.00,198,N,Routine,Routine: no recurring variance or recount pattern,N,9.95,Quarterly
697,SKU0212,Electrical Components 0212,Electrical Components,Z1-B03,Z1,620,620,0,0,68.40,42408.00,0.00,0,N,13,0,0.00,198,N,Routine,Routine: no recurring variance or recount pattern,N,9.95,Quarterly
698,SKU0212,Electrical Components 0212,Electrical Components,Z2-B03,Z2,654,654,0,0,68.40,44733.60,0.00,0,N,13,0,0.00,198,N,Routine,Routine: no recurring variance or recount pattern,N,9.95,Quarterly
699,SKU0213,Safety Supplies 0213,Safety Supplies,Z1-B02,Z1,640,640,0,0,72.10,46144.00,0.00,0,N,13,0,0.00,198,N,Routine,Routine: no recurring variance or recount pattern,N,9.95,Quarterly
700,SKU0216,Consumables 0216,Consumables,Z2-B03,Z2,222,222,0,0,83.20,18470.40,0.00,0,N,13,0,0.00,198,N,Routine,Routine: no recurring variance or recount pattern,N,9.95,Quarterly
701,SKU0217,Fasteners 0217,Fasteners,Z3-B02,Z3,330,330,0,0,86.90,28677.00,0.00,0,N,13,0,0.00,198,N,Routine,Routine: no recurring variance or recount pattern,N,9.95,Quarterly
702,SKU0218,Maintenance Parts 0218,Maintenance Parts,Z2-B01,Z2,350,350,0,0,90.60,31710.00,0.00,0,N,13,0,0.00,198,N,Routine,Routine: no recurring variance or recount pattern,N,9.95,Quarterly
703,SKU0218,Maintenance Parts 0218,Maintenance Parts,Z3-B01,Z3,423,423,0,0,90.60,38323.80,0.00,0,N,13,0,0.00,198,N,Routine,Routine: no recurring variance or recount pattern,N,9.95,Quarterly
704,SKU0219,Shipping Supplies 0219,Shipping Supplies,Z1-B04,Z1,458,458,0,0,94.30,43189.40,0.00,0,N,13,0,0.00,198,N,Routine,Routine: no recurring variance or recount pattern,N,9.95,Quarterly
705,SKU0220,Material Handling 0220,Material Handling,Z1-B03,Z1,516,516,0,0,98.00,50568.00,0.00,0,N,13,0,0.00,198,N,Routine,Routine: no recurring variance or recount pattern,N,9.95,Quarterly
706,SKU0221,Industrial Supplies 0221,Industrial Supplies,Z3-B02,Z3,714,714,0,0,101.70,72613.80,0.00,0,N,13,0,0.00,198,N,Routine,Routine: no recurring variance or recount pattern,N,9.95,Quarterly
707,SKU0222,Electrical Components 0222,Electrical Components,Z2-B01,Z2,652,652,0,0,105.40,68720.80,0.00,0,N,13,0,0.00,198,N,Routine,Routine: no recurring variance or recount pattern,N,9.95,Quarterly
708,SKU0223,Safety Supplies 0223,Safety Supplies,Z1-B04,Z1,44,44,0,0,109.10,4800.40,0.00,0,N,13,0,0.00,198,N,Routine,Routine: no recurring variance or recount pattern,N,9.95,Quarterly
709,SKU0223,Safety Supplies 0223,Safety Supplies,Z2-B04,Z2,39,39,0,0,109.10,4254.90,0.00,0,N,13,0,0.00,198,N,Routine,Routine: no recurring variance or recount pattern,N,9.95,Quarterly
710,SKU0224,Packaging 0224,Packaging,Z2-B03,Z2,131,131,0,0,112.80,14776.80,0.00,0,N,13,0,0.00,198,N,Routine,Routine: no recurring variance or recount pattern,N,9.95,Quarterly
711,SKU0273,Safety Supplies 0273,Safety Supplies,Z3-B02,Z3,387,387,0,0,54.10,20936.70,0.00,0,N,13,0,0.00,198,N,Routine,Routine: no recurring variance or recount pattern,N,9.95,Quarterly
712,SKU0274,Packaging 0274,Packaging,Z2-B01,Z2,400,400,0,0,57.80,23120.00,0.00,0,N,13,0,0.00,198,N,Routine,Routine: no recurring variance or recount pattern,N,9.95,Quarterly
713,SKU0274,Packaging 0274,Packaging,Z3-B01,Z3,456,456,0,0,57.80,26356.80,0.00,0,N,13,0,0.00,198,N,Routine,Routine: no recurring variance or recount pattern,N,9.95,Quarterly
714,SKU0275,Tools 0275,Tools,Z2-B04,Z2,493,493,0,0,61.50,30319.50,0.00,0,N,13,0,0.00,198,N,Routine,Routine: no recurring variance or recount pattern,N,9.95,Quarterly
715,SKU0276,Consumables 0276,Consumables,Z1-B02,Z1,674,674,0,0,65.20,43944.80,0.00,0,N,13,0,0.00,198,N,Routine,Routine: no recurring variance or recount pattern,N,9.95,Quarterly
716,SKU0276,Consumables 0276,Consumables,Z1-B03,Z1,516,516,0,0,65.20,33643.20,0.00,0,N,13,0,0.00,198,N,Routine,Routine: no recurring variance or recount pattern,N,9.95,Quarterly
717,SKU0279,Shipping Supplies 0279,Shipping Supplies,Z2-B04,Z2,77,77,0,0,76.30,5875.10,0.00,0,N,13,0,0.00,198,N,Routine,Routine: no recurring variance or recount pattern,N,9.95,Quarterly
718,SKU0280,Material Handling 0280,Material Handling,Z1-B03,Z1,109,109,0,0,80.00,8720.00,0.00,0,N,13,0,0.00,198,N,Routine,Routine: no recurring variance or recount pattern,N,9.95,Quarterly
719,SKU0281,Industrial Supplies 0281,Industrial Supplies,Z1-B02,Z1,220,220,0,0,83.70,18414.00,0.00,0,N,13,0,0.00,198,N,Routine,Routine: no recurring variance or recount pattern,N,9.95,Quarterly
720,SKU0284,Packaging 0284,Packaging,Z2-B03,Z2,446,446,0,0,94.80,42280.80,0.00,0,N,13,0,0.00,198,N,Routine,Routine: no recurring variance or recount pattern,N,9.95,Quarterly
721,SKU0285,Tools 0285,Tools,Z3-B02,Z3,576,576,0,0,98.50,56736.00,0.00,0,N,13,0,0.00,198,N,Routine,Routine: no recurring variance or recount pattern,N,9.95,Quarterly
722,SKU0286,Consumables 0286,Consumables,Z2-B01,Z2,629,629,0,0,102.20,64283.80,0.00,0,N,13,0,0.00,198,N,Routine,Routine: no recurring variance or recount pattern,N,9.95,Quarterly
723,SKU0286,Consumables 0286,Consumables,Z3-B01,Z3,636,636,0,0,102.20,64999.20,0.00,0,N,13,0,0.00,198,N,Routine,Routine: no recurring variance or recount pattern,N,9.95,Quarterly
724,SKU0289,Shipping Supplies 0289,Shipping Supplies,Z1-B02,Z1,14,14,0,0,113.30,1586.20,0.00,0,N,13,0,0.00,198,N,Routine,Routine: no recurring variance or recount pattern,N,9.95,Quarterly
725,SKU0290,Material Handling 0290,Material Handling,Z3-B01,Z3,277,277,0,0,117.00,32409.00,0.00,0,N,13,0,0.00,198,N,Routine,Routine: no recurring variance or recount pattern,N,9.95,Quarterly
726,SKU0291,Industrial Supplies 0291,Industrial Supplies,Z1-B04,Z1,290,290,0,0,120.70,35003.00,0.00,0,N,13,0,0.00,198,N,Routine,Routine: no recurring variance or recount pattern,N,9.95,Quarterly
727,SKU0291,Industrial Supplies 0291,Industrial Supplies,Z2-B04,Z2,274,274,0,0,120.70,33071.80,0.00,0,N,13,0,0.00,198,N,Routine,Routine: no recurring variance or recount pattern,N,9.95,Quarterly
728,SKU0292,Electrical Components 0292,Electrical Components,Z1-B03,Z1,364,364,0,0,4.40,1601.60,0.00,0,N,13,0,0.00,198,N,Routine,Routine: no recurring variance or recount pattern,N,9.95,Quarterly
729,SKU0292,Electrical Components 0292,Electrical Components,Z2-B03,Z2,356,356,0,0,4.40,1566.40,0.00,0,N,13,0,0.00,198,N,Routine,Routine: no recurring variance or recount pattern,N,9.95,Quarterly
730,SKU0297,Fasteners 0297,Fasteners,Z3-B02,Z3,68,68,0,0,22.90,1557.20,0.00,0,N,13,0,0.00,198,N,Routine,Routine: no recurring variance or recount pattern,N,9.95,Quarterly
731,SKU0038,Maintenance Parts 0038,Maintenance Parts,Z2-B01,Z2,68,68,0,0,24.60,1672.80,0.00,0,N,13,0,0.00,197,N,Routine,Routine: no recurring variance or recount pattern,N,9.90,Quarterly
732,SKU0040,Material Handling 0040,Material Handling,Z2-B03,Z2,287,287,0,0,32.00,9184.00,0.00,0,N,13,0,0.00,197,N,Routine,Routine: no recurring variance or recount pattern,N,9.90,Quarterly
733,SKU0041,Industrial Supplies 0041,Industrial Supplies,Z3-B02,Z3,429,429,0,0,35.70,15315.30,0.00,0,N,13,0,0.00,197,N,Routine,Routine: no recurring variance or recount pattern,N,9.90,Quarterly
734,SKU0042,Electrical Components 0042,Electrical Components,Z2-B01,Z2,410,410,0,0,39.40,16154.00,0.00,0,N,13,0,0.00,197,N,Routine,Routine: no recurring variance or recount pattern,N,9.90,Quarterly
735,SKU0042,Electrical Components 0042,Electrical Components,Z3-B01,Z3,412,412,0,0,39.40,16232.80,0.00,0,N,13,0,0.00,197,N,Routine,Routine: no recurring variance or recount pattern,N,9.90,Quarterly
736,SKU0043,Safety Supplies 0043,Safety Supplies,Z1-B04,Z1,465,465,0,0,43.10,20041.50,0.00,0,N,13,0,0.00,197,N,Routine,Routine: no recurring variance or recount pattern,N,9.90,Quarterly
737,SKU0046,Consumables 0046,Consumables,Z3-B01,Z3,85,85,0,0,54.20,4607.00,0.00,0,N,13,0,0.00,197,N,Routine,Routine: no recurring variance or recount pattern,N,9.90,Quarterly
738,SKU0048,Maintenance Parts 0048,Maintenance Parts,Z1-B02,Z1,272,272,0,0,61.60,16755.20,0.00,0,N,13,0,0.00,197,N,Routine,Routine: no recurring variance or recount pattern,N,9.90,Quarterly
739,SKU0049,Shipping Supplies 0049,Shipping Supplies,Z3-B02,Z3,174,174,0,0,65.30,11362.20,0.00,0,N,13,0,0.00,197,N,Routine,Routine: no recurring variance or recount pattern,N,9.90,Quarterly
740,SKU0050,Material Handling 0050,Material Handling,Z3-B01,Z3,274,274,0,0,69.00,18906.00,0.00,0,N,13,0,0.00,197,N,Routine,Routine: no recurring variance or recount pattern,N,9.90,Quarterly
741,SKU0051,Industrial Supplies 0051,Industrial Supplies,Z1-B04,Z1,330,330,0,0,72.70,23991.00,0.00,0,N,13,0,0.00,197,N,Routine,Routine: no recurring variance or recount pattern,N,9.90,Quarterly
742,SKU0052,Electrical Components 0052,Electrical Components,Z1-B03,Z1,369,369,0,0,76.40,28191.60,0.00,0,N,13,0,0.00,197,N,Routine,Routine: no recurring variance or recount pattern,N,9.90,Quarterly
743,SKU0052,Electrical Components 0052,Electrical Components,Z2-B03,Z2,515,515,0,0,76.40,39346.00,0.00,0,N,13,0,0.00,197,N,Routine,Routine: no recurring variance or recount pattern,N,9.90,Quarterly
744,SKU0054,Packaging 0054,Packaging,Z1-B04,Z1,719,719,0,0,83.80,60252.20,0.00,0,N,13,0,0.00,197,N,Routine,Routine: no recurring variance or recount pattern,N,9.90,Quarterly
745,SKU0054,Packaging 0054,Packaging,Z3-B01,Z3,576,576,0,0,83.80,48268.80,0.00,0,N,13,0,0.00,197,N,Routine,Routine: no recurring variance or recount pattern,N,9.90,Quarterly
746,SKU0056,Consumables 0056,Consumables,Z2-B03,Z2,52,52,0,0,91.20,4742.40,0.00,0,N,13,0,0.00,197,N,Routine,Routine: no recurring variance or recount pattern,N,9.90,Quarterly
747,SKU0057,Fasteners 0057,Fasteners,Z1-B02,Z1,55,55,0,0,94.90,5219.50,0.00,0,N,13,0,0.00,197,N,Routine,Routine: no recurring variance or recount pattern,N,9.90,Quarterly
748,SKU0059,Shipping Supplies 0059,Shipping Supplies,Z1-B04,Z1,256,256,0,0,102.30,26188.80,0.00,0,N,13,0,0.00,197,N,Routine,Routine: no recurring variance or recount pattern,N,9.90,Quarterly
749,SKU0059,Shipping Supplies 0059,Shipping Supplies,Z2-B04,Z2,291,291,0,0,102.30,29769.30,0.00,0,N,13,0,0.00,197,N,Routine,Routine: no recurring variance or recount pattern,N,9.90,Quarterly
750,SKU0063,Safety Supplies 0063,Safety Supplies,Z1-B04,Z1,477,477,0,0,117.10,55856.70,0.00,0,N,13,0,0.00,197,N,Routine,Routine: no recurring variance or recount pattern,N,9.90,Quarterly
751,SKU0066,Consumables 0066,Consumables,Z1-B04,Z1,277,277,0,0,8.20,2271.40,0.00,0,N,13,0,0.00,197,N,Routine,Routine: no recurring variance or recount pattern,N,9.90,Quarterly
752,SKU0066,Consumables 0066,Consumables,Z3-B01,Z3,120,120,0,0,8.20,984.00,0.00,0,N,13,0,0.00,197,N,Routine,Routine: no recurring variance or recount pattern,N,9.90,Quarterly
753,SKU0067,Fasteners 0067,Fasteners,Z1-B04,Z1,156,156,0,0,11.90,1856.40,0.00,0,N,13,0,0.00,197,N,Routine,Routine: no recurring variance or recount pattern,N,9.90,Quarterly
754,SKU0067,Fasteners 0067,Fasteners,Z2-B04,Z2,142,142,0,0,11.90,1689.80,0.00,0,N,13,0,0.00,197,N,Routine,Routine: no recurring variance or recount pattern,N,9.90,Quarterly
755,SKU0068,Maintenance Parts 0068,Maintenance Parts,Z1-B03,Z1,189,189,0,0,15.60,2948.40,0.00,0,N,13,0,0.00,197,N,Routine,Routine: no recurring variance or recount pattern,N,9.90,Quarterly
756,SKU0070,Material Handling 0070,Material Handling,Z3-B01,Z3,433,433,0,0,23.00,9959.00,0.00,0,N,13,0,0.00,197,N,Routine,Routine: no recurring variance or recount pattern,N,9.90,Quarterly
757,SKU0072,Electrical Components 0072,Electrical Components,Z2-B03,Z2,489,489,0,0,30.40,14865.60,0.00,0,N,13,0,0.00,197,N,Routine,Routine: no recurring variance or recount pattern,N,9.90,Quarterly
758,SKU0073,Safety Supplies 0073,Safety Supplies,Z1-B02,Z1,615,615,0,0,34.10,20971.50,0.00,0,N,13,0,0.00,197,N,Routine,Routine: no recurring variance or recount pattern,N,9.90,Quarterly
759,SKU0076,Consumables 0076,Consumables,Z2-B03,Z2,177,177,0,0,45.20,8000.40,0.00,0,N,13,0,0.00,197,N,Routine,Routine: no recurring variance or recount pattern,N,9.90,Quarterly
760,SKU0076,Consumables 0076,Consumables,Z3-B02,Z3,412,412,0,0,45.20,18622.40,0.00,0,N,13,0,0.00,197,N,Routine,Routine: no recurring variance or recount pattern,N,9.90,Quarterly
761,SKU0077,Fasteners 0077,Fasteners,Z3-B02,Z3,257,257,0,0,48.90,12567.30,0.00,0,N,13,0,0.00,197,N,Routine,Routine: no recurring variance or recount pattern,N,9.90,Quarterly
762,SKU0078,Maintenance Parts 0078,Maintenance Parts,Z2-B01,Z2,238,238,0,0,52.60,12518.80,0.00,0,N,13,0,0.00,197,N,Routine,Routine: no recurring variance or recount pattern,N,9.90,Quarterly
763,SKU0079,Shipping Supplies 0079,Shipping Supplies,Z2-B04,Z2,271,271,0,0,56.30,15257.30,0.00,0,N,13,0,0.00,197,N,Routine,Routine: no recurring variance or recount pattern,N,9.90,Quarterly
764,SKU0081,Industrial Supplies 0081,Industrial Supplies,Z1-B02,Z1,429,429,0,0,63.70,27327.30,0.00,0,N,13,0,0.00,197,N,Routine,Routine: no recurring variance or recount pattern,N,9.90,Quarterly
765,SKU0082,Electrical Components 0082,Electrical Components,Z3-B01,Z3,648,648,0,0,67.40,43675.20,0.00,0,N,13,0,0.00,197,N,Routine,Routine: no recurring variance or recount pattern,N,9.90,Quarterly
766,SKU0086,Consumables 0086,Consumables,Z2-B04,Z2,426,426,0,0,82.20,35017.20,0.00,0,N,13,0,0.00,197,N,Routine,Routine: no recurring variance or recount pattern,N,9.90,Quarterly
767,SKU0086,Consumables 0086,Consumables,Z3-B01,Z3,256,256,0,0,82.20,21043.20,0.00,0,N,13,0,0.00,197,N,Routine,Routine: no recurring variance or recount pattern,N,9.90,Quarterly
768,SKU0090,Material Handling 0090,Material Handling,Z1-B01,Z1,475,475,0,0,97.00,46075.00,0.00,0,N,13,0,0.00,197,N,Routine,Routine: no recurring variance or recount pattern,N,9.90,Quarterly
769,SKU0090,Material Handling 0090,Material Handling,Z3-B01,Z3,443,443,0,0,97.00,42971.00,0.00,0,N,13,0,0.00,197,N,Routine,Routine: no recurring variance or recount pattern,N,9.90,Quarterly
770,SKU0092,Electrical Components 0092,Electrical Components,Z1-B03,Z1,584,584,0,0,104.40,60969.60,0.00,0,N,13,0,0.00,197,N,Routine,Routine: no recurring variance or recount pattern,N,9.90,Quarterly
771,SKU0093,Safety Supplies 0093,Safety Supplies,Z2-B01,Z2,225,225,0,0,108.10,24322.50,0.00,0,N,13,0,0.00,197,N,Routine,Routine: no recurring variance or recount pattern,N,9.90,Quarterly
772,SKU0094,Packaging 0094,Packaging,Z1-B01,Z1,116,116,0,0,111.80,12968.80,0.00,0,N,13,0,0.00,197,N,Routine,Routine: no recurring variance or recount pattern,N,9.90,Quarterly
773,SKU0095,Tools 0095,Tools,Z2-B04,Z2,155,155,0,0,115.50,17902.50,0.00,0,N,13,0,0.00,197,N,Routine,Routine: no recurring variance or recount pattern,N,9.90,Quarterly
774,SKU0096,Consumables 0096,Consumables,Z1-B03,Z1,198,198,0,0,119.20,23601.60,0.00,0,N,13,0,0.00,197,N,Routine,Routine: no recurring variance or recount pattern,N,9.90,Quarterly
775,SKU0096,Consumables 0096,Consumables,Z2-B03,Z2,208,208,0,0,119.20,24793.60,0.00,0,N,13,0,0.00,197,N,Routine,Routine: no recurring variance or recount pattern,N,9.90,Quarterly
776,SKU0097,Fasteners 0097,Fasteners,Z1-B02,Z1,253,253,0,0,122.90,31093.70,0.00,0,N,13,0,0.00,197,N,Routine,Routine: no recurring variance or recount pattern,N,9.90,Quarterly
777,SKU0098,Maintenance Parts 0098,Maintenance Parts,Z2-B01,Z2,429,429,0,0,6.60,2831.40,0.00,0,N,13,0,0.00,197,N,Routine,Routine: no recurring variance or recount pattern,N,9.90,Quarterly
778,SKU0098,Maintenance Parts 0098,Maintenance Parts,Z3-B01,Z3,505,505,0,0,6.60,3333.00,0.00,0,N,13,0,0.00,197,N,Routine,Routine: no recurring variance or recount pattern,N,9.90,Quarterly
779,SKU0099,Shipping Supplies 0099,Shipping Supplies,Z1-B04,Z1,491,491,0,0,10.30,5057.30,0.00,0,N,13,0,0.00,197,N,Routine,Routine: no recurring variance or recount pattern,N,9.90,Quarterly
780,SKU0099,Shipping Supplies 0099,Shipping Supplies,Z2-B04,Z2,580,580,0,0,10.30,5974.00,0.00,0,N,13,0,0.00,197,N,Routine,Routine: no recurring variance or recount pattern,N,9.90,Quarterly
781,SKU0101,Industrial Supplies 0101,Industrial Supplies,Z1-B02,Z1,617,617,0,0,17.70,10920.90,0.00,0,N,13,0,0.00,197,N,Routine,Routine: no recurring variance or recount pattern,N,9.90,Quarterly
782,SKU0103,Safety Supplies 0103,Safety Supplies,Z2-B04,Z2,117,117,0,0,25.10,2936.70,0.00,0,N,13,0,0.00,197,N,Routine,Routine: no recurring variance or recount pattern,N,9.90,Quarterly
783,SKU0104,Packaging 0104,Packaging,Z1-B03,Z1,128,128,0,0,28.80,3686.40,0.00,0,N,13,0,0.00,197,N,Routine,Routine: no recurring variance or recount pattern,N,9.90,Quarterly
784,SKU0104,Packaging 0104,Packaging,Z2-B03,Z2,174,174,0,0,28.80,5011.20,0.00,0,N,13,0,0.00,197,N,Routine,Routine: no recurring variance or recount pattern,N,9.90,Quarterly
785,SKU0105,Tools 0105,Tools,Z1-B02,Z1,186,186,0,0,32.50,6045.00,0.00,0,N,13,0,0.00,197,N,Routine,Routine: no recurring variance or recount pattern,N,9.90,Quarterly
786,SKU0105,Tools 0105,Tools,Z3-B02,Z3,245,245,0,0,32.50,7962.50,0.00,0,N,13,0,0.00,197,N,Routine,Routine: no recurring variance or recount pattern,N,9.90,Quarterly
787,SKU0106,Consumables 0106,Consumables,Z2-B01,Z2,309,309,0,0,36.20,11185.80,0.00,0,N,13,0,0.00,197,N,Routine,Routine: no recurring variance or recount pattern,N,9.90,Quarterly
788,SKU0106,Consumables 0106,Consumables,Z3-B01,Z3,268,268,0,0,36.20,9701.60,0.00,0,N,13,0,0.00,197,N,Routine,Routine: no recurring variance or recount pattern,N,9.90,Quarterly
789,SKU0107,Fasteners 0107,Fasteners,Z2-B04,Z2,366,366,0,0,39.90,14603.40,0.00,0,N,13,0,0.00,197,N,Routine,Routine: no recurring variance or recount pattern,N,9.90,Quarterly
790,SKU0111,Industrial Supplies 0111,Industrial Supplies,Z1-B03,Z1,169,169,0,0,54.70,9244.30,0.00,0,N,13,0,0.00,197,N,Routine,Routine: no recurring variance or recount pattern,N,9.90,Quarterly
791,SKU0113,Safety Supplies 0113,Safety Supplies,Z1-B02,Z1,80,80,0,0,62.10,4968.00,0.00,0,N,13,0,0.00,197,N,Routine,Routine: no recurring variance or recount pattern,N,9.90,Quarterly
792,SKU0137,Fasteners 0137,Fasteners,Z3-B02,Z3,624,624,0,0,30.90,19281.60,0.00,0,N,13,0,0.00,197,N,Routine,Routine: no recurring variance or recount pattern,N,9.90,Quarterly
793,SKU0138,Maintenance Parts 0138,Maintenance Parts,Z2-B01,Z2,642,642,0,0,34.60,22213.20,0.00,0,N,13,0,0.00,197,N,Routine,Routine: no recurring variance or recount pattern,N,9.90,Quarterly
794,SKU0139,Shipping Supplies 0139,Shipping Supplies,Z1-B04,Z1,35,35,0,0,38.30,1340.50,0.00,0,N,13,0,0.00,197,N,Routine,Routine: no recurring variance or recount pattern,N,9.90,Quarterly
795,SKU0139,Shipping Supplies 0139,Shipping Supplies,Z2-B04,Z2,72,72,0,0,38.30,2757.60,0.00,0,N,13,0,0.00,197,N,Routine,Routine: no recurring variance or recount pattern,N,9.90,Quarterly
796,SKU0140,Material Handling 0140,Material Handling,Z1-B03,Z1,69,69,0,0,42.00,2898.00,0.00,0,N,13,0,0.00,197,N,Routine,Routine: no recurring variance or recount pattern,N,9.90,Quarterly
797,SKU0141,Industrial Supplies 0141,Industrial Supplies,Z3-B02,Z3,235,235,0,0,45.70,10739.50,0.00,0,N,13,0,0.00,197,N,Routine,Routine: no recurring variance or recount pattern,N,9.90,Quarterly
798,SKU0143,Safety Supplies 0143,Safety Supplies,Z2-B04,Z2,358,358,0,0,53.10,19009.80,0.00,0,N,13,0,0.00,197,N,Routine,Routine: no recurring variance or recount pattern,N,9.90,Quarterly
799,SKU0144,Packaging 0144,Packaging,Z1-B03,Z1,341,341,0,0,56.80,19368.80,0.00,0,N,13,0,0.00,197,N,Routine,Routine: no recurring variance or recount pattern,N,9.90,Quarterly
800,SKU0144,Packaging 0144,Packaging,Z2-B03,Z2,408,408,0,0,56.80,23174.40,0.00,0,N,13,0,0.00,197,N,Routine,Routine: no recurring variance or recount pattern,N,9.90,Quarterly
801,SKU0145,Tools 0145,Tools,Z1-B02,Z1,423,423,0,0,60.50,25591.50,0.00,0,N,13,0,0.00,197,N,Routine,Routine: no recurring variance or recount pattern,N,9.90,Quarterly
802,SKU0160,Material Handling 0160,Material Handling,Z1-B03,Z1,120,120,0,0,116.00,13920.00,0.00,0,N,13,0,0.00,197,N,Routine,Routine: no recurring variance or recount pattern,N,9.90,Quarterly
803,SKU0160,Material Handling 0160,Material Handling,Z3-B02,Z3,413,413,0,0,116.00,47908.00,0.00,0,N,13,0,0.00,197,N,Routine,Routine: no recurring variance or recount pattern,N,9.90,Quarterly
804,SKU0162,Electrical Components 0162,Electrical Components,Z3-B01,Z3,362,362,0,0,123.40,44670.80,0.00,0,N,13,0,0.00,197,N,Routine,Routine: no recurring variance or recount pattern,N,9.90,Quarterly
805,SKU0163,Safety Supplies 0163,Safety Supplies,Z1-B04,Z1,391,391,0,0,7.10,2776.10,0.00,0,N,13,0,0.00,197,N,Routine,Routine: no recurring variance or recount pattern,N,9.90,Quarterly
806,SKU0163,Safety Supplies 0163,Safety Supplies,Z2-B04,Z2,352,352,0,0,7.10,2499.20,0.00,0,N,13,0,0.00,197,N,Routine,Routine: no recurring variance or recount pattern,N,9.90,Quarterly
807,SKU0164,Packaging 0164,Packaging,Z1-B03,Z1,383,383,0,0,10.80,4136.40,0.00,0,N,13,0,0.00,197,N,Routine,Routine: no recurring variance or recount pattern,N,9.90,Quarterly
808,SKU0164,Packaging 0164,Packaging,Z2-B03,Z2,423,423,0,0,10.80,4568.40,0.00,0,N,13,0,0.00,197,N,Routine,Routine: no recurring variance or recount pattern,N,9.90,Quarterly
809,SKU0165,Tools 0165,Tools,Z1-B02,Z1,475,475,0,0,14.50,6887.50,0.00,0,N,13,0,0.00,197,N,Routine,Routine: no recurring variance or recount pattern,N,9.90,Quarterly
810,SKU0168,Maintenance Parts 0168,Maintenance Parts,Z2-B03,Z2,85,85,0,0,25.60,2176.00,0.00,0,N,13,0,0.00,197,N,Routine,Routine: no recurring variance or recount pattern,N,9.90,Quarterly
811,SKU0169,Shipping Supplies 0169,Shipping Supplies,Z3-B02,Z3,179,179,0,0,29.30,5244.70,0.00,0,N,13,0,0.00,197,N,Routine,Routine: no recurring variance or recount pattern,N,9.90,Quarterly
812,SKU0170,Material Handling 0170,Material Handling,Z2-B01,Z2,209,209,0,0,33.00,6897.00,0.00,0,N,13,0,0.00,197,N,Routine,Routine: no recurring variance or recount pattern,N,9.90,Quarterly
813,SKU0170,Material Handling 0170,Material Handling,Z2-B04,Z2,437,437,0,0,33.00,14421.00,0.00,0,N,13,0,0.00,197,N,Routine,Routine: no recurring variance or recount pattern,N,9.90,Quarterly
814,SKU0170,Material Handling 0170,Material Handling,Z3-B01,Z3,322,322,0,0,33.00,10626.00,0.00,0,N,13,0,0.00,197,N,Routine,Routine: no recurring variance or recount pattern,N,9.90,Quarterly
815,SKU0172,Electrical Components 0172,Electrical Components,Z1-B03,Z1,392,392,0,0,40.40,15836.80,0.00,0,N,13,0,0.00,197,N,Routine,Routine: no recurring variance or recount pattern,N,9.90,Quarterly
816,SKU0173,Safety Supplies 0173,Safety Supplies,Z3-B02,Z3,486,486,0,0,44.10,21432.60,0.00,0,N,13,0,0.00,197,N,Routine,Routine: no recurring variance or recount pattern,N,9.90,Quarterly
817,SKU0174,Packaging 0174,Packaging,Z3-B01,Z3,500,500,0,0,47.80,23900.00,0.00,0,N,13,0,0.00,197,N,Routine,Routine: no recurring variance or recount pattern,N,9.90,Quarterly
818,SKU0175,Tools 0175,Tools,Z1-B04,Z1,511,511,0,0,51.50,26316.50,0.00,0,N,13,0,0.00,197,N,Routine,Routine: no recurring variance or recount pattern,N,9.90,Quarterly
819,SKU0175,Tools 0175,Tools,Z2-B04,Z2,534,534,0,0,51.50,27501.00,0.00,0,N,13,0,0.00,197,N,Routine,Routine: no recurring variance or recount pattern,N,9.90,Quarterly
820,SKU0176,Consumables 0176,Consumables,Z3-B02,Z3,187,187,0,0,55.20,10322.40,0.00,0,N,13,0,0.00,197,N,Routine,Routine: no recurring variance or recount pattern,N,9.90,Quarterly
821,SKU0177,Fasteners 0177,Fasteners,Z1-B02,Z1,24,24,0,0,58.90,1413.60,0.00,0,N,13,0,0.00,197,N,Routine,Routine: no recurring variance or recount pattern,N,9.90,Quarterly
822,SKU0179,Shipping Supplies 0179,Shipping Supplies,Z2-B04,Z2,184,184,0,0,66.30,12199.20,0.00,0,N,13,0,0.00,197,N,Routine,Routine: no recurring variance or recount pattern,N,9.90,Quarterly
823,SKU0180,Material Handling 0180,Material Handling,Z2-B03,Z2,257,257,0,0,70.00,17990.00,0.00,0,N,13,0,0.00,197,N,Routine,Routine: no recurring variance or recount pattern,N,9.90,Quarterly
824,SKU0181,Industrial Supplies 0181,Industrial Supplies,Z1-B02,Z1,264,264,0,0,73.70,19456.80,0.00,0,N,13,0,0.00,197,N,Routine,Routine: no recurring variance or recount pattern,N,9.90,Quarterly
825,SKU0182,Electrical Components 0182,Electrical Components,Z2-B01,Z2,392,392,0,0,77.40,30340.80,0.00,0,N,13,0,0.00,197,N,Routine,Routine: no recurring variance or recount pattern,N,9.90,Quarterly
826,SKU0186,Consumables 0186,Consumables,Z2-B01,Z2,30,30,0,0,92.20,2766.00,0.00,0,N,13,0,0.00,197,N,Routine,Routine: no recurring variance or recount pattern,N,9.90,Quarterly
827,SKU0186,Consumables 0186,Consumables,Z3-B01,Z3,77,77,0,0,92.20,7099.40,0.00,0,N,13,0,0.00,197,N,Routine,Routine: no recurring variance or recount pattern,N,9.90,Quarterly
828,SKU0187,Fasteners 0187,Fasteners,Z1-B04,Z1,38,38,0,0,95.90,3644.20,0.00,0,N,13,0,0.00,197,N,Routine,Routine: no recurring variance or recount pattern,N,9.90,Quarterly
829,SKU0190,Material Handling 0190,Material Handling,Z1-B01,Z1,314,314,0,0,107.00,33598.00,0.00,0,N,13,0,0.00,197,N,Routine,Routine: no recurring variance or recount pattern,N,9.90,Quarterly
830,SKU0191,Industrial Supplies 0191,Industrial Supplies,Z1-B03,Z1,606,606,0,0,110.70,67084.20,0.00,0,N,13,0,0.00,197,N,Routine,Routine: no recurring variance or recount pattern,N,9.90,Quarterly
831,SKU0191,Industrial Supplies 0191,Industrial Supplies,Z2-B04,Z2,415,415,0,0,110.70,45940.50,0.00,0,N,13,0,0.00,197,N,Routine,Routine: no recurring variance or recount pattern,N,9.90,Quarterly
832,SKU0192,Electrical Components 0192,Electrical Components,Z1-B03,Z1,369,369,0,0,114.40,42213.60,0.00,0,N,13,0,0.00,197,N,Routine,Routine: no recurring variance or recount pattern,N,9.90,Quarterly
833,SKU0192,Electrical Components 0192,Electrical Components,Z2-B03,Z2,425,425,0,0,114.40,48620.00,0.00,0,N,13,0,0.00,197,N,Routine,Routine: no recurring variance or recount pattern,N,9.90,Quarterly
834,SKU0193,Safety Supplies 0193,Safety Supplies,Z1-B02,Z1,484,484,0,0,118.10,57160.40,0.00,0,N,13,0,0.00,197,N,Routine,Routine: no recurring variance or recount pattern,N,9.90,Quarterly
835,SKU0196,Consumables 0196,Consumables,Z1-B02,Z1,265,265,0,0,9.20,2438.00,0.00,0,N,13,0,0.00,197,N,Routine,Routine: no recurring variance or recount pattern,N,9.90,Quarterly
836,SKU0196,Consumables 0196,Consumables,Z1-B03,Z1,70,70,0,0,9.20,644.00,0.00,0,N,13,0,0.00,197,N,Routine,Routine: no recurring variance or recount pattern,N,9.90,Quarterly
837,SKU0198,Maintenance Parts 0198,Maintenance Parts,Z3-B01,Z3,302,302,0,0,16.60,5013.20,0.00,0,N,13,0,0.00,197,N,Routine,Routine: no recurring variance or recount pattern,N,9.90,Quarterly
838,SKU0199,Shipping Supplies 0199,Shipping Supplies,Z2-B04,Z2,375,375,0,0,20.30,7612.50,0.00,0,N,13,0,0.00,197,N,Routine,Routine: no recurring variance or recount pattern,N,9.90,Quarterly
839,SKU0200,Material Handling 0200,Material Handling,Z1-B03,Z1,414,414,0,0,24.00,9936.00,0.00,0,N,13,0,0.00,197,N,Routine,Routine: no recurring variance or recount pattern,N,9.90,Quarterly
840,SKU0200,Material Handling 0200,Material Handling,Z2-B03,Z2,470,470,0,0,24.00,11280.00,0.00,0,N,13,0,0.00,197,N,Routine,Routine: no recurring variance or recount pattern,N,9.90,Quarterly
841,SKU0201,Industrial Supplies 0201,Industrial Supplies,Z1-B02,Z1,473,473,0,0,27.70,13102.10,0.00,0,N,13,0,0.00,197,N,Routine,Routine: no recurring variance or recount pattern,N,9.90,Quarterly
842,SKU0202,Electrical Components 0202,Electrical Components,Z2-B01,Z2,550,550,0,0,31.40,17270.00,0.00,0,N,13,0,0.00,197,N,Routine,Routine: no recurring variance or recount pattern,N,9.90,Quarterly
843,SKU0202,Electrical Components 0202,Electrical Components,Z3-B01,Z3,560,560,0,0,31.40,17584.00,0.00,0,N,13,0,0.00,197,N,Routine,Routine: no recurring variance or recount pattern,N,9.90,Quarterly
844,SKU0203,Safety Supplies 0203,Safety Supplies,Z2-B04,Z2,588,588,0,0,35.10,20638.80,0.00,0,N,13,0,0.00,197,N,Routine,Routine: no recurring variance or recount pattern,N,9.90,Quarterly
845,SKU0204,Packaging 0204,Packaging,Z2-B03,Z2,11,11,0,0,38.80,426.80,0.00,0,N,13,0,0.00,197,N,Routine,Routine: no recurring variance or recount pattern,N,9.90,Quarterly
846,SKU0206,Consumables 0206,Consumables,Z2-B01,Z2,222,222,0,0,46.20,10256.40,0.00,0,N,13,0,0.00,197,N,Routine,Routine: no recurring variance or recount pattern,N,9.90,Quarterly
847,SKU0207,Fasteners 0207,Fasteners,Z1-B04,Z1,251,251,0,0,49.90,12524.90,0.00,0,N,13,0,0.00,197,N,Routine,Routine: no recurring variance or recount pattern,N,9.90,Quarterly
848,SKU0210,Material Handling 0210,Material Handling,Z2-B01,Z2,414,414,0,0,61.00,25254.00,0.00,0,N,13,0,0.00,197,N,Routine,Routine: no recurring variance or recount pattern,N,9.90,Quarterly
849,SKU0210,Material Handling 0210,Material Handling,Z3-B01,Z3,507,507,0,0,61.00,30927.00,0.00,0,N,13,0,0.00,197,N,Routine,Routine: no recurring variance or recount pattern,N,9.90,Quarterly
850,SKU0214,Packaging 0214,Packaging,Z3-B01,Z3,69,69,0,0,75.80,5230.20,0.00,0,N,13,0,0.00,197,N,Routine,Routine: no recurring variance or recount pattern,N,9.90,Quarterly
851,SKU0215,Tools 0215,Tools,Z1-B04,Z1,89,89,0,0,79.50,7075.50,0.00,0,N,13,0,0.00,197,N,Routine,Routine: no recurring variance or recount pattern,N,9.90,Quarterly
852,SKU0215,Tools 0215,Tools,Z2-B04,Z2,138,138,0,0,79.50,10971.00,0.00,0,N,13,0,0.00,197,N,Routine,Routine: no recurring variance or recount pattern,N,9.90,Quarterly
853,SKU0216,Consumables 0216,Consumables,Z1-B03,Z1,126,126,0,0,83.20,10483.20,0.00,0,N,13,0,0.00,197,N,Routine,Routine: no recurring variance or recount pattern,N,9.90,Quarterly
854,SKU0217,Fasteners 0217,Fasteners,Z1-B02,Z1,227,227,0,0,86.90,19726.30,0.00,0,N,13,0,0.00,197,N,Routine,Routine: no recurring variance or recount pattern,N,9.90,Quarterly
855,SKU0220,Material Handling 0220,Material Handling,Z2-B03,Z2,472,472,0,0,98.00,46256.00,0.00,0,N,13,0,0.00,197,N,Routine,Routine: no recurring variance or recount pattern,N,9.90,Quarterly
856,SKU0224,Packaging 0224,Packaging,Z1-B03,Z1,93,93,0,0,112.80,10490.40,0.00,0,N,13,0,0.00,197,N,Routine,Routine: no recurring variance or recount pattern,N,9.90,Quarterly
857,SKU0225,Tools 0225,Tools,Z3-B02,Z3,198,198,0,0,116.50,23067.00,0.00,0,N,13,0,0.00,197,N,Routine,Routine: no recurring variance or recount pattern,N,9.90,Quarterly
858,SKU0226,Consumables 0226,Consumables,Z2-B01,Z2,181,181,0,0,120.20,21756.20,0.00,0,N,13,0,0.00,197,N,Routine,Routine: no recurring variance or recount pattern,N,9.90,Quarterly
859,SKU0226,Consumables 0226,Consumables,Z3-B01,Z3,269,269,0,0,120.20,32333.80,0.00,0,N,13,0,0.00,197,N,Routine,Routine: no recurring variance or recount pattern,N,9.90,Quarterly
860,SKU0238,Maintenance Parts 0238,Maintenance Parts,Z3-B01,Z3,547,547,0,0,44.60,24396.20,0.00,0,N,13,0,0.00,197,N,Routine,Routine: no recurring variance or recount pattern,N,9.90,Quarterly
861,SKU0239,Shipping Supplies 0239,Shipping Supplies,Z2-B04,Z2,588,588,0,0,48.30,28400.40,0.00,0,N,13,0,0.00,197,N,Routine,Routine: no recurring variance or recount pattern,N,9.90,Quarterly
862,SKU0240,Material Handling 0240,Material Handling,Z1-B03,Z1,659,659,0,0,52.00,34268.00,0.00,0,N,13,0,0.00,197,N,Routine,Routine: no recurring variance or recount pattern,N,9.90,Quarterly
863,SKU0240,Material Handling 0240,Material Handling,Z2-B03,Z2,642,642,0,0,52.00,33384.00,0.00,0,N,13,0,0.00,197,N,Routine,Routine: no recurring variance or recount pattern,N,9.90,Quarterly
864,SKU0242,Electrical Components 0242,Electrical Components,Z2-B01,Z2,87,87,0,0,59.40,5167.80,0.00,0,N,13,0,0.00,197,N,Routine,Routine: no recurring variance or recount pattern,N,9.90,Quarterly
865,SKU0245,Tools 0245,Tools,Z3-B02,Z3,387,387,0,0,70.50,27283.50,0.00,0,N,13,0,0.00,197,N,Routine,Routine: no recurring variance or recount pattern,N,9.90,Quarterly
866,SKU0246,Consumables 0246,Consumables,Z2-B01,Z2,386,386,0,0,74.20,28641.20,0.00,0,N,13,0,0.00,197,N,Routine,Routine: no recurring variance or recount pattern,N,9.90,Quarterly
867,SKU0273,Safety Supplies 0273,Safety Supplies,Z1-B02,Z1,247,247,0,0,54.10,13362.70,0.00,0,N,13,0,0.00,197,N,Routine,Routine: no recurring variance or recount pattern,N,9.90,Quarterly
868,SKU0275,Tools 0275,Tools,Z1-B04,Z1,435,435,0,0,61.50,26752.50,0.00,0,N,13,0,0.00,197,N,Routine,Routine: no recurring variance or recount pattern,N,9.90,Quarterly
869,SKU0276,Consumables 0276,Consumables,Z2-B03,Z2,474,474,0,0,65.20,30904.80,0.00,0,N,13,0,0.00,197,N,Routine,Routine: no recurring variance or recount pattern,N,9.90,Quarterly
870,SKU0279,Shipping Supplies 0279,Shipping Supplies,Z1-B04,Z1,92,92,0,0,76.30,7019.60,0.00,0,N,13,0,0.00,197,N,Routine,Routine: no recurring variance or recount pattern,N,9.90,Quarterly
871,SKU0280,Material Handling 0280,Material Handling,Z2-B03,Z2,126,126,0,0,80.00,10080.00,0.00,0,N,13,0,0.00,197,N,Routine,Routine: no recurring variance or recount pattern,N,9.90,Quarterly
872,SKU0281,Industrial Supplies 0281,Industrial Supplies,Z3-B02,Z3,182,182,0,0,83.70,15233.40,0.00,0,N,13,0,0.00,197,N,Routine,Routine: no recurring variance or recount pattern,N,9.90,Quarterly
873,SKU0282,Electrical Components 0282,Electrical Components,Z2-B01,Z2,230,230,0,0,87.40,20102.00,0.00,0,N,13,0,0.00,197,N,Routine,Routine: no recurring variance or recount pattern,N,9.90,Quarterly
874,SKU0282,Electrical Components 0282,Electrical Components,Z3-B01,Z3,270,270,0,0,87.40,23598.00,0.00,0,N,13,0,0.00,197,N,Routine,Routine: no recurring variance or recount pattern,N,9.90,Quarterly
875,SKU0283,Safety Supplies 0283,Safety Supplies,Z2-B04,Z2,332,332,0,0,91.10,30245.20,0.00,0,N,13,0,0.00,197,N,Routine,Routine: no recurring variance or recount pattern,N,9.90,Quarterly
876,SKU0289,Shipping Supplies 0289,Shipping Supplies,Z2-B01,Z2,220,220,0,0,113.30,24926.00,0.00,0,N,13,0,0.00,197,N,Routine,Routine: no recurring variance or recount pattern,N,9.90,Quarterly
877,SKU0289,Shipping Supplies 0289,Shipping Supplies,Z3-B02,Z3,240,240,0,0,113.30,27192.00,0.00,0,N,13,0,0.00,197,N,Routine,Routine: no recurring variance or recount pattern,N,9.90,Quarterly
878,SKU0290,Material Handling 0290,Material Handling,Z2-B01,Z2,215,215,0,0,117.00,25155.00,0.00,0,N,13,0,0.00,197,N,Routine,Routine: no recurring variance or recount pattern,N,9.90,Quarterly
879,SKU0292,Electrical Components 0292,Electrical Components,Z1-B02,Z1,504,504,0,0,4.40,2217.60,0.00,0,N,13,0,0.00,197,N,Routine,Routine: no recurring variance or recount pattern,N,9.90,Quarterly
880,SKU0293,Safety Supplies 0293,Safety Supplies,Z1-B02,Z1,364,364,0,0,8.10,2948.40,0.00,0,N,13,0,0.00,197,N,Routine,Routine: no recurring variance or recount pattern,N,9.90,Quarterly
881,SKU0293,Safety Supplies 0293,Safety Supplies,Z3-B02,Z3,373,373,0,0,8.10,3021.30,0.00,0,N,13,0,0.00,197,N,Routine,Routine: no recurring variance or recount pattern,N,9.90,Quarterly
882,SKU0294,Packaging 0294,Packaging,Z2-B01,Z2,376,376,0,0,11.80,4436.80,0.00,0,N,13,0,0.00,197,N,Routine,Routine: no recurring variance or recount pattern,N,9.90,Quarterly
883,SKU0294,Packaging 0294,Packaging,Z3-B01,Z3,441,441,0,0,11.80,5203.80,0.00,0,N,13,0,0.00,197,N,Routine,Routine: no recurring variance or recount pattern,N,9.90,Quarterly
884,SKU0295,Tools 0295,Tools,Z1-B04,Z1,483,483,0,0,15.50,7486.50,0.00,0,N,13,0,0.00,197,N,Routine,Routine: no recurring variance or recount pattern,N,9.90,Quarterly
885,SKU0295,Tools 0295,Tools,Z2-B04,Z2,620,620,0,0,15.50,9610.00,0.00,0,N,13,0,0.00,197,N,Routine,Routine: no recurring variance or recount pattern,N,9.90,Quarterly
886,SKU0296,Consumables 0296,Consumables,Z1-B03,Z1,548,548,0,0,19.20,10521.60,0.00,0,N,13,0,0.00,197,N,Routine,Routine: no recurring variance or recount pattern,N,9.90,Quarterly
887,SKU0297,Fasteners 0297,Fasteners,Z2-B01,Z2,227,227,0,0,22.90,5198.30,0.00,0,N,13,0,0.00,197,N,Routine,Routine: no recurring variance or recount pattern,N,9.90,Quarterly
888,SKU0298,Maintenance Parts 0298,Maintenance Parts,Z2-B01,Z2,92,92,0,0,26.60,2447.20,0.00,0,N,13,0,0.00,197,N,Routine,Routine: no recurring variance or recount pattern,N,9.90,Quarterly
889,SKU0299,Shipping Supplies 0299,Shipping Supplies,Z1-B04,Z1,182,182,0,0,30.30,5514.60,0.00,0,N,13,0,0.00,197,N,Routine,Routine: no recurring variance or recount pattern,N,9.90,Quarterly
890,SKU0299,Shipping Supplies 0299,Shipping Supplies,Z2-B04,Z2,118,118,0,0,30.30,3575.40,0.00,0,N,13,0,0.00,197,N,Routine,Routine: no recurring variance or recount pattern,N,9.90,Quarterly
891,SKU0300,Material Handling 0300,Material Handling,Z2-B03,Z2,231,231,0,0,34.00,7854.00,0.00,0,N,13,0,0.00,197,N,Routine,Routine: no recurring variance or recount pattern,N,9.90,Quarterly
892,SKU0008,Maintenance Parts 0008,Maintenance Parts,Z2-B03,Z2,650,650,0,0,33.60,21840.00,0.00,0,N,13,0,0.00,196,N,Routine,Routine: no recurring variance or recount pattern,N,9.85,Quarterly
893,SKU0014,Packaging 0014,Packaging,Z2-B01,Z2,461,461,0,0,55.80,25723.80,0.00,0,N,13,0,0.00,196,N,Routine,Routine: no recurring variance or recount pattern,N,9.85,Quarterly
894,SKU0014,Packaging 0014,Packaging,Z3-B01,Z3,449,449,0,0,55.80,25054.20,0.00,0,N,13,0,0.00,196,N,Routine,Routine: no recurring variance or recount pattern,N,9.85,Quarterly
895,SKU0015,Tools 0015,Tools,Z1-B04,Z1,481,481,0,0,59.50,28619.50,0.00,0,N,13,0,0.00,196,N,Routine,Routine: no recurring variance or recount pattern,N,9.85,Quarterly
896,SKU0016,Consumables 0016,Consumables,Z1-B03,Z1,520,520,0,0,63.20,32864.00,0.00,0,N,13,0,0.00,196,N,Routine,Routine: no recurring variance or recount pattern,N,9.85,Quarterly
897,SKU0018,Maintenance Parts 0018,Maintenance Parts,Z3-B01,Z3,73,73,0,0,70.60,5153.80,0.00,0,N,13,0,0.00,196,N,Routine,Routine: no recurring variance or recount pattern,N,9.85,Quarterly
898,SKU0019,Shipping Supplies 0019,Shipping Supplies,Z1-B04,Z1,75,75,0,0,74.30,5572.50,0.00,0,N,13,0,0.00,196,N,Routine,Routine: no recurring variance or recount pattern,N,9.85,Quarterly
899,SKU0019,Shipping Supplies 0019,Shipping Supplies,Z2-B04,Z2,121,121,0,0,74.30,8990.30,0.00,0,N,13,0,0.00,196,N,Routine,Routine: no recurring variance or recount pattern,N,9.85,Quarterly
900,SKU0020,Material Handling 0020,Material Handling,Z1-B03,Z1,128,128,0,0,78.00,9984.00,0.00,0,N,13,0,0.00,196,N,Routine,Routine: no recurring variance or recount pattern,N,9.85,Quarterly
901,SKU0020,Material Handling 0020,Material Handling,Z2-B03,Z2,196,196,0,0,78.00,15288.00,0.00,0,N,13,0,0.00,196,N,Routine,Routine: no recurring variance or recount pattern,N,9.85,Quarterly
902,SKU0023,Safety Supplies 0023,Safety Supplies,Z2-B04,Z2,375,375,0,0,89.10,33412.50,0.00,0,N,13,0,0.00,196,N,Routine,Routine: no recurring variance or recount pattern,N,9.85,Quarterly
903,SKU0024,Packaging 0024,Packaging,Z2-B03,Z2,443,443,0,0,92.80,41110.40,0.00,0,N,13,0,0.00,196,N,Routine,Routine: no recurring variance or recount pattern,N,9.85,Quarterly
904,SKU0025,Tools 0025,Tools,Z1-B02,Z1,508,508,0,0,96.50,49022.00,0.00,0,N,13,0,0.00,196,N,Routine,Routine: no recurring variance or recount pattern,N,9.85,Quarterly
905,SKU0025,Tools 0025,Tools,Z3-B02,Z3,571,571,0,0,96.50,55101.50,0.00,0,N,13,0,0.00,196,N,Routine,Routine: no recurring variance or recount pattern,N,9.85,Quarterly
906,SKU0026,Consumables 0026,Consumables,Z2-B01,Z2,639,639,0,0,100.20,64027.80,0.00,0,N,13,0,0.00,196,N,Routine,Routine: no recurring variance or recount pattern,N,9.85,Quarterly
907,SKU0029,Shipping Supplies 0029,Shipping Supplies,Z3-B02,Z3,208,208,0,0,111.30,23150.40,0.00,0,N,13,0,0.00,196,N,Routine,Routine: no recurring variance or recount pattern,N,9.85,Quarterly
908,SKU0030,Material Handling 0030,Material Handling,Z2-B01,Z2,228,228,0,0,115.00,26220.00,0.00,0,N,13,0,0.00,196,N,Routine,Routine: no recurring variance or recount pattern,N,9.85,Quarterly
909,SKU0030,Material Handling 0030,Material Handling,Z3-B01,Z3,226,226,0,0,115.00,25990.00,0.00,0,N,13,0,0.00,196,N,Routine,Routine: no recurring variance or recount pattern,N,9.85,Quarterly
910,SKU0031,Industrial Supplies 0031,Industrial Supplies,Z1-B04,Z1,246,246,0,0,118.70,29200.20,0.00,0,N,13,0,0.00,196,N,Routine,Routine: no recurring variance or recount pattern,N,9.85,Quarterly
911,SKU0032,Electrical Components 0032,Electrical Components,Z1-B03,Z1,348,348,0,0,122.40,42595.20,0.00,0,N,13,0,0.00,196,N,Routine,Routine: no recurring variance or recount pattern,N,9.85,Quarterly
912,SKU0033,Safety Supplies 0033,Safety Supplies,Z1-B02,Z1,375,375,0,0,6.10,2287.50,0.00,0,N,13,0,0.00,196,N,Routine,Routine: no recurring variance or recount pattern,N,9.85,Quarterly
913,SKU0034,Packaging 0034,Packaging,Z3-B01,Z3,525,525,0,0,9.80,5145.00,0.00,0,N,13,0,0.00,196,N,Routine,Routine: no recurring variance or recount pattern,N,9.85,Quarterly
914,SKU0035,Tools 0035,Tools,Z2-B04,Z2,625,625,0,0,13.50,8437.50,0.00,0,N,13,0,0.00,196,N,Routine,Routine: no recurring variance or recount pattern,N,9.85,Quarterly
915,SKU0036,Consumables 0036,Consumables,Z1-B03,Z1,591,591,0,0,17.20,10165.20,0.00,0,N,13,0,0.00,196,N,Routine,Routine: no recurring variance or recount pattern,N,9.85,Quarterly
916,SKU0036,Consumables 0036,Consumables,Z2-B03,Z2,678,678,0,0,17.20,11661.60,0.00,0,N,13,0,0.00,196,N,Routine,Routine: no recurring variance or recount pattern,N,9.85,Quarterly
917,SKU0038,Maintenance Parts 0038,Maintenance Parts,Z3-B01,Z3,118,118,0,0,24.60,2902.80,0.00,0,N,13,0,0.00,196,N,Routine,Routine: no recurring variance or recount pattern,N,9.85,Quarterly
918,SKU0039,Shipping Supplies 0039,Shipping Supplies,Z1-B04,Z1,145,145,0,0,28.30,4103.50,0.00,0,N,13,0,0.00,196,N,Routine,Routine: no recurring variance or recount pattern,N,9.85,Quarterly
919,SKU0039,Shipping Supplies 0039,Shipping Supplies,Z2-B04,Z2,134,134,0,0,28.30,3792.20,0.00,0,N,13,0,0.00,196,N,Routine,Routine: no recurring variance or recount pattern,N,9.85,Quarterly
920,SKU0040,Material Handling 0040,Material Handling,Z1-B03,Z1,150,150,0,0,32.00,4800.00,0.00,0,N,13,0,0.00,196,N,Routine,Routine: no recurring variance or recount pattern,N,9.85,Quarterly
921,SKU0041,Industrial Supplies 0041,Industrial Supplies,Z1-B02,Z1,212,212,0,0,35.70,7568.40,0.00,0,N,13,0,0.00,196,N,Routine,Routine: no recurring variance or recount pattern,N,9.85,Quarterly
922,SKU0041,Industrial Supplies 0041,Industrial Supplies,Z2-B01,Z2,492,492,0,0,35.70,17564.40,0.00,0,N,13,0,0.00,196,N,Routine,Routine: no recurring variance or recount pattern,N,9.85,Quarterly
923,SKU0042,Electrical Components 0042,Electrical Components,Z1-B01,Z1,357,357,0,0,39.40,14065.80,0.00,0,N,13,0,0.00,196,N,Routine,Routine: no recurring variance or recount pattern,N,9.85,Quarterly
924,SKU0043,Safety Supplies 0043,Safety Supplies,Z2-B04,Z2,378,378,0,0,43.10,16291.80,0.00,0,N,13,0,0.00,196,N,Routine,Routine: no recurring variance or recount pattern,N,9.85,Quarterly
925,SKU0045,Tools 0045,Tools,Z1-B02,Z1,517,517,0,0,50.50,26108.50,0.00,0,N,13,0,0.00,196,N,Routine,Routine: no recurring variance or recount pattern,N,9.85,Quarterly
926,SKU0047,Fasteners 0047,Fasteners,Z3-B04,Z3,143,143,0,0,57.90,8279.70,0.00,0,N,13,0,0.00,196,N,Routine,Routine: no recurring variance or recount pattern,N,9.85,Quarterly
927,SKU0050,Material Handling 0050,Material Handling,Z1-B01,Z1,264,264,0,0,69.00,18216.00,0.00,0,N,13,0,0.00,196,N,Routine,Routine: no recurring variance or recount pattern,N,9.85,Quarterly
928,SKU0050,Material Handling 0050,Material Handling,Z2-B01,Z2,273,273,0,0,69.00,18837.00,0.00,0,N,13,0,0.00,196,N,Routine,Routine: no recurring variance or recount pattern,N,9.85,Quarterly
929,SKU0051,Industrial Supplies 0051,Industrial Supplies,Z3-B04,Z3,415,415,0,0,72.70,30170.50,0.00,0,N,13,0,0.00,196,N,Routine,Routine: no recurring variance or recount pattern,N,9.85,Quarterly
930,SKU0054,Packaging 0054,Packaging,Z1-B01,Z1,593,593,0,0,83.80,49693.40,0.00,0,N,13,0,0.00,196,N,Routine,Routine: no recurring variance or recount pattern,N,9.85,Quarterly
931,SKU0055,Tools 0055,Tools,Z2-B03,Z2,106,106,0,0,87.50,9275.00,0.00,0,N,13,0,0.00,196,N,Routine,Routine: no recurring variance or recount pattern,N,9.85,Quarterly
932,SKU0059,Shipping Supplies 0059,Shipping Supplies,Z2-B03,Z2,448,448,0,0,102.30,45830.40,0.00,0,N,13,0,0.00,196,N,Routine,Routine: no recurring variance or recount pattern,N,9.85,Quarterly
933,SKU0060,Material Handling 0060,Material Handling,Z1-B03,Z1,336,336,0,0,106.00,35616.00,0.00,0,N,13,0,0.00,196,N,Routine,Routine: no recurring variance or recount pattern,N,9.85,Quarterly
934,SKU0062,Electrical Components 0062,Electrical Components,Z1-B01,Z1,510,510,0,0,113.40,57834.00,0.00,0,N,13,0,0.00,196,N,Routine,Routine: no recurring variance or recount pattern,N,9.85,Quarterly
935,SKU0062,Electrical Components 0062,Electrical Components,Z2-B01,Z2,393,393,0,0,113.40,44566.20,0.00,0,N,13,0,0.00,196,N,Routine,Routine: no recurring variance or recount pattern,N,9.85,Quarterly
936,SKU0063,Safety Supplies 0063,Safety Supplies,Z2-B03,Z2,779,779,0,0,117.10,91220.90,0.00,0,N,13,0,0.00,196,N,Routine,Routine: no recurring variance or recount pattern,N,9.85,Quarterly
937,SKU0063,Safety Supplies 0063,Safety Supplies,Z3-B04,Z3,671,671,0,0,117.10,78574.10,0.00,0,N,13,0,0.00,196,N,Routine,Routine: no recurring variance or recount pattern,N,9.85,Quarterly
938,SKU0065,Tools 0065,Tools,Z3-B02,Z3,18,18,0,0,4.50,81.00,0.00,0,N,13,0,0.00,196,N,Routine,Routine: no recurring variance or recount pattern,N,9.85,Quarterly
939,SKU0068,Maintenance Parts 0068,Maintenance Parts,Z2-B03,Z2,208,208,0,0,15.60,3244.80,0.00,0,N,13,0,0.00,196,N,Routine,Routine: no recurring variance or recount pattern,N,9.85,Quarterly
940,SKU0069,Shipping Supplies 0069,Shipping Supplies,Z1-B02,Z1,255,255,0,0,19.30,4921.50,0.00,0,N,13,0,0.00,196,N,Routine,Routine: no recurring variance or recount pattern,N,9.85,Quarterly
941,SKU0075,Tools 0075,Tools,Z3-B04,Z3,164,164,0,0,41.50,6806.00,0.00,0,N,13,0,0.00,196,N,Routine,Routine: no recurring variance or recount pattern,N,9.85,Quarterly
942,SKU0076,Consumables 0076,Consumables,Z1-B02,Z1,316,316,0,0,45.20,14283.20,0.00,0,N,13,0,0.00,196,N,Routine,Routine: no recurring variance or recount pattern,N,9.85,Quarterly
943,SKU0078,Maintenance Parts 0078,Maintenance Parts,Z1-B01,Z1,240,240,0,0,52.60,12624.00,0.00,0,N,13,0,0.00,196,N,Routine,Routine: no recurring variance or recount pattern,N,9.85,Quarterly
944,SKU0078,Maintenance Parts 0078,Maintenance Parts,Z3-B01,Z3,261,261,0,0,52.60,13728.60,0.00,0,N,13,0,0.00,196,N,Routine,Routine: no recurring variance or recount pattern,N,9.85,Quarterly
945,SKU0079,Shipping Supplies 0079,Shipping Supplies,Z1-B04,Z1,335,335,0,0,56.30,18860.50,0.00,0,N,13,0,0.00,196,N,Routine,Routine: no recurring variance or recount pattern,N,9.85,Quarterly
946,SKU0079,Shipping Supplies 0079,Shipping Supplies,Z3-B04,Z3,498,498,0,0,56.30,28037.40,0.00,0,N,13,0,0.00,196,N,Routine,Routine: no recurring variance or recount pattern,N,9.85,Quarterly
947,SKU0080,Material Handling 0080,Material Handling,Z1-B03,Z1,358,358,0,0,60.00,21480.00,0.00,0,N,13,0,0.00,196,N,Routine,Routine: no recurring variance or recount pattern,N,9.85,Quarterly
948,SKU0081,Industrial Supplies 0081,Industrial Supplies,Z3-B01,Z3,794,794,0,0,63.70,50577.80,0.00,0,N,13,0,0.00,196,N,Routine,Routine: no recurring variance or recount pattern,N,9.85,Quarterly
949,SKU0082,Electrical Components 0082,Electrical Components,Z1-B01,Z1,514,514,0,0,67.40,34643.60,0.00,0,N,13,0,0.00,196,N,Routine,Routine: no recurring variance or recount pattern,N,9.85,Quarterly
950,SKU0084,Packaging 0084,Packaging,Z2-B03,Z2,12,12,0,0,74.80,897.60,0.00,0,N,13,0,0.00,196,N,Routine,Routine: no recurring variance or recount pattern,N,9.85,Quarterly
951,SKU0085,Tools 0085,Tools,Z1-B02,Z1,34,34,0,0,78.50,2669.00,0.00,0,N,13,0,0.00,196,N,Routine,Routine: no recurring variance or recount pattern,N,9.85,Quarterly
952,SKU0085,Tools 0085,Tools,Z2-B01,Z2,236,236,0,0,78.50,18526.00,0.00,0,N,13,0,0.00,196,N,Routine,Routine: no recurring variance or recount pattern,N,9.85,Quarterly
953,SKU0089,Shipping Supplies 0089,Shipping Supplies,Z3-B02,Z3,438,438,0,0,93.30,40865.40,0.00,0,N,13,0,0.00,196,N,Routine,Routine: no recurring variance or recount pattern,N,9.85,Quarterly
954,SKU0090,Material Handling 0090,Material Handling,Z2-B04,Z2,666,666,0,0,97.00,64602.00,0.00,0,N,13,0,0.00,196,N,Routine,Routine: no recurring variance or recount pattern,N,9.85,Quarterly
955,SKU0091,Industrial Supplies 0091,Industrial Supplies,Z2-B03,Z2,804,804,0,0,100.70,80962.80,0.00,0,N,13,0,0.00,196,N,Routine,Routine: no recurring variance or recount pattern,N,9.85,Quarterly
956,SKU0091,Industrial Supplies 0091,Industrial Supplies,Z3-B04,Z3,680,680,0,0,100.70,68476.00,0.00,0,N,13,0,0.00,196,N,Routine,Routine: no recurring variance or recount pattern,N,9.85,Quarterly
957,SKU0094,Packaging 0094,Packaging,Z3-B01,Z3,106,106,0,0,111.80,11850.80,0.00,0,N,13,0,0.00,196,N,Routine,Routine: no recurring variance or recount pattern,N,9.85,Quarterly
958,SKU0096,Consumables 0096,Consumables,Z1-B02,Z1,338,338,0,0,119.20,40289.60,0.00,0,N,13,0,0.00,196,N,Routine,Routine: no recurring variance or recount pattern,N,9.85,Quarterly
959,SKU0097,Fasteners 0097,Fasteners,Z3-B02,Z3,428,428,0,0,122.90,52601.20,0.00,0,N,13,0,0.00,196,N,Routine,Routine: no recurring variance or recount pattern,N,9.85,Quarterly
960,SKU0098,Maintenance Parts 0098,Maintenance Parts,Z1-B04,Z1,579,579,0,0,6.60,3821.40,0.00,0,N,13,0,0.00,196,N,Routine,Routine: no recurring variance or recount pattern,N,9.85,Quarterly
961,SKU0100,Material Handling 0100,Material Handling,Z1-B03,Z1,576,576,0,0,14.00,8064.00,0.00,0,N,13,0,0.00,196,N,Routine,Routine: no recurring variance or recount pattern,N,9.85,Quarterly
962,SKU0100,Material Handling 0100,Material Handling,Z2-B03,Z2,477,477,0,0,14.00,6678.00,0.00,0,N,13,0,0.00,196,N,Routine,Routine: no recurring variance or recount pattern,N,9.85,Quarterly
963,SKU0102,Electrical Components 0102,Electrical Components,Z3-B01,Z3,79,79,0,0,21.40,1690.60,0.00,0,N,13,0,0.00,196,N,Routine,Routine: no recurring variance or recount pattern,N,9.85,Quarterly
964,SKU0103,Safety Supplies 0103,Safety Supplies,Z2-B03,Z2,283,283,0,0,25.10,7103.30,0.00,0,N,13,0,0.00,196,N,Routine,Routine: no recurring variance or recount pattern,N,9.85,Quarterly
965,SKU0103,Safety Supplies 0103,Safety Supplies,Z3-B04,Z3,180,180,0,0,25.10,4518.00,0.00,0,N,13,0,0.00,196,N,Routine,Routine: no recurring variance or recount pattern,N,9.85,Quarterly
966,SKU0106,Consumables 0106,Consumables,Z1-B04,Z1,489,489,0,0,36.20,17701.80,0.00,0,N,13,0,0.00,196,N,Routine,Routine: no recurring variance or recount pattern,N,9.85,Quarterly
967,SKU0107,Fasteners 0107,Fasteners,Z1-B04,Z1,269,269,0,0,39.90,10733.10,0.00,0,N,13,0,0.00,196,N,Routine,Routine: no recurring variance or recount pattern,N,9.85,Quarterly
968,SKU0107,Fasteners 0107,Fasteners,Z3-B04,Z3,484,484,0,0,39.90,19311.60,0.00,0,N,13,0,0.00,196,N,Routine,Routine: no recurring variance or recount pattern,N,9.85,Quarterly
969,SKU0108,Maintenance Parts 0108,Maintenance Parts,Z1-B03,Z1,419,419,0,0,43.60,18268.40,0.00,0,N,13,0,0.00,196,N,Routine,Routine: no recurring variance or recount pattern,N,9.85,Quarterly
970,SKU0109,Shipping Supplies 0109,Shipping Supplies,Z1-B02,Z1,460,460,0,0,47.30,21758.00,0.00,0,N,13,0,0.00,196,N,Routine,Routine: no recurring variance or recount pattern,N,9.85,Quarterly
971,SKU0109,Shipping Supplies 0109,Shipping Supplies,Z2-B01,Z2,736,736,0,0,47.30,34812.80,0.00,0,N,13,0,0.00,196,N,Routine,Routine: no recurring variance or recount pattern,N,9.85,Quarterly
972,SKU0109,Shipping Supplies 0109,Shipping Supplies,Z3-B01,Z3,797,797,0,0,47.30,37698.10,0.00,0,N,13,0,0.00,196,N,Routine,Routine: no recurring variance or recount pattern,N,9.85,Quarterly
973,SKU0111,Industrial Supplies 0111,Industrial Supplies,Z1-B04,Z1,23,23,0,0,54.70,1258.10,0.00,0,N,13,0,0.00,196,N,Routine,Routine: no recurring variance or recount pattern,N,9.85,Quarterly
974,SKU0111,Industrial Supplies 0111,Industrial Supplies,Z2-B04,Z2,15,15,0,0,54.70,820.50,0.00,0,N,13,0,0.00,196,N,Routine,Routine: no recurring variance or recount pattern,N,9.85,Quarterly
975,SKU0112,Electrical Components 0112,Electrical Components,Z2-B03,Z2,63,63,0,0,58.40,3679.20,0.00,0,N,13,0,0.00,196,N,Routine,Routine: no recurring variance or recount pattern,N,9.85,Quarterly
976,SKU0114,Packaging 0114,Packaging,Z3-B01,Z3,254,254,0,0,65.80,16713.20,0.00,0,N,13,0,0.00,196,N,Routine,Routine: no recurring variance or recount pattern,N,9.85,Quarterly
977,SKU0115,Tools 0115,Tools,Z1-B04,Z1,308,308,0,0,69.50,21406.00,0.00,0,N,13,0,0.00,196,N,Routine,Routine: no recurring variance or recount pattern,N,9.85,Quarterly
978,SKU0115,Tools 0115,Tools,Z2-B04,Z2,321,321,0,0,69.50,22309.50,0.00,0,N,13,0,0.00,196,N,Routine,Routine: no recurring variance or recount pattern,N,9.85,Quarterly
979,SKU0116,Consumables 0116,Consumables,Z1-B03,Z1,368,368,0,0,73.20,26937.60,0.00,0,N,13,0,0.00,196,N,Routine,Routine: no recurring variance or recount pattern,N,9.85,Quarterly
980,SKU0116,Consumables 0116,Consumables,Z2-B03,Z2,370,370,0,0,73.20,27084.00,0.00,0,N,13,0,0.00,196,N,Routine,Routine: no recurring variance or recount pattern,N,9.85,Quarterly
981,SKU0122,Electrical Components 0122,Electrical Components,Z2-B01,Z2,99,99,0,0,95.40,9444.60,0.00,0,N,13,0,0.00,196,N,Routine,Routine: no recurring variance or recount pattern,N,9.85,Quarterly
982,SKU0123,Safety Supplies 0123,Safety Supplies,Z1-B04,Z1,216,216,0,0,99.10,21405.60,0.00,0,N,13,0,0.00,196,N,Routine,Routine: no recurring variance or recount pattern,N,9.85,Quarterly
983,SKU0125,Tools 0125,Tools,Z3-B02,Z3,423,423,0,0,106.50,45049.50,0.00,0,N,13,0,0.00,196,N,Routine,Routine: no recurring variance or recount pattern,N,9.85,Quarterly
984,SKU0126,Consumables 0126,Consumables,Z2-B01,Z2,419,419,0,0,110.20,46173.80,0.00,0,N,13,0,0.00,196,N,Routine,Routine: no recurring variance or recount pattern,N,9.85,Quarterly
985,SKU0127,Fasteners 0127,Fasteners,Z1-B04,Z1,531,531,0,0,113.90,60480.90,0.00,0,N,13,0,0.00,196,N,Routine,Routine: no recurring variance or recount pattern,N,9.85,Quarterly
986,SKU0127,Fasteners 0127,Fasteners,Z2-B04,Z2,529,529,0,0,113.90,60253.10,0.00,0,N,13,0,0.00,196,N,Routine,Routine: no recurring variance or recount pattern,N,9.85,Quarterly
987,SKU0128,Maintenance Parts 0128,Maintenance Parts,Z1-B03,Z1,535,535,0,0,117.60,62916.00,0.00,0,N,13,0,0.00,196,N,Routine,Routine: no recurring variance or recount pattern,N,9.85,Quarterly
988,SKU0130,Material Handling 0130,Material Handling,Z3-B01,Z3,112,112,0,0,5.00,560.00,0.00,0,N,13,0,0.00,196,N,Routine,Routine: no recurring variance or recount pattern,N,9.85,Quarterly
989,SKU0131,Industrial Supplies 0131,Industrial Supplies,Z2-B04,Z2,160,160,0,0,8.70,1392.00,0.00,0,N,13,0,0.00,196,N,Routine,Routine: no recurring variance or recount pattern,N,9.85,Quarterly
990,SKU0132,Electrical Components 0132,Electrical Components,Z1-B03,Z1,135,135,0,0,12.40,1674.00,0.00,0,N,13,0,0.00,196,N,Routine,Routine: no recurring variance or recount pattern,N,9.85,Quarterly
991,SKU0132,Electrical Components 0132,Electrical Components,Z2-B03,Z2,234,234,0,0,12.40,2901.60,0.00,0,N,13,0,0.00,196,N,Routine,Routine: no recurring variance or recount pattern,N,9.85,Quarterly
992,SKU0134,Packaging 0134,Packaging,Z2-B01,Z2,317,317,0,0,19.80,6276.60,0.00,0,N,13,0,0.00,196,N,Routine,Routine: no recurring variance or recount pattern,N,9.85,Quarterly
993,SKU0135,Tools 0135,Tools,Z3-B04,Z3,492,492,0,0,23.50,11562.00,0.00,0,N,13,0,0.00,196,N,Routine,Routine: no recurring variance or recount pattern,N,9.85,Quarterly
994,SKU0137,Fasteners 0137,Fasteners,Z3-B01,Z3,798,798,0,0,30.90,24658.20,0.00,0,N,13,0,0.00,196,N,Routine,Routine: no recurring variance or recount pattern,N,9.85,Quarterly
995,SKU0139,Shipping Supplies 0139,Shipping Supplies,Z1-B03,Z1,168,168,0,0,38.30,6434.40,0.00,0,N,13,0,0.00,196,N,Routine,Routine: no recurring variance or recount pattern,N,9.85,Quarterly
996,SKU0140,Material Handling 0140,Material Handling,Z2-B03,Z2,84,84,0,0,42.00,3528.00,0.00,0,N,13,0,0.00,196,N,Routine,Routine: no recurring variance or recount pattern,N,9.85,Quarterly
997,SKU0141,Industrial Supplies 0141,Industrial Supplies,Z1-B02,Z1,143,143,0,0,45.70,6535.10,0.00,0,N,13,0,0.00,196,N,Routine,Routine: no recurring variance or recount pattern,N,9.85,Quarterly
998,SKU0142,Electrical Components 0142,Electrical Components,Z2-B01,Z2,150,150,0,0,49.40,7410.00,0.00,0,N,13,0,0.00,196,N,Routine,Routine: no recurring variance or recount pattern,N,9.85,Quarterly
999,SKU0142,Electrical Components 0142,Electrical Components,Z3-B01,Z3,300,300,0,0,49.40,14820.00,0.00,0,N,13,0,0.00,196,N,Routine,Routine: no recurring variance or recount pattern,N,9.85,Quarterly
1000,SKU0143,Safety Supplies 0143,Safety Supplies,Z3-B04,Z3,417,417,0,0,53.10,22142.70,0.00,0,N,13,0,0.00,196,N,Routine,Routine: no recurring variance or recount pattern,N,9.85,Quarterly
1001,SKU0145,Tools 0145,Tools,Z3-B02,Z3,419,419,0,0,60.50,25349.50,0.00,0,N,13,0,0.00,196,N,Routine,Routine: no recurring variance or recount pattern,N,9.85,Quarterly
1002,SKU0146,Consumables 0146,Consumables,Z2-B01,Z2,477,477,0,0,64.20,30623.40,0.00,0,N,13,0,0.00,196,N,Routine,Routine: no recurring variance or recount pattern,N,9.85,Quarterly
1003,SKU0146,Consumables 0146,Consumables,Z3-B01,Z3,475,475,0,0,64.20,30495.00,0.00,0,N,13,0,0.00,196,N,Routine,Routine: no recurring variance or recount pattern,N,9.85,Quarterly
1004,SKU0147,Fasteners 0147,Fasteners,Z1-B04,Z1,527,527,0,0,67.90,35783.30,0.00,0,N,13,0,0.00,196,N,Routine,Routine: no recurring variance or recount pattern,N,9.85,Quarterly
1005,SKU0148,Maintenance Parts 0148,Maintenance Parts,Z1-B03,Z1,572,572,0,0,71.60,40955.20,0.00,0,N,13,0,0.00,196,N,Routine,Routine: no recurring variance or recount pattern,N,9.85,Quarterly
1006,SKU0149,Shipping Supplies 0149,Shipping Supplies,Z3-B02,Z3,144,144,0,0,75.30,10843.20,0.00,0,N,13,0,0.00,196,N,Routine,Routine: no recurring variance or recount pattern,N,9.85,Quarterly
1007,SKU0151,Industrial Supplies 0151,Industrial Supplies,Z1-B04,Z1,193,193,0,0,82.70,15961.10,0.00,0,N,13,0,0.00,196,N,Routine,Routine: no recurring variance or recount pattern,N,9.85,Quarterly
1008,SKU0153,Safety Supplies 0153,Safety Supplies,Z3-B02,Z3,434,434,0,0,90.10,39103.40,0.00,0,N,13,0,0.00,196,N,Routine,Routine: no recurring variance or recount pattern,N,9.85,Quarterly
1009,SKU0154,Packaging 0154,Packaging,Z3-B01,Z3,498,498,0,0,93.80,46712.40,0.00,0,N,13,0,0.00,196,N,Routine,Routine: no recurring variance or recount pattern,N,9.85,Quarterly
1010,SKU0155,Tools 0155,Tools,Z1-B04,Z1,510,510,0,0,97.50,49725.00,0.00,0,N,13,0,0.00,196,N,Routine,Routine: no recurring variance or recount pattern,N,9.85,Quarterly
1011,SKU0155,Tools 0155,Tools,Z2-B04,Z2,559,559,0,0,97.50,54502.50,0.00,0,N,13,0,0.00,196,N,Routine,Routine: no recurring variance or recount pattern,N,9.85,Quarterly
1012,SKU0156,Consumables 0156,Consumables,Z1-B03,Z1,576,576,0,0,101.20,58291.20,0.00,0,N,13,0,0.00,196,N,Routine,Routine: no recurring variance or recount pattern,N,9.85,Quarterly
1013,SKU0156,Consumables 0156,Consumables,Z2-B03,Z2,613,613,0,0,101.20,62035.60,0.00,0,N,13,0,0.00,196,N,Routine,Routine: no recurring variance or recount pattern,N,9.85,Quarterly
1014,SKU0157,Fasteners 0157,Fasteners,Z1-B02,Z1,630,630,0,0,104.90,66087.00,0.00,0,N,13,0,0.00,196,N,Routine,Routine: no recurring variance or recount pattern,N,9.85,Quarterly
1015,SKU0162,Electrical Components 0162,Electrical Components,Z1-B01,Z1,291,291,0,0,123.40,35909.40,0.00,0,N,13,0,0.00,196,N,Routine,Routine: no recurring variance or recount pattern,N,9.85,Quarterly
1016,SKU0163,Safety Supplies 0163,Safety Supplies,Z1-B03,Z1,606,606,0,0,7.10,4302.60,0.00,0,N,13,0,0.00,196,N,Routine,Routine: no recurring variance or recount pattern,N,9.85,Quarterly
1017,SKU0163,Safety Supplies 0163,Safety Supplies,Z3-B04,Z3,512,512,0,0,7.10,3635.20,0.00,0,N,13,0,0.00,196,N,Routine,Routine: no recurring variance or recount pattern,N,9.85,Quarterly
1018,SKU0166,Consumables 0166,Consumables,Z2-B04,Z2,146,146,0,0,18.20,2657.20,0.00,0,N,13,0,0.00,196,N,Routine,Routine: no recurring variance or recount pattern,N,9.85,Quarterly
1019,SKU0171,Industrial Supplies 0171,Industrial Supplies,Z1-B04,Z1,244,244,0,0,36.70,8954.80,0.00,0,N,13,0,0.00,196,N,Routine,Routine: no recurring variance or recount pattern,N,9.85,Quarterly
1020,SKU0174,Packaging 0174,Packaging,Z1-B01,Z1,497,497,0,0,47.80,23756.60,0.00,0,N,13,0,0.00,196,N,Routine,Routine: no recurring variance or recount pattern,N,9.85,Quarterly
1021,SKU0178,Maintenance Parts 0178,Maintenance Parts,Z1-B01,Z1,93,93,0,0,62.60,5821.80,0.00,0,N,13,0,0.00,196,N,Routine,Routine: no recurring variance or recount pattern,N,9.85,Quarterly
1022,SKU0180,Material Handling 0180,Material Handling,Z1-B03,Z1,321,321,0,0,70.00,22470.00,0.00,0,N,13,0,0.00,196,N,Routine,Routine: no recurring variance or recount pattern,N,9.85,Quarterly
1023,SKU0181,Industrial Supplies 0181,Industrial Supplies,Z3-B01,Z3,585,585,0,0,73.70,43114.50,0.00,0,N,13,0,0.00,196,N,Routine,Routine: no recurring variance or recount pattern,N,9.85,Quarterly
1024,SKU0182,Electrical Components 0182,Electrical Components,Z3-B04,Z3,714,714,0,0,77.40,55263.60,0.00,0,N,13,0,0.00,196,N,Routine,Routine: no recurring variance or recount pattern,N,9.85,Quarterly
1025,SKU0183,Safety Supplies 0183,Safety Supplies,Z1-B03,Z1,657,657,0,0,81.10,53282.70,0.00,0,N,13,0,0.00,196,N,Routine,Routine: no recurring variance or recount pattern,N,9.85,Quarterly
1026,SKU0185,Tools 0185,Tools,Z3-B02,Z3,24,24,0,0,88.50,2124.00,0.00,0,N,13,0,0.00,196,N,Routine,Routine: no recurring variance or recount pattern,N,9.85,Quarterly
1027,SKU0187,Fasteners 0187,Fasteners,Z3-B04,Z3,174,174,0,0,95.90,16686.60,0.00,0,N,13,0,0.00,196,N,Routine,Routine: no recurring variance or recount pattern,N,9.85,Quarterly
1028,SKU0190,Material Handling 0190,Material Handling,Z3-B01,Z3,358,358,0,0,107.00,38306.00,0.00,0,N,13,0,0.00,196,N,Routine,Routine: no recurring variance or recount pattern,N,9.85,Quarterly
1029,SKU0194,Packaging 0194,Packaging,Z2-B04,Z2,197,197,0,0,121.80,23994.60,0.00,0,N,13,0,0.00,196,N,Routine,Routine: no recurring variance or recount pattern,N,9.85,Quarterly
1030,SKU0195,Tools 0195,Tools,Z1-B03,Z1,166,166,0,0,5.50,913.00,0.00,0,N,13,0,0.00,196,N,Routine,Routine: no recurring variance or recount pattern,N,9.85,Quarterly
1031,SKU0197,Fasteners 0197,Fasteners,Z3-B02,Z3,224,224,0,0,12.90,2889.60,0.00,0,N,13,0,0.00,196,N,Routine,Routine: no recurring variance or recount pattern,N,9.85,Quarterly
1032,SKU0198,Maintenance Parts 0198,Maintenance Parts,Z1-B01,Z1,235,235,0,0,16.60,3901.00,0.00,0,N,13,0,0.00,196,N,Routine,Routine: no recurring variance or recount pattern,N,9.85,Quarterly
1033,SKU0198,Maintenance Parts 0198,Maintenance Parts,Z2-B01,Z2,175,175,0,0,16.60,2905.00,0.00,0,N,13,0,0.00,196,N,Routine,Routine: no recurring variance or recount pattern,N,9.85,Quarterly
1034,SKU0199,Shipping Supplies 0199,Shipping Supplies,Z1-B04,Z1,247,247,0,0,20.30,5014.10,0.00,0,N,13,0,0.00,196,N,Routine,Routine: no recurring variance or recount pattern,N,9.85,Quarterly
1035,SKU0199,Shipping Supplies 0199,Shipping Supplies,Z3-B04,Z3,402,402,0,0,20.30,8160.60,0.00,0,N,13,0,0.00,196,N,Routine,Routine: no recurring variance or recount pattern,N,9.85,Quarterly
1036,SKU0205,Tools 0205,Tools,Z1-B02,Z1,11,11,0,0,42.50,467.50,0.00,0,N,13,0,0.00,196,N,Routine,Routine: no recurring variance or recount pattern,N,9.85,Quarterly
1037,SKU0205,Tools 0205,Tools,Z2-B01,Z2,271,271,0,0,42.50,11517.50,0.00,0,N,13,0,0.00,196,N,Routine,Routine: no recurring variance or recount pattern,N,9.85,Quarterly
1038,SKU0210,Material Handling 0210,Material Handling,Z2-B04,Z2,694,694,0,0,61.00,42334.00,0.00,0,N,13,0,0.00,196,N,Routine,Routine: no recurring variance or recount pattern,N,9.85,Quarterly
1039,SKU0211,Industrial Supplies 0211,Industrial Supplies,Z3-B04,Z3,605,605,0,0,64.70,39143.50,0.00,0,N,13,0,0.00,196,N,Routine,Routine: no recurring variance or recount pattern,N,9.85,Quarterly
1040,SKU0213,Safety Supplies 0213,Safety Supplies,Z3-B02,Z3,12,12,0,0,72.10,865.20,0.00,0,N,13,0,0.00,196,N,Routine,Routine: no recurring variance or recount pattern,N,9.85,Quarterly
1041,SKU0215,Tools 0215,Tools,Z3-B04,Z3,187,187,0,0,79.50,14866.50,0.00,0,N,13,0,0.00,196,N,Routine,Routine: no recurring variance or recount pattern,N,9.85,Quarterly
1042,SKU0218,Maintenance Parts 0218,Maintenance Parts,Z1-B01,Z1,300,300,0,0,90.60,27180.00,0.00,0,N,13,0,0.00,196,N,Routine,Routine: no recurring variance or recount pattern,N,9.85,Quarterly
1043,SKU0219,Shipping Supplies 0219,Shipping Supplies,Z2-B04,Z2,354,354,0,0,94.30,33382.20,0.00,0,N,13,0,0.00,196,N,Routine,Routine: no recurring variance or recount pattern,N,9.85,Quarterly
1044,SKU0221,Industrial Supplies 0221,Industrial Supplies,Z1-B02,Z1,458,458,0,0,101.70,46578.60,0.00,0,N,13,0,0.00,196,N,Routine,Routine: no recurring variance or recount pattern,N,9.85,Quarterly
1045,SKU0223,Safety Supplies 0223,Safety Supplies,Z1-B03,Z1,178,178,0,0,109.10,19419.80,0.00,0,N,13,0,0.00,196,N,Routine,Routine: no recurring variance or recount pattern,N,9.85,Quarterly
1046,SKU0225,Tools 0225,Tools,Z1-B02,Z1,170,170,0,0,116.50,19805.00,0.00,0,N,13,0,0.00,196,N,Routine,Routine: no recurring variance or recount pattern,N,9.85,Quarterly
1047,SKU0225,Tools 0225,Tools,Z2-B01,Z2,321,321,0,0,116.50,37396.50,0.00,0,N,13,0,0.00,196,N,Routine,Routine: no recurring variance or recount pattern,N,9.85,Quarterly
1048,SKU0226,Consumables 0226,Consumables,Z1-B01,Z1,214,214,0,0,120.20,25722.80,0.00,0,N,13,0,0.00,196,N,Routine,Routine: no recurring variance or recount pattern,N,9.85,Quarterly
1049,SKU0227,Fasteners 0227,Fasteners,Z2-B04,Z2,394,394,0,0,123.90,48816.60,0.00,0,N,13,0,0.00,196,N,Routine,Routine: no recurring variance or recount pattern,N,9.85,Quarterly
1050,SKU0228,Maintenance Parts 0228,Maintenance Parts,Z2-B03,Z2,427,427,0,0,7.60,3245.20,0.00,0,N,13,0,0.00,196,N,Routine,Routine: no recurring variance or recount pattern,N,9.85,Quarterly
1051,SKU0229,Shipping Supplies 0229,Shipping Supplies,Z1-B02,Z1,468,468,0,0,11.30,5288.40,0.00,0,N,13,0,0.00,196,N,Routine,Routine: no recurring variance or recount pattern,N,9.85,Quarterly
1052,SKU0229,Shipping Supplies 0229,Shipping Supplies,Z3-B02,Z3,563,563,0,0,11.30,6361.90,0.00,0,N,13,0,0.00,196,N,Routine,Routine: no recurring variance or recount pattern,N,9.85,Quarterly
1053,SKU0230,Material Handling 0230,Material Handling,Z2-B01,Z2,606,606,0,0,15.00,9090.00,0.00,0,N,13,0,0.00,196,N,Routine,Routine: no recurring variance or recount pattern,N,9.85,Quarterly
1054,SKU0231,Industrial Supplies 0231,Industrial Supplies,Z1-B04,Z1,643,643,0,0,18.70,12024.10,0.00,0,N,13,0,0.00,196,N,Routine,Routine: no recurring variance or recount pattern,N,9.85,Quarterly
1055,SKU0233,Safety Supplies 0233,Safety Supplies,Z3-B02,Z3,168,168,0,0,26.10,4384.80,0.00,0,N,13,0,0.00,196,N,Routine,Routine: no recurring variance or recount pattern,N,9.85,Quarterly
1056,SKU0234,Packaging 0234,Packaging,Z2-B01,Z2,173,173,0,0,29.80,5155.40,0.00,0,N,13,0,0.00,196,N,Routine,Routine: no recurring variance or recount pattern,N,9.85,Quarterly
1057,SKU0234,Packaging 0234,Packaging,Z3-B01,Z3,198,198,0,0,29.80,5900.40,0.00,0,N,13,0,0.00,196,N,Routine,Routine: no recurring variance or recount pattern,N,9.85,Quarterly
1058,SKU0235,Tools 0235,Tools,Z2-B04,Z2,296,296,0,0,33.50,9916.00,0.00,0,N,13,0,0.00,196,N,Routine,Routine: no recurring variance or recount pattern,N,9.85,Quarterly
1059,SKU0236,Consumables 0236,Consumables,Z1-B03,Z1,330,330,0,0,37.20,12276.00,0.00,0,N,13,0,0.00,196,N,Routine,Routine: no recurring variance or recount pattern,N,9.85,Quarterly
1060,SKU0236,Consumables 0236,Consumables,Z2-B03,Z2,262,262,0,0,37.20,9746.40,0.00,0,N,13,0,0.00,196,N,Routine,Routine: no recurring variance or recount pattern,N,9.85,Quarterly
1061,SKU0237,Fasteners 0237,Fasteners,Z1-B02,Z1,370,370,0,0,40.90,15133.00,0.00,0,N,13,0,0.00,196,N,Routine,Routine: no recurring variance or recount pattern,N,9.85,Quarterly
1062,SKU0237,Fasteners 0237,Fasteners,Z3-B02,Z3,384,384,0,0,40.90,15705.60,0.00,0,N,13,0,0.00,196,N,Routine,Routine: no recurring variance or recount pattern,N,9.85,Quarterly
1063,SKU0238,Maintenance Parts 0238,Maintenance Parts,Z2-B01,Z2,413,413,0,0,44.60,18419.80,0.00,0,N,13,0,0.00,196,N,Routine,Routine: no recurring variance or recount pattern,N,9.85,Quarterly
1064,SKU0239,Shipping Supplies 0239,Shipping Supplies,Z1-B04,Z1,441,441,0,0,48.30,21300.30,0.00,0,N,13,0,0.00,196,N,Routine,Routine: no recurring variance or recount pattern,N,9.85,Quarterly
1065,SKU0239,Shipping Supplies 0239,Shipping Supplies,Z2-B03,Z2,753,753,0,0,48.30,36369.90,0.00,0,N,13,0,0.00,196,N,Routine,Routine: no recurring variance or recount pattern,N,9.85,Quarterly
1066,SKU0239,Shipping Supplies 0239,Shipping Supplies,Z3-B04,Z3,633,633,0,0,48.30,30573.90,0.00,0,N,13,0,0.00,196,N,Routine,Routine: no recurring variance or recount pattern,N,9.85,Quarterly
1067,SKU0241,Industrial Supplies 0241,Industrial Supplies,Z1-B02,Z1,691,691,0,0,55.70,38488.70,0.00,0,N,13,0,0.00,196,N,Routine,Routine: no recurring variance or recount pattern,N,9.85,Quarterly
1068,SKU0241,Industrial Supplies 0241,Industrial Supplies,Z2-B01,Z2,254,254,0,0,55.70,14147.80,0.00,0,N,13,0,0.00,196,N,Routine,Routine: no recurring variance or recount pattern,N,9.85,Quarterly
1069,SKU0241,Industrial Supplies 0241,Industrial Supplies,Z3-B02,Z3,24,24,0,0,55.70,1336.80,0.00,0,N,13,0,0.00,196,N,Routine,Routine: no recurring variance or recount pattern,N,9.85,Quarterly
1070,SKU0242,Electrical Components 0242,Electrical Components,Z3-B01,Z3,76,76,0,0,59.40,4514.40,0.00,0,N,13,0,0.00,196,N,Routine,Routine: no recurring variance or recount pattern,N,9.85,Quarterly
1071,SKU0243,Safety Supplies 0243,Safety Supplies,Z1-B04,Z1,89,89,0,0,63.10,5615.90,0.00,0,N,13,0,0.00,196,N,Routine,Routine: no recurring variance or recount pattern,N,9.85,Quarterly
1072,SKU0244,Packaging 0244,Packaging,Z2-B03,Z2,284,284,0,0,66.80,18971.20,0.00,0,N,13,0,0.00,196,N,Routine,Routine: no recurring variance or recount pattern,N,9.85,Quarterly
1073,SKU0246,Consumables 0246,Consumables,Z1-B01,Z1,335,335,0,0,74.20,24857.00,0.00,0,N,13,0,0.00,196,N,Routine,Routine: no recurring variance or recount pattern,N,9.85,Quarterly
1074,SKU0246,Consumables 0246,Consumables,Z3-B01,Z3,448,448,0,0,74.20,33241.60,0.00,0,N,13,0,0.00,196,N,Routine,Routine: no recurring variance or recount pattern,N,9.85,Quarterly
1075,SKU0247,Fasteners 0247,Fasteners,Z1-B04,Z1,435,435,0,0,77.90,33886.50,0.00,0,N,13,0,0.00,196,N,Routine,Routine: no recurring variance or recount pattern,N,9.85,Quarterly
1076,SKU0248,Maintenance Parts 0248,Maintenance Parts,Z1-B03,Z1,493,493,0,0,81.60,40228.80,0.00,0,N,13,0,0.00,196,N,Routine,Routine: no recurring variance or recount pattern,N,9.85,Quarterly
1077,SKU0252,Electrical Components 0252,Electrical Components,Z1-B03,Z1,97,97,0,0,96.40,9350.80,0.00,0,N,13,0,0.00,196,N,Routine,Routine: no recurring variance or recount pattern,N,9.85,Quarterly
1078,SKU0252,Electrical Components 0252,Electrical Components,Z2-B03,Z2,206,206,0,0,96.40,19858.40,0.00,0,N,13,0,0.00,196,N,Routine,Routine: no recurring variance or recount pattern,N,9.85,Quarterly
1079,SKU0255,Tools 0255,Tools,Z2-B04,Z2,425,425,0,0,107.50,45687.50,0.00,0,N,13,0,0.00,196,N,Routine,Routine: no recurring variance or recount pattern,N,9.85,Quarterly
1080,SKU0256,Consumables 0256,Consumables,Z2-B03,Z2,477,477,0,0,111.20,53042.40,0.00,0,N,13,0,0.00,196,N,Routine,Routine: no recurring variance or recount pattern,N,9.85,Quarterly
1081,SKU0257,Fasteners 0257,Fasteners,Z3-B02,Z3,587,587,0,0,114.90,67446.30,0.00,0,N,13,0,0.00,196,N,Routine,Routine: no recurring variance or recount pattern,N,9.85,Quarterly
1082,SKU0259,Shipping Supplies 0259,Shipping Supplies,Z1-B04,Z1,679,679,0,0,122.30,83041.70,0.00,0,N,13,0,0.00,196,N,Routine,Routine: no recurring variance or recount pattern,N,9.85,Quarterly
1083,SKU0261,Industrial Supplies 0261,Industrial Supplies,Z3-B02,Z3,149,149,0,0,9.70,1445.30,0.00,0,N,13,0,0.00,196,N,Routine,Routine: no recurring variance or recount pattern,N,9.85,Quarterly
1084,SKU0262,Electrical Components 0262,Electrical Components,Z2-B01,Z2,214,214,0,0,13.40,2867.60,0.00,0,N,13,0,0.00,196,N,Routine,Routine: no recurring variance or recount pattern,N,9.85,Quarterly
1085,SKU0262,Electrical Components 0262,Electrical Components,Z3-B01,Z3,286,286,0,0,13.40,3832.40,0.00,0,N,13,0,0.00,196,N,Routine,Routine: no recurring variance or recount pattern,N,9.85,Quarterly
1086,SKU0264,Packaging 0264,Packaging,Z1-B03,Z1,324,324,0,0,20.80,6739.20,0.00,0,N,13,0,0.00,196,N,Routine,Routine: no recurring variance or recount pattern,N,9.85,Quarterly
1087,SKU0264,Packaging 0264,Packaging,Z2-B03,Z2,376,376,0,0,20.80,7820.80,0.00,0,N,13,0,0.00,196,N,Routine,Routine: no recurring variance or recount pattern,N,9.85,Quarterly
1088,SKU0265,Tools 0265,Tools,Z1-B02,Z1,385,385,0,0,24.50,9432.50,0.00,0,N,13,0,0.00,196,N,Routine,Routine: no recurring variance or recount pattern,N,9.85,Quarterly
1089,SKU0266,Consumables 0266,Consumables,Z3-B01,Z3,500,500,0,0,28.20,14100.00,0.00,0,N,13,0,0.00,196,N,Routine,Routine: no recurring variance or recount pattern,N,9.85,Quarterly
1090,SKU0267,Fasteners 0267,Fasteners,Z2-B04,Z2,652,652,0,0,31.90,20798.80,0.00,0,N,13,0,0.00,196,N,Routine,Routine: no recurring variance or recount pattern,N,9.85,Quarterly
1091,SKU0268,Maintenance Parts 0268,Maintenance Parts,Z1-B03,Z1,604,604,0,0,35.60,21502.40,0.00,0,N,13,0,0.00,196,N,Routine,Routine: no recurring variance or recount pattern,N,9.85,Quarterly
1092,SKU0268,Maintenance Parts 0268,Maintenance Parts,Z2-B03,Z2,661,661,0,0,35.60,23531.60,0.00,0,N,13,0,0.00,196,N,Routine,Routine: no recurring variance or recount pattern,N,9.85,Quarterly
1093,SKU0270,Material Handling 0270,Material Handling,Z2-B01,Z2,71,71,0,0,43.00,3053.00,0.00,0,N,13,0,0.00,196,N,Routine,Routine: no recurring variance or recount pattern,N,9.85,Quarterly
1094,SKU0271,Industrial Supplies 0271,Industrial Supplies,Z1-B03,Z1,263,263,0,0,46.70,12282.10,0.00,0,N,13,0,0.00,196,N,Routine,Routine: no recurring variance or recount pattern,N,9.85,Quarterly
1095,SKU0279,Shipping Supplies 0279,Shipping Supplies,Z3-B04,Z3,176,176,0,0,76.30,13428.80,0.00,0,N,13,0,0.00,196,N,Routine,Routine: no recurring variance or recount pattern,N,9.85,Quarterly
1096,SKU0283,Safety Supplies 0283,Safety Supplies,Z1-B04,Z1,296,296,0,0,91.10,26965.60,0.00,0,N,13,0,0.00,196,N,Routine,Routine: no recurring variance or recount pattern,N,9.85,Quarterly
1097,SKU0284,Packaging 0284,Packaging,Z1-B03,Z1,332,332,0,0,94.80,31473.60,0.00,0,N,13,0,0.00,196,N,Routine,Routine: no recurring variance or recount pattern,N,9.85,Quarterly
1098,SKU0285,Tools 0285,Tools,Z1-B02,Z1,367,367,0,0,98.50,36149.50,0.00,0,N,13,0,0.00,196,N,Routine,Routine: no recurring variance or recount pattern,N,9.85,Quarterly
1099,SKU0286,Consumables 0286,Consumables,Z1-B01,Z1,528,528,0,0,102.20,53961.60,0.00,0,N,13,0,0.00,196,N,Routine,Routine: no recurring variance or recount pattern,N,9.85,Quarterly
1100,SKU0288,Maintenance Parts 0288,Maintenance Parts,Z1-B02,Z1,172,172,0,0,109.60,18851.20,0.00,0,N,13,0,0.00,196,N,Routine,Routine: no recurring variance or recount pattern,N,9.85,Quarterly
1101,SKU0288,Maintenance Parts 0288,Maintenance Parts,Z2-B03,Z2,24,24,0,0,109.60,2630.40,0.00,0,N,13,0,0.00,196,N,Routine,Routine: no recurring variance or recount pattern,N,9.85,Quarterly
1102,SKU0294,Packaging 0294,Packaging,Z1-B01,Z1,457,457,0,0,11.80,5392.60,0.00,0,N,13,0,0.00,196,N,Routine,Routine: no recurring variance or recount pattern,N,9.85,Quarterly
1103,SKU0295,Tools 0295,Tools,Z2-B03,Z2,747,747,0,0,15.50,11578.50,0.00,0,N,13,0,0.00,196,N,Routine,Routine: no recurring variance or recount pattern,N,9.85,Quarterly
1104,SKU0295,Tools 0295,Tools,Z3-B04,Z3,636,636,0,0,15.50,9858.00,0.00,0,N,13,0,0.00,196,N,Routine,Routine: no recurring variance or recount pattern,N,9.85,Quarterly
1105,SKU0296,Consumables 0296,Consumables,Z2-B03,Z2,685,685,0,0,19.20,13152.00,0.00,0,N,13,0,0.00,196,N,Routine,Routine: no recurring variance or recount pattern,N,9.85,Quarterly
1106,SKU0298,Maintenance Parts 0298,Maintenance Parts,Z3-B01,Z3,116,116,0,0,26.60,3085.60,0.00,0,N,13,0,0.00,196,N,Routine,Routine: no recurring variance or recount pattern,N,9.85,Quarterly
1107,SKU0299,Shipping Supplies 0299,Shipping Supplies,Z3-B04,Z3,225,225,0,0,30.30,6817.50,0.00,0,N,13,0,0.00,196,N,Routine,Routine: no recurring variance or recount pattern,N,9.85,Quarterly
1108,SKU0300,Material Handling 0300,Material Handling,Z1-B03,Z1,204,204,0,0,34.00,6936.00,0.00,0,N,13,0,0.00,196,N,Routine,Routine: no recurring variance or recount pattern,N,9.85,Quarterly
1109,SKU0001,Industrial Supplies 0001,Industrial Supplies,Z3-B02,Z3,151,151,0,0,7.70,1162.70,0.00,0,N,13,0,0.00,195,N,Routine,Routine: no recurring variance or recount pattern,N,9.80,Quarterly
1110,SKU0002,Electrical Components 0002,Electrical Components,Z2-B01,Z2,149,149,0,0,11.40,1698.60,0.00,0,N,13,0,0.00,195,N,Routine,Routine: no recurring variance or recount pattern,N,9.80,Quarterly
1111,SKU0003,Safety Supplies 0003,Safety Supplies,Z1-B04,Z1,202,202,0,0,15.10,3050.20,0.00,0,N,13,0,0.00,195,N,Routine,Routine: no recurring variance or recount pattern,N,9.80,Quarterly
1112,SKU0003,Safety Supplies 0003,Safety Supplies,Z2-B03,Z2,464,464,0,0,15.10,7006.40,0.00,0,N,13,0,0.00,195,N,Routine,Routine: no recurring variance or recount pattern,N,9.80,Quarterly
1113,SKU0003,Safety Supplies 0003,Safety Supplies,Z2-B04,Z2,273,273,0,0,15.10,4122.30,0.00,0,N,13,0,0.00,195,N,Routine,Routine: no recurring variance or recount pattern,N,9.80,Quarterly
1114,SKU0004,Packaging 0004,Packaging,Z1-B03,Z1,354,354,0,0,18.80,6655.20,0.00,0,N,13,0,0.00,195,N,Routine,Routine: no recurring variance or recount pattern,N,9.80,Quarterly
1115,SKU0005,Tools 0005,Tools,Z1-B02,Z1,343,343,0,0,22.50,7717.50,0.00,0,N,13,0,0.00,195,N,Routine,Routine: no recurring variance or recount pattern,N,9.80,Quarterly
1116,SKU0005,Tools 0005,Tools,Z3-B02,Z3,492,492,0,0,22.50,11070.00,0.00,0,N,13,0,0.00,195,N,Routine,Routine: no recurring variance or recount pattern,N,9.80,Quarterly
1117,SKU0006,Consumables 0006,Consumables,Z3-B01,Z3,565,565,0,0,26.20,14803.00,0.00,0,N,13,0,0.00,195,N,Routine,Routine: no recurring variance or recount pattern,N,9.80,Quarterly
1118,SKU0008,Maintenance Parts 0008,Maintenance Parts,Z1-B03,Z1,576,576,0,0,33.60,19353.60,0.00,0,N,13,0,0.00,195,N,Routine,Routine: no recurring variance or recount pattern,N,9.80,Quarterly
1119,SKU0011,Industrial Supplies 0011,Industrial Supplies,Z2-B04,Z2,124,124,0,0,44.70,5542.80,0.00,0,N,13,0,0.00,195,N,Routine,Routine: no recurring variance or recount pattern,N,9.80,Quarterly
1120,SKU0011,Industrial Supplies 0011,Industrial Supplies,Z3-B04,Z3,291,291,0,0,44.70,13007.70,0.00,0,N,13,0,0.00,195,N,Routine,Routine: no recurring variance or recount pattern,N,9.80,Quarterly
1121,SKU0012,Electrical Components 0012,Electrical Components,Z1-B03,Z1,182,182,0,0,48.40,8808.80,0.00,0,N,13,0,0.00,195,N,Routine,Routine: no recurring variance or recount pattern,N,9.80,Quarterly
1122,SKU0012,Electrical Components 0012,Electrical Components,Z2-B03,Z2,258,258,0,0,48.40,12487.20,0.00,0,N,13,0,0.00,195,N,Routine,Routine: no recurring variance or recount pattern,N,9.80,Quarterly
1123,SKU0014,Packaging 0014,Packaging,Z1-B01,Z1,329,329,0,0,55.80,18358.20,0.00,0,N,13,0,0.00,195,N,Routine,Routine: no recurring variance or recount pattern,N,9.80,Quarterly
1124,SKU0015,Tools 0015,Tools,Z2-B04,Z2,404,404,0,0,59.50,24038.00,0.00,0,N,13,0,0.00,195,N,Routine,Routine: no recurring variance or recount pattern,N,9.80,Quarterly
1125,SKU0016,Consumables 0016,Consumables,Z2-B03,Z2,449,449,0,0,63.20,28376.80,0.00,0,N,13,0,0.00,195,N,Routine,Routine: no recurring variance or recount pattern,N,9.80,Quarterly
1126,SKU0017,Fasteners 0017,Fasteners,Z1-B02,Z1,509,509,0,0,66.90,34052.10,0.00,0,N,13,0,0.00,195,N,Routine,Routine: no recurring variance or recount pattern,N,9.80,Quarterly
1127,SKU0021,Industrial Supplies 0021,Industrial Supplies,Z3-B02,Z3,164,164,0,0,81.70,13398.80,0.00,0,N,13,0,0.00,195,N,Routine,Routine: no recurring variance or recount pattern,N,9.80,Quarterly
1128,SKU0022,Electrical Components 0022,Electrical Components,Z1-B01,Z1,270,270,0,0,85.40,23058.00,0.00,0,N,13,0,0.00,195,N,Routine,Routine: no recurring variance or recount pattern,N,9.80,Quarterly
1129,SKU0022,Electrical Components 0022,Electrical Components,Z2-B01,Z2,243,243,0,0,85.40,20752.20,0.00,0,N,13,0,0.00,195,N,Routine,Routine: no recurring variance or recount pattern,N,9.80,Quarterly
1130,SKU0022,Electrical Components 0022,Electrical Components,Z3-B01,Z3,287,287,0,0,85.40,24509.80,0.00,0,N,13,0,0.00,195,N,Routine,Routine: no recurring variance or recount pattern,N,9.80,Quarterly
1131,SKU0023,Safety Supplies 0023,Safety Supplies,Z1-B04,Z1,315,315,0,0,89.10,28066.50,0.00,0,N,13,0,0.00,195,N,Routine,Routine: no recurring variance or recount pattern,N,9.80,Quarterly
1132,SKU0023,Safety Supplies 0023,Safety Supplies,Z3-B04,Z3,447,447,0,0,89.10,39827.70,0.00,0,N,13,0,0.00,195,N,Routine,Routine: no recurring variance or recount pattern,N,9.80,Quarterly
1133,SKU0024,Packaging 0024,Packaging,Z1-B03,Z1,384,384,0,0,92.80,35635.20,0.00,0,N,13,0,0.00,195,N,Routine,Routine: no recurring variance or recount pattern,N,9.80,Quarterly
1134,SKU0026,Consumables 0026,Consumables,Z3-B01,Z3,539,539,0,0,100.20,54007.80,0.00,0,N,13,0,0.00,195,N,Routine,Routine: no recurring variance or recount pattern,N,9.80,Quarterly
1135,SKU0027,Fasteners 0027,Fasteners,Z1-B04,Z1,726,726,0,0,103.90,75431.40,0.00,0,N,13,0,0.00,195,N,Routine,Routine: no recurring variance or recount pattern,N,9.80,Quarterly
1136,SKU0027,Fasteners 0027,Fasteners,Z3-B04,Z3,63,63,0,0,103.90,6545.70,0.00,0,N,13,0,0.00,195,N,Routine,Routine: no recurring variance or recount pattern,N,9.80,Quarterly
1137,SKU0029,Shipping Supplies 0029,Shipping Supplies,Z1-B02,Z1,25,25,0,0,111.30,2782.50,0.00,0,N,13,0,0.00,195,N,Routine,Routine: no recurring variance or recount pattern,N,9.80,Quarterly
1138,SKU0030,Material Handling 0030,Material Handling,Z2-B04,Z2,405,405,0,0,115.00,46575.00,0.00,0,N,13,0,0.00,195,N,Routine,Routine: no recurring variance or recount pattern,N,9.80,Quarterly
1139,SKU0031,Industrial Supplies 0031,Industrial Supplies,Z2-B04,Z2,341,341,0,0,118.70,40476.70,0.00,0,N,13,0,0.00,195,N,Routine,Routine: no recurring variance or recount pattern,N,9.80,Quarterly
1140,SKU0032,Electrical Components 0032,Electrical Components,Z2-B03,Z2,281,281,0,0,122.40,34394.40,0.00,0,N,13,0,0.00,195,N,Routine,Routine: no recurring variance or recount pattern,N,9.80,Quarterly
1141,SKU0035,Tools 0035,Tools,Z1-B04,Z1,468,468,0,0,13.50,6318.00,0.00,0,N,13,0,0.00,195,N,Routine,Routine: no recurring variance or recount pattern,N,9.80,Quarterly
1142,SKU0035,Tools 0035,Tools,Z3-B04,Z3,688,688,0,0,13.50,9288.00,0.00,0,N,13,0,0.00,195,N,Routine,Routine: no recurring variance or recount pattern,N,9.80,Quarterly
1143,SKU0038,Maintenance Parts 0038,Maintenance Parts,Z1-B01,Z1,58,58,0,0,24.60,1426.80,0.00,0,N,13,0,0.00,195,N,Routine,Routine: no recurring variance or recount pattern,N,9.80,Quarterly
1144,SKU0039,Shipping Supplies 0039,Shipping Supplies,Z2-B03,Z2,351,351,0,0,28.30,9933.30,0.00,0,N,13,0,0.00,195,N,Routine,Routine: no recurring variance or recount pattern,N,9.80,Quarterly
1145,SKU0039,Shipping Supplies 0039,Shipping Supplies,Z3-B04,Z3,301,301,0,0,28.30,8518.30,0.00,0,N,13,0,0.00,195,N,Routine,Routine: no recurring variance or recount pattern,N,9.80,Quarterly
1146,SKU0043,Safety Supplies 0043,Safety Supplies,Z3-B04,Z3,464,464,0,0,43.10,19998.40,0.00,0,N,13,0,0.00,195,N,Routine,Routine: no recurring variance or recount pattern,N,9.80,Quarterly
1147,SKU0045,Tools 0045,Tools,Z1-B01,Z1,807,807,0,0,50.50,40753.50,0.00,0,N,13,0,0.00,195,N,Routine,Routine: no recurring variance or recount pattern,N,9.80,Quarterly
1148,SKU0045,Tools 0045,Tools,Z3-B01,Z3,880,880,0,0,50.50,44440.00,0.00,0,N,13,0,0.00,195,N,Routine,Routine: no recurring variance or recount pattern,N,9.80,Quarterly
1149,SKU0046,Consumables 0046,Consumables,Z1-B01,Z1,534,534,0,0,54.20,28942.80,0.00,0,N,13,0,0.00,195,N,Routine,Routine: no recurring variance or recount pattern,N,9.80,Quarterly
1150,SKU0046,Consumables 0046,Consumables,Z2-B04,Z2,207,207,0,0,54.20,11219.40,0.00,0,N,13,0,0.00,195,N,Routine,Routine: no recurring variance or recount pattern,N,9.80,Quarterly
1151,SKU0049,Shipping Supplies 0049,Shipping Supplies,Z2-B01,Z2,441,441,0,0,65.30,28797.30,0.00,0,N,13,0,0.00,195,N,Routine,Routine: no recurring variance or recount pattern,N,9.80,Quarterly
1152,SKU0050,Material Handling 0050,Material Handling,Z1-B04,Z1,438,438,0,0,69.00,30222.00,0.00,0,N,13,0,0.00,195,N,Routine,Routine: no recurring variance or recount pattern,N,9.80,Quarterly
1153,SKU0052,Electrical Components 0052,Electrical Components,Z3-B02,Z3,694,694,0,0,76.40,53021.60,0.00,0,N,13,0,0.00,195,N,Routine,Routine: no recurring variance or recount pattern,N,9.80,Quarterly
1154,SKU0057,Fasteners 0057,Fasteners,Z3-B01,Z3,344,344,0,0,94.90,32645.60,0.00,0,N,13,0,0.00,195,N,Routine,Routine: no recurring variance or recount pattern,N,9.80,Quarterly
1155,SKU0058,Maintenance Parts 0058,Maintenance Parts,Z1-B01,Z1,97,97,0,0,98.60,9564.20,0.00,0,N,13,0,0.00,195,N,Routine,Routine: no recurring variance or recount pattern,N,9.80,Quarterly
1156,SKU0058,Maintenance Parts 0058,Maintenance Parts,Z3-B04,Z3,453,453,0,0,98.60,44665.80,0.00,0,N,13,0,0.00,195,N,Routine,Routine: no recurring variance or recount pattern,N,9.80,Quarterly
1157,SKU0059,Shipping Supplies 0059,Shipping Supplies,Z3-B04,Z3,263,263,0,0,102.30,26904.90,0.00,0,N,13,0,0.00,195,N,Routine,Routine: no recurring variance or recount pattern,N,9.80,Quarterly
1158,SKU0060,Material Handling 0060,Material Handling,Z3-B02,Z3,495,495,0,0,106.00,52470.00,0.00,0,N,13,0,0.00,195,N,Routine,Routine: no recurring variance or recount pattern,N,9.80,Quarterly
1159,SKU0061,Industrial Supplies 0061,Industrial Supplies,Z3-B02,Z3,427,427,0,0,109.70,46841.90,0.00,0,N,13,0,0.00,195,N,Routine,Routine: no recurring variance or recount pattern,N,9.80,Quarterly
1160,SKU0062,Electrical Components 0062,Electrical Components,Z2-B04,Z2,622,622,0,0,113.40,70534.80,0.00,0,N,13,0,0.00,195,N,Routine,Routine: no recurring variance or recount pattern,N,9.80,Quarterly
1161,SKU0065,Tools 0065,Tools,Z3-B01,Z3,265,265,0,0,4.50,1192.50,0.00,0,N,13,0,0.00,195,N,Routine,Routine: no recurring variance or recount pattern,N,9.80,Quarterly
1162,SKU0066,Consumables 0066,Consumables,Z1-B01,Z1,59,59,0,0,8.20,483.80,0.00,0,N,13,0,0.00,195,N,Routine,Routine: no recurring variance or recount pattern,N,9.80,Quarterly
1163,SKU0067,Fasteners 0067,Fasteners,Z3-B04,Z3,230,230,0,0,11.90,2737.00,0.00,0,N,13,0,0.00,195,N,Routine,Routine: no recurring variance or recount pattern,N,9.80,Quarterly
1164,SKU0068,Maintenance Parts 0068,Maintenance Parts,Z1-B02,Z1,376,376,0,0,15.60,5865.60,0.00,0,N,13,0,0.00,195,N,Routine,Routine: no recurring variance or recount pattern,N,9.80,Quarterly
1165,SKU0069,Shipping Supplies 0069,Shipping Supplies,Z2-B01,Z2,523,523,0,0,19.30,10093.90,0.00,0,N,13,0,0.00,195,N,Routine,Routine: no recurring variance or recount pattern,N,9.80,Quarterly
1166,SKU0069,Shipping Supplies 0069,Shipping Supplies,Z3-B01,Z3,573,573,0,0,19.30,11058.90,0.00,0,N,13,0,0.00,195,N,Routine,Routine: no recurring variance or recount pattern,N,9.80,Quarterly
1167,SKU0070,Material Handling 0070,Material Handling,Z1-B01,Z1,300,300,0,0,23.00,6900.00,0.00,0,N,13,0,0.00,195,N,Routine,Routine: no recurring variance or recount pattern,N,9.80,Quarterly
1168,SKU0070,Material Handling 0070,Material Handling,Z1-B04,Z1,557,557,0,0,23.00,12811.00,0.00,0,N,13,0,0.00,195,N,Routine,Routine: no recurring variance or recount pattern,N,9.80,Quarterly
1169,SKU0070,Material Handling 0070,Material Handling,Z2-B01,Z2,420,420,0,0,23.00,9660.00,0.00,0,N,13,0,0.00,195,N,Routine,Routine: no recurring variance or recount pattern,N,9.80,Quarterly
1170,SKU0071,Industrial Supplies 0071,Industrial Supplies,Z2-B03,Z2,688,688,0,0,26.70,18369.60,0.00,0,N,13,0,0.00,195,N,Routine,Routine: no recurring variance or recount pattern,N,9.80,Quarterly
1171,SKU0071,Industrial Supplies 0071,Industrial Supplies,Z3-B04,Z3,457,457,0,0,26.70,12201.90,0.00,0,N,13,0,0.00,195,N,Routine,Routine: no recurring variance or recount pattern,N,9.80,Quarterly
1172,SKU0074,Packaging 0074,Packaging,Z1-B01,Z1,598,598,0,0,37.80,22604.40,0.00,0,N,13,0,0.00,195,N,Routine,Routine: no recurring variance or recount pattern,N,9.80,Quarterly
1173,SKU0075,Tools 0075,Tools,Z2-B03,Z2,296,296,0,0,41.50,12284.00,0.00,0,N,13,0,0.00,195,N,Routine,Routine: no recurring variance or recount pattern,N,9.80,Quarterly
1174,SKU0079,Shipping Supplies 0079,Shipping Supplies,Z2-B03,Z2,521,521,0,0,56.30,29332.30,0.00,0,N,13,0,0.00,195,N,Routine,Routine: no recurring variance or recount pattern,N,9.80,Quarterly
1175,SKU0081,Industrial Supplies 0081,Industrial Supplies,Z2-B01,Z2,712,712,0,0,63.70,45354.40,0.00,0,N,13,0,0.00,195,N,Routine,Routine: no recurring variance or recount pattern,N,9.80,Quarterly
1176,SKU0086,Consumables 0086,Consumables,Z1-B01,Z1,87,87,0,0,82.20,7151.40,0.00,0,N,13,0,0.00,195,N,Routine,Routine: no recurring variance or recount pattern,N,9.80,Quarterly
1177,SKU0089,Shipping Supplies 0089,Shipping Supplies,Z2-B01,Z2,617,617,0,0,93.30,57566.10,0.00,0,N,13,0,0.00,195,N,Routine,Routine: no recurring variance or recount pattern,N,9.80,Quarterly
1178,SKU0092,Electrical Components 0092,Electrical Components,Z3-B02,Z3,238,238,0,0,104.40,24847.20,0.00,0,N,13,0,0.00,195,N,Routine,Routine: no recurring variance or recount pattern,N,9.80,Quarterly
1179,SKU0095,Tools 0095,Tools,Z3-B04,Z3,298,298,0,0,115.50,34419.00,0.00,0,N,13,0,0.00,195,N,Routine,Routine: no recurring variance or recount pattern,N,9.80,Quarterly
1180,SKU0098,Maintenance Parts 0098,Maintenance Parts,Z1-B01,Z1,267,267,0,0,6.60,1762.20,0.00,0,N,13,0,0.00,195,N,Routine,Routine: no recurring variance or recount pattern,N,9.80,Quarterly
1181,SKU0099,Shipping Supplies 0099,Shipping Supplies,Z1-B03,Z1,645,645,0,0,10.30,6643.50,0.00,0,N,13,0,0.00,195,N,Routine,Routine: no recurring variance or recount pattern,N,9.80,Quarterly
1182,SKU0104,Packaging 0104,Packaging,Z3-B02,Z3,453,453,0,0,28.80,13046.40,0.00,0,N,13,0,0.00,195,N,Routine,Routine: no recurring variance or recount pattern,N,9.80,Quarterly
1183,SKU0105,Tools 0105,Tools,Z2-B01,Z2,384,384,0,0,32.50,12480.00,0.00,0,N,13,0,0.00,195,N,Routine,Routine: no recurring variance or recount pattern,N,9.80,Quarterly
1184,SKU0106,Consumables 0106,Consumables,Z1-B01,Z1,308,308,0,0,36.20,11149.60,0.00,0,N,13,0,0.00,195,N,Routine,Routine: no recurring variance or recount pattern,N,9.80,Quarterly
1185,SKU0110,Material Handling 0110,Material Handling,Z1-B01,Z1,563,563,0,0,51.00,28713.00,0.00,0,N,13,0,0.00,195,N,Routine,Routine: no recurring variance or recount pattern,N,9.80,Quarterly
1186,SKU0111,Industrial Supplies 0111,Industrial Supplies,Z2-B03,Z2,188,188,0,0,54.70,10283.60,0.00,0,N,13,0,0.00,195,N,Routine,Routine: no recurring variance or recount pattern,N,9.80,Quarterly
1187,SKU0113,Safety Supplies 0113,Safety Supplies,Z3-B01,Z3,412,412,0,0,62.10,25585.20,0.00,0,N,13,0,0.00,195,N,Routine,Routine: no recurring variance or recount pattern,N,9.80,Quarterly
1188,SKU0114,Packaging 0114,Packaging,Z2-B01,Z2,134,134,0,0,65.80,8817.20,0.00,0,N,13,0,0.00,195,N,Routine,Routine: no recurring variance or recount pattern,N,9.80,Quarterly
1189,SKU0114,Packaging 0114,Packaging,Z2-B04,Z2,444,444,0,0,65.80,29215.20,0.00,0,N,13,0,0.00,195,N,Routine,Routine: no recurring variance or recount pattern,N,9.80,Quarterly
1190,SKU0115,Tools 0115,Tools,Z3-B04,Z3,395,395,0,0,69.50,27452.50,0.00,0,N,13,0,0.00,195,N,Routine,Routine: no recurring variance or recount pattern,N,9.80,Quarterly
1191,SKU0116,Consumables 0116,Consumables,Z1-B02,Z1,513,513,0,0,73.20,37551.60,0.00,0,N,13,0,0.00,195,N,Routine,Routine: no recurring variance or recount pattern,N,9.80,Quarterly
1192,SKU0117,Fasteners 0117,Fasteners,Z1-B02,Z1,435,435,0,0,76.90,33451.50,0.00,0,N,13,0,0.00,195,N,Routine,Routine: no recurring variance or recount pattern,N,9.80,Quarterly
1193,SKU0117,Fasteners 0117,Fasteners,Z3-B02,Z3,410,410,0,0,76.90,31529.00,0.00,0,N,13,0,0.00,195,N,Routine,Routine: no recurring variance or recount pattern,N,9.80,Quarterly
1194,SKU0118,Maintenance Parts 0118,Maintenance Parts,Z2-B01,Z2,442,442,0,0,80.60,35625.20,0.00,0,N,13,0,0.00,195,N,Routine,Routine: no recurring variance or recount pattern,N,9.80,Quarterly
1195,SKU0118,Maintenance Parts 0118,Maintenance Parts,Z3-B01,Z3,485,485,0,0,80.60,39091.00,0.00,0,N,13,0,0.00,195,N,Routine,Routine: no recurring variance or recount pattern,N,9.80,Quarterly
1196,SKU0119,Shipping Supplies 0119,Shipping Supplies,Z1-B04,Z1,467,467,0,0,84.30,39368.10,0.00,0,N,13,0,0.00,195,N,Routine,Routine: no recurring variance or recount pattern,N,9.80,Quarterly
1197,SKU0119,Shipping Supplies 0119,Shipping Supplies,Z2-B04,Z2,643,643,0,0,84.30,54204.90,0.00,0,N,13,0,0.00,195,N,Routine,Routine: no recurring variance or recount pattern,N,9.80,Quarterly
1198,SKU0122,Electrical Components 0122,Electrical Components,Z3-B01,Z3,122,122,0,0,95.40,11638.80,0.00,0,N,13,0,0.00,195,N,Routine,Routine: no recurring variance or recount pattern,N,9.80,Quarterly
1199,SKU0125,Tools 0125,Tools,Z1-B02,Z1,212,212,0,0,106.50,22578.00,0.00,0,N,13,0,0.00,195,N,Routine,Routine: no recurring variance or recount pattern,N,9.80,Quarterly
1200,SKU0128,Maintenance Parts 0128,Maintenance Parts,Z2-B03,Z2,628,628,0,0,117.60,73852.80,0.00,0,N,13,0,0.00,195,N,Routine,Routine: no recurring variance or recount pattern,N,9.80,Quarterly
1201,SKU0129,Shipping Supplies 0129,Shipping Supplies,Z1-B02,Z1,638,638,0,0,121.30,77389.40,0.00,0,N,13,0,0.00,195,N,Routine,Routine: no recurring variance or recount pattern,N,9.80,Quarterly
1202,SKU0130,Material Handling 0130,Material Handling,Z1-B04,Z1,185,185,0,0,5.00,925.00,0.00,0,N,13,0,0.00,195,N,Routine,Routine: no recurring variance or recount pattern,N,9.80,Quarterly
1203,SKU0131,Industrial Supplies 0131,Industrial Supplies,Z1-B04,Z1,51,51,0,0,8.70,443.70,0.00,0,N,13,0,0.00,195,N,Routine,Routine: no recurring variance or recount pattern,N,9.80,Quarterly
1204,SKU0131,Industrial Supplies 0131,Industrial Supplies,Z3-B04,Z3,207,207,0,0,8.70,1800.90,0.00,0,N,13,0,0.00,195,N,Routine,Routine: no recurring variance or recount pattern,N,9.80,Quarterly
1205,SKU0133,Safety Supplies 0133,Safety Supplies,Z1-B02,Z1,216,216,0,0,16.10,3477.60,0.00,0,N,13,0,0.00,195,N,Routine,Routine: no recurring variance or recount pattern,N,9.80,Quarterly
1206,SKU0133,Safety Supplies 0133,Safety Supplies,Z3-B02,Z3,273,273,0,0,16.10,4395.30,0.00,0,N,13,0,0.00,195,N,Routine,Routine: no recurring variance or recount pattern,N,9.80,Quarterly
1207,SKU0134,Packaging 0134,Packaging,Z1-B01,Z1,300,300,0,0,19.80,5940.00,0.00,0,N,13,0,0.00,195,N,Routine,Routine: no recurring variance or recount pattern,N,9.80,Quarterly
1208,SKU0134,Packaging 0134,Packaging,Z3-B01,Z3,270,270,0,0,19.80,5346.00,0.00,0,N,13,0,0.00,195,N,Routine,Routine: no recurring variance or recount pattern,N,9.80,Quarterly
1209,SKU0135,Tools 0135,Tools,Z1-B04,Z1,274,274,0,0,23.50,6439.00,0.00,0,N,13,0,0.00,195,N,Routine,Routine: no recurring variance or recount pattern,N,9.80,Quarterly
1210,SKU0135,Tools 0135,Tools,Z2-B04,Z2,357,357,0,0,23.50,8389.50,0.00,0,N,13,0,0.00,195,N,Routine,Routine: no recurring variance or recount pattern,N,9.80,Quarterly
1211,SKU0136,Consumables 0136,Consumables,Z1-B03,Z1,353,353,0,0,27.20,9601.60,0.00,0,N,13,0,0.00,195,N,Routine,Routine: no recurring variance or recount pattern,N,9.80,Quarterly
1212,SKU0136,Consumables 0136,Consumables,Z2-B03,Z2,429,429,0,0,27.20,11668.80,0.00,0,N,13,0,0.00,195,N,Routine,Routine: no recurring variance or recount pattern,N,9.80,Quarterly
1213,SKU0136,Consumables 0136,Consumables,Z3-B02,Z3,721,721,0,0,27.20,19611.20,0.00,0,N,13,0,0.00,195,N,Routine,Routine: no recurring variance or recount pattern,N,9.80,Quarterly
1214,SKU0137,Fasteners 0137,Fasteners,Z1-B02,Z1,467,467,0,0,30.90,14430.30,0.00,0,N,13,0,0.00,195,N,Routine,Routine: no recurring variance or recount pattern,N,9.80,Quarterly
1215,SKU0138,Maintenance Parts 0138,Maintenance Parts,Z3-B04,Z3,154,154,0,0,34.60,5328.40,0.00,0,N,13,0,0.00,195,N,Routine,Routine: no recurring variance or recount pattern,N,9.80,Quarterly
1216,SKU0139,Shipping Supplies 0139,Shipping Supplies,Z3-B04,Z3,98,98,0,0,38.30,3753.40,0.00,0,N,13,0,0.00,195,N,Routine,Routine: no recurring variance or recount pattern,N,9.80,Quarterly
1217,SKU0142,Electrical Components 0142,Electrical Components,Z1-B01,Z1,102,102,0,0,49.40,5038.80,0.00,0,N,13,0,0.00,195,N,Routine,Routine: no recurring variance or recount pattern,N,9.80,Quarterly
1218,SKU0143,Safety Supplies 0143,Safety Supplies,Z1-B04,Z1,341,341,0,0,53.10,18107.10,0.00,0,N,13,0,0.00,195,N,Routine,Routine: no recurring variance or recount pattern,N,9.80,Quarterly
1219,SKU0145,Tools 0145,Tools,Z1-B01,Z1,606,606,0,0,60.50,36663.00,0.00,0,N,13,0,0.00,195,N,Routine,Routine: no recurring variance or recount pattern,N,9.80,Quarterly
1220,SKU0145,Tools 0145,Tools,Z2-B01,Z2,632,632,0,0,60.50,38236.00,0.00,0,N,13,0,0.00,195,N,Routine,Routine: no recurring variance or recount pattern,N,9.80,Quarterly
1221,SKU0146,Consumables 0146,Consumables,Z1-B01,Z1,514,514,0,0,64.20,32998.80,0.00,0,N,13,0,0.00,195,N,Routine,Routine: no recurring variance or recount pattern,N,9.80,Quarterly
1222,SKU0147,Fasteners 0147,Fasteners,Z2-B04,Z2,596,596,0,0,67.90,40468.40,0.00,0,N,13,0,0.00,195,N,Routine,Routine: no recurring variance or recount pattern,N,9.80,Quarterly
1223,SKU0150,Material Handling 0150,Material Handling,Z1-B01,Z1,110,110,0,0,79.00,8690.00,0.00,0,N,13,0,0.00,195,N,Routine,Routine: no recurring variance or recount pattern,N,9.80,Quarterly
1224,SKU0150,Material Handling 0150,Material Handling,Z2-B01,Z2,131,131,0,0,79.00,10349.00,0.00,0,N,13,0,0.00,195,N,Routine,Routine: no recurring variance or recount pattern,N,9.80,Quarterly
1225,SKU0150,Material Handling 0150,Material Handling,Z3-B01,Z3,165,165,0,0,79.00,13035.00,0.00,0,N,13,0,0.00,195,N,Routine,Routine: no recurring variance or recount pattern,N,9.80,Quarterly
1226,SKU0151,Industrial Supplies 0151,Industrial Supplies,Z2-B04,Z2,262,262,0,0,82.70,21667.40,0.00,0,N,13,0,0.00,195,N,Routine,Routine: no recurring variance or recount pattern,N,9.80,Quarterly
1227,SKU0152,Electrical Components 0152,Electrical Components,Z1-B03,Z1,263,263,0,0,86.40,22723.20,0.00,0,N,13,0,0.00,195,N,Routine,Routine: no recurring variance or recount pattern,N,9.80,Quarterly
1228,SKU0153,Safety Supplies 0153,Safety Supplies,Z1-B02,Z1,255,255,0,0,90.10,22975.50,0.00,0,N,13,0,0.00,195,N,Routine,Routine: no recurring variance or recount pattern,N,9.80,Quarterly
1229,SKU0154,Packaging 0154,Packaging,Z2-B01,Z2,430,430,0,0,93.80,40334.00,0.00,0,N,13,0,0.00,195,N,Routine,Routine: no recurring variance or recount pattern,N,9.80,Quarterly
1230,SKU0158,Maintenance Parts 0158,Maintenance Parts,Z1-B01,Z1,56,56,0,0,108.60,6081.60,0.00,0,N,13,0,0.00,195,N,Routine,Routine: no recurring variance or recount pattern,N,9.80,Quarterly
1231,SKU0158,Maintenance Parts 0158,Maintenance Parts,Z2-B01,Z2,35,35,0,0,108.60,3801.00,0.00,0,N,13,0,0.00,195,N,Routine,Routine: no recurring variance or recount pattern,N,9.80,Quarterly
1232,SKU0159,Shipping Supplies 0159,Shipping Supplies,Z1-B04,Z1,63,63,0,0,112.30,7074.90,0.00,0,N,13,0,0.00,195,N,Routine,Routine: no recurring variance or recount pattern,N,9.80,Quarterly
1233,SKU0159,Shipping Supplies 0159,Shipping Supplies,Z2-B03,Z2,334,334,0,0,112.30,37508.20,0.00,0,N,13,0,0.00,195,N,Routine,Routine: no recurring variance or recount pattern,N,9.80,Quarterly
1234,SKU0159,Shipping Supplies 0159,Shipping Supplies,Z2-B04,Z2,171,171,0,0,112.30,19203.30,0.00,0,N,13,0,0.00,195,N,Routine,Routine: no recurring variance or recount pattern,N,9.80,Quarterly
1235,SKU0159,Shipping Supplies 0159,Shipping Supplies,Z3-B04,Z3,179,179,0,0,112.30,20101.70,0.00,0,N,13,0,0.00,195,N,Routine,Routine: no recurring variance or recount pattern,N,9.80,Quarterly
1236,SKU0161,Industrial Supplies 0161,Industrial Supplies,Z3-B01,Z3,532,532,0,0,119.70,63680.40,0.00,0,N,13,0,0.00,195,N,Routine,Routine: no recurring variance or recount pattern,N,9.80,Quarterly
1237,SKU0162,Electrical Components 0162,Electrical Components,Z1-B04,Z1,534,534,0,0,123.40,65895.60,0.00,0,N,13,0,0.00,195,N,Routine,Routine: no recurring variance or recount pattern,N,9.80,Quarterly
1238,SKU0165,Tools 0165,Tools,Z3-B01,Z3,811,811,0,0,14.50,11759.50,0.00,0,N,13,0,0.00,195,N,Routine,Routine: no recurring variance or recount pattern,N,9.80,Quarterly
1239,SKU0166,Consumables 0166,Consumables,Z1-B01,Z1,489,489,0,0,18.20,8899.80,0.00,0,N,13,0,0.00,195,N,Routine,Routine: no recurring variance or recount pattern,N,9.80,Quarterly
1240,SKU0167,Fasteners 0167,Fasteners,Z1-B04,Z1,38,38,0,0,21.90,832.20,0.00,0,N,13,0,0.00,195,N,Routine,Routine: no recurring variance or recount pattern,N,9.80,Quarterly
1241,SKU0167,Fasteners 0167,Fasteners,Z3-B04,Z3,23,23,0,0,21.90,503.70,0.00,0,N,13,0,0.00,195,N,Routine,Routine: no recurring variance or recount pattern,N,9.80,Quarterly
1242,SKU0168,Maintenance Parts 0168,Maintenance Parts,Z1-B02,Z1,271,271,0,0,25.60,6937.60,0.00,0,N,13,0,0.00,195,N,Routine,Routine: no recurring variance or recount pattern,N,9.80,Quarterly
1243,SKU0169,Shipping Supplies 0169,Shipping Supplies,Z3-B01,Z3,319,319,0,0,29.30,9346.70,0.00,0,N,13,0,0.00,195,N,Routine,Routine: no recurring variance or recount pattern,N,9.80,Quarterly
1244,SKU0170,Material Handling 0170,Material Handling,Z1-B01,Z1,149,149,0,0,33.00,4917.00,0.00,0,N,13,0,0.00,195,N,Routine,Routine: no recurring variance or recount pattern,N,9.80,Quarterly
1245,SKU0171,Industrial Supplies 0171,Industrial Supplies,Z2-B03,Z2,520,520,0,0,36.70,19084.00,0.00,0,N,13,0,0.00,195,N,Routine,Routine: no recurring variance or recount pattern,N,9.80,Quarterly
1246,SKU0171,Industrial Supplies 0171,Industrial Supplies,Z3-B04,Z3,421,421,0,0,36.70,15450.70,0.00,0,N,13,0,0.00,195,N,Routine,Routine: no recurring variance or recount pattern,N,9.80,Quarterly
1247,SKU0173,Safety Supplies 0173,Safety Supplies,Z2-B01,Z2,700,700,0,0,44.10,30870.00,0.00,0,N,13,0,0.00,195,N,Routine,Routine: no recurring variance or recount pattern,N,9.80,Quarterly
1248,SKU0174,Packaging 0174,Packaging,Z1-B04,Z1,755,755,0,0,47.80,36089.00,0.00,0,N,13,0,0.00,195,N,Routine,Routine: no recurring variance or recount pattern,N,9.80,Quarterly
1249,SKU0178,Maintenance Parts 0178,Maintenance Parts,Z1-B04,Z1,336,336,0,0,62.60,21033.60,0.00,0,N,13,0,0.00,195,N,Routine,Routine: no recurring variance or recount pattern,N,9.80,Quarterly
1250,SKU0178,Maintenance Parts 0178,Maintenance Parts,Z2-B04,Z2,358,358,0,0,62.60,22410.80,0.00,0,N,13,0,0.00,195,N,Routine,Routine: no recurring variance or recount pattern,N,9.80,Quarterly
1251,SKU0179,Shipping Supplies 0179,Shipping Supplies,Z2-B03,Z2,430,430,0,0,66.30,28509.00,0.00,0,N,13,0,0.00,195,N,Routine,Routine: no recurring variance or recount pattern,N,9.80,Quarterly
1252,SKU0179,Shipping Supplies 0179,Shipping Supplies,Z3-B04,Z3,243,243,0,0,66.30,16110.90,0.00,0,N,13,0,0.00,195,N,Routine,Routine: no recurring variance or recount pattern,N,9.80,Quarterly
1253,SKU0180,Material Handling 0180,Material Handling,Z1-B02,Z1,437,437,0,0,70.00,30590.00,0.00,0,N,13,0,0.00,195,N,Routine,Routine: no recurring variance or recount pattern,N,9.80,Quarterly
1254,SKU0182,Electrical Components 0182,Electrical Components,Z1-B01,Z1,334,334,0,0,77.40,25851.60,0.00,0,N,13,0,0.00,195,N,Routine,Routine: no recurring variance or recount pattern,N,9.80,Quarterly
1255,SKU0183,Safety Supplies 0183,Safety Supplies,Z3-B04,Z3,605,605,0,0,81.10,49065.50,0.00,0,N,13,0,0.00,195,N,Routine,Routine: no recurring variance or recount pattern,N,9.80,Quarterly
1256,SKU0186,Consumables 0186,Consumables,Z2-B04,Z2,263,263,0,0,92.20,24248.60,0.00,0,N,13,0,0.00,195,N,Routine,Routine: no recurring variance or recount pattern,N,9.80,Quarterly
1257,SKU0190,Material Handling 0190,Material Handling,Z2-B04,Z2,598,598,0,0,107.00,63986.00,0.00,0,N,13,0,0.00,195,N,Routine,Routine: no recurring variance or recount pattern,N,9.80,Quarterly
1258,SKU0191,Industrial Supplies 0191,Industrial Supplies,Z2-B03,Z2,553,553,0,0,110.70,61217.10,0.00,0,N,13,0,0.00,195,N,Routine,Routine: no recurring variance or recount pattern,N,9.80,Quarterly
1259,SKU0192,Electrical Components 0192,Electrical Components,Z3-B02,Z3,741,741,0,0,114.40,84770.40,0.00,0,N,13,0,0.00,195,N,Routine,Routine: no recurring variance or recount pattern,N,9.80,Quarterly
1260,SKU0194,Packaging 0194,Packaging,Z1-B01,Z1,567,567,0,0,121.80,69060.60,0.00,0,N,13,0,0.00,195,N,Routine,Routine: no recurring variance or recount pattern,N,9.80,Quarterly
1261,SKU0198,Maintenance Parts 0198,Maintenance Parts,Z1-B04,Z1,376,376,0,0,16.60,6241.60,0.00,0,N,13,0,0.00,195,N,Routine,Routine: no recurring variance or recount pattern,N,9.80,Quarterly
1262,SKU0199,Shipping Supplies 0199,Shipping Supplies,Z2-B03,Z2,562,562,0,0,20.30,11408.60,0.00,0,N,13,0,0.00,195,N,Routine,Routine: no recurring variance or recount pattern,N,9.80,Quarterly
1263,SKU0201,Industrial Supplies 0201,Industrial Supplies,Z3-B02,Z3,486,486,0,0,27.70,13462.20,0.00,0,N,13,0,0.00,195,N,Routine,Routine: no recurring variance or recount pattern,N,9.80,Quarterly
1264,SKU0202,Electrical Components 0202,Electrical Components,Z1-B01,Z1,478,478,0,0,31.40,15009.20,0.00,0,N,13,0,0.00,195,N,Routine,Routine: no recurring variance or recount pattern,N,9.80,Quarterly
1265,SKU0203,Safety Supplies 0203,Safety Supplies,Z1-B04,Z1,503,503,0,0,35.10,17655.30,0.00,0,N,13,0,0.00,195,N,Routine,Routine: no recurring variance or recount pattern,N,9.80,Quarterly
1266,SKU0206,Consumables 0206,Consumables,Z2-B04,Z2,403,403,0,0,46.20,18618.60,0.00,0,N,13,0,0.00,195,N,Routine,Routine: no recurring variance or recount pattern,N,9.80,Quarterly
1267,SKU0207,Fasteners 0207,Fasteners,Z3-B04,Z3,233,233,0,0,49.90,11626.70,0.00,0,N,13,0,0.00,195,N,Routine,Routine: no recurring variance or recount pattern,N,9.80,Quarterly
1268,SKU0209,Shipping Supplies 0209,Shipping Supplies,Z3-B01,Z3,495,495,0,0,57.30,28363.50,0.00,0,N,13,0,0.00,195,N,Routine,Routine: no recurring variance or recount pattern,N,9.80,Quarterly
1269,SKU0210,Material Handling 0210,Material Handling,Z1-B01,Z1,322,322,0,0,61.00,19642.00,0.00,0,N,13,0,0.00,195,N,Routine,Routine: no recurring variance or recount pattern,N,9.80,Quarterly
1270,SKU0211,Industrial Supplies 0211,Industrial Supplies,Z1-B03,Z1,616,616,0,0,64.70,39855.20,0.00,0,N,13,0,0.00,195,N,Routine,Routine: no recurring variance or recount pattern,N,9.80,Quarterly
1271,SKU0213,Safety Supplies 0213,Safety Supplies,Z1-B01,Z1,845,845,0,0,72.10,60924.50,0.00,0,N,13,0,0.00,195,N,Routine,Routine: no recurring variance or recount pattern,N,9.80,Quarterly
1272,SKU0217,Fasteners 0217,Fasteners,Z2-B01,Z2,443,443,0,0,86.90,38496.70,0.00,0,N,13,0,0.00,195,N,Routine,Routine: no recurring variance or recount pattern,N,9.80,Quarterly
1273,SKU0219,Shipping Supplies 0219,Shipping Supplies,Z1-B03,Z1,582,582,0,0,94.30,54882.60,0.00,0,N,13,0,0.00,195,N,Routine,Routine: no recurring variance or recount pattern,N,9.80,Quarterly
1274,SKU0219,Shipping Supplies 0219,Shipping Supplies,Z2-B03,Z2,595,595,0,0,94.30,56108.50,0.00,0,N,13,0,0.00,195,N,Routine,Routine: no recurring variance or recount pattern,N,9.80,Quarterly
1275,SKU0221,Industrial Supplies 0221,Industrial Supplies,Z2-B01,Z2,667,667,0,0,101.70,67833.90,0.00,0,N,13,0,0.00,195,N,Routine,Routine: no recurring variance or recount pattern,N,9.80,Quarterly
1276,SKU0222,Electrical Components 0222,Electrical Components,Z1-B01,Z1,574,574,0,0,105.40,60499.60,0.00,0,N,13,0,0.00,195,N,Routine,Routine: no recurring variance or recount pattern,N,9.80,Quarterly
1277,SKU0223,Safety Supplies 0223,Safety Supplies,Z3-B04,Z3,106,106,0,0,109.10,11564.60,0.00,0,N,13,0,0.00,195,N,Routine,Routine: no recurring variance or recount pattern,N,9.80,Quarterly
1278,SKU0224,Packaging 0224,Packaging,Z1-B02,Z1,231,231,0,0,112.80,26056.80,0.00,0,N,13,0,0.00,195,N,Routine,Routine: no recurring variance or recount pattern,N,9.80,Quarterly
1279,SKU0226,Consumables 0226,Consumables,Z1-B04,Z1,389,389,0,0,120.20,46757.80,0.00,0,N,13,0,0.00,195,N,Routine,Routine: no recurring variance or recount pattern,N,9.80,Quarterly
1280,SKU0227,Fasteners 0227,Fasteners,Z1-B04,Z1,294,294,0,0,123.90,36426.60,0.00,0,N,13,0,0.00,195,N,Routine,Routine: no recurring variance or recount pattern,N,9.80,Quarterly
1281,SKU0227,Fasteners 0227,Fasteners,Z3-B04,Z3,432,432,0,0,123.90,53524.80,0.00,0,N,13,0,0.00,195,N,Routine,Routine: no recurring variance or recount pattern,N,9.80,Quarterly
1282,SKU0230,Material Handling 0230,Material Handling,Z1-B01,Z1,553,553,0,0,15.00,8295.00,0.00,0,N,13,0,0.00,195,N,Routine,Routine: no recurring variance or recount pattern,N,9.80,Quarterly
1283,SKU0231,Industrial Supplies 0231,Industrial Supplies,Z3-B04,Z3,68,68,0,0,18.70,1271.60,0.00,0,N,13,0,0.00,195,N,Routine,Routine: no recurring variance or recount pattern,N,9.80,Quarterly
1284,SKU0232,Electrical Components 0232,Electrical Components,Z2-B03,Z2,12,12,0,0,22.40,268.80,0.00,0,N,13,0,0.00,195,N,Routine,Routine: no recurring variance or recount pattern,N,9.80,Quarterly
1285,SKU0232,Electrical Components 0232,Electrical Components,Z3-B02,Z3,265,265,0,0,22.40,5936.00,0.00,0,N,13,0,0.00,195,N,Routine,Routine: no recurring variance or recount pattern,N,9.80,Quarterly
1286,SKU0235,Tools 0235,Tools,Z1-B04,Z1,228,228,0,0,33.50,7638.00,0.00,0,N,13,0,0.00,195,N,Routine,Routine: no recurring variance or recount pattern,N,9.80,Quarterly
1287,SKU0238,Maintenance Parts 0238,Maintenance Parts,Z1-B01,Z1,413,413,0,0,44.60,18419.80,0.00,0,N,13,0,0.00,195,N,Routine,Routine: no recurring variance or recount pattern,N,9.80,Quarterly
1288,SKU0243,Safety Supplies 0243,Safety Supplies,Z2-B04,Z2,151,151,0,0,63.10,9528.10,0.00,0,N,13,0,0.00,195,N,Routine,Routine: no recurring variance or recount pattern,N,9.80,Quarterly
1289,SKU0247,Fasteners 0247,Fasteners,Z2-B04,Z2,437,437,0,0,77.90,34042.30,0.00,0,N,13,0,0.00,195,N,Routine,Routine: no recurring variance or recount pattern,N,9.80,Quarterly
1290,SKU0248,Maintenance Parts 0248,Maintenance Parts,Z2-B03,Z2,453,453,0,0,81.60,36964.80,0.00,0,N,13,0,0.00,195,N,Routine,Routine: no recurring variance or recount pattern,N,9.80,Quarterly
1291,SKU0249,Shipping Supplies 0249,Shipping Supplies,Z1-B02,Z1,479,479,0,0,85.30,40858.70,0.00,0,N,13,0,0.00,195,N,Routine,Routine: no recurring variance or recount pattern,N,9.80,Quarterly
1292,SKU0249,Shipping Supplies 0249,Shipping Supplies,Z3-B02,Z3,647,647,0,0,85.30,55189.10,0.00,0,N,13,0,0.00,195,N,Routine,Routine: no recurring variance or recount pattern,N,9.80,Quarterly
1293,SKU0250,Material Handling 0250,Material Handling,Z3-B01,Z3,38,38,0,0,89.00,3382.00,0.00,0,N,13,0,0.00,195,N,Routine,Routine: no recurring variance or recount pattern,N,9.80,Quarterly
1294,SKU0253,Safety Supplies 0253,Safety Supplies,Z1-B02,Z1,156,156,0,0,100.10,15615.60,0.00,0,N,13,0,0.00,195,N,Routine,Routine: no recurring variance or recount pattern,N,9.80,Quarterly
1295,SKU0253,Safety Supplies 0253,Safety Supplies,Z3-B02,Z3,191,191,0,0,100.10,19119.10,0.00,0,N,13,0,0.00,195,N,Routine,Routine: no recurring variance or recount pattern,N,9.80,Quarterly
1296,SKU0254,Packaging 0254,Packaging,Z1-B01,Z1,253,253,0,0,103.80,26261.40,0.00,0,N,13,0,0.00,195,N,Routine,Routine: no recurring variance or recount pattern,N,9.80,Quarterly
1297,SKU0254,Packaging 0254,Packaging,Z2-B01,Z2,233,233,0,0,103.80,24185.40,0.00,0,N,13,0,0.00,195,N,Routine,Routine: no recurring variance or recount pattern,N,9.80,Quarterly
1298,SKU0254,Packaging 0254,Packaging,Z3-B01,Z3,247,247,0,0,103.80,25638.60,0.00,0,N,13,0,0.00,195,N,Routine,Routine: no recurring variance or recount pattern,N,9.80,Quarterly
1299,SKU0255,Tools 0255,Tools,Z1-B04,Z1,272,272,0,0,107.50,29240.00,0.00,0,N,13,0,0.00,195,N,Routine,Routine: no recurring variance or recount pattern,N,9.80,Quarterly
1300,SKU0256,Consumables 0256,Consumables,Z1-B03,Z1,335,335,0,0,111.20,37252.00,0.00,0,N,13,0,0.00,195,N,Routine,Routine: no recurring variance or recount pattern,N,9.80,Quarterly
1301,SKU0257,Fasteners 0257,Fasteners,Z1-B02,Z1,458,458,0,0,114.90,52624.20,0.00,0,N,13,0,0.00,195,N,Routine,Routine: no recurring variance or recount pattern,N,9.80,Quarterly
1302,SKU0258,Maintenance Parts 0258,Maintenance Parts,Z1-B01,Z1,537,537,0,0,118.60,63688.20,0.00,0,N,13,0,0.00,195,N,Routine,Routine: no recurring variance or recount pattern,N,9.80,Quarterly
1303,SKU0258,Maintenance Parts 0258,Maintenance Parts,Z2-B01,Z2,609,609,0,0,118.60,72227.40,0.00,0,N,13,0,0.00,195,N,Routine,Routine: no recurring variance or recount pattern,N,9.80,Quarterly
1304,SKU0259,Shipping Supplies 0259,Shipping Supplies,Z1-B03,Z1,826,826,0,0,122.30,101019.80,0.00,0,N,13,0,0.00,195,N,Routine,Routine: no recurring variance or recount pattern,N,9.80,Quarterly
1305,SKU0263,Safety Supplies 0263,Safety Supplies,Z1-B04,Z1,237,237,0,0,17.10,4052.70,0.00,0,N,13,0,0.00,195,N,Routine,Routine: no recurring variance or recount pattern,N,9.80,Quarterly
1306,SKU0263,Safety Supplies 0263,Safety Supplies,Z2-B04,Z2,269,269,0,0,17.10,4599.90,0.00,0,N,13,0,0.00,195,N,Routine,Routine: no recurring variance or recount pattern,N,9.80,Quarterly
1307,SKU0265,Tools 0265,Tools,Z3-B02,Z3,428,428,0,0,24.50,10486.00,0.00,0,N,13,0,0.00,195,N,Routine,Routine: no recurring variance or recount pattern,N,9.80,Quarterly
1308,SKU0266,Consumables 0266,Consumables,Z2-B01,Z2,381,381,0,0,28.20,10744.20,0.00,0,N,13,0,0.00,195,N,Routine,Routine: no recurring variance or recount pattern,N,9.80,Quarterly
1309,SKU0267,Fasteners 0267,Fasteners,Z1-B04,Z1,454,454,0,0,31.90,14482.60,0.00,0,N,13,0,0.00,195,N,Routine,Routine: no recurring variance or recount pattern,N,9.80,Quarterly
1310,SKU0267,Fasteners 0267,Fasteners,Z3-B04,Z3,650,650,0,0,31.90,20735.00,0.00,0,N,13,0,0.00,195,N,Routine,Routine: no recurring variance or recount pattern,N,9.80,Quarterly
1311,SKU0269,Shipping Supplies 0269,Shipping Supplies,Z3-B02,Z3,33,33,0,0,39.30,1296.90,0.00,0,N,13,0,0.00,195,N,Routine,Routine: no recurring variance or recount pattern,N,9.80,Quarterly
1312,SKU0270,Material Handling 0270,Material Handling,Z3-B01,Z3,46,46,0,0,43.00,1978.00,0.00,0,N,13,0,0.00,195,N,Routine,Routine: no recurring variance or recount pattern,N,9.80,Quarterly
1313,SKU0271,Industrial Supplies 0271,Industrial Supplies,Z2-B04,Z2,128,128,0,0,46.70,5977.60,0.00,0,N,13,0,0.00,195,N,Routine,Routine: no recurring variance or recount pattern,N,9.80,Quarterly
1314,SKU0272,Electrical Components 0272,Electrical Components,Z2-B03,Z2,176,176,0,0,50.40,8870.40,0.00,0,N,13,0,0.00,195,N,Routine,Routine: no recurring variance or recount pattern,N,9.80,Quarterly
1315,SKU0274,Packaging 0274,Packaging,Z1-B01,Z1,265,265,0,0,57.80,15317.00,0.00,0,N,13,0,0.00,195,N,Routine,Routine: no recurring variance or recount pattern,N,9.80,Quarterly
1316,SKU0275,Tools 0275,Tools,Z3-B04,Z3,474,474,0,0,61.50,29151.00,0.00,0,N,13,0,0.00,195,N,Routine,Routine: no recurring variance or recount pattern,N,9.80,Quarterly
1317,SKU0276,Consumables 0276,Consumables,Z3-B02,Z3,663,663,0,0,65.20,43227.60,0.00,0,N,13,0,0.00,195,N,Routine,Routine: no recurring variance or recount pattern,N,9.80,Quarterly
1318,SKU0280,Material Handling 0280,Material Handling,Z3-B02,Z3,348,348,0,0,80.00,27840.00,0.00,0,N,13,0,0.00,195,N,Routine,Routine: no recurring variance or recount pattern,N,9.80,Quarterly
1319,SKU0282,Electrical Components 0282,Electrical Components,Z1-B01,Z1,226,226,0,0,87.40,19752.40,0.00,0,N,13,0,0.00,195,N,Routine,Routine: no recurring variance or recount pattern,N,9.80,Quarterly
1320,SKU0282,Electrical Components 0282,Electrical Components,Z1-B04,Z1,439,439,0,0,87.40,38368.60,0.00,0,N,13,0,0.00,195,N,Routine,Routine: no recurring variance or recount pattern,N,9.80,Quarterly
1321,SKU0283,Safety Supplies 0283,Safety Supplies,Z3-B04,Z3,457,457,0,0,91.10,41632.70,0.00,0,N,13,0,0.00,195,N,Routine,Routine: no recurring variance or recount pattern,N,9.80,Quarterly
1322,SKU0287,Fasteners 0287,Fasteners,Z1-B03,Z1,853,853,0,0,105.90,90332.70,0.00,0,N,13,0,0.00,195,N,Routine,Routine: no recurring variance or recount pattern,N,9.80,Quarterly
1323,SKU0290,Material Handling 0290,Material Handling,Z1-B01,Z1,129,129,0,0,117.00,15093.00,0.00,0,N,13,0,0.00,195,N,Routine,Routine: no recurring variance or recount pattern,N,9.80,Quarterly
1324,SKU0290,Material Handling 0290,Material Handling,Z2-B04,Z2,378,378,0,0,117.00,44226.00,0.00,0,N,13,0,0.00,195,N,Routine,Routine: no recurring variance or recount pattern,N,9.80,Quarterly
1325,SKU0291,Industrial Supplies 0291,Industrial Supplies,Z1-B03,Z1,445,445,0,0,120.70,53711.50,0.00,0,N,13,0,0.00,195,N,Routine,Routine: no recurring variance or recount pattern,N,9.80,Quarterly
1326,SKU0291,Industrial Supplies 0291,Industrial Supplies,Z3-B04,Z3,258,258,0,0,120.70,31140.60,0.00,0,N,13,0,0.00,195,N,Routine,Routine: no recurring variance or recount pattern,N,9.80,Quarterly
1327,SKU0293,Safety Supplies 0293,Safety Supplies,Z3-B01,Z3,560,560,0,0,8.10,4536.00,0.00,0,N,13,0,0.00,195,N,Routine,Routine: no recurring variance or recount pattern,N,9.80,Quarterly
1328,SKU0294,Packaging 0294,Packaging,Z1-B04,Z1,562,562,0,0,11.80,6631.60,0.00,0,N,13,0,0.00,195,N,Routine,Routine: no recurring variance or recount pattern,N,9.80,Quarterly
1329,SKU0297,Fasteners 0297,Fasteners,Z3-B01,Z3,218,218,0,0,22.90,4992.20,0.00,0,N,13,0,0.00,195,N,Routine,Routine: no recurring variance or recount pattern,N,9.80,Quarterly
1330,SKU0298,Maintenance Parts 0298,Maintenance Parts,Z1-B01,Z1,85,85,0,0,26.60,2261.00,0.00,0,N,13,0,0.00,195,N,Routine,Routine: no recurring variance or recount pattern,N,9.80,Quarterly
1331,SKU0299,Shipping Supplies 0299,Shipping Supplies,Z1-B03,Z1,299,299,0,0,30.30,9059.70,0.00,0,N,13,0,0.00,195,N,Routine,Routine: no recurring variance or recount pattern,N,9.80,Quarterly
1332,SKU0002,Electrical Components 0002,Electrical Components,Z3-B01,Z3,225,225,0,0,11.40,2565.00,0.00,0,N,13,0,0.00,194,N,Routine,Routine: no recurring variance or recount pattern,N,9.75,Quarterly
1333,SKU0003,Safety Supplies 0003,Safety Supplies,Z3-B04,Z3,264,264,0,0,15.10,3986.40,0.00,0,N,13,0,0.00,194,N,Routine,Routine: no recurring variance or recount pattern,N,9.75,Quarterly
1334,SKU0004,Packaging 0004,Packaging,Z1-B02,Z1,472,472,0,0,18.80,8873.60,0.00,0,N,13,0,0.00,194,N,Routine,Routine: no recurring variance or recount pattern,N,9.75,Quarterly
1335,SKU0004,Packaging 0004,Packaging,Z2-B03,Z2,266,266,0,0,18.80,5000.80,0.00,0,N,13,0,0.00,194,N,Routine,Routine: no recurring variance or recount pattern,N,9.75,Quarterly
1336,SKU0006,Consumables 0006,Consumables,Z2-B01,Z2,424,424,0,0,26.20,11108.80,0.00,0,N,13,0,0.00,194,N,Routine,Routine: no recurring variance or recount pattern,N,9.75,Quarterly
1337,SKU0010,Material Handling 0010,Material Handling,Z2-B01,Z2,23,23,0,0,41.00,943.00,0.00,0,N,13,0,0.00,194,N,Routine,Routine: no recurring variance or recount pattern,N,9.75,Quarterly
1338,SKU0010,Material Handling 0010,Material Handling,Z3-B01,Z3,43,43,0,0,41.00,1763.00,0.00,0,N,13,0,0.00,194,N,Routine,Routine: no recurring variance or recount pattern,N,9.75,Quarterly
1339,SKU0010,Material Handling 0010,Material Handling,Z3-B04,Z3,319,319,0,0,41.00,13079.00,0.00,0,N,13,0,0.00,194,N,Routine,Routine: no recurring variance or recount pattern,N,9.75,Quarterly
1340,SKU0011,Industrial Supplies 0011,Industrial Supplies,Z1-B04,Z1,67,67,0,0,44.70,2994.90,0.00,0,N,13,0,0.00,194,N,Routine,Routine: no recurring variance or recount pattern,N,9.75,Quarterly
1341,SKU0014,Packaging 0014,Packaging,Z2-B04,Z2,637,637,0,0,55.80,35544.60,0.00,0,N,13,0,0.00,194,N,Routine,Routine: no recurring variance or recount pattern,N,9.75,Quarterly
1342,SKU0015,Tools 0015,Tools,Z1-B03,Z1,636,636,0,0,59.50,37842.00,0.00,0,N,13,0,0.00,194,N,Routine,Routine: no recurring variance or recount pattern,N,9.75,Quarterly
1343,SKU0015,Tools 0015,Tools,Z3-B04,Z3,431,431,0,0,59.50,25644.50,0.00,0,N,13,0,0.00,194,N,Routine,Routine: no recurring variance or recount pattern,N,9.75,Quarterly
1344,SKU0017,Fasteners 0017,Fasteners,Z3-B01,Z3,837,837,0,0,66.90,55995.30,0.00,0,N,13,0,0.00,194,N,Routine,Routine: no recurring variance or recount pattern,N,9.75,Quarterly
1345,SKU0017,Fasteners 0017,Fasteners,Z3-B02,Z3,689,689,0,0,66.90,46094.10,0.00,0,N,13,0,0.00,194,N,Routine,Routine: no recurring variance or recount pattern,N,9.75,Quarterly
1346,SKU0018,Maintenance Parts 0018,Maintenance Parts,Z1-B01,Z1,559,559,0,0,70.60,39465.40,0.00,0,N,13,0,0.00,194,N,Routine,Routine: no recurring variance or recount pattern,N,9.75,Quarterly
1347,SKU0019,Shipping Supplies 0019,Shipping Supplies,Z3-B04,Z3,96,96,0,0,74.30,7132.80,0.00,0,N,13,0,0.00,194,N,Routine,Routine: no recurring variance or recount pattern,N,9.75,Quarterly
1348,SKU0021,Industrial Supplies 0021,Industrial Supplies,Z1-B02,Z1,159,159,0,0,81.70,12990.30,0.00,0,N,13,0,0.00,194,N,Routine,Routine: no recurring variance or recount pattern,N,9.75,Quarterly
1349,SKU0024,Packaging 0024,Packaging,Z3-B02,Z3,695,695,0,0,92.80,64496.00,0.00,0,N,13,0,0.00,194,N,Routine,Routine: no recurring variance or recount pattern,N,9.75,Quarterly
1350,SKU0026,Consumables 0026,Consumables,Z1-B01,Z1,572,572,0,0,100.20,57314.40,0.00,0,N,13,0,0.00,194,N,Routine,Routine: no recurring variance or recount pattern,N,9.75,Quarterly
1351,SKU0027,Fasteners 0027,Fasteners,Z1-B03,Z1,811,811,0,0,103.90,84262.90,0.00,0,N,13,0,0.00,194,N,Routine,Routine: no recurring variance or recount pattern,N,9.75,Quarterly
1352,SKU0029,Shipping Supplies 0029,Shipping Supplies,Z1-B01,Z1,161,161,0,0,111.30,17919.30,0.00,0,N,13,0,0.00,194,N,Routine,Routine: no recurring variance or recount pattern,N,9.75,Quarterly
1353,SKU0029,Shipping Supplies 0029,Shipping Supplies,Z3-B01,Z3,347,347,0,0,111.30,38621.10,0.00,0,N,13,0,0.00,194,N,Routine,Routine: no recurring variance or recount pattern,N,9.75,Quarterly
1354,SKU0030,Material Handling 0030,Material Handling,Z1-B01,Z1,84,84,0,0,115.00,9660.00,0.00,0,N,13,0,0.00,194,N,Routine,Routine: no recurring variance or recount pattern,N,9.75,Quarterly
1355,SKU0031,Industrial Supplies 0031,Industrial Supplies,Z3-B04,Z3,259,259,0,0,118.70,30743.30,0.00,0,N,13,0,0.00,194,N,Routine,Routine: no recurring variance or recount pattern,N,9.75,Quarterly
1356,SKU0033,Safety Supplies 0033,Safety Supplies,Z3-B02,Z3,342,342,0,0,6.10,2086.20,0.00,0,N,13,0,0.00,194,N,Routine,Routine: no recurring variance or recount pattern,N,9.75,Quarterly
1357,SKU0034,Packaging 0034,Packaging,Z1-B01,Z1,353,353,0,0,9.80,3459.40,0.00,0,N,13,0,0.00,194,N,Routine,Routine: no recurring variance or recount pattern,N,9.75,Quarterly
1358,SKU0034,Packaging 0034,Packaging,Z2-B01,Z2,432,432,0,0,9.80,4233.60,0.00,0,N,13,0,0.00,194,N,Routine,Routine: no recurring variance or recount pattern,N,9.75,Quarterly
1359,SKU0034,Packaging 0034,Packaging,Z2-B04,Z2,741,741,0,0,9.80,7261.80,0.00,0,N,13,0,0.00,194,N,Routine,Routine: no recurring variance or recount pattern,N,9.75,Quarterly
1360,SKU0037,Fasteners 0037,Fasteners,Z2-B01,Z2,203,203,0,0,20.90,4242.70,0.00,0,N,13,0,0.00,194,N,Routine,Routine: no recurring variance or recount pattern,N,9.75,Quarterly
1361,SKU0037,Fasteners 0037,Fasteners,Z3-B01,Z3,210,210,0,0,20.90,4389.00,0.00,0,N,13,0,0.00,194,N,Routine,Routine: no recurring variance or recount pattern,N,9.75,Quarterly
1362,SKU0042,Electrical Components 0042,Electrical Components,Z1-B04,Z1,580,580,0,0,39.40,22852.00,0.00,0,N,13,0,0.00,194,N,Routine,Routine: no recurring variance or recount pattern,N,9.75,Quarterly
1363,SKU0043,Safety Supplies 0043,Safety Supplies,Z1-B03,Z1,622,622,0,0,43.10,26808.20,0.00,0,N,13,0,0.00,194,N,Routine,Routine: no recurring variance or recount pattern,N,9.75,Quarterly
1364,SKU0051,Industrial Supplies 0051,Industrial Supplies,Z2-B03,Z2,498,498,0,0,72.70,36204.60,0.00,0,N,13,0,0.00,194,N,Routine,Routine: no recurring variance or recount pattern,N,9.75,Quarterly
1365,SKU0052,Electrical Components 0052,Electrical Components,Z1-B02,Z1,561,561,0,0,76.40,42860.40,0.00,0,N,13,0,0.00,194,N,Routine,Routine: no recurring variance or recount pattern,N,9.75,Quarterly
1366,SKU0053,Safety Supplies 0053,Safety Supplies,Z3-B01,Z3,763,763,0,0,80.10,61116.30,0.00,0,N,13,0,0.00,194,N,Routine,Routine: no recurring variance or recount pattern,N,9.75,Quarterly
1367,SKU0056,Consumables 0056,Consumables,Z1-B02,Z1,190,190,0,0,91.20,17328.00,0.00,0,N,13,0,0.00,194,N,Routine,Routine: no recurring variance or recount pattern,N,9.75,Quarterly
1368,SKU0058,Maintenance Parts 0058,Maintenance Parts,Z1-B04,Z1,350,350,0,0,98.60,34510.00,0.00,0,N,13,0,0.00,194,N,Routine,Routine: no recurring variance or recount pattern,N,9.75,Quarterly
1369,SKU0059,Shipping Supplies 0059,Shipping Supplies,Z1-B03,Z1,452,452,0,0,102.30,46239.60,0.00,0,N,13,0,0.00,194,N,Routine,Routine: no recurring variance or recount pattern,N,9.75,Quarterly
1370,SKU0061,Industrial Supplies 0061,Industrial Supplies,Z1-B01,Z1,601,601,0,0,109.70,65929.70,0.00,0,N,13,0,0.00,194,N,Routine,Routine: no recurring variance or recount pattern,N,9.75,Quarterly
1371,SKU0065,Tools 0065,Tools,Z1-B01,Z1,130,130,0,0,4.50,585.00,0.00,0,N,13,0,0.00,194,N,Routine,Routine: no recurring variance or recount pattern,N,9.75,Quarterly
1372,SKU0067,Fasteners 0067,Fasteners,Z1-B03,Z1,365,365,0,0,11.90,4343.50,0.00,0,N,13,0,0.00,194,N,Routine,Routine: no recurring variance or recount pattern,N,9.75,Quarterly
1373,SKU0071,Industrial Supplies 0071,Industrial Supplies,Z1-B03,Z1,672,672,0,0,26.70,17942.40,0.00,0,N,13,0,0.00,194,N,Routine,Routine: no recurring variance or recount pattern,N,9.75,Quarterly
1374,SKU0074,Packaging 0074,Packaging,Z2-B04,Z2,238,238,0,0,37.80,8996.40,0.00,0,N,13,0,0.00,194,N,Routine,Routine: no recurring variance or recount pattern,N,9.75,Quarterly
1375,SKU0075,Tools 0075,Tools,Z1-B03,Z1,214,214,0,0,41.50,8881.00,0.00,0,N,13,0,0.00,194,N,Routine,Routine: no recurring variance or recount pattern,N,9.75,Quarterly
1376,SKU0082,Electrical Components 0082,Electrical Components,Z2-B04,Z2,850,850,0,0,67.40,57290.00,0.00,0,N,13,0,0.00,194,N,Routine,Routine: no recurring variance or recount pattern,N,9.75,Quarterly
1377,SKU0083,Safety Supplies 0083,Safety Supplies,Z3-B04,Z3,12,12,0,0,71.10,853.20,0.00,0,N,13,0,0.00,194,N,Routine,Routine: no recurring variance or recount pattern,N,9.75,Quarterly
1378,SKU0084,Packaging 0084,Packaging,Z1-B02,Z1,192,192,0,0,74.80,14361.60,0.00,0,N,13,0,0.00,194,N,Routine,Routine: no recurring variance or recount pattern,N,9.75,Quarterly
1379,SKU0084,Packaging 0084,Packaging,Z3-B02,Z3,268,268,0,0,74.80,20046.40,0.00,0,N,13,0,0.00,194,N,Routine,Routine: no recurring variance or recount pattern,N,9.75,Quarterly
1380,SKU0087,Fasteners 0087,Fasteners,Z1-B03,Z1,462,462,0,0,85.90,39685.80,0.00,0,N,13,0,0.00,194,N,Routine,Routine: no recurring variance or recount pattern,N,9.75,Quarterly
1381,SKU0087,Fasteners 0087,Fasteners,Z3-B04,Z3,298,298,0,0,85.90,25598.20,0.00,0,N,13,0,0.00,194,N,Routine,Routine: no recurring variance or recount pattern,N,9.75,Quarterly
1382,SKU0088,Maintenance Parts 0088,Maintenance Parts,Z1-B02,Z1,507,507,0,0,89.60,45427.20,0.00,0,N,13,0,0.00,194,N,Routine,Routine: no recurring variance or recount pattern,N,9.75,Quarterly
1383,SKU0089,Shipping Supplies 0089,Shipping Supplies,Z1-B01,Z1,610,610,0,0,93.30,56913.00,0.00,0,N,13,0,0.00,194,N,Routine,Routine: no recurring variance or recount pattern,N,9.75,Quarterly
1384,SKU0089,Shipping Supplies 0089,Shipping Supplies,Z3-B01,Z3,617,617,0,0,93.30,57566.10,0.00,0,N,13,0,0.00,194,N,Routine,Routine: no recurring variance or recount pattern,N,9.75,Quarterly
1385,SKU0090,Material Handling 0090,Material Handling,Z3-B04,Z3,739,739,0,0,97.00,71683.00,0.00,0,N,13,0,0.00,194,N,Routine,Routine: no recurring variance or recount pattern,N,9.75,Quarterly
1386,SKU0097,Fasteners 0097,Fasteners,Z3-B01,Z3,612,612,0,0,122.90,75214.80,0.00,0,N,13,0,0.00,194,N,Routine,Routine: no recurring variance or recount pattern,N,9.75,Quarterly
1387,SKU0098,Maintenance Parts 0098,Maintenance Parts,Z2-B04,Z2,674,674,0,0,6.60,4448.40,0.00,0,N,13,0,0.00,194,N,Routine,Routine: no recurring variance or recount pattern,N,9.75,Quarterly
1388,SKU0100,Material Handling 0100,Material Handling,Z1-B02,Z1,730,730,0,0,14.00,10220.00,0.00,0,N,13,0,0.00,194,N,Routine,Routine: no recurring variance or recount pattern,N,9.75,Quarterly
1389,SKU0101,Industrial Supplies 0101,Industrial Supplies,Z3-B01,Z3,137,137,0,0,17.70,2424.90,0.00,0,N,13,0,0.00,194,N,Routine,Routine: no recurring variance or recount pattern,N,9.75,Quarterly
1390,SKU0108,Maintenance Parts 0108,Maintenance Parts,Z1-B02,Z1,538,538,0,0,43.60,23456.80,0.00,0,N,13,0,0.00,194,N,Routine,Routine: no recurring variance or recount pattern,N,9.75,Quarterly
1391,SKU0110,Material Handling 0110,Material Handling,Z1-B04,Z1,793,793,0,0,51.00,40443.00,0.00,0,N,13,0,0.00,194,N,Routine,Routine: no recurring variance or recount pattern,N,9.75,Quarterly
1392,SKU0111,Industrial Supplies 0111,Industrial Supplies,Z3-B04,Z3,34,34,0,0,54.70,1859.80,0.00,0,N,13,0,0.00,194,N,Routine,Routine: no recurring variance or recount pattern,N,9.75,Quarterly
1393,SKU0112,Electrical Components 0112,Electrical Components,Z3-B02,Z3,250,250,0,0,58.40,14600.00,0.00,0,N,13,0,0.00,194,N,Routine,Routine: no recurring variance or recount pattern,N,9.75,Quarterly
1394,SKU0114,Packaging 0114,Packaging,Z1-B01,Z1,123,123,0,0,65.80,8093.40,0.00,0,N,13,0,0.00,194,N,Routine,Routine: no recurring variance or recount pattern,N,9.75,Quarterly
1395,SKU0115,Tools 0115,Tools,Z1-B03,Z1,432,432,0,0,69.50,30024.00,0.00,0,N,13,0,0.00,194,N,Routine,Routine: no recurring variance or recount pattern,N,9.75,Quarterly
1396,SKU0116,Consumables 0116,Consumables,Z3-B02,Z3,552,552,0,0,73.20,40406.40,0.00,0,N,13,0,0.00,194,N,Routine,Routine: no recurring variance or recount pattern,N,9.75,Quarterly
1397,SKU0118,Maintenance Parts 0118,Maintenance Parts,Z1-B01,Z1,531,531,0,0,80.60,42798.60,0.00,0,N,13,0,0.00,194,N,Routine,Routine: no recurring variance or recount pattern,N,9.75,Quarterly
1398,SKU0120,Material Handling 0120,Material Handling,Z1-B03,Z1,546,546,0,0,88.00,48048.00,0.00,0,N,13,0,0.00,194,N,Routine,Routine: no recurring variance or recount pattern,N,9.75,Quarterly
1399,SKU0120,Material Handling 0120,Material Handling,Z2-B03,Z2,41,41,0,0,88.00,3608.00,0.00,0,N,13,0,0.00,194,N,Routine,Routine: no recurring variance or recount pattern,N,9.75,Quarterly
1400,SKU0122,Electrical Components 0122,Electrical Components,Z1-B01,Z1,84,84,0,0,95.40,8013.60,0.00,0,N,13,0,0.00,194,N,Routine,Routine: no recurring variance or recount pattern,N,9.75,Quarterly
1401,SKU0123,Safety Supplies 0123,Safety Supplies,Z2-B04,Z2,169,169,0,0,99.10,16747.90,0.00,0,N,13,0,0.00,194,N,Routine,Routine: no recurring variance or recount pattern,N,9.75,Quarterly
1402,SKU0124,Packaging 0124,Packaging,Z1-B03,Z1,205,205,0,0,102.80,21074.00,0.00,0,N,13,0,0.00,194,N,Routine,Routine: no recurring variance or recount pattern,N,9.75,Quarterly
1403,SKU0124,Packaging 0124,Packaging,Z2-B03,Z2,272,272,0,0,102.80,27961.60,0.00,0,N,13,0,0.00,194,N,Routine,Routine: no recurring variance or recount pattern,N,9.75,Quarterly
1404,SKU0126,Consumables 0126,Consumables,Z1-B01,Z1,318,318,0,0,110.20,35043.60,0.00,0,N,13,0,0.00,194,N,Routine,Routine: no recurring variance or recount pattern,N,9.75,Quarterly
1405,SKU0126,Consumables 0126,Consumables,Z3-B01,Z3,519,519,0,0,110.20,57193.80,0.00,0,N,13,0,0.00,194,N,Routine,Routine: no recurring variance or recount pattern,N,9.75,Quarterly
1406,SKU0138,Maintenance Parts 0138,Maintenance Parts,Z1-B01,Z1,476,476,0,0,34.60,16469.60,0.00,0,N,13,0,0.00,194,N,Routine,Routine: no recurring variance or recount pattern,N,9.75,Quarterly
1407,SKU0138,Maintenance Parts 0138,Maintenance Parts,Z1-B04,Z1,814,814,0,0,34.60,28164.40,0.00,0,N,13,0,0.00,194,N,Routine,Routine: no recurring variance or recount pattern,N,9.75,Quarterly
1408,SKU0140,Material Handling 0140,Material Handling,Z1-B02,Z1,227,227,0,0,42.00,9534.00,0.00,0,N,13,0,0.00,194,N,Routine,Routine: no recurring variance or recount pattern,N,9.75,Quarterly
1409,SKU0143,Safety Supplies 0143,Safety Supplies,Z1-B03,Z1,372,372,0,0,53.10,19753.20,0.00,0,N,13,0,0.00,194,N,Routine,Routine: no recurring variance or recount pattern,N,9.75,Quarterly
1410,SKU0144,Packaging 0144,Packaging,Z1-B02,Z1,547,547,0,0,56.80,31069.60,0.00,0,N,13,0,0.00,194,N,Routine,Routine: no recurring variance or recount pattern,N,9.75,Quarterly
1411,SKU0151,Industrial Supplies 0151,Industrial Supplies,Z2-B03,Z2,312,312,0,0,82.70,25802.40,0.00,0,N,13,0,0.00,194,N,Routine,Routine: no recurring variance or recount pattern,N,9.75,Quarterly
1412,SKU0151,Industrial Supplies 0151,Industrial Supplies,Z3-B04,Z3,185,185,0,0,82.70,15299.50,0.00,0,N,13,0,0.00,194,N,Routine,Routine: no recurring variance or recount pattern,N,9.75,Quarterly
1413,SKU0152,Electrical Components 0152,Electrical Components,Z1-B02,Z1,415,415,0,0,86.40,35856.00,0.00,0,N,13,0,0.00,194,N,Routine,Routine: no recurring variance or recount pattern,N,9.75,Quarterly
1414,SKU0152,Electrical Components 0152,Electrical Components,Z2-B03,Z2,223,223,0,0,86.40,19267.20,0.00,0,N,13,0,0.00,194,N,Routine,Routine: no recurring variance or recount pattern,N,9.75,Quarterly
1415,SKU0152,Electrical Components 0152,Electrical Components,Z3-B02,Z3,422,422,0,0,86.40,36460.80,0.00,0,N,13,0,0.00,194,N,Routine,Routine: no recurring variance or recount pattern,N,9.75,Quarterly
1416,SKU0153,Safety Supplies 0153,Safety Supplies,Z1-B01,Z1,431,431,0,0,90.10,38833.10,0.00,0,N,13,0,0.00,194,N,Routine,Routine: no recurring variance or recount pattern,N,9.75,Quarterly
1417,SKU0154,Packaging 0154,Packaging,Z1-B01,Z1,326,326,0,0,93.80,30578.80,0.00,0,N,13,0,0.00,194,N,Routine,Routine: no recurring variance or recount pattern,N,9.75,Quarterly
1418,SKU0155,Tools 0155,Tools,Z3-B04,Z3,488,488,0,0,97.50,47580.00,0.00,0,N,13,0,0.00,194,N,Routine,Routine: no recurring variance or recount pattern,N,9.75,Quarterly
1419,SKU0157,Fasteners 0157,Fasteners,Z2-B01,Z2,883,883,0,0,104.90,92626.70,0.00,0,N,13,0,0.00,194,N,Routine,Routine: no recurring variance or recount pattern,N,9.75,Quarterly
1420,SKU0158,Maintenance Parts 0158,Maintenance Parts,Z3-B01,Z3,67,67,0,0,108.60,7276.20,0.00,0,N,13,0,0.00,194,N,Routine,Routine: no recurring variance or recount pattern,N,9.75,Quarterly
1421,SKU0162,Electrical Components 0162,Electrical Components,Z2-B04,Z2,454,454,0,0,123.40,56023.60,0.00,0,N,13,0,0.00,194,N,Routine,Routine: no recurring variance or recount pattern,N,9.75,Quarterly
1422,SKU0164,Packaging 0164,Packaging,Z3-B02,Z3,703,703,0,0,10.80,7592.40,0.00,0,N,13,0,0.00,194,N,Routine,Routine: no recurring variance or recount pattern,N,9.75,Quarterly
1423,SKU0165,Tools 0165,Tools,Z2-B01,Z2,679,679,0,0,14.50,9845.50,0.00,0,N,13,0,0.00,194,N,Routine,Routine: no recurring variance or recount pattern,N,9.75,Quarterly
1424,SKU0166,Consumables 0166,Consumables,Z1-B04,Z1,819,819,0,0,18.20,14905.80,0.00,0,N,13,0,0.00,194,N,Routine,Routine: no recurring variance or recount pattern,N,9.75,Quarterly
1425,SKU0170,Material Handling 0170,Material Handling,Z1-B04,Z1,355,355,0,0,33.00,11715.00,0.00,0,N,13,0,0.00,194,N,Routine,Routine: no recurring variance or recount pattern,N,9.75,Quarterly
1426,SKU0170,Material Handling 0170,Material Handling,Z3-B04,Z3,488,488,0,0,33.00,16104.00,0.00,0,N,13,0,0.00,194,N,Routine,Routine: no recurring variance or recount pattern,N,9.75,Quarterly
1427,SKU0171,Industrial Supplies 0171,Industrial Supplies,Z1-B03,Z1,386,386,0,0,36.70,14166.20,0.00,0,N,13,0,0.00,194,N,Routine,Routine: no recurring variance or recount pattern,N,9.75,Quarterly
1428,SKU0175,Tools 0175,Tools,Z1-B03,Z1,690,690,0,0,51.50,35535.00,0.00,0,N,13,0,0.00,194,N,Routine,Routine: no recurring variance or recount pattern,N,9.75,Quarterly
1429,SKU0175,Tools 0175,Tools,Z2-B03,Z2,773,773,0,0,51.50,39809.50,0.00,0,N,13,0,0.00,194,N,Routine,Routine: no recurring variance or recount pattern,N,9.75,Quarterly
1430,SKU0179,Shipping Supplies 0179,Shipping Supplies,Z1-B03,Z1,398,398,0,0,66.30,26387.40,0.00,0,N,13,0,0.00,194,N,Routine,Routine: no recurring variance or recount pattern,N,9.75,Quarterly
1431,SKU0182,Electrical Components 0182,Electrical Components,Z1-B04,Z1,545,545,0,0,77.40,42183.00,0.00,0,N,13,0,0.00,194,N,Routine,Routine: no recurring variance or recount pattern,N,9.75,Quarterly
1432,SKU0182,Electrical Components 0182,Electrical Components,Z2-B04,Z2,690,690,0,0,77.40,53406.00,0.00,0,N,13,0,0.00,194,N,Routine,Routine: no recurring variance or recount pattern,N,9.75,Quarterly
1433,SKU0183,Safety Supplies 0183,Safety Supplies,Z2-B03,Z2,760,760,0,0,81.10,61636.00,0.00,0,N,13,0,0.00,194,N,Routine,Routine: no recurring variance or recount pattern,N,9.75,Quarterly
1434,SKU0184,Packaging 0184,Packaging,Z3-B02,Z3,763,763,0,0,84.80,64702.40,0.00,0,N,13,0,0.00,194,N,Routine,Routine: no recurring variance or recount pattern,N,9.75,Quarterly
1435,SKU0185,Tools 0185,Tools,Z1-B01,Z1,792,792,0,0,88.50,70092.00,0.00,0,N,13,0,0.00,194,N,Routine,Routine: no recurring variance or recount pattern,N,9.75,Quarterly
1436,SKU0189,Shipping Supplies 0189,Shipping Supplies,Z3-B01,Z3,523,523,0,0,103.30,54025.90,0.00,0,N,13,0,0.00,194,N,Routine,Routine: no recurring variance or recount pattern,N,9.75,Quarterly
1437,SKU0190,Material Handling 0190,Material Handling,Z3-B04,Z3,519,519,0,0,107.00,55533.00,0.00,0,N,13,0,0.00,194,N,Routine,Routine: no recurring variance or recount pattern,N,9.75,Quarterly
1438,SKU0191,Industrial Supplies 0191,Industrial Supplies,Z3-B04,Z3,389,389,0,0,110.70,43062.30,0.00,0,N,13,0,0.00,194,N,Routine,Routine: no recurring variance or recount pattern,N,9.75,Quarterly
1439,SKU0193,Safety Supplies 0193,Safety Supplies,Z1-B01,Z1,631,631,0,0,118.10,74521.10,0.00,0,N,13,0,0.00,194,N,Routine,Routine: no recurring variance or recount pattern,N,9.75,Quarterly
1440,SKU0194,Packaging 0194,Packaging,Z1-B04,Z1,839,839,0,0,121.80,102190.20,0.00,0,N,13,0,0.00,194,N,Routine,Routine: no recurring variance or recount pattern,N,9.75,Quarterly
1441,SKU0195,Tools 0195,Tools,Z3-B04,Z3,48,48,0,0,5.50,264.00,0.00,0,N,13,0,0.00,194,N,Routine,Routine: no recurring variance or recount pattern,N,9.75,Quarterly
1442,SKU0197,Fasteners 0197,Fasteners,Z1-B01,Z1,313,313,0,0,12.90,4037.70,0.00,0,N,13,0,0.00,194,N,Routine,Routine: no recurring variance or recount pattern,N,9.75,Quarterly
1443,SKU0197,Fasteners 0197,Fasteners,Z2-B01,Z2,280,280,0,0,12.90,3612.00,0.00,0,N,13,0,0.00,194,N,Routine,Routine: no recurring variance or recount pattern,N,9.75,Quarterly
1444,SKU0203,Safety Supplies 0203,Safety Supplies,Z1-B03,Z1,824,824,0,0,35.10,28922.40,0.00,0,N,13,0,0.00,194,N,Routine,Routine: no recurring variance or recount pattern,N,9.75,Quarterly
1445,SKU0204,Packaging 0204,Packaging,Z3-B02,Z3,212,212,0,0,38.80,8225.60,0.00,0,N,13,0,0.00,194,N,Routine,Routine: no recurring variance or recount pattern,N,9.75,Quarterly
1446,SKU0207,Fasteners 0207,Fasteners,Z1-B03,Z1,432,432,0,0,49.90,21556.80,0.00,0,N,13,0,0.00,194,N,Routine,Routine: no recurring variance or recount pattern,N,9.75,Quarterly
1447,SKU0212,Electrical Components 0212,Electrical Components,Z3-B02,Z3,839,839,0,0,68.40,57387.60,0.00,0,N,13,0,0.00,194,N,Routine,Routine: no recurring variance or recount pattern,N,9.75,Quarterly
1448,SKU0213,Safety Supplies 0213,Safety Supplies,Z3-B01,Z3,201,201,0,0,72.10,14492.10,0.00,0,N,13,0,0.00,194,N,Routine,Routine: no recurring variance or recount pattern,N,9.75,Quarterly
1449,SKU0214,Packaging 0214,Packaging,Z2-B04,Z2,186,186,0,0,75.80,14098.80,0.00,0,N,13,0,0.00,194,N,Routine,Routine: no recurring variance or recount pattern,N,9.75,Quarterly
1450,SKU0214,Packaging 0214,Packaging,Z3-B04,Z3,332,332,0,0,75.80,25165.60,0.00,0,N,13,0,0.00,194,N,Routine,Routine: no recurring variance or recount pattern,N,9.75,Quarterly
1451,SKU0215,Tools 0215,Tools,Z2-B03,Z2,271,271,0,0,79.50,21544.50,0.00,0,N,13,0,0.00,194,N,Routine,Routine: no recurring variance or recount pattern,N,9.75,Quarterly
1452,SKU0216,Consumables 0216,Consumables,Z3-B02,Z3,496,496,0,0,83.20,41267.20,0.00,0,N,13,0,0.00,194,N,Routine,Routine: no recurring variance or recount pattern,N,9.75,Quarterly
1453,SKU0218,Maintenance Parts 0218,Maintenance Parts,Z2-B04,Z2,615,615,0,0,90.60,55719.00,0.00,0,N,13,0,0.00,194,N,Routine,Routine: no recurring variance or recount pattern,N,9.75,Quarterly
1454,SKU0218,Maintenance Parts 0218,Maintenance Parts,Z3-B04,Z3,537,537,0,0,90.60,48652.20,0.00,0,N,13,0,0.00,194,N,Routine,Routine: no recurring variance or recount pattern,N,9.75,Quarterly
1455,SKU0219,Shipping Supplies 0219,Shipping Supplies,Z3-B04,Z3,439,439,0,0,94.30,41397.70,0.00,0,N,13,0,0.00,194,N,Routine,Routine: no recurring variance or recount pattern,N,9.75,Quarterly
1456,SKU0220,Material Handling 0220,Material Handling,Z1-B02,Z1,631,631,0,0,98.00,61838.00,0.00,0,N,13,0,0.00,194,N,Routine,Routine: no recurring variance or recount pattern,N,9.75,Quarterly
1457,SKU0221,Industrial Supplies 0221,Industrial Supplies,Z3-B01,Z3,851,851,0,0,101.70,86546.70,0.00,0,N,13,0,0.00,194,N,Routine,Routine: no recurring variance or recount pattern,N,9.75,Quarterly
1458,SKU0222,Electrical Components 0222,Electrical Components,Z2-B04,Z2,201,201,0,0,105.40,21185.40,0.00,0,N,13,0,0.00,194,N,Routine,Routine: no recurring variance or recount pattern,N,9.75,Quarterly
1459,SKU0222,Electrical Components 0222,Electrical Components,Z3-B01,Z3,38,38,0,0,105.40,4005.20,0.00,0,N,13,0,0.00,194,N,Routine,Routine: no recurring variance or recount pattern,N,9.75,Quarterly
1460,SKU0223,Safety Supplies 0223,Safety Supplies,Z2-B03,Z2,262,262,0,0,109.10,28584.20,0.00,0,N,13,0,0.00,194,N,Routine,Routine: no recurring variance or recount pattern,N,9.75,Quarterly
1461,SKU0228,Maintenance Parts 0228,Maintenance Parts,Z1-B03,Z1,320,320,0,0,7.60,2432.00,0.00,0,N,13,0,0.00,194,N,Routine,Routine: no recurring variance or recount pattern,N,9.75,Quarterly
1462,SKU0230,Material Handling 0230,Material Handling,Z2-B04,Z2,647,647,0,0,15.00,9705.00,0.00,0,N,13,0,0.00,194,N,Routine,Routine: no recurring variance or recount pattern,N,9.75,Quarterly
1463,SKU0230,Material Handling 0230,Material Handling,Z3-B01,Z3,533,533,0,0,15.00,7995.00,0.00,0,N,13,0,0.00,194,N,Routine,Routine: no recurring variance or recount pattern,N,9.75,Quarterly
1464,SKU0231,Industrial Supplies 0231,Industrial Supplies,Z1-B03,Z1,813,813,0,0,18.70,15203.10,0.00,0,N,13,0,0.00,194,N,Routine,Routine: no recurring variance or recount pattern,N,9.75,Quarterly
1465,SKU0233,Safety Supplies 0233,Safety Supplies,Z1-B02,Z1,0,0,0,0,26.10,0.00,0.00,0,N,13,0,0.00,194,N,Routine,Routine: no recurring variance or recount pattern,N,9.75,Quarterly
1466,SKU0233,Safety Supplies 0233,Safety Supplies,Z3-B01,Z3,313,313,0,0,26.10,8169.30,0.00,0,N,13,0,0.00,194,N,Routine,Routine: no recurring variance or recount pattern,N,9.75,Quarterly
1467,SKU0234,Packaging 0234,Packaging,Z1-B01,Z1,39,39,0,0,29.80,1162.20,0.00,0,N,13,0,0.00,194,N,Routine,Routine: no recurring variance or recount pattern,N,9.75,Quarterly
1468,SKU0235,Tools 0235,Tools,Z3-B04,Z3,306,306,0,0,33.50,10251.00,0.00,0,N,13,0,0.00,194,N,Routine,Routine: no recurring variance or recount pattern,N,9.75,Quarterly
1469,SKU0238,Maintenance Parts 0238,Maintenance Parts,Z2-B04,Z2,673,673,0,0,44.60,30015.80,0.00,0,N,13,0,0.00,194,N,Routine,Routine: no recurring variance or recount pattern,N,9.75,Quarterly
1470,SKU0238,Maintenance Parts 0238,Maintenance Parts,Z3-B04,Z3,731,731,0,0,44.60,32602.60,0.00,0,N,13,0,0.00,194,N,Routine,Routine: no recurring variance or recount pattern,N,9.75,Quarterly
1471,SKU0243,Safety Supplies 0243,Safety Supplies,Z3-B04,Z3,229,229,0,0,63.10,14449.90,0.00,0,N,13,0,0.00,194,N,Routine,Routine: no recurring variance or recount pattern,N,9.75,Quarterly
1472,SKU0244,Packaging 0244,Packaging,Z1-B03,Z1,115,115,0,0,66.80,7682.00,0.00,0,N,13,0,0.00,194,N,Routine,Routine: no recurring variance or recount pattern,N,9.75,Quarterly
1473,SKU0245,Tools 0245,Tools,Z1-B02,Z1,212,212,0,0,70.50,14946.00,0.00,0,N,13,0,0.00,194,N,Routine,Routine: no recurring variance or recount pattern,N,9.75,Quarterly
1474,SKU0249,Shipping Supplies 0249,Shipping Supplies,Z1-B01,Z1,749,749,0,0,85.30,63889.70,0.00,0,N,13,0,0.00,194,N,Routine,Routine: no recurring variance or recount pattern,N,9.75,Quarterly
1475,SKU0249,Shipping Supplies 0249,Shipping Supplies,Z2-B01,Z2,652,652,0,0,85.30,55615.60,0.00,0,N,13,0,0.00,194,N,Routine,Routine: no recurring variance or recount pattern,N,9.75,Quarterly
1476,SKU0250,Material Handling 0250,Material Handling,Z1-B01,Z1,581,581,0,0,89.00,51709.00,0.00,0,N,13,0,0.00,194,N,Routine,Routine: no recurring variance or recount pattern,N,9.75,Quarterly
1477,SKU0255,Tools 0255,Tools,Z3-B04,Z3,435,435,0,0,107.50,46762.50,0.00,0,N,13,0,0.00,194,N,Routine,Routine: no recurring variance or recount pattern,N,9.75,Quarterly
1478,SKU0258,Maintenance Parts 0258,Maintenance Parts,Z3-B01,Z3,567,567,0,0,118.60,67246.20,0.00,0,N,13,0,0.00,194,N,Routine,Routine: no recurring variance or recount pattern,N,9.75,Quarterly
1479,SKU0262,Electrical Components 0262,Electrical Components,Z1-B01,Z1,78,78,0,0,13.40,1045.20,0.00,0,N,13,0,0.00,194,N,Routine,Routine: no recurring variance or recount pattern,N,9.75,Quarterly
1480,SKU0264,Packaging 0264,Packaging,Z3-B02,Z3,479,479,0,0,20.80,9963.20,0.00,0,N,13,0,0.00,194,N,Routine,Routine: no recurring variance or recount pattern,N,9.75,Quarterly
1481,SKU0266,Consumables 0266,Consumables,Z1-B01,Z1,417,417,0,0,28.20,11759.40,0.00,0,N,13,0,0.00,194,N,Routine,Routine: no recurring variance or recount pattern,N,9.75,Quarterly
1482,SKU0270,Material Handling 0270,Material Handling,Z1-B01,Z1,60,60,0,0,43.00,2580.00,0.00,0,N,13,0,0.00,194,N,Routine,Routine: no recurring variance or recount pattern,N,9.75,Quarterly
1483,SKU0271,Industrial Supplies 0271,Industrial Supplies,Z1-B04,Z1,48,48,0,0,46.70,2241.60,0.00,0,N,13,0,0.00,194,N,Routine,Routine: no recurring variance or recount pattern,N,9.75,Quarterly
1484,SKU0271,Industrial Supplies 0271,Industrial Supplies,Z3-B04,Z3,233,233,0,0,46.70,10881.10,0.00,0,N,13,0,0.00,194,N,Routine,Routine: no recurring variance or recount pattern,N,9.75,Quarterly
1485,SKU0272,Electrical Components 0272,Electrical Components,Z1-B03,Z1,156,156,0,0,50.40,7862.40,0.00,0,N,13,0,0.00,194,N,Routine,Routine: no recurring variance or recount pattern,N,9.75,Quarterly
1486,SKU0278,Maintenance Parts 0278,Maintenance Parts,Z1-B01,Z1,543,543,0,0,72.60,39421.80,0.00,0,N,13,0,0.00,194,N,Routine,Routine: no recurring variance or recount pattern,N,9.75,Quarterly
1487,SKU0278,Maintenance Parts 0278,Maintenance Parts,Z3-B04,Z3,269,269,0,0,72.60,19529.40,0.00,0,N,13,0,0.00,194,N,Routine,Routine: no recurring variance or recount pattern,N,9.75,Quarterly
1488,SKU0279,Shipping Supplies 0279,Shipping Supplies,Z1-B03,Z1,146,146,0,0,76.30,11139.80,0.00,0,N,13,0,0.00,194,N,Routine,Routine: no recurring variance or recount pattern,N,9.75,Quarterly
1489,SKU0280,Material Handling 0280,Material Handling,Z1-B02,Z1,281,281,0,0,80.00,22480.00,0.00,0,N,13,0,0.00,194,N,Routine,Routine: no recurring variance or recount pattern,N,9.75,Quarterly
1490,SKU0281,Industrial Supplies 0281,Industrial Supplies,Z2-B01,Z2,411,411,0,0,83.70,34400.70,0.00,0,N,13,0,0.00,194,N,Routine,Routine: no recurring variance or recount pattern,N,9.75,Quarterly
1491,SKU0284,Packaging 0284,Packaging,Z1-B02,Z1,535,535,0,0,94.80,50718.00,0.00,0,N,13,0,0.00,194,N,Routine,Routine: no recurring variance or recount pattern,N,9.75,Quarterly
1492,SKU0286,Consumables 0286,Consumables,Z2-B04,Z2,786,786,0,0,102.20,80329.20,0.00,0,N,13,0,0.00,194,N,Routine,Routine: no recurring variance or recount pattern,N,9.75,Quarterly
1493,SKU0291,Industrial Supplies 0291,Industrial Supplies,Z2-B03,Z2,502,502,0,0,120.70,60591.40,0.00,0,N,13,0,0.00,194,N,Routine,Routine: no recurring variance or recount pattern,N,9.75,Quarterly
1494,SKU0298,Maintenance Parts 0298,Maintenance Parts,Z3-B04,Z3,270,270,0,0,26.60,7182.00,0.00,0,N,13,0,0.00,194,N,Routine,Routine: no recurring variance or recount pattern,N,9.75,Quarterly
1495,SKU0006,Consumables 0006,Consumables,Z1-B01,Z1,382,382,0,0,26.20,10008.40,0.00,0,N,13,0,0.00,193,N,Routine,Routine: no recurring variance or recount pattern,N,9.70,Quarterly
1496,SKU0009,Shipping Supplies 0009,Shipping Supplies,Z3-B01,Z3,192,192,0,0,37.30,7161.60,0.00,0,N,13,0,0.00,193,N,Routine,Routine: no recurring variance or recount pattern,N,9.70,Quarterly
1497,SKU0010,Material Handling 0010,Material Handling,Z2-B04,Z2,306,306,0,0,41.00,12546.00,0.00,0,N,13,0,0.00,193,N,Routine,Routine: no recurring variance or recount pattern,N,9.70,Quarterly
1498,SKU0011,Industrial Supplies 0011,Industrial Supplies,Z2-B03,Z2,320,320,0,0,44.70,14304.00,0.00,0,N,13,0,0.00,193,N,Routine,Routine: no recurring variance or recount pattern,N,9.70,Quarterly
1499,SKU0016,Consumables 0016,Consumables,Z3-B02,Z3,633,633,0,0,63.20,40005.60,0.00,0,N,13,0,0.00,193,N,Routine,Routine: no recurring variance or recount pattern,N,9.70,Quarterly
1500,SKU0020,Material Handling 0020,Material Handling,Z1-B02,Z1,272,272,0,0,78.00,21216.00,0.00,0,N,13,0,0.00,193,N,Routine,Routine: no recurring variance or recount pattern,N,9.70,Quarterly
1501,SKU0023,Safety Supplies 0023,Safety Supplies,Z2-B03,Z2,592,592,0,0,89.10,52747.20,0.00,0,N,13,0,0.00,193,N,Routine,Routine: no recurring variance or recount pattern,N,9.70,Quarterly
1502,SKU0025,Tools 0025,Tools,Z3-B01,Z3,729,729,0,0,96.50,70348.50,0.00,0,N,13,0,0.00,193,N,Routine,Routine: no recurring variance or recount pattern,N,9.70,Quarterly
1503,SKU0032,Electrical Components 0032,Electrical Components,Z1-B02,Z1,474,474,0,0,122.40,58017.60,0.00,0,N,13,0,0.00,193,N,Routine,Routine: no recurring variance or recount pattern,N,9.70,Quarterly
1504,SKU0040,Material Handling 0040,Material Handling,Z3-B02,Z3,501,501,0,0,32.00,16032.00,0.00,0,N,13,0,0.00,193,N,Routine,Routine: no recurring variance or recount pattern,N,9.70,Quarterly
1505,SKU0041,Industrial Supplies 0041,Industrial Supplies,Z3-B01,Z3,521,521,0,0,35.70,18599.70,0.00,0,N,13,0,0.00,193,N,Routine,Routine: no recurring variance or recount pattern,N,9.70,Quarterly
1506,SKU0042,Electrical Components 0042,Electrical Components,Z3-B04,Z3,529,529,0,0,39.40,20842.60,0.00,0,N,13,0,0.00,193,N,Routine,Routine: no recurring variance or recount pattern,N,9.70,Quarterly
1507,SKU0043,Safety Supplies 0043,Safety Supplies,Z2-B03,Z2,681,681,0,0,43.10,29351.10,0.00,0,N,13,0,0.00,193,N,Routine,Routine: no recurring variance or recount pattern,N,9.70,Quarterly
1508,SKU0047,Fasteners 0047,Fasteners,Z1-B03,Z1,238,238,0,0,57.90,13780.20,0.00,0,N,13,0,0.00,193,N,Routine,Routine: no recurring variance or recount pattern,N,9.70,Quarterly
1509,SKU0050,Material Handling 0050,Material Handling,Z2-B04,Z2,474,474,0,0,69.00,32706.00,0.00,0,N,13,0,0.00,193,N,Routine,Routine: no recurring variance or recount pattern,N,9.70,Quarterly
1510,SKU0056,Consumables 0056,Consumables,Z3-B02,Z3,268,268,0,0,91.20,24441.60,0.00,0,N,13,0,0.00,193,N,Routine,Routine: no recurring variance or recount pattern,N,9.70,Quarterly
1511,SKU0057,Fasteners 0057,Fasteners,Z1-B01,Z1,240,240,0,0,94.90,22776.00,0.00,0,N,13,0,0.00,193,N,Routine,Routine: no recurring variance or recount pattern,N,9.70,Quarterly
1512,SKU0057,Fasteners 0057,Fasteners,Z2-B01,Z2,260,260,0,0,94.90,24674.00,0.00,0,N,13,0,0.00,193,N,Routine,Routine: no recurring variance or recount pattern,N,9.70,Quarterly
1513,SKU0060,Material Handling 0060,Material Handling,Z1-B02,Z1,530,530,0,0,106.00,56180.00,0.00,0,N,13,0,0.00,193,N,Routine,Routine: no recurring variance or recount pattern,N,9.70,Quarterly
1514,SKU0061,Industrial Supplies 0061,Industrial Supplies,Z3-B01,Z3,579,579,0,0,109.70,63516.30,0.00,0,N,13,0,0.00,193,N,Routine,Routine: no recurring variance or recount pattern,N,9.70,Quarterly
1515,SKU0062,Electrical Components 0062,Electrical Components,Z3-B04,Z3,806,806,0,0,113.40,91400.40,0.00,0,N,13,0,0.00,193,N,Routine,Routine: no recurring variance or recount pattern,N,9.70,Quarterly
1516,SKU0065,Tools 0065,Tools,Z1-B02,Z1,39,39,0,0,4.50,175.50,0.00,0,N,13,0,0.00,193,N,Routine,Routine: no recurring variance or recount pattern,N,9.70,Quarterly
1517,SKU0065,Tools 0065,Tools,Z2-B01,Z2,214,214,0,0,4.50,963.00,0.00,0,N,13,0,0.00,193,N,Routine,Routine: no recurring variance or recount pattern,N,9.70,Quarterly
1518,SKU0068,Maintenance Parts 0068,Maintenance Parts,Z3-B02,Z3,470,470,0,0,15.60,7332.00,0.00,0,N,13,0,0.00,193,N,Routine,Routine: no recurring variance or recount pattern,N,9.70,Quarterly
1519,SKU0070,Material Handling 0070,Material Handling,Z2-B04,Z2,632,632,0,0,23.00,14536.00,0.00,0,N,13,0,0.00,193,N,Routine,Routine: no recurring variance or recount pattern,N,9.70,Quarterly
1520,SKU0070,Material Handling 0070,Material Handling,Z3-B04,Z3,558,558,0,0,23.00,12834.00,0.00,0,N,13,0,0.00,193,N,Routine,Routine: no recurring variance or recount pattern,N,9.70,Quarterly
1521,SKU0072,Electrical Components 0072,Electrical Components,Z1-B02,Z1,681,681,0,0,30.40,20702.40,0.00,0,N,13,0,0.00,193,N,Routine,Routine: no recurring variance or recount pattern,N,9.70,Quarterly
1522,SKU0072,Electrical Components 0072,Electrical Components,Z3-B02,Z3,678,678,0,0,30.40,20611.20,0.00,0,N,13,0,0.00,193,N,Routine,Routine: no recurring variance or recount pattern,N,9.70,Quarterly
1523,SKU0074,Packaging 0074,Packaging,Z3-B04,Z3,270,270,0,0,37.80,10206.00,0.00,0,N,13,0,0.00,193,N,Routine,Routine: no recurring variance or recount pattern,N,9.70,Quarterly
1524,SKU0077,Fasteners 0077,Fasteners,Z2-B01,Z2,403,403,0,0,48.90,19706.70,0.00,0,N,13,0,0.00,193,N,Routine,Routine: no recurring variance or recount pattern,N,9.70,Quarterly
1525,SKU0078,Maintenance Parts 0078,Maintenance Parts,Z2-B04,Z2,479,479,0,0,52.60,25195.40,0.00,0,N,13,0,0.00,193,N,Routine,Routine: no recurring variance or recount pattern,N,9.70,Quarterly
1526,SKU0079,Shipping Supplies 0079,Shipping Supplies,Z1-B03,Z1,475,475,0,0,56.30,26742.50,0.00,0,N,13,0,0.00,193,N,Routine,Routine: no recurring variance or recount pattern,N,9.70,Quarterly
1527,SKU0080,Material Handling 0080,Material Handling,Z3-B02,Z3,716,716,0,0,60.00,42960.00,0.00,0,N,13,0,0.00,193,N,Routine,Routine: no recurring variance or recount pattern,N,9.70,Quarterly
1528,SKU0082,Electrical Components 0082,Electrical Components,Z1-B04,Z1,821,821,0,0,67.40,55335.40,0.00,0,N,13,0,0.00,193,N,Routine,Routine: no recurring variance or recount pattern,N,9.70,Quarterly
1529,SKU0086,Consumables 0086,Consumables,Z3-B04,Z3,520,520,0,0,82.20,42744.00,0.00,0,N,13,0,0.00,193,N,Routine,Routine: no recurring variance or recount pattern,N,9.70,Quarterly
1530,SKU0087,Fasteners 0087,Fasteners,Z2-B03,Z2,488,488,0,0,85.90,41919.20,0.00,0,N,13,0,0.00,193,N,Routine,Routine: no recurring variance or recount pattern,N,9.70,Quarterly
1531,SKU0088,Maintenance Parts 0088,Maintenance Parts,Z3-B02,Z3,496,496,0,0,89.60,44441.60,0.00,0,N,13,0,0.00,193,N,Routine,Routine: no recurring variance or recount pattern,N,9.70,Quarterly
1532,SKU0092,Electrical Components 0092,Electrical Components,Z1-B02,Z1,738,738,0,0,104.40,77047.20,0.00,0,N,13,0,0.00,193,N,Routine,Routine: no recurring variance or recount pattern,N,9.70,Quarterly
1533,SKU0093,Safety Supplies 0093,Safety Supplies,Z3-B01,Z3,270,270,0,0,108.10,29187.00,0.00,0,N,13,0,0.00,193,N,Routine,Routine: no recurring variance or recount pattern,N,9.70,Quarterly
1534,SKU0094,Packaging 0094,Packaging,Z1-B04,Z1,346,346,0,0,111.80,38682.80,0.00,0,N,13,0,0.00,193,N,Routine,Routine: no recurring variance or recount pattern,N,9.70,Quarterly
1535,SKU0095,Tools 0095,Tools,Z1-B03,Z1,372,372,0,0,115.50,42966.00,0.00,0,N,13,0,0.00,193,N,Routine,Routine: no recurring variance or recount pattern,N,9.70,Quarterly
1536,SKU0096,Consumables 0096,Consumables,Z3-B02,Z3,482,482,0,0,119.20,57454.40,0.00,0,N,13,0,0.00,193,N,Routine,Routine: no recurring variance or recount pattern,N,9.70,Quarterly
1537,SKU0099,Shipping Supplies 0099,Shipping Supplies,Z3-B04,Z3,492,492,0,0,10.30,5067.60,0.00,0,N,13,0,0.00,193,N,Routine,Routine: no recurring variance or recount pattern,N,9.70,Quarterly
1538,SKU0104,Packaging 0104,Packaging,Z1-B02,Z1,339,339,0,0,28.80,9763.20,0.00,0,N,13,0,0.00,193,N,Routine,Routine: no recurring variance or recount pattern,N,9.70,Quarterly
1539,SKU0106,Consumables 0106,Consumables,Z2-B04,Z2,470,470,0,0,36.20,17014.00,0.00,0,N,13,0,0.00,193,N,Routine,Routine: no recurring variance or recount pattern,N,9.70,Quarterly
1540,SKU0107,Fasteners 0107,Fasteners,Z2-B03,Z2,522,522,0,0,39.90,20827.80,0.00,0,N,13,0,0.00,193,N,Routine,Routine: no recurring variance or recount pattern,N,9.70,Quarterly
1541,SKU0108,Maintenance Parts 0108,Maintenance Parts,Z3-B02,Z3,773,773,0,0,43.60,33702.80,0.00,0,N,13,0,0.00,193,N,Routine,Routine: no recurring variance or recount pattern,N,9.70,Quarterly
1542,SKU0112,Electrical Components 0112,Electrical Components,Z1-B02,Z1,289,289,0,0,58.40,16877.60,0.00,0,N,13,0,0.00,193,N,Routine,Routine: no recurring variance or recount pattern,N,9.70,Quarterly
1543,SKU0114,Packaging 0114,Packaging,Z3-B04,Z3,448,448,0,0,65.80,29478.40,0.00,0,N,13,0,0.00,193,N,Routine,Routine: no recurring variance or recount pattern,N,9.70,Quarterly
1544,SKU0115,Tools 0115,Tools,Z2-B03,Z2,483,483,0,0,69.50,33568.50,0.00,0,N,13,0,0.00,193,N,Routine,Routine: no recurring variance or recount pattern,N,9.70,Quarterly
1545,SKU0119,Shipping Supplies 0119,Shipping Supplies,Z1-B03,Z1,666,666,0,0,84.30,56143.80,0.00,0,N,13,0,0.00,193,N,Routine,Routine: no recurring variance or recount pattern,N,9.70,Quarterly
1546,SKU0120,Material Handling 0120,Material Handling,Z3-B02,Z3,183,183,0,0,88.00,16104.00,0.00,0,N,13,0,0.00,193,N,Routine,Routine: no recurring variance or recount pattern,N,9.70,Quarterly
1547,SKU0123,Safety Supplies 0123,Safety Supplies,Z3-B04,Z3,193,193,0,0,99.10,19126.30,0.00,0,N,13,0,0.00,193,N,Routine,Routine: no recurring variance or recount pattern,N,9.70,Quarterly
1548,SKU0124,Packaging 0124,Packaging,Z3-B02,Z3,559,559,0,0,102.80,57465.20,0.00,0,N,13,0,0.00,193,N,Routine,Routine: no recurring variance or recount pattern,N,9.70,Quarterly
1549,SKU0126,Consumables 0126,Consumables,Z2-B04,Z2,683,683,0,0,110.20,75266.60,0.00,0,N,13,0,0.00,193,N,Routine,Routine: no recurring variance or recount pattern,N,9.70,Quarterly
1550,SKU0127,Fasteners 0127,Fasteners,Z1-B03,Z1,680,680,0,0,113.90,77452.00,0.00,0,N,13,0,0.00,193,N,Routine,Routine: no recurring variance or recount pattern,N,9.70,Quarterly
1551,SKU0127,Fasteners 0127,Fasteners,Z2-B03,Z2,718,718,0,0,113.90,81780.20,0.00,0,N,13,0,0.00,193,N,Routine,Routine: no recurring variance or recount pattern,N,9.70,Quarterly
1552,SKU0130,Material Handling 0130,Material Handling,Z3-B04,Z3,242,242,0,0,5.00,1210.00,0.00,0,N,13,0,0.00,193,N,Routine,Routine: no recurring variance or recount pattern,N,9.70,Quarterly
1553,SKU0134,Packaging 0134,Packaging,Z1-B04,Z1,522,522,0,0,19.80,10335.60,0.00,0,N,13,0,0.00,193,N,Routine,Routine: no recurring variance or recount pattern,N,9.70,Quarterly
1554,SKU0134,Packaging 0134,Packaging,Z3-B04,Z3,503,503,0,0,19.80,9959.40,0.00,0,N,13,0,0.00,193,N,Routine,Routine: no recurring variance or recount pattern,N,9.70,Quarterly
1555,SKU0137,Fasteners 0137,Fasteners,Z2-B01,Z2,779,779,0,0,30.90,24071.10,0.00,0,N,13,0,0.00,193,N,Routine,Routine: no recurring variance or recount pattern,N,9.70,Quarterly
1556,SKU0144,Packaging 0144,Packaging,Z3-B02,Z3,682,682,0,0,56.80,38737.60,0.00,0,N,13,0,0.00,193,N,Routine,Routine: no recurring variance or recount pattern,N,9.70,Quarterly
1557,SKU0149,Shipping Supplies 0149,Shipping Supplies,Z3-B01,Z3,264,264,0,0,75.30,19879.20,0.00,0,N,13,0,0.00,193,N,Routine,Routine: no recurring variance or recount pattern,N,9.70,Quarterly
1558,SKU0155,Tools 0155,Tools,Z1-B03,Z1,676,676,0,0,97.50,65910.00,0.00,0,N,13,0,0.00,193,N,Routine,Routine: no recurring variance or recount pattern,N,9.70,Quarterly
1559,SKU0156,Consumables 0156,Consumables,Z3-B02,Z3,712,712,0,0,101.20,72054.40,0.00,0,N,13,0,0.00,193,N,Routine,Routine: no recurring variance or recount pattern,N,9.70,Quarterly
1560,SKU0160,Material Handling 0160,Material Handling,Z1-B02,Z1,266,266,0,0,116.00,30856.00,0.00,0,N,13,0,0.00,193,N,Routine,Routine: no recurring variance or recount pattern,N,9.70,Quarterly
1561,SKU0165,Tools 0165,Tools,Z1-B01,Z1,627,627,0,0,14.50,9091.50,0.00,0,N,13,0,0.00,193,N,Routine,Routine: no recurring variance or recount pattern,N,9.70,Quarterly
1562,SKU0172,Electrical Components 0172,Electrical Components,Z1-B02,Z1,521,521,0,0,40.40,21048.40,0.00,0,N,13,0,0.00,193,N,Routine,Routine: no recurring variance or recount pattern,N,9.70,Quarterly
1563,SKU0173,Safety Supplies 0173,Safety Supplies,Z3-B01,Z3,596,596,0,0,44.10,26283.60,0.00,0,N,13,0,0.00,193,N,Routine,Routine: no recurring variance or recount pattern,N,9.70,Quarterly
1564,SKU0177,Fasteners 0177,Fasteners,Z2-B01,Z2,246,246,0,0,58.90,14489.40,0.00,0,N,13,0,0.00,193,N,Routine,Routine: no recurring variance or recount pattern,N,9.70,Quarterly
1565,SKU0177,Fasteners 0177,Fasteners,Z3-B01,Z3,288,288,0,0,58.90,16963.20,0.00,0,N,13,0,0.00,193,N,Routine,Routine: no recurring variance or recount pattern,N,9.70,Quarterly
1566,SKU0178,Maintenance Parts 0178,Maintenance Parts,Z3-B04,Z3,364,364,0,0,62.60,22786.40,0.00,0,N,13,0,0.00,193,N,Routine,Routine: no recurring variance or recount pattern,N,9.70,Quarterly
1567,SKU0180,Material Handling 0180,Material Handling,Z3-B02,Z3,411,411,0,0,70.00,28770.00,0.00,0,N,13,0,0.00,193,N,Routine,Routine: no recurring variance or recount pattern,N,9.70,Quarterly
1568,SKU0187,Fasteners 0187,Fasteners,Z1-B03,Z1,274,274,0,0,95.90,26276.60,0.00,0,N,13,0,0.00,193,N,Routine,Routine: no recurring variance or recount pattern,N,9.70,Quarterly
1569,SKU0187,Fasteners 0187,Fasteners,Z2-B03,Z2,295,295,0,0,95.90,28290.50,0.00,0,N,13,0,0.00,193,N,Routine,Routine: no recurring variance or recount pattern,N,9.70,Quarterly
1570,SKU0190,Material Handling 0190,Material Handling,Z1-B04,Z1,571,571,0,0,107.00,61097.00,0.00,0,N,13,0,0.00,193,N,Routine,Routine: no recurring variance or recount pattern,N,9.70,Quarterly
1571,SKU0192,Electrical Components 0192,Electrical Components,Z1-B02,Z1,696,696,0,0,114.40,79622.40,0.00,0,N,13,0,0.00,193,N,Routine,Routine: no recurring variance or recount pattern,N,9.70,Quarterly
1572,SKU0193,Safety Supplies 0193,Safety Supplies,Z3-B01,Z3,822,822,0,0,118.10,97078.20,0.00,0,N,13,0,0.00,193,N,Routine,Routine: no recurring variance or recount pattern,N,9.70,Quarterly
1573,SKU0201,Industrial Supplies 0201,Industrial Supplies,Z2-B01,Z2,682,682,0,0,27.70,18891.40,0.00,0,N,13,0,0.00,193,N,Routine,Routine: no recurring variance or recount pattern,N,9.70,Quarterly
1574,SKU0202,Electrical Components 0202,Electrical Components,Z2-B04,Z2,711,711,0,0,31.40,22325.40,0.00,0,N,13,0,0.00,193,N,Routine,Routine: no recurring variance or recount pattern,N,9.70,Quarterly
1575,SKU0203,Safety Supplies 0203,Safety Supplies,Z2-B03,Z2,706,706,0,0,35.10,24780.60,0.00,0,N,13,0,0.00,193,N,Routine,Routine: no recurring variance or recount pattern,N,9.70,Quarterly
1576,SKU0206,Consumables 0206,Consumables,Z1-B01,Z1,39,39,0,0,46.20,1801.80,0.00,0,N,13,0,0.00,193,N,Routine,Routine: no recurring variance or recount pattern,N,9.70,Quarterly
1577,SKU0206,Consumables 0206,Consumables,Z1-B04,Z1,314,314,0,0,46.20,14506.80,0.00,0,N,13,0,0.00,193,N,Routine,Routine: no recurring variance or recount pattern,N,9.70,Quarterly
1578,SKU0213,Safety Supplies 0213,Safety Supplies,Z2-B01,Z2,164,164,0,0,72.10,11824.40,0.00,0,N,13,0,0.00,193,N,Routine,Routine: no recurring variance or recount pattern,N,9.70,Quarterly
1579,SKU0214,Packaging 0214,Packaging,Z1-B04,Z1,229,229,0,0,75.80,17358.20,0.00,0,N,13,0,0.00,193,N,Routine,Routine: no recurring variance or recount pattern,N,9.70,Quarterly
1580,SKU0214,Packaging 0214,Packaging,Z2-B01,Z2,18,18,0,0,75.80,1364.40,0.00,0,N,13,0,0.00,193,N,Routine,Routine: no recurring variance or recount pattern,N,9.70,Quarterly
1581,SKU0216,Consumables 0216,Consumables,Z1-B02,Z1,284,284,0,0,83.20,23628.80,0.00,0,N,13,0,0.00,193,N,Routine,Routine: no recurring variance or recount pattern,N,9.70,Quarterly
1582,SKU0221,Industrial Supplies 0221,Industrial Supplies,Z1-B01,Z1,647,647,0,0,101.70,65799.90,0.00,0,N,13,0,0.00,193,N,Routine,Routine: no recurring variance or recount pattern,N,9.70,Quarterly
1583,SKU0225,Tools 0225,Tools,Z3-B01,Z3,386,386,0,0,116.50,44969.00,0.00,0,N,13,0,0.00,193,N,Routine,Routine: no recurring variance or recount pattern,N,9.70,Quarterly
1584,SKU0226,Consumables 0226,Consumables,Z2-B04,Z2,416,416,0,0,120.20,50003.20,0.00,0,N,13,0,0.00,193,N,Routine,Routine: no recurring variance or recount pattern,N,9.70,Quarterly
1585,SKU0226,Consumables 0226,Consumables,Z3-B04,Z3,574,574,0,0,120.20,68994.80,0.00,0,N,13,0,0.00,193,N,Routine,Routine: no recurring variance or recount pattern,N,9.70,Quarterly
1586,SKU0229,Shipping Supplies 0229,Shipping Supplies,Z2-B01,Z2,716,716,0,0,11.30,8090.80,0.00,0,N,13,0,0.00,193,N,Routine,Routine: no recurring variance or recount pattern,N,9.70,Quarterly
1587,SKU0229,Shipping Supplies 0229,Shipping Supplies,Z3-B01,Z3,762,762,0,0,11.30,8610.60,0.00,0,N,13,0,0.00,193,N,Routine,Routine: no recurring variance or recount pattern,N,9.70,Quarterly
1588,SKU0233,Safety Supplies 0233,Safety Supplies,Z2-B01,Z2,237,237,0,0,26.10,6185.70,0.00,0,N,13,0,0.00,193,N,Routine,Routine: no recurring variance or recount pattern,N,9.70,Quarterly
1589,SKU0234,Packaging 0234,Packaging,Z1-B04,Z1,335,335,0,0,29.80,9983.00,0.00,0,N,13,0,0.00,193,N,Routine,Routine: no recurring variance or recount pattern,N,9.70,Quarterly
1590,SKU0235,Tools 0235,Tools,Z1-B03,Z1,362,362,0,0,33.50,12127.00,0.00,0,N,13,0,0.00,193,N,Routine,Routine: no recurring variance or recount pattern,N,9.70,Quarterly
1591,SKU0241,Industrial Supplies 0241,Industrial Supplies,Z3-B01,Z3,182,182,0,0,55.70,10137.40,0.00,0,N,13,0,0.00,193,N,Routine,Routine: no recurring variance or recount pattern,N,9.70,Quarterly
1592,SKU0243,Safety Supplies 0243,Safety Supplies,Z2-B03,Z2,249,249,0,0,63.10,15711.90,0.00,0,N,13,0,0.00,193,N,Routine,Routine: no recurring variance or recount pattern,N,9.70,Quarterly
1593,SKU0244,Packaging 0244,Packaging,Z3-B02,Z3,465,465,0,0,66.80,31062.00,0.00,0,N,13,0,0.00,193,N,Routine,Routine: no recurring variance or recount pattern,N,9.70,Quarterly
1594,SKU0246,Consumables 0246,Consumables,Z2-B04,Z2,594,594,0,0,74.20,44074.80,0.00,0,N,13,0,0.00,193,N,Routine,Routine: no recurring variance or recount pattern,N,9.70,Quarterly
1595,SKU0247,Fasteners 0247,Fasteners,Z3-B04,Z3,453,453,0,0,77.90,35288.70,0.00,0,N,13,0,0.00,193,N,Routine,Routine: no recurring variance or recount pattern,N,9.70,Quarterly
1596,SKU0248,Maintenance Parts 0248,Maintenance Parts,Z1-B02,Z1,676,676,0,0,81.60,55161.60,0.00,0,N,13,0,0.00,193,N,Routine,Routine: no recurring variance or recount pattern,N,9.70,Quarterly
1597,SKU0249,Shipping Supplies 0249,Shipping Supplies,Z3-B01,Z3,829,829,0,0,85.30,70713.70,0.00,0,N,13,0,0.00,193,N,Routine,Routine: no recurring variance or recount pattern,N,9.70,Quarterly
1598,SKU0257,Fasteners 0257,Fasteners,Z3-B01,Z3,717,717,0,0,114.90,82383.30,0.00,0,N,13,0,0.00,193,N,Routine,Routine: no recurring variance or recount pattern,N,9.70,Quarterly
1599,SKU0258,Maintenance Parts 0258,Maintenance Parts,Z1-B04,Z1,762,762,0,0,118.60,90373.20,0.00,0,N,13,0,0.00,193,N,Routine,Routine: no recurring variance or recount pattern,N,9.70,Quarterly
1600,SKU0258,Maintenance Parts 0258,Maintenance Parts,Z2-B04,Z2,816,816,0,0,118.60,96777.60,0.00,0,N,13,0,0.00,193,N,Routine,Routine: no recurring variance or recount pattern,N,9.70,Quarterly
1601,SKU0259,Shipping Supplies 0259,Shipping Supplies,Z2-B03,Z2,107,107,0,0,122.30,13086.10,0.00,0,N,13,0,0.00,193,N,Routine,Routine: no recurring variance or recount pattern,N,9.70,Quarterly
1602,SKU0260,Material Handling 0260,Material Handling,Z1-B02,Z1,235,235,0,0,6.00,1410.00,0.00,0,N,13,0,0.00,193,N,Routine,Routine: no recurring variance or recount pattern,N,9.70,Quarterly
1603,SKU0262,Electrical Components 0262,Electrical Components,Z1-B04,Z1,386,386,0,0,13.40,5172.40,0.00,0,N,13,0,0.00,193,N,Routine,Routine: no recurring variance or recount pattern,N,9.70,Quarterly
1604,SKU0262,Electrical Components 0262,Electrical Components,Z2-B04,Z2,426,426,0,0,13.40,5708.40,0.00,0,N,13,0,0.00,193,N,Routine,Routine: no recurring variance or recount pattern,N,9.70,Quarterly
1605,SKU0263,Safety Supplies 0263,Safety Supplies,Z1-B03,Z1,439,439,0,0,17.10,7506.90,0.00,0,N,13,0,0.00,193,N,Routine,Routine: no recurring variance or recount pattern,N,9.70,Quarterly
1606,SKU0263,Safety Supplies 0263,Safety Supplies,Z3-B04,Z3,260,260,0,0,17.10,4446.00,0.00,0,N,13,0,0.00,193,N,Routine,Routine: no recurring variance or recount pattern,N,9.70,Quarterly
1607,SKU0265,Tools 0265,Tools,Z3-B01,Z3,563,563,0,0,24.50,13793.50,0.00,0,N,13,0,0.00,193,N,Routine,Routine: no recurring variance or recount pattern,N,9.70,Quarterly
1608,SKU0269,Shipping Supplies 0269,Shipping Supplies,Z3-B01,Z3,234,234,0,0,39.30,9196.20,0.00,0,N,13,0,0.00,193,N,Routine,Routine: no recurring variance or recount pattern,N,9.70,Quarterly
1609,SKU0272,Electrical Components 0272,Electrical Components,Z3-B02,Z3,484,484,0,0,50.40,24393.60,0.00,0,N,13,0,0.00,193,N,Routine,Routine: no recurring variance or recount pattern,N,9.70,Quarterly
1610,SKU0273,Safety Supplies 0273,Safety Supplies,Z2-B01,Z2,472,472,0,0,54.10,25535.20,0.00,0,N,13,0,0.00,193,N,Routine,Routine: no recurring variance or recount pattern,N,9.70,Quarterly
1611,SKU0274,Packaging 0274,Packaging,Z1-B04,Z1,601,601,0,0,57.80,34737.80,0.00,0,N,13,0,0.00,193,N,Routine,Routine: no recurring variance or recount pattern,N,9.70,Quarterly
1612,SKU0275,Tools 0275,Tools,Z1-B03,Z1,601,601,0,0,61.50,36961.50,0.00,0,N,13,0,0.00,193,N,Routine,Routine: no recurring variance or recount pattern,N,9.70,Quarterly
1613,SKU0275,Tools 0275,Tools,Z2-B03,Z2,709,709,0,0,61.50,43603.50,0.00,0,N,13,0,0.00,193,N,Routine,Routine: no recurring variance or recount pattern,N,9.70,Quarterly
1614,SKU0278,Maintenance Parts 0278,Maintenance Parts,Z2-B04,Z2,255,255,0,0,72.60,18513.00,0.00,0,N,13,0,0.00,193,N,Routine,Routine: no recurring variance or recount pattern,N,9.70,Quarterly
1615,SKU0279,Shipping Supplies 0279,Shipping Supplies,Z2-B03,Z2,283,283,0,0,76.30,21592.90,0.00,0,N,13,0,0.00,193,N,Routine,Routine: no recurring variance or recount pattern,N,9.70,Quarterly
1616,SKU0284,Packaging 0284,Packaging,Z3-B02,Z3,668,668,0,0,94.80,63326.40,0.00,0,N,13,0,0.00,193,N,Routine,Routine: no recurring variance or recount pattern,N,9.70,Quarterly
1617,SKU0285,Tools 0285,Tools,Z3-B01,Z3,745,745,0,0,98.50,73382.50,0.00,0,N,13,0,0.00,193,N,Routine,Routine: no recurring variance or recount pattern,N,9.70,Quarterly
1618,SKU0286,Consumables 0286,Consumables,Z1-B04,Z1,770,770,0,0,102.20,78694.00,0.00,0,N,13,0,0.00,193,N,Routine,Routine: no recurring variance or recount pattern,N,9.70,Quarterly
1619,SKU0288,Maintenance Parts 0288,Maintenance Parts,Z3-B02,Z3,206,206,0,0,109.60,22577.60,0.00,0,N,13,0,0.00,193,N,Routine,Routine: no recurring variance or recount pattern,N,9.70,Quarterly
1620,SKU0293,Safety Supplies 0293,Safety Supplies,Z1-B01,Z1,579,579,0,0,8.10,4689.90,0.00,0,N,13,0,0.00,193,N,Routine,Routine: no recurring variance or recount pattern,N,9.70,Quarterly
1621,SKU0294,Packaging 0294,Packaging,Z3-B04,Z3,763,763,0,0,11.80,9003.40,0.00,0,N,13,0,0.00,193,N,Routine,Routine: no recurring variance or recount pattern,N,9.70,Quarterly
1622,SKU0296,Consumables 0296,Consumables,Z3-B02,Z3,218,218,0,0,19.20,4185.60,0.00,0,N,13,0,0.00,193,N,Routine,Routine: no recurring variance or recount pattern,N,9.70,Quarterly
1623,SKU0298,Maintenance Parts 0298,Maintenance Parts,Z1-B04,Z1,287,287,0,0,26.60,7634.20,0.00,0,N,13,0,0.00,193,N,Routine,Routine: no recurring variance or recount pattern,N,9.70,Quarterly
1624,SKU0300,Material Handling 0300,Material Handling,Z3-B02,Z3,544,544,0,0,34.00,18496.00,0.00,0,N,13,0,0.00,193,N,Routine,Routine: no recurring variance or recount pattern,N,9.70,Quarterly
1625,SKU0001,Industrial Supplies 0001,Industrial Supplies,Z3-B01,Z3,322,322,0,0,7.70,2479.40,0.00,0,N,13,0,0.00,192,N,Routine,Routine: no recurring variance or recount pattern,N,9.65,Quarterly
1626,SKU0002,Electrical Components 0002,Electrical Components,Z1-B01,Z1,61,61,0,0,11.40,695.40,0.00,0,N,13,0,0.00,192,N,Routine,Routine: no recurring variance or recount pattern,N,9.65,Quarterly
1627,SKU0002,Electrical Components 0002,Electrical Components,Z1-B04,Z1,341,341,0,0,11.40,3887.40,0.00,0,N,13,0,0.00,192,N,Routine,Routine: no recurring variance or recount pattern,N,9.65,Quarterly
1628,SKU0009,Shipping Supplies 0009,Shipping Supplies,Z3-B02,Z3,9,9,0,0,37.30,335.70,0.00,0,N,13,0,0.00,192,N,Routine,Routine: no recurring variance or recount pattern,N,9.65,Quarterly
1629,SKU0015,Tools 0015,Tools,Z2-B03,Z2,538,538,0,0,59.50,32011.00,0.00,0,N,13,0,0.00,192,N,Routine,Routine: no recurring variance or recount pattern,N,9.65,Quarterly
1630,SKU0017,Fasteners 0017,Fasteners,Z2-B01,Z2,673,673,0,0,66.90,45023.70,0.00,0,N,13,0,0.00,192,N,Routine,Routine: no recurring variance or recount pattern,N,9.65,Quarterly
1631,SKU0018,Maintenance Parts 0018,Maintenance Parts,Z2-B04,Z2,197,197,0,0,70.60,13908.20,0.00,0,N,13,0,0.00,192,N,Routine,Routine: no recurring variance or recount pattern,N,9.65,Quarterly
1632,SKU0019,Shipping Supplies 0019,Shipping Supplies,Z1-B03,Z1,217,217,0,0,74.30,16123.10,0.00,0,N,13,0,0.00,192,N,Routine,Routine: no recurring variance or recount pattern,N,9.65,Quarterly
1633,SKU0022,Electrical Components 0022,Electrical Components,Z2-B04,Z2,431,431,0,0,85.40,36807.40,0.00,0,N,13,0,0.00,192,N,Routine,Routine: no recurring variance or recount pattern,N,9.65,Quarterly
1634,SKU0022,Electrical Components 0022,Electrical Components,Z3-B04,Z3,587,587,0,0,85.40,50129.80,0.00,0,N,13,0,0.00,192,N,Routine,Routine: no recurring variance or recount pattern,N,9.65,Quarterly
1635,SKU0025,Tools 0025,Tools,Z2-B01,Z2,712,712,0,0,96.50,68708.00,0.00,0,N,13,0,0.00,192,N,Routine,Routine: no recurring variance or recount pattern,N,9.65,Quarterly
1636,SKU0028,Maintenance Parts 0028,Maintenance Parts,Z1-B02,Z1,118,118,0,0,107.60,12696.80,0.00,0,N,13,0,0.00,192,N,Routine,Routine: no recurring variance or recount pattern,N,9.65,Quarterly
1637,SKU0030,Material Handling 0030,Material Handling,Z1-B04,Z1,326,326,0,0,115.00,37490.00,0.00,0,N,13,0,0.00,192,N,Routine,Routine: no recurring variance or recount pattern,N,9.65,Quarterly
1638,SKU0030,Material Handling 0030,Material Handling,Z3-B04,Z3,427,427,0,0,115.00,49105.00,0.00,0,N,13,0,0.00,192,N,Routine,Routine: no recurring variance or recount pattern,N,9.65,Quarterly
1639,SKU0031,Industrial Supplies 0031,Industrial Supplies,Z1-B03,Z1,417,417,0,0,118.70,49497.90,0.00,0,N,13,0,0.00,192,N,Routine,Routine: no recurring variance or recount pattern,N,9.65,Quarterly
1640,SKU0035,Tools 0035,Tools,Z1-B03,Z1,644,644,0,0,13.50,8694.00,0.00,0,N,13,0,0.00,192,N,Routine,Routine: no recurring variance or recount pattern,N,9.65,Quarterly
1641,SKU0045,Tools 0045,Tools,Z2-B01,Z2,694,694,0,0,50.50,35047.00,0.00,0,N,13,0,0.00,192,N,Routine,Routine: no recurring variance or recount pattern,N,9.65,Quarterly
1642,SKU0046,Consumables 0046,Consumables,Z1-B04,Z1,91,91,0,0,54.20,4932.20,0.00,0,N,13,0,0.00,192,N,Routine,Routine: no recurring variance or recount pattern,N,9.65,Quarterly
1643,SKU0048,Maintenance Parts 0048,Maintenance Parts,Z3-B02,Z3,308,308,0,0,61.60,18972.80,0.00,0,N,13,0,0.00,192,N,Routine,Routine: no recurring variance or recount pattern,N,9.65,Quarterly
1644,SKU0049,Shipping Supplies 0049,Shipping Supplies,Z1-B01,Z1,344,344,0,0,65.30,22463.20,0.00,0,N,13,0,0.00,192,N,Routine,Routine: no recurring variance or recount pattern,N,9.65,Quarterly
1645,SKU0049,Shipping Supplies 0049,Shipping Supplies,Z3-B01,Z3,387,387,0,0,65.30,25271.10,0.00,0,N,13,0,0.00,192,N,Routine,Routine: no recurring variance or recount pattern,N,9.65,Quarterly
1646,SKU0053,Safety Supplies 0053,Safety Supplies,Z1-B01,Z1,583,583,0,0,80.10,46698.30,0.00,0,N,13,0,0.00,192,N,Routine,Routine: no recurring variance or recount pattern,N,9.65,Quarterly
1647,SKU0054,Packaging 0054,Packaging,Z3-B04,Z3,85,85,0,0,83.80,7123.00,0.00,0,N,13,0,0.00,192,N,Routine,Routine: no recurring variance or recount pattern,N,9.65,Quarterly
1648,SKU0055,Tools 0055,Tools,Z1-B03,Z1,850,850,0,0,87.50,74375.00,0.00,0,N,13,0,0.00,192,N,Routine,Routine: no recurring variance or recount pattern,N,9.65,Quarterly
1649,SKU0062,Electrical Components 0062,Electrical Components,Z1-B04,Z1,625,625,0,0,113.40,70875.00,0.00,0,N,13,0,0.00,192,N,Routine,Routine: no recurring variance or recount pattern,N,9.65,Quarterly
1650,SKU0063,Safety Supplies 0063,Safety Supplies,Z1-B03,Z1,685,685,0,0,117.10,80213.50,0.00,0,N,13,0,0.00,192,N,Routine,Routine: no recurring variance or recount pattern,N,9.65,Quarterly
1651,SKU0064,Packaging 0064,Packaging,Z3-B02,Z3,198,198,0,0,120.80,23918.40,0.00,0,N,13,0,0.00,192,N,Routine,Routine: no recurring variance or recount pattern,N,9.65,Quarterly
1652,SKU0067,Fasteners 0067,Fasteners,Z2-B03,Z2,366,366,0,0,11.90,4355.40,0.00,0,N,13,0,0.00,192,N,Routine,Routine: no recurring variance or recount pattern,N,9.65,Quarterly
1653,SKU0074,Packaging 0074,Packaging,Z1-B04,Z1,97,97,0,0,37.80,3666.60,0.00,0,N,13,0,0.00,192,N,Routine,Routine: no recurring variance or recount pattern,N,9.65,Quarterly
1654,SKU0078,Maintenance Parts 0078,Maintenance Parts,Z3-B04,Z3,601,601,0,0,52.60,31612.60,0.00,0,N,13,0,0.00,192,N,Routine,Routine: no recurring variance or recount pattern,N,9.65,Quarterly
1655,SKU0082,Electrical Components 0082,Electrical Components,Z3-B04,Z3,103,103,0,0,67.40,6942.20,0.00,0,N,13,0,0.00,192,N,Routine,Routine: no recurring variance or recount pattern,N,9.65,Quarterly
1656,SKU0083,Safety Supplies 0083,Safety Supplies,Z1-B03,Z1,856,856,0,0,71.10,60861.60,0.00,0,N,13,0,0.00,192,N,Routine,Routine: no recurring variance or recount pattern,N,9.65,Quarterly
1657,SKU0083,Safety Supplies 0083,Safety Supplies,Z2-B03,Z2,172,172,0,0,71.10,12229.20,0.00,0,N,13,0,0.00,192,N,Routine,Routine: no recurring variance or recount pattern,N,9.65,Quarterly
1658,SKU0095,Tools 0095,Tools,Z2-B03,Z2,326,326,0,0,115.50,37653.00,0.00,0,N,13,0,0.00,192,N,Routine,Routine: no recurring variance or recount pattern,N,9.65,Quarterly
1659,SKU0097,Fasteners 0097,Fasteners,Z1-B01,Z1,434,434,0,0,122.90,53338.60,0.00,0,N,13,0,0.00,192,N,Routine,Routine: no recurring variance or recount pattern,N,9.65,Quarterly
1660,SKU0097,Fasteners 0097,Fasteners,Z2-B01,Z2,488,488,0,0,122.90,59975.20,0.00,0,N,13,0,0.00,192,N,Routine,Routine: no recurring variance or recount pattern,N,9.65,Quarterly
1661,SKU0099,Shipping Supplies 0099,Shipping Supplies,Z2-B03,Z2,705,705,0,0,10.30,7261.50,0.00,0,N,13,0,0.00,192,N,Routine,Routine: no recurring variance or recount pattern,N,9.65,Quarterly
1662,SKU0100,Material Handling 0100,Material Handling,Z3-B02,Z3,718,718,0,0,14.00,10052.00,0.00,0,N,13,0,0.00,192,N,Routine,Routine: no recurring variance or recount pattern,N,9.65,Quarterly
1663,SKU0101,Industrial Supplies 0101,Industrial Supplies,Z1-B01,Z1,778,778,0,0,17.70,13770.60,0.00,0,N,13,0,0.00,192,N,Routine,Routine: no recurring variance or recount pattern,N,9.65,Quarterly
1664,SKU0101,Industrial Supplies 0101,Industrial Supplies,Z2-B01,Z2,744,744,0,0,17.70,13168.80,0.00,0,N,13,0,0.00,192,N,Routine,Routine: no recurring variance or recount pattern,N,9.65,Quarterly
1665,SKU0103,Safety Supplies 0103,Safety Supplies,Z1-B03,Z1,193,193,0,0,25.10,4844.30,0.00,0,N,13,0,0.00,192,N,Routine,Routine: no recurring variance or recount pattern,N,9.65,Quarterly
1666,SKU0103,Safety Supplies 0103,Safety Supplies,Z1-B04,Z1,0,0,0,0,25.10,0.00,0.00,0,N,13,0,0.00,192,N,Routine,Routine: no recurring variance or recount pattern,N,9.65,Quarterly
1667,SKU0105,Tools 0105,Tools,Z3-B01,Z3,447,447,0,0,32.50,14527.50,0.00,0,N,13,0,0.00,192,N,Routine,Routine: no recurring variance or recount pattern,N,9.65,Quarterly
1668,SKU0107,Fasteners 0107,Fasteners,Z1-B03,Z1,473,473,0,0,39.90,18872.70,0.00,0,N,13,0,0.00,192,N,Routine,Routine: no recurring variance or recount pattern,N,9.65,Quarterly
1669,SKU0110,Material Handling 0110,Material Handling,Z2-B04,Z2,885,885,0,0,51.00,45135.00,0.00,0,N,13,0,0.00,192,N,Routine,Routine: no recurring variance or recount pattern,N,9.65,Quarterly
1670,SKU0117,Fasteners 0117,Fasteners,Z1-B01,Z1,569,569,0,0,76.90,43756.10,0.00,0,N,13,0,0.00,192,N,Routine,Routine: no recurring variance or recount pattern,N,9.65,Quarterly
1671,SKU0117,Fasteners 0117,Fasteners,Z3-B01,Z3,598,598,0,0,76.90,45986.20,0.00,0,N,13,0,0.00,192,N,Routine,Routine: no recurring variance or recount pattern,N,9.65,Quarterly
1672,SKU0122,Electrical Components 0122,Electrical Components,Z1-B04,Z1,327,327,0,0,95.40,31195.80,0.00,0,N,13,0,0.00,192,N,Routine,Routine: no recurring variance or recount pattern,N,9.65,Quarterly
1673,SKU0125,Tools 0125,Tools,Z3-B01,Z3,610,610,0,0,106.50,64965.00,0.00,0,N,13,0,0.00,192,N,Routine,Routine: no recurring variance or recount pattern,N,9.65,Quarterly
1674,SKU0127,Fasteners 0127,Fasteners,Z3-B04,Z3,537,537,0,0,113.90,61164.30,0.00,0,N,13,0,0.00,192,N,Routine,Routine: no recurring variance or recount pattern,N,9.65,Quarterly
1675,SKU0129,Shipping Supplies 0129,Shipping Supplies,Z3-B01,Z3,150,150,0,0,121.30,18195.00,0.00,0,N,13,0,0.00,192,N,Routine,Routine: no recurring variance or recount pattern,N,9.65,Quarterly
1676,SKU0132,Electrical Components 0132,Electrical Components,Z1-B02,Z1,286,286,0,0,12.40,3546.40,0.00,0,N,13,0,0.00,192,N,Routine,Routine: no recurring variance or recount pattern,N,9.65,Quarterly
1677,SKU0133,Safety Supplies 0133,Safety Supplies,Z2-B01,Z2,492,492,0,0,16.10,7921.20,0.00,0,N,13,0,0.00,192,N,Routine,Routine: no recurring variance or recount pattern,N,9.65,Quarterly
1678,SKU0138,Maintenance Parts 0138,Maintenance Parts,Z2-B04,Z2,852,852,0,0,34.60,29479.20,0.00,0,N,13,0,0.00,192,N,Routine,Routine: no recurring variance or recount pattern,N,9.65,Quarterly
1679,SKU0139,Shipping Supplies 0139,Shipping Supplies,Z2-B03,Z2,242,242,0,0,38.30,9268.60,0.00,0,N,13,0,0.00,192,N,Routine,Routine: no recurring variance or recount pattern,N,9.65,Quarterly
1680,SKU0141,Industrial Supplies 0141,Industrial Supplies,Z2-B01,Z2,276,276,0,0,45.70,12613.20,0.00,0,N,13,0,0.00,192,N,Routine,Routine: no recurring variance or recount pattern,N,9.65,Quarterly
1681,SKU0146,Consumables 0146,Consumables,Z1-B04,Z1,738,738,0,0,64.20,47379.60,0.00,0,N,13,0,0.00,192,N,Routine,Routine: no recurring variance or recount pattern,N,9.65,Quarterly
1682,SKU0146,Consumables 0146,Consumables,Z3-B04,Z3,768,768,0,0,64.20,49305.60,0.00,0,N,13,0,0.00,192,N,Routine,Routine: no recurring variance or recount pattern,N,9.65,Quarterly
1683,SKU0147,Fasteners 0147,Fasteners,Z2-B03,Z2,751,751,0,0,67.90,50992.90,0.00,0,N,13,0,0.00,192,N,Routine,Routine: no recurring variance or recount pattern,N,9.65,Quarterly
1684,SKU0148,Maintenance Parts 0148,Maintenance Parts,Z3-B02,Z3,213,213,0,0,71.60,15250.80,0.00,0,N,13,0,0.00,192,N,Routine,Routine: no recurring variance or recount pattern,N,9.65,Quarterly
1685,SKU0149,Shipping Supplies 0149,Shipping Supplies,Z2-B01,Z2,236,236,0,0,75.30,17770.80,0.00,0,N,13,0,0.00,192,N,Routine,Routine: no recurring variance or recount pattern,N,9.65,Quarterly
1686,SKU0150,Material Handling 0150,Material Handling,Z1-B04,Z1,355,355,0,0,79.00,28045.00,0.00,0,N,13,0,0.00,192,N,Routine,Routine: no recurring variance or recount pattern,N,9.65,Quarterly
1687,SKU0153,Safety Supplies 0153,Safety Supplies,Z2-B01,Z2,474,474,0,0,90.10,42707.40,0.00,0,N,13,0,0.00,192,N,Routine,Routine: no recurring variance or recount pattern,N,9.65,Quarterly
1688,SKU0153,Safety Supplies 0153,Safety Supplies,Z3-B01,Z3,607,607,0,0,90.10,54690.70,0.00,0,N,13,0,0.00,192,N,Routine,Routine: no recurring variance or recount pattern,N,9.65,Quarterly
1689,SKU0154,Packaging 0154,Packaging,Z1-B04,Z1,528,528,0,0,93.80,49526.40,0.00,0,N,13,0,0.00,192,N,Routine,Routine: no recurring variance or recount pattern,N,9.65,Quarterly
1690,SKU0155,Tools 0155,Tools,Z2-B03,Z2,748,748,0,0,97.50,72930.00,0.00,0,N,13,0,0.00,192,N,Routine,Routine: no recurring variance or recount pattern,N,9.65,Quarterly
1691,SKU0156,Consumables 0156,Consumables,Z1-B02,Z1,756,756,0,0,101.20,76507.20,0.00,0,N,13,0,0.00,192,N,Routine,Routine: no recurring variance or recount pattern,N,9.65,Quarterly
1692,SKU0157,Fasteners 0157,Fasteners,Z3-B02,Z3,1,1,0,0,104.90,104.90,0.00,0,N,13,0,0.00,192,N,Routine,Routine: no recurring variance or recount pattern,N,9.65,Quarterly
1693,SKU0158,Maintenance Parts 0158,Maintenance Parts,Z1-B04,Z1,121,121,0,0,108.60,13140.60,0.00,0,N,13,0,0.00,192,N,Routine,Routine: no recurring variance or recount pattern,N,9.65,Quarterly
1694,SKU0161,Industrial Supplies 0161,Industrial Supplies,Z2-B01,Z2,481,481,0,0,119.70,57575.70,0.00,0,N,13,0,0.00,192,N,Routine,Routine: no recurring variance or recount pattern,N,9.65,Quarterly
1695,SKU0166,Consumables 0166,Consumables,Z3-B04,Z3,225,225,0,0,18.20,4095.00,0.00,0,N,13,0,0.00,192,N,Routine,Routine: no recurring variance or recount pattern,N,9.65,Quarterly
1696,SKU0167,Fasteners 0167,Fasteners,Z1-B03,Z1,232,232,0,0,21.90,5080.80,0.00,0,N,13,0,0.00,192,N,Routine,Routine: no recurring variance or recount pattern,N,9.65,Quarterly
1697,SKU0167,Fasteners 0167,Fasteners,Z2-B03,Z2,188,188,0,0,21.90,4117.20,0.00,0,N,13,0,0.00,192,N,Routine,Routine: no recurring variance or recount pattern,N,9.65,Quarterly
1698,SKU0168,Maintenance Parts 0168,Maintenance Parts,Z3-B02,Z3,295,295,0,0,25.60,7552.00,0.00,0,N,13,0,0.00,192,N,Routine,Routine: no recurring variance or recount pattern,N,9.65,Quarterly
1699,SKU0173,Safety Supplies 0173,Safety Supplies,Z1-B01,Z1,641,641,0,0,44.10,28268.10,0.00,0,N,13,0,0.00,192,N,Routine,Routine: no recurring variance or recount pattern,N,9.65,Quarterly
1700,SKU0176,Consumables 0176,Consumables,Z1-B02,Z1,764,764,0,0,55.20,42172.80,0.00,0,N,13,0,0.00,192,N,Routine,Routine: no recurring variance or recount pattern,N,9.65,Quarterly
1701,SKU0177,Fasteners 0177,Fasteners,Z1-B01,Z1,132,132,0,0,58.90,7774.80,0.00,0,N,13,0,0.00,192,N,Routine,Routine: no recurring variance or recount pattern,N,9.65,Quarterly
1702,SKU0185,Tools 0185,Tools,Z2-B01,Z2,191,191,0,0,88.50,16903.50,0.00,0,N,13,0,0.00,192,N,Routine,Routine: no recurring variance or recount pattern,N,9.65,Quarterly
1703,SKU0186,Consumables 0186,Consumables,Z1-B01,Z1,24,24,0,0,92.20,2212.80,0.00,0,N,13,0,0.00,192,N,Routine,Routine: no recurring variance or recount pattern,N,9.65,Quarterly
1704,SKU0186,Consumables 0186,Consumables,Z1-B04,Z1,195,195,0,0,92.20,17979.00,0.00,0,N,13,0,0.00,192,N,Routine,Routine: no recurring variance or recount pattern,N,9.65,Quarterly
1705,SKU0198,Maintenance Parts 0198,Maintenance Parts,Z2-B04,Z2,423,423,0,0,16.60,7021.80,0.00,0,N,13,0,0.00,192,N,Routine,Routine: no recurring variance or recount pattern,N,9.65,Quarterly
1706,SKU0198,Maintenance Parts 0198,Maintenance Parts,Z3-B04,Z3,527,527,0,0,16.60,8748.20,0.00,0,N,13,0,0.00,192,N,Routine,Routine: no recurring variance or recount pattern,N,9.65,Quarterly
1707,SKU0199,Shipping Supplies 0199,Shipping Supplies,Z1-B03,Z1,391,391,0,0,20.30,7937.30,0.00,0,N,13,0,0.00,192,N,Routine,Routine: no recurring variance or recount pattern,N,9.65,Quarterly
1708,SKU0200,Material Handling 0200,Material Handling,Z1-B02,Z1,502,502,0,0,24.00,12048.00,0.00,0,N,13,0,0.00,192,N,Routine,Routine: no recurring variance or recount pattern,N,9.65,Quarterly
1709,SKU0200,Material Handling 0200,Material Handling,Z3-B02,Z3,648,648,0,0,24.00,15552.00,0.00,0,N,13,0,0.00,192,N,Routine,Routine: no recurring variance or recount pattern,N,9.65,Quarterly
1710,SKU0202,Electrical Components 0202,Electrical Components,Z1-B04,Z1,754,754,0,0,31.40,23675.60,0.00,0,N,13,0,0.00,192,N,Routine,Routine: no recurring variance or recount pattern,N,9.65,Quarterly
1711,SKU0206,Consumables 0206,Consumables,Z3-B04,Z3,358,358,0,0,46.20,16539.60,0.00,0,N,13,0,0.00,192,N,Routine,Routine: no recurring variance or recount pattern,N,9.65,Quarterly
1712,SKU0207,Fasteners 0207,Fasteners,Z2-B03,Z2,470,470,0,0,49.90,23453.00,0.00,0,N,13,0,0.00,192,N,Routine,Routine: no recurring variance or recount pattern,N,9.65,Quarterly
1713,SKU0210,Material Handling 0210,Material Handling,Z3-B04,Z3,717,717,0,0,61.00,43737.00,0.00,0,N,13,0,0.00,192,N,Routine,Routine: no recurring variance or recount pattern,N,9.65,Quarterly
1714,SKU0211,Industrial Supplies 0211,Industrial Supplies,Z2-B03,Z2,756,756,0,0,64.70,48913.20,0.00,0,N,13,0,0.00,192,N,Routine,Routine: no recurring variance or recount pattern,N,9.65,Quarterly
1715,SKU0217,Fasteners 0217,Fasteners,Z3-B01,Z3,524,524,0,0,86.90,45535.60,0.00,0,N,13,0,0.00,192,N,Routine,Routine: no recurring variance or recount pattern,N,9.65,Quarterly
1716,SKU0218,Maintenance Parts 0218,Maintenance Parts,Z1-B04,Z1,533,533,0,0,90.60,48289.80,0.00,0,N,13,0,0.00,192,N,Routine,Routine: no recurring variance or recount pattern,N,9.65,Quarterly
1717,SKU0220,Material Handling 0220,Material Handling,Z3-B02,Z3,685,685,0,0,98.00,67130.00,0.00,0,N,13,0,0.00,192,N,Routine,Routine: no recurring variance or recount pattern,N,9.65,Quarterly
1718,SKU0227,Fasteners 0227,Fasteners,Z2-B03,Z2,515,515,0,0,123.90,63808.50,0.00,0,N,13,0,0.00,192,N,Routine,Routine: no recurring variance or recount pattern,N,9.65,Quarterly
1719,SKU0228,Maintenance Parts 0228,Maintenance Parts,Z1-B02,Z1,530,530,0,0,7.60,4028.00,0.00,0,N,13,0,0.00,192,N,Routine,Routine: no recurring variance or recount pattern,N,9.65,Quarterly
1720,SKU0234,Packaging 0234,Packaging,Z2-B04,Z2,370,370,0,0,29.80,11026.00,0.00,0,N,13,0,0.00,192,N,Routine,Routine: no recurring variance or recount pattern,N,9.65,Quarterly
1721,SKU0236,Consumables 0236,Consumables,Z3-B02,Z3,480,480,0,0,37.20,17856.00,0.00,0,N,13,0,0.00,192,N,Routine,Routine: no recurring variance or recount pattern,N,9.65,Quarterly
1722,SKU0238,Maintenance Parts 0238,Maintenance Parts,Z1-B04,Z1,582,582,0,0,44.60,25957.20,0.00,0,N,13,0,0.00,192,N,Routine,Routine: no recurring variance or recount pattern,N,9.65,Quarterly
1723,SKU0239,Shipping Supplies 0239,Shipping Supplies,Z1-B03,Z1,657,657,0,0,48.30,31733.10,0.00,0,N,13,0,0.00,192,N,Routine,Routine: no recurring variance or recount pattern,N,9.65,Quarterly
1724,SKU0241,Industrial Supplies 0241,Industrial Supplies,Z1-B01,Z1,826,826,0,0,55.70,46008.20,0.00,0,N,13,0,0.00,192,N,Routine,Routine: no recurring variance or recount pattern,N,9.65,Quarterly
1725,SKU0242,Electrical Components 0242,Electrical Components,Z1-B04,Z1,199,199,0,0,59.40,11820.60,0.00,0,N,13,0,0.00,192,N,Routine,Routine: no recurring variance or recount pattern,N,9.65,Quarterly
1726,SKU0243,Safety Supplies 0243,Safety Supplies,Z1-B03,Z1,279,279,0,0,63.10,17604.90,0.00,0,N,13,0,0.00,192,N,Routine,Routine: no recurring variance or recount pattern,N,9.65,Quarterly
1727,SKU0245,Tools 0245,Tools,Z2-B01,Z2,496,496,0,0,70.50,34968.00,0.00,0,N,13,0,0.00,192,N,Routine,Routine: no recurring variance or recount pattern,N,9.65,Quarterly
1728,SKU0246,Consumables 0246,Consumables,Z1-B04,Z1,573,573,0,0,74.20,42516.60,0.00,0,N,13,0,0.00,192,N,Routine,Routine: no recurring variance or recount pattern,N,9.65,Quarterly
1729,SKU0247,Fasteners 0247,Fasteners,Z1-B03,Z1,584,584,0,0,77.90,45493.60,0.00,0,N,13,0,0.00,192,N,Routine,Routine: no recurring variance or recount pattern,N,9.65,Quarterly
1730,SKU0247,Fasteners 0247,Fasteners,Z2-B03,Z2,685,685,0,0,77.90,53361.50,0.00,0,N,13,0,0.00,192,N,Routine,Routine: no recurring variance or recount pattern,N,9.65,Quarterly
1731,SKU0250,Material Handling 0250,Material Handling,Z2-B04,Z2,169,169,0,0,89.00,15041.00,0.00,0,N,13,0,0.00,192,N,Routine,Routine: no recurring variance or recount pattern,N,9.65,Quarterly
1732,SKU0253,Safety Supplies 0253,Safety Supplies,Z2-B01,Z2,371,371,0,0,100.10,37137.10,0.00,0,N,13,0,0.00,192,N,Routine,Routine: no recurring variance or recount pattern,N,9.65,Quarterly
1733,SKU0254,Packaging 0254,Packaging,Z1-B04,Z1,395,395,0,0,103.80,41001.00,0.00,0,N,13,0,0.00,192,N,Routine,Routine: no recurring variance or recount pattern,N,9.65,Quarterly
1734,SKU0254,Packaging 0254,Packaging,Z3-B04,Z3,549,549,0,0,103.80,56986.20,0.00,0,N,13,0,0.00,192,N,Routine,Routine: no recurring variance or recount pattern,N,9.65,Quarterly
1735,SKU0256,Consumables 0256,Consumables,Z3-B02,Z3,639,639,0,0,111.20,71056.80,0.00,0,N,13,0,0.00,192,N,Routine,Routine: no recurring variance or recount pattern,N,9.65,Quarterly
1736,SKU0257,Fasteners 0257,Fasteners,Z2-B01,Z2,690,690,0,0,114.90,79281.00,0.00,0,N,13,0,0.00,192,N,Routine,Routine: no recurring variance or recount pattern,N,9.65,Quarterly
1737,SKU0260,Material Handling 0260,Material Handling,Z2-B03,Z2,7,7,0,0,6.00,42.00,0.00,0,N,13,0,0.00,192,N,Routine,Routine: no recurring variance or recount pattern,N,9.65,Quarterly
1738,SKU0261,Industrial Supplies 0261,Industrial Supplies,Z3-B01,Z3,328,328,0,0,9.70,3181.60,0.00,0,N,13,0,0.00,192,N,Routine,Routine: no recurring variance or recount pattern,N,9.65,Quarterly
1739,SKU0262,Electrical Components 0262,Electrical Components,Z3-B04,Z3,444,444,0,0,13.40,5949.60,0.00,0,N,13,0,0.00,192,N,Routine,Routine: no recurring variance or recount pattern,N,9.65,Quarterly
1740,SKU0263,Safety Supplies 0263,Safety Supplies,Z2-B03,Z2,469,469,0,0,17.10,8019.90,0.00,0,N,13,0,0.00,192,N,Routine,Routine: no recurring variance or recount pattern,N,9.65,Quarterly
1741,SKU0265,Tools 0265,Tools,Z2-B01,Z2,539,539,0,0,24.50,13205.50,0.00,0,N,13,0,0.00,192,N,Routine,Routine: no recurring variance or recount pattern,N,9.65,Quarterly
1742,SKU0267,Fasteners 0267,Fasteners,Z2-B03,Z2,759,759,0,0,31.90,24212.10,0.00,0,N,13,0,0.00,192,N,Routine,Routine: no recurring variance or recount pattern,N,9.65,Quarterly
1743,SKU0268,Maintenance Parts 0268,Maintenance Parts,Z3-B02,Z3,177,177,0,0,35.60,6301.20,0.00,0,N,13,0,0.00,192,N,Routine,Routine: no recurring variance or recount pattern,N,9.65,Quarterly
1744,SKU0271,Industrial Supplies 0271,Industrial Supplies,Z2-B03,Z2,317,317,0,0,46.70,14803.90,0.00,0,N,13,0,0.00,192,N,Routine,Routine: no recurring variance or recount pattern,N,9.65,Quarterly
1745,SKU0272,Electrical Components 0272,Electrical Components,Z1-B02,Z1,322,322,0,0,50.40,16228.80,0.00,0,N,13,0,0.00,192,N,Routine,Routine: no recurring variance or recount pattern,N,9.65,Quarterly
1746,SKU0274,Packaging 0274,Packaging,Z3-B04,Z3,538,538,0,0,57.80,31096.40,0.00,0,N,13,0,0.00,192,N,Routine,Routine: no recurring variance or recount pattern,N,9.65,Quarterly
1747,SKU0278,Maintenance Parts 0278,Maintenance Parts,Z3-B01,Z3,42,42,0,0,72.60,3049.20,0.00,0,N,13,0,0.00,192,N,Routine,Routine: no recurring variance or recount pattern,N,9.65,Quarterly
1748,SKU0281,Industrial Supplies 0281,Industrial Supplies,Z1-B01,Z1,366,366,0,0,83.70,30634.20,0.00,0,N,13,0,0.00,192,N,Routine,Routine: no recurring variance or recount pattern,N,9.65,Quarterly
1749,SKU0281,Industrial Supplies 0281,Industrial Supplies,Z3-B01,Z3,349,349,0,0,83.70,29211.30,0.00,0,N,13,0,0.00,192,N,Routine,Routine: no recurring variance or recount pattern,N,9.65,Quarterly
1750,SKU0283,Safety Supplies 0283,Safety Supplies,Z1-B03,Z1,440,440,0,0,91.10,40084.00,0.00,0,N,13,0,0.00,192,N,Routine,Routine: no recurring variance or recount pattern,N,9.65,Quarterly
1751,SKU0287,Fasteners 0287,Fasteners,Z2-B03,Z2,125,125,0,0,105.90,13237.50,0.00,0,N,13,0,0.00,192,N,Routine,Routine: no recurring variance or recount pattern,N,9.65,Quarterly
1752,SKU0289,Shipping Supplies 0289,Shipping Supplies,Z1-B01,Z1,195,195,0,0,113.30,22093.50,0.00,0,N,13,0,0.00,192,N,Routine,Routine: no recurring variance or recount pattern,N,9.65,Quarterly
1753,SKU0289,Shipping Supplies 0289,Shipping Supplies,Z3-B01,Z3,369,369,0,0,113.30,41807.70,0.00,0,N,13,0,0.00,192,N,Routine,Routine: no recurring variance or recount pattern,N,9.65,Quarterly
1754,SKU0290,Material Handling 0290,Material Handling,Z1-B04,Z1,326,326,0,0,117.00,38142.00,0.00,0,N,13,0,0.00,192,N,Routine,Routine: no recurring variance or recount pattern,N,9.65,Quarterly
1755,SKU0293,Safety Supplies 0293,Safety Supplies,Z2-B01,Z2,635,635,0,0,8.10,5143.50,0.00,0,N,13,0,0.00,192,N,Routine,Routine: no recurring variance or recount pattern,N,9.65,Quarterly
1756,SKU0294,Packaging 0294,Packaging,Z2-B04,Z2,635,635,0,0,11.80,7493.00,0.00,0,N,13,0,0.00,192,N,Routine,Routine: no recurring variance or recount pattern,N,9.65,Quarterly
1757,SKU0298,Maintenance Parts 0298,Maintenance Parts,Z2-B04,Z2,268,268,0,0,26.60,7128.80,0.00,0,N,13,0,0.00,192,N,Routine,Routine: no recurring variance or recount pattern,N,9.65,Quarterly
1758,SKU0299,Shipping Supplies 0299,Shipping Supplies,Z2-B03,Z2,297,297,0,0,30.30,8999.10,0.00,0,N,13,0,0.00,192,N,Routine,Routine: no recurring variance or recount pattern,N,9.65,Quarterly
1759,SKU0300,Material Handling 0300,Material Handling,Z1-B02,Z1,338,338,0,0,34.00,11492.00,0.00,0,N,13,0,0.00,192,N,Routine,Routine: no recurring variance or recount pattern,N,9.65,Quarterly
1760,SKU0003,Safety Supplies 0003,Safety Supplies,Z1-B03,Z1,386,386,0,0,15.10,5828.60,0.00,0,N,13,0,0.00,191,N,Routine,Routine: no recurring variance or recount pattern,N,9.60,Quarterly
1761,SKU0005,Tools 0005,Tools,Z2-B01,Z2,504,504,0,0,22.50,11340.00,0.00,0,N,13,0,0.00,191,N,Routine,Routine: no recurring variance or recount pattern,N,9.60,Quarterly
1762,SKU0010,Material Handling 0010,Material Handling,Z1-B04,Z1,257,257,0,0,41.00,10537.00,0.00,0,N,13,0,0.00,191,N,Routine,Routine: no recurring variance or recount pattern,N,9.60,Quarterly
1763,SKU0011,Industrial Supplies 0011,Industrial Supplies,Z1-B03,Z1,258,258,0,0,44.70,11532.60,0.00,0,N,13,0,0.00,191,N,Routine,Routine: no recurring variance or recount pattern,N,9.60,Quarterly
1764,SKU0014,Packaging 0014,Packaging,Z3-B04,Z3,586,586,0,0,55.80,32698.80,0.00,0,N,13,0,0.00,191,N,Routine,Routine: no recurring variance or recount pattern,N,9.60,Quarterly
1765,SKU0017,Fasteners 0017,Fasteners,Z1-B01,Z1,674,674,0,0,66.90,45090.60,0.00,0,N,13,0,0.00,191,N,Routine,Routine: no recurring variance or recount pattern,N,9.60,Quarterly
1766,SKU0018,Maintenance Parts 0018,Maintenance Parts,Z3-B04,Z3,217,217,0,0,70.60,15320.20,0.00,0,N,13,0,0.00,191,N,Routine,Routine: no recurring variance or recount pattern,N,9.60,Quarterly
1767,SKU0019,Shipping Supplies 0019,Shipping Supplies,Z2-B03,Z2,294,294,0,0,74.30,21844.20,0.00,0,N,13,0,0.00,191,N,Routine,Routine: no recurring variance or recount pattern,N,9.60,Quarterly
1768,SKU0023,Safety Supplies 0023,Safety Supplies,Z1-B03,Z1,476,476,0,0,89.10,42411.60,0.00,0,N,13,0,0.00,191,N,Routine,Routine: no recurring variance or recount pattern,N,9.60,Quarterly
1769,SKU0026,Consumables 0026,Consumables,Z1-B04,Z1,797,797,0,0,100.20,79859.40,0.00,0,N,13,0,0.00,191,N,Routine,Routine: no recurring variance or recount pattern,N,9.60,Quarterly
1770,SKU0027,Fasteners 0027,Fasteners,Z2-B03,Z2,114,114,0,0,103.90,11844.60,0.00,0,N,13,0,0.00,191,N,Routine,Routine: no recurring variance or recount pattern,N,9.60,Quarterly
1771,SKU0029,Shipping Supplies 0029,Shipping Supplies,Z2-B01,Z2,264,264,0,0,111.30,29383.20,0.00,0,N,13,0,0.00,191,N,Routine,Routine: no recurring variance or recount pattern,N,9.60,Quarterly
1772,SKU0031,Industrial Supplies 0031,Industrial Supplies,Z2-B03,Z2,519,519,0,0,118.70,61605.30,0.00,0,N,13,0,0.00,191,N,Routine,Routine: no recurring variance or recount pattern,N,9.60,Quarterly
1773,SKU0034,Packaging 0034,Packaging,Z1-B04,Z1,571,571,0,0,9.80,5595.80,0.00,0,N,13,0,0.00,191,N,Routine,Routine: no recurring variance or recount pattern,N,9.60,Quarterly
1774,SKU0034,Packaging 0034,Packaging,Z3-B04,Z3,779,779,0,0,9.80,7634.20,0.00,0,N,13,0,0.00,191,N,Routine,Routine: no recurring variance or recount pattern,N,9.60,Quarterly
1775,SKU0036,Consumables 0036,Consumables,Z1-B02,Z1,846,846,0,0,17.20,14551.20,0.00,0,N,13,0,0.00,191,N,Routine,Routine: no recurring variance or recount pattern,N,9.60,Quarterly
1776,SKU0036,Consumables 0036,Consumables,Z3-B02,Z3,155,155,0,0,17.20,2666.00,0.00,0,N,13,0,0.00,191,N,Routine,Routine: no recurring variance or recount pattern,N,9.60,Quarterly
1777,SKU0037,Fasteners 0037,Fasteners,Z3-B02,Z3,17,17,0,0,20.90,355.30,0.00,0,N,13,0,0.00,191,N,Routine,Routine: no recurring variance or recount pattern,N,9.60,Quarterly
1778,SKU0038,Maintenance Parts 0038,Maintenance Parts,Z3-B04,Z3,294,294,0,0,24.60,7232.40,0.00,0,N,13,0,0.00,191,N,Routine,Routine: no recurring variance or recount pattern,N,9.60,Quarterly
1779,SKU0039,Shipping Supplies 0039,Shipping Supplies,Z1-B03,Z1,318,318,0,0,28.30,8999.40,0.00,0,N,13,0,0.00,191,N,Routine,Routine: no recurring variance or recount pattern,N,9.60,Quarterly
1780,SKU0040,Material Handling 0040,Material Handling,Z1-B02,Z1,314,314,0,0,32.00,10048.00,0.00,0,N,13,0,0.00,191,N,Routine,Routine: no recurring variance or recount pattern,N,9.60,Quarterly
1781,SKU0041,Industrial Supplies 0041,Industrial Supplies,Z1-B01,Z1,364,364,0,0,35.70,12994.80,0.00,0,N,13,0,0.00,191,N,Routine,Routine: no recurring variance or recount pattern,N,9.60,Quarterly
1782,SKU0042,Electrical Components 0042,Electrical Components,Z2-B04,Z2,614,614,0,0,39.40,24191.60,0.00,0,N,13,0,0.00,191,N,Routine,Routine: no recurring variance or recount pattern,N,9.60,Quarterly
1783,SKU0046,Consumables 0046,Consumables,Z3-B04,Z3,280,280,0,0,54.20,15176.00,0.00,0,N,13,0,0.00,191,N,Routine,Routine: no recurring variance or recount pattern,N,9.60,Quarterly
1784,SKU0047,Fasteners 0047,Fasteners,Z2-B03,Z2,285,285,0,0,57.90,16501.50,0.00,0,N,13,0,0.00,191,N,Routine,Routine: no recurring variance or recount pattern,N,9.60,Quarterly
1785,SKU0050,Material Handling 0050,Material Handling,Z3-B04,Z3,578,578,0,0,69.00,39882.00,0.00,0,N,13,0,0.00,191,N,Routine,Routine: no recurring variance or recount pattern,N,9.60,Quarterly
1786,SKU0051,Industrial Supplies 0051,Industrial Supplies,Z1-B03,Z1,492,492,0,0,72.70,35768.40,0.00,0,N,13,0,0.00,191,N,Routine,Routine: no recurring variance or recount pattern,N,9.60,Quarterly
1787,SKU0053,Safety Supplies 0053,Safety Supplies,Z2-B01,Z2,715,715,0,0,80.10,57271.50,0.00,0,N,13,0,0.00,191,N,Routine,Routine: no recurring variance or recount pattern,N,9.60,Quarterly
1788,SKU0056,Consumables 0056,Consumables,Z1-B03,Z1,13,13,0,0,91.20,1185.60,0.00,0,N,13,0,0.00,191,N,Routine,Routine: no recurring variance or recount pattern,N,9.60,Quarterly
1789,SKU0058,Maintenance Parts 0058,Maintenance Parts,Z2-B04,Z2,436,436,0,0,98.60,42989.60,0.00,0,N,13,0,0.00,191,N,Routine,Routine: no recurring variance or recount pattern,N,9.60,Quarterly
1790,SKU0064,Packaging 0064,Packaging,Z2-B03,Z2,32,32,0,0,120.80,3865.60,0.00,0,N,13,0,0.00,191,N,Routine,Routine: no recurring variance or recount pattern,N,9.60,Quarterly
1791,SKU0066,Consumables 0066,Consumables,Z2-B04,Z2,306,306,0,0,8.20,2509.20,0.00,0,N,13,0,0.00,191,N,Routine,Routine: no recurring variance or recount pattern,N,9.60,Quarterly
1792,SKU0073,Safety Supplies 0073,Safety Supplies,Z2-B01,Z2,702,702,0,0,34.10,23938.20,0.00,0,N,13,0,0.00,191,N,Routine,Routine: no recurring variance or recount pattern,N,9.60,Quarterly
1793,SKU0073,Safety Supplies 0073,Safety Supplies,Z3-B01,Z3,130,130,0,0,34.10,4433.00,0.00,0,N,13,0,0.00,191,N,Routine,Routine: no recurring variance or recount pattern,N,9.60,Quarterly
1794,SKU0073,Safety Supplies 0073,Safety Supplies,Z3-B02,Z3,46,46,0,0,34.10,1568.60,0.00,0,N,13,0,0.00,191,N,Routine,Routine: no recurring variance or recount pattern,N,9.60,Quarterly
1795,SKU0077,Fasteners 0077,Fasteners,Z3-B01,Z3,415,415,0,0,48.90,20293.50,0.00,0,N,13,0,0.00,191,N,Routine,Routine: no recurring variance or recount pattern,N,9.60,Quarterly
1796,SKU0078,Maintenance Parts 0078,Maintenance Parts,Z1-B04,Z1,557,557,0,0,52.60,29298.20,0.00,0,N,13,0,0.00,191,N,Routine,Routine: no recurring variance or recount pattern,N,9.60,Quarterly
1797,SKU0080,Material Handling 0080,Material Handling,Z1-B02,Z1,530,530,0,0,60.00,31800.00,0.00,0,N,13,0,0.00,191,N,Routine,Routine: no recurring variance or recount pattern,N,9.60,Quarterly
1798,SKU0081,Industrial Supplies 0081,Industrial Supplies,Z1-B01,Z1,536,536,0,0,63.70,34143.20,0.00,0,N,13,0,0.00,191,N,Routine,Routine: no recurring variance or recount pattern,N,9.60,Quarterly
1799,SKU0083,Safety Supplies 0083,Safety Supplies,Z2-B04,Z2,13,13,0,0,71.10,924.30,0.00,0,N,13,0,0.00,191,N,Routine,Routine: no recurring variance or recount pattern,N,9.60,Quarterly
1800,SKU0086,Consumables 0086,Consumables,Z1-B04,Z1,340,340,0,0,82.20,27948.00,0.00,0,N,13,0,0.00,191,N,Routine,Routine: no recurring variance or recount pattern,N,9.60,Quarterly
1801,SKU0090,Material Handling 0090,Material Handling,Z1-B04,Z1,628,628,0,0,97.00,60916.00,0.00,0,N,13,0,0.00,191,N,Routine,Routine: no recurring variance or recount pattern,N,9.60,Quarterly
1802,SKU0091,Industrial Supplies 0091,Industrial Supplies,Z1-B03,Z1,616,616,0,0,100.70,62031.20,0.00,0,N,13,0,0.00,191,N,Routine,Routine: no recurring variance or recount pattern,N,9.60,Quarterly
1803,SKU0092,Electrical Components 0092,Electrical Components,Z2-B03,Z2,35,35,0,0,104.40,3654.00,0.00,0,N,13,0,0.00,191,N,Routine,Routine: no recurring variance or recount pattern,N,9.60,Quarterly
1804,SKU0094,Packaging 0094,Packaging,Z2-B04,Z2,246,246,0,0,111.80,27502.80,0.00,0,N,13,0,0.00,191,N,Routine,Routine: no recurring variance or recount pattern,N,9.60,Quarterly
1805,SKU0098,Maintenance Parts 0098,Maintenance Parts,Z3-B04,Z3,732,732,0,0,6.60,4831.20,0.00,0,N,13,0,0.00,191,N,Routine,Routine: no recurring variance or recount pattern,N,9.60,Quarterly
1806,SKU0102,Electrical Components 0102,Electrical Components,Z1-B04,Z1,185,185,0,0,21.40,3959.00,0.00,0,N,13,0,0.00,191,N,Routine,Routine: no recurring variance or recount pattern,N,9.60,Quarterly
1807,SKU0110,Material Handling 0110,Material Handling,Z3-B04,Z3,114,114,0,0,51.00,5814.00,0.00,0,N,13,0,0.00,191,N,Routine,Routine: no recurring variance or recount pattern,N,9.60,Quarterly
1808,SKU0113,Safety Supplies 0113,Safety Supplies,Z1-B01,Z1,300,300,0,0,62.10,18630.00,0.00,0,N,13,0,0.00,191,N,Routine,Routine: no recurring variance or recount pattern,N,9.60,Quarterly
1809,SKU0113,Safety Supplies 0113,Safety Supplies,Z2-B01,Z2,313,313,0,0,62.10,19437.30,0.00,0,N,13,0,0.00,191,N,Routine,Routine: no recurring variance or recount pattern,N,9.60,Quarterly
1810,SKU0118,Maintenance Parts 0118,Maintenance Parts,Z2-B04,Z2,638,638,0,0,80.60,51422.80,0.00,0,N,13,0,0.00,191,N,Routine,Routine: no recurring variance or recount pattern,N,9.60,Quarterly
1811,SKU0119,Shipping Supplies 0119,Shipping Supplies,Z2-B03,Z2,688,688,0,0,84.30,57998.40,0.00,0,N,13,0,0.00,191,N,Routine,Routine: no recurring variance or recount pattern,N,9.60,Quarterly
1812,SKU0123,Safety Supplies 0123,Safety Supplies,Z1-B03,Z1,398,398,0,0,99.10,39441.80,0.00,0,N,13,0,0.00,191,N,Routine,Routine: no recurring variance or recount pattern,N,9.60,Quarterly
1813,SKU0125,Tools 0125,Tools,Z2-B01,Z2,445,445,0,0,106.50,47392.50,0.00,0,N,13,0,0.00,191,N,Routine,Routine: no recurring variance or recount pattern,N,9.60,Quarterly
1814,SKU0126,Consumables 0126,Consumables,Z3-B04,Z3,654,654,0,0,110.20,72070.80,0.00,0,N,13,0,0.00,191,N,Routine,Routine: no recurring variance or recount pattern,N,9.60,Quarterly
1815,SKU0129,Shipping Supplies 0129,Shipping Supplies,Z1-B01,Z1,784,784,0,0,121.30,95099.20,0.00,0,N,13,0,0.00,191,N,Routine,Routine: no recurring variance or recount pattern,N,9.60,Quarterly
1816,SKU0131,Industrial Supplies 0131,Industrial Supplies,Z2-B03,Z2,279,279,0,0,8.70,2427.30,0.00,0,N,13,0,0.00,191,N,Routine,Routine: no recurring variance or recount pattern,N,9.60,Quarterly
1817,SKU0133,Safety Supplies 0133,Safety Supplies,Z1-B01,Z1,424,424,0,0,16.10,6826.40,0.00,0,N,13,0,0.00,191,N,Routine,Routine: no recurring variance or recount pattern,N,9.60,Quarterly
1818,SKU0133,Safety Supplies 0133,Safety Supplies,Z3-B01,Z3,466,466,0,0,16.10,7502.60,0.00,0,N,13,0,0.00,191,N,Routine,Routine: no recurring variance or recount pattern,N,9.60,Quarterly
1819,SKU0134,Packaging 0134,Packaging,Z2-B04,Z2,494,494,0,0,19.80,9781.20,0.00,0,N,13,0,0.00,191,N,Routine,Routine: no recurring variance or recount pattern,N,9.60,Quarterly
1820,SKU0135,Tools 0135,Tools,Z2-B03,Z2,571,571,0,0,23.50,13418.50,0.00,0,N,13,0,0.00,191,N,Routine,Routine: no recurring variance or recount pattern,N,9.60,Quarterly
1821,SKU0141,Industrial Supplies 0141,Industrial Supplies,Z1-B01,Z1,304,304,0,0,45.70,13892.80,0.00,0,N,13,0,0.00,191,N,Routine,Routine: no recurring variance or recount pattern,N,9.60,Quarterly
1822,SKU0142,Electrical Components 0142,Electrical Components,Z1-B04,Z1,311,311,0,0,49.40,15363.40,0.00,0,N,13,0,0.00,191,N,Routine,Routine: no recurring variance or recount pattern,N,9.60,Quarterly
1823,SKU0146,Consumables 0146,Consumables,Z2-B04,Z2,700,700,0,0,64.20,44940.00,0.00,0,N,13,0,0.00,191,N,Routine,Routine: no recurring variance or recount pattern,N,9.60,Quarterly
1824,SKU0147,Fasteners 0147,Fasteners,Z1-B03,Z1,686,686,0,0,67.90,46579.40,0.00,0,N,13,0,0.00,191,N,Routine,Routine: no recurring variance or recount pattern,N,9.60,Quarterly
1825,SKU0148,Maintenance Parts 0148,Maintenance Parts,Z2-B03,Z2,47,47,0,0,71.60,3365.20,0.00,0,N,13,0,0.00,191,N,Routine,Routine: no recurring variance or recount pattern,N,9.60,Quarterly
1826,SKU0150,Material Handling 0150,Material Handling,Z2-B04,Z2,404,404,0,0,79.00,31916.00,0.00,0,N,13,0,0.00,191,N,Routine,Routine: no recurring variance or recount pattern,N,9.60,Quarterly
1827,SKU0157,Fasteners 0157,Fasteners,Z1-B01,Z1,824,824,0,0,104.90,86437.60,0.00,0,N,13,0,0.00,191,N,Routine,Routine: no recurring variance or recount pattern,N,9.60,Quarterly
1828,SKU0158,Maintenance Parts 0158,Maintenance Parts,Z3-B04,Z3,279,279,0,0,108.60,30299.40,0.00,0,N,13,0,0.00,191,N,Routine,Routine: no recurring variance or recount pattern,N,9.60,Quarterly
1829,SKU0163,Safety Supplies 0163,Safety Supplies,Z2-B03,Z2,504,504,0,0,7.10,3578.40,0.00,0,N,13,0,0.00,191,N,Routine,Routine: no recurring variance or recount pattern,N,9.60,Quarterly
1830,SKU0169,Shipping Supplies 0169,Shipping Supplies,Z1-B01,Z1,320,320,0,0,29.30,9376.00,0.00,0,N,13,0,0.00,191,N,Routine,Routine: no recurring variance or recount pattern,N,9.60,Quarterly
1831,SKU0169,Shipping Supplies 0169,Shipping Supplies,Z2-B01,Z2,348,348,0,0,29.30,10196.40,0.00,0,N,13,0,0.00,191,N,Routine,Routine: no recurring variance or recount pattern,N,9.60,Quarterly
1832,SKU0194,Packaging 0194,Packaging,Z3-B04,Z3,184,184,0,0,121.80,22411.20,0.00,0,N,13,0,0.00,191,N,Routine,Routine: no recurring variance or recount pattern,N,9.60,Quarterly
1833,SKU0196,Consumables 0196,Consumables,Z3-B02,Z3,285,285,0,0,9.20,2622.00,0.00,0,N,13,0,0.00,191,N,Routine,Routine: no recurring variance or recount pattern,N,9.60,Quarterly
1834,SKU0197,Fasteners 0197,Fasteners,Z3-B01,Z3,353,353,0,0,12.90,4553.70,0.00,0,N,13,0,0.00,191,N,Routine,Routine: no recurring variance or recount pattern,N,9.60,Quarterly
1835,SKU0201,Industrial Supplies 0201,Industrial Supplies,Z3-B01,Z3,721,721,0,0,27.70,19971.70,0.00,0,N,13,0,0.00,191,N,Routine,Routine: no recurring variance or recount pattern,N,9.60,Quarterly
1836,SKU0204,Packaging 0204,Packaging,Z1-B02,Z1,128,128,0,0,38.80,4966.40,0.00,0,N,13,0,0.00,191,N,Routine,Routine: no recurring variance or recount pattern,N,9.60,Quarterly
1837,SKU0205,Tools 0205,Tools,Z1-B01,Z1,165,165,0,0,42.50,7012.50,0.00,0,N,13,0,0.00,191,N,Routine,Routine: no recurring variance or recount pattern,N,9.60,Quarterly
1838,SKU0209,Shipping Supplies 0209,Shipping Supplies,Z1-B01,Z1,530,530,0,0,57.30,30369.00,0.00,0,N,13,0,0.00,191,N,Routine,Routine: no recurring variance or recount pattern,N,9.60,Quarterly
1839,SKU0209,Shipping Supplies 0209,Shipping Supplies,Z2-B01,Z2,530,530,0,0,57.30,30369.00,0.00,0,N,13,0,0.00,191,N,Routine,Routine: no recurring variance or recount pattern,N,9.60,Quarterly
1840,SKU0210,Material Handling 0210,Material Handling,Z1-B04,Z1,542,542,0,0,61.00,33062.00,0.00,0,N,13,0,0.00,191,N,Routine,Routine: no recurring variance or recount pattern,N,9.60,Quarterly
1841,SKU0212,Electrical Components 0212,Electrical Components,Z1-B02,Z1,758,758,0,0,68.40,51847.20,0.00,0,N,13,0,0.00,191,N,Routine,Routine: no recurring variance or recount pattern,N,9.60,Quarterly
1842,SKU0215,Tools 0215,Tools,Z1-B03,Z1,220,220,0,0,79.50,17490.00,0.00,0,N,13,0,0.00,191,N,Routine,Routine: no recurring variance or recount pattern,N,9.60,Quarterly
1843,SKU0222,Electrical Components 0222,Electrical Components,Z1-B04,Z1,706,706,0,0,105.40,74412.40,0.00,0,N,13,0,0.00,191,N,Routine,Routine: no recurring variance or recount pattern,N,9.60,Quarterly
1844,SKU0224,Packaging 0224,Packaging,Z3-B02,Z3,311,311,0,0,112.80,35080.80,0.00,0,N,13,0,0.00,191,N,Routine,Routine: no recurring variance or recount pattern,N,9.60,Quarterly
1845,SKU0228,Maintenance Parts 0228,Maintenance Parts,Z3-B02,Z3,624,624,0,0,7.60,4742.40,0.00,0,N,13,0,0.00,191,N,Routine,Routine: no recurring variance or recount pattern,N,9.60,Quarterly
1846,SKU0229,Shipping Supplies 0229,Shipping Supplies,Z1-B01,Z1,683,683,0,0,11.30,7717.90,0.00,0,N,13,0,0.00,191,N,Routine,Routine: no recurring variance or recount pattern,N,9.60,Quarterly
1847,SKU0230,Material Handling 0230,Material Handling,Z1-B04,Z1,795,795,0,0,15.00,11925.00,0.00,0,N,13,0,0.00,191,N,Routine,Routine: no recurring variance or recount pattern,N,9.60,Quarterly
1848,SKU0235,Tools 0235,Tools,Z2-B03,Z2,477,477,0,0,33.50,15979.50,0.00,0,N,13,0,0.00,191,N,Routine,Routine: no recurring variance or recount pattern,N,9.60,Quarterly
1849,SKU0236,Consumables 0236,Consumables,Z1-B02,Z1,495,495,0,0,37.20,18414.00,0.00,0,N,13,0,0.00,191,N,Routine,Routine: no recurring variance or recount pattern,N,9.60,Quarterly
1850,SKU0237,Fasteners 0237,Fasteners,Z2-B01,Z2,491,491,0,0,40.90,20081.90,0.00,0,N,13,0,0.00,191,N,Routine,Routine: no recurring variance or recount pattern,N,9.60,Quarterly
1851,SKU0237,Fasteners 0237,Fasteners,Z3-B01,Z3,558,558,0,0,40.90,22822.20,0.00,0,N,13,0,0.00,191,N,Routine,Routine: no recurring variance or recount pattern,N,9.60,Quarterly
1852,SKU0240,Material Handling 0240,Material Handling,Z1-B02,Z1,826,826,0,0,52.00,42952.00,0.00,0,N,13,0,0.00,191,N,Routine,Routine: no recurring variance or recount pattern,N,9.60,Quarterly
1853,SKU0240,Material Handling 0240,Material Handling,Z3-B02,Z3,183,183,0,0,52.00,9516.00,0.00,0,N,13,0,0.00,191,N,Routine,Routine: no recurring variance or recount pattern,N,9.60,Quarterly
1854,SKU0242,Electrical Components 0242,Electrical Components,Z2-B04,Z2,225,225,0,0,59.40,13365.00,0.00,0,N,13,0,0.00,191,N,Routine,Routine: no recurring variance or recount pattern,N,9.60,Quarterly
1855,SKU0242,Electrical Components 0242,Electrical Components,Z3-B04,Z3,269,269,0,0,59.40,15978.60,0.00,0,N,13,0,0.00,191,N,Routine,Routine: no recurring variance or recount pattern,N,9.60,Quarterly
1856,SKU0245,Tools 0245,Tools,Z3-B01,Z3,484,484,0,0,70.50,34122.00,0.00,0,N,13,0,0.00,191,N,Routine,Routine: no recurring variance or recount pattern,N,9.60,Quarterly
1857,SKU0248,Maintenance Parts 0248,Maintenance Parts,Z3-B02,Z3,676,676,0,0,81.60,55161.60,0.00,0,N,13,0,0.00,191,N,Routine,Routine: no recurring variance or recount pattern,N,9.60,Quarterly
1858,SKU0252,Electrical Components 0252,Electrical Components,Z3-B02,Z3,301,301,0,0,96.40,29016.40,0.00,0,N,13,0,0.00,191,N,Routine,Routine: no recurring variance or recount pattern,N,9.60,Quarterly
1859,SKU0253,Safety Supplies 0253,Safety Supplies,Z1-B01,Z1,340,340,0,0,100.10,34034.00,0.00,0,N,13,0,0.00,191,N,Routine,Routine: no recurring variance or recount pattern,N,9.60,Quarterly
1860,SKU0255,Tools 0255,Tools,Z2-B03,Z2,460,460,0,0,107.50,49450.00,0.00,0,N,13,0,0.00,191,N,Routine,Routine: no recurring variance or recount pattern,N,9.60,Quarterly
1861,SKU0259,Shipping Supplies 0259,Shipping Supplies,Z3-B04,Z3,0,0,0,0,122.30,0.00,0.00,0,N,13,0,0.00,191,N,Routine,Routine: no recurring variance or recount pattern,N,9.60,Quarterly
1862,SKU0260,Material Handling 0260,Material Handling,Z3-B02,Z3,301,301,0,0,6.00,1806.00,0.00,0,N,13,0,0.00,191,N,Routine,Routine: no recurring variance or recount pattern,N,9.60,Quarterly
1863,SKU0261,Industrial Supplies 0261,Industrial Supplies,Z1-B01,Z1,142,142,0,0,9.70,1377.40,0.00,0,N,13,0,0.00,191,N,Routine,Routine: no recurring variance or recount pattern,N,9.60,Quarterly
1864,SKU0261,Industrial Supplies 0261,Industrial Supplies,Z1-B02,Z1,15,15,0,0,9.70,145.50,0.00,0,N,13,0,0.00,191,N,Routine,Routine: no recurring variance or recount pattern,N,9.60,Quarterly
1865,SKU0261,Industrial Supplies 0261,Industrial Supplies,Z2-B01,Z2,223,223,0,0,9.70,2163.10,0.00,0,N,13,0,0.00,191,N,Routine,Routine: no recurring variance or recount pattern,N,9.60,Quarterly
1866,SKU0264,Packaging 0264,Packaging,Z1-B02,Z1,454,454,0,0,20.80,9443.20,0.00,0,N,13,0,0.00,191,N,Routine,Routine: no recurring variance or recount pattern,N,9.60,Quarterly
1867,SKU0266,Consumables 0266,Consumables,Z1-B04,Z1,564,564,0,0,28.20,15904.80,0.00,0,N,13,0,0.00,191,N,Routine,Routine: no recurring variance or recount pattern,N,9.60,Quarterly
1868,SKU0266,Consumables 0266,Consumables,Z2-B04,Z2,604,604,0,0,28.20,17032.80,0.00,0,N,13,0,0.00,191,N,Routine,Routine: no recurring variance or recount pattern,N,9.60,Quarterly
1869,SKU0266,Consumables 0266,Consumables,Z3-B04,Z3,767,767,0,0,28.20,21629.40,0.00,0,N,13,0,0.00,191,N,Routine,Routine: no recurring variance or recount pattern,N,9.60,Quarterly
1870,SKU0267,Fasteners 0267,Fasteners,Z1-B03,Z1,637,637,0,0,31.90,20320.30,0.00,0,N,13,0,0.00,191,N,Routine,Routine: no recurring variance or recount pattern,N,9.60,Quarterly
1871,SKU0268,Maintenance Parts 0268,Maintenance Parts,Z1-B02,Z1,729,729,0,0,35.60,25952.40,0.00,0,N,13,0,0.00,191,N,Routine,Routine: no recurring variance or recount pattern,N,9.60,Quarterly
1872,SKU0269,Shipping Supplies 0269,Shipping Supplies,Z1-B01,Z1,870,870,0,0,39.30,34191.00,0.00,0,N,13,0,0.00,191,N,Routine,Routine: no recurring variance or recount pattern,N,9.60,Quarterly
1873,SKU0269,Shipping Supplies 0269,Shipping Supplies,Z2-B01,Z2,178,178,0,0,39.30,6995.40,0.00,0,N,13,0,0.00,191,N,Routine,Routine: no recurring variance or recount pattern,N,9.60,Quarterly
1874,SKU0270,Material Handling 0270,Material Handling,Z3-B04,Z3,277,277,0,0,43.00,11911.00,0.00,0,N,13,0,0.00,191,N,Routine,Routine: no recurring variance or recount pattern,N,9.60,Quarterly
1875,SKU0278,Maintenance Parts 0278,Maintenance Parts,Z1-B04,Z1,110,110,0,0,72.60,7986.00,0.00,0,N,13,0,0.00,191,N,Routine,Routine: no recurring variance or recount pattern,N,9.60,Quarterly
1876,SKU0282,Electrical Components 0282,Electrical Components,Z3-B04,Z3,514,514,0,0,87.40,44923.60,0.00,0,N,13,0,0.00,191,N,Routine,Routine: no recurring variance or recount pattern,N,9.60,Quarterly
1877,SKU0283,Safety Supplies 0283,Safety Supplies,Z2-B03,Z2,518,518,0,0,91.10,47189.80,0.00,0,N,13,0,0.00,191,N,Routine,Routine: no recurring variance or recount pattern,N,9.60,Quarterly
1878,SKU0286,Consumables 0286,Consumables,Z3-B04,Z3,731,731,0,0,102.20,74708.20,0.00,0,N,13,0,0.00,191,N,Routine,Routine: no recurring variance or recount pattern,N,9.60,Quarterly
1879,SKU0295,Tools 0295,Tools,Z1-B03,Z1,629,629,0,0,15.50,9749.50,0.00,0,N,13,0,0.00,191,N,Routine,Routine: no recurring variance or recount pattern,N,9.60,Quarterly
1880,SKU0004,Packaging 0004,Packaging,Z3-B02,Z3,526,526,0,0,18.80,9888.80,0.00,0,N,13,0,0.00,190,N,Routine,Routine: no recurring variance or recount pattern,N,9.55,Quarterly
1881,SKU0006,Consumables 0006,Consumables,Z2-B04,Z2,686,686,0,0,26.20,17973.20,0.00,0,N,13,0,0.00,190,N,Routine,Routine: no recurring variance or recount pattern,N,9.55,Quarterly
1882,SKU0008,Maintenance Parts 0008,Maintenance Parts,Z3-B02,Z3,172,172,0,0,33.60,5779.20,0.00,0,N,13,0,0.00,190,N,Routine,Routine: no recurring variance or recount pattern,N,9.55,Quarterly
1883,SKU0009,Shipping Supplies 0009,Shipping Supplies,Z1-B01,Z1,831,831,0,0,37.30,30996.30,0.00,0,N,13,0,0.00,190,N,Routine,Routine: no recurring variance or recount pattern,N,9.55,Quarterly
1884,SKU0009,Shipping Supplies 0009,Shipping Supplies,Z2-B01,Z2,224,224,0,0,37.30,8355.20,0.00,0,N,13,0,0.00,190,N,Routine,Routine: no recurring variance or recount pattern,N,9.55,Quarterly
1885,SKU0010,Material Handling 0010,Material Handling,Z1-B01,Z1,33,33,0,0,41.00,1353.00,0.00,0,N,13,0,0.00,190,N,Routine,Routine: no recurring variance or recount pattern,N,9.55,Quarterly
1886,SKU0012,Electrical Components 0012,Electrical Components,Z3-B02,Z3,495,495,0,0,48.40,23958.00,0.00,0,N,13,0,0.00,190,N,Routine,Routine: no recurring variance or recount pattern,N,9.55,Quarterly
1887,SKU0014,Packaging 0014,Packaging,Z1-B04,Z1,579,579,0,0,55.80,32308.20,0.00,0,N,13,0,0.00,190,N,Routine,Routine: no recurring variance or recount pattern,N,9.55,Quarterly
1888,SKU0016,Consumables 0016,Consumables,Z1-B02,Z1,733,733,0,0,63.20,46325.60,0.00,0,N,13,0,0.00,190,N,Routine,Routine: no recurring variance or recount pattern,N,9.55,Quarterly
1889,SKU0020,Material Handling 0020,Material Handling,Z3-B02,Z3,278,278,0,0,78.00,21684.00,0.00,0,N,13,0,0.00,190,N,Routine,Routine: no recurring variance or recount pattern,N,9.55,Quarterly
1890,SKU0022,Electrical Components 0022,Electrical Components,Z1-B04,Z1,414,414,0,0,85.40,35355.60,0.00,0,N,13,0,0.00,190,N,Routine,Routine: no recurring variance or recount pattern,N,9.55,Quarterly
1891,SKU0026,Consumables 0026,Consumables,Z3-B04,Z3,718,718,0,0,100.20,71943.60,0.00,0,N,13,0,0.00,190,N,Routine,Routine: no recurring variance or recount pattern,N,9.55,Quarterly
1892,SKU0028,Maintenance Parts 0028,Maintenance Parts,Z2-B03,Z2,0,0,0,0,107.60,0.00,0.00,0,N,13,0,0.00,190,N,Routine,Routine: no recurring variance or recount pattern,N,9.55,Quarterly
1893,SKU0033,Safety Supplies 0033,Safety Supplies,Z2-B01,Z2,488,488,0,0,6.10,2976.80,0.00,0,N,13,0,0.00,190,N,Routine,Routine: no recurring variance or recount pattern,N,9.55,Quarterly
1894,SKU0033,Safety Supplies 0033,Safety Supplies,Z3-B01,Z3,525,525,0,0,6.10,3202.50,0.00,0,N,13,0,0.00,190,N,Routine,Routine: no recurring variance or recount pattern,N,9.55,Quarterly
1895,SKU0037,Fasteners 0037,Fasteners,Z1-B01,Z1,123,123,0,0,20.90,2570.70,0.00,0,N,13,0,0.00,190,N,Routine,Routine: no recurring variance or recount pattern,N,9.55,Quarterly
1896,SKU0038,Maintenance Parts 0038,Maintenance Parts,Z1-B04,Z1,282,282,0,0,24.60,6937.20,0.00,0,N,13,0,0.00,190,N,Routine,Routine: no recurring variance or recount pattern,N,9.55,Quarterly
1897,SKU0038,Maintenance Parts 0038,Maintenance Parts,Z2-B04,Z2,234,234,0,0,24.60,5756.40,0.00,0,N,13,0,0.00,190,N,Routine,Routine: no recurring variance or recount pattern,N,9.55,Quarterly
1898,SKU0054,Packaging 0054,Packaging,Z2-B04,Z2,868,868,0,0,83.80,72738.40,0.00,0,N,13,0,0.00,190,N,Routine,Routine: no recurring variance or recount pattern,N,9.55,Quarterly
1899,SKU0061,Industrial Supplies 0061,Industrial Supplies,Z2-B01,Z2,571,571,0,0,109.70,62638.70,0.00,0,N,13,0,0.00,190,N,Routine,Routine: no recurring variance or recount pattern,N,9.55,Quarterly
1900,SKU0064,Packaging 0064,Packaging,Z1-B02,Z1,718,718,0,0,120.80,86734.40,0.00,0,N,13,0,0.00,190,N,Routine,Routine: no recurring variance or recount pattern,N,9.55,Quarterly
1901,SKU0073,Safety Supplies 0073,Safety Supplies,Z1-B01,Z1,768,768,0,0,34.10,26188.80,0.00,0,N,13,0,0.00,190,N,Routine,Routine: no recurring variance or recount pattern,N,9.55,Quarterly
1902,SKU0077,Fasteners 0077,Fasteners,Z1-B01,Z1,355,355,0,0,48.90,17359.50,0.00,0,N,13,0,0.00,190,N,Routine,Routine: no recurring variance or recount pattern,N,9.55,Quarterly
1903,SKU0093,Safety Supplies 0093,Safety Supplies,Z1-B01,Z1,174,174,0,0,108.10,18809.40,0.00,0,N,13,0,0.00,190,N,Routine,Routine: no recurring variance or recount pattern,N,9.55,Quarterly
1904,SKU0102,Electrical Components 0102,Electrical Components,Z2-B04,Z2,230,230,0,0,21.40,4922.00,0.00,0,N,13,0,0.00,190,N,Routine,Routine: no recurring variance or recount pattern,N,9.55,Quarterly
1905,SKU0118,Maintenance Parts 0118,Maintenance Parts,Z1-B04,Z1,620,620,0,0,80.60,49972.00,0.00,0,N,13,0,0.00,190,N,Routine,Routine: no recurring variance or recount pattern,N,9.55,Quarterly
1906,SKU0125,Tools 0125,Tools,Z1-B01,Z1,443,443,0,0,106.50,47179.50,0.00,0,N,13,0,0.00,190,N,Routine,Routine: no recurring variance or recount pattern,N,9.55,Quarterly
1907,SKU0128,Maintenance Parts 0128,Maintenance Parts,Z3-B02,Z3,704,704,0,0,117.60,82790.40,0.00,0,N,13,0,0.00,190,N,Routine,Routine: no recurring variance or recount pattern,N,9.55,Quarterly
1908,SKU0130,Material Handling 0130,Material Handling,Z2-B04,Z2,221,221,0,0,5.00,1105.00,0.00,0,N,13,0,0.00,190,N,Routine,Routine: no recurring variance or recount pattern,N,9.55,Quarterly
1909,SKU0132,Electrical Components 0132,Electrical Components,Z3-B02,Z3,417,417,0,0,12.40,5170.80,0.00,0,N,13,0,0.00,190,N,Routine,Routine: no recurring variance or recount pattern,N,9.55,Quarterly
1910,SKU0135,Tools 0135,Tools,Z1-B03,Z1,570,570,0,0,23.50,13395.00,0.00,0,N,13,0,0.00,190,N,Routine,Routine: no recurring variance or recount pattern,N,9.55,Quarterly
1911,SKU0136,Consumables 0136,Consumables,Z1-B02,Z1,531,531,0,0,27.20,14443.20,0.00,0,N,13,0,0.00,190,N,Routine,Routine: no recurring variance or recount pattern,N,9.55,Quarterly
1912,SKU0140,Material Handling 0140,Material Handling,Z3-B02,Z3,249,249,0,0,42.00,10458.00,0.00,0,N,13,0,0.00,190,N,Routine,Routine: no recurring variance or recount pattern,N,9.55,Quarterly
1913,SKU0142,Electrical Components 0142,Electrical Components,Z2-B04,Z2,454,454,0,0,49.40,22427.60,0.00,0,N,13,0,0.00,190,N,Routine,Routine: no recurring variance or recount pattern,N,9.55,Quarterly
1914,SKU0142,Electrical Components 0142,Electrical Components,Z3-B04,Z3,536,536,0,0,49.40,26478.40,0.00,0,N,13,0,0.00,190,N,Routine,Routine: no recurring variance or recount pattern,N,9.55,Quarterly
1915,SKU0143,Safety Supplies 0143,Safety Supplies,Z2-B03,Z2,522,522,0,0,53.10,27718.20,0.00,0,N,13,0,0.00,190,N,Routine,Routine: no recurring variance or recount pattern,N,9.55,Quarterly
1916,SKU0148,Maintenance Parts 0148,Maintenance Parts,Z1-B02,Z1,727,727,0,0,71.60,52053.20,0.00,0,N,13,0,0.00,190,N,Routine,Routine: no recurring variance or recount pattern,N,9.55,Quarterly
1917,SKU0149,Shipping Supplies 0149,Shipping Supplies,Z1-B02,Z1,0,0,0,0,75.30,0.00,0.00,0,N,13,0,0.00,190,N,Routine,Routine: no recurring variance or recount pattern,N,9.55,Quarterly
1918,SKU0161,Industrial Supplies 0161,Industrial Supplies,Z1-B01,Z1,416,416,0,0,119.70,49795.20,0.00,0,N,13,0,0.00,190,N,Routine,Routine: no recurring variance or recount pattern,N,9.55,Quarterly
1919,SKU0162,Electrical Components 0162,Electrical Components,Z3-B04,Z3,515,515,0,0,123.40,63551.00,0.00,0,N,13,0,0.00,190,N,Routine,Routine: no recurring variance or recount pattern,N,9.55,Quarterly
1920,SKU0164,Packaging 0164,Packaging,Z1-B02,Z1,614,614,0,0,10.80,6631.20,0.00,0,N,13,0,0.00,190,N,Routine,Routine: no recurring variance or recount pattern,N,9.55,Quarterly
1921,SKU0174,Packaging 0174,Packaging,Z2-B04,Z2,720,720,0,0,47.80,34416.00,0.00,0,N,13,0,0.00,190,N,Routine,Routine: no recurring variance or recount pattern,N,9.55,Quarterly
1922,SKU0181,Industrial Supplies 0181,Industrial Supplies,Z1-B01,Z1,546,546,0,0,73.70,40240.20,0.00,0,N,13,0,0.00,190,N,Routine,Routine: no recurring variance or recount pattern,N,9.55,Quarterly
1923,SKU0181,Industrial Supplies 0181,Industrial Supplies,Z2-B01,Z2,472,472,0,0,73.70,34786.40,0.00,0,N,13,0,0.00,190,N,Routine,Routine: no recurring variance or recount pattern,N,9.55,Quarterly
1924,SKU0186,Consumables 0186,Consumables,Z3-B04,Z3,285,285,0,0,92.20,26277.00,0.00,0,N,13,0,0.00,190,N,Routine,Routine: no recurring variance or recount pattern,N,9.55,Quarterly
1925,SKU0189,Shipping Supplies 0189,Shipping Supplies,Z1-B01,Z1,346,346,0,0,103.30,35741.80,0.00,0,N,13,0,0.00,190,N,Routine,Routine: no recurring variance or recount pattern,N,9.55,Quarterly
1926,SKU0193,Safety Supplies 0193,Safety Supplies,Z2-B01,Z2,696,696,0,0,118.10,82197.60,0.00,0,N,13,0,0.00,190,N,Routine,Routine: no recurring variance or recount pattern,N,9.55,Quarterly
1927,SKU0195,Tools 0195,Tools,Z2-B03,Z2,259,259,0,0,5.50,1424.50,0.00,0,N,13,0,0.00,190,N,Routine,Routine: no recurring variance or recount pattern,N,9.55,Quarterly
1928,SKU0202,Electrical Components 0202,Electrical Components,Z3-B04,Z3,708,708,0,0,31.40,22231.20,0.00,0,N,13,0,0.00,190,N,Routine,Routine: no recurring variance or recount pattern,N,9.55,Quarterly
1929,SKU0205,Tools 0205,Tools,Z3-B01,Z3,294,294,0,0,42.50,12495.00,0.00,0,N,13,0,0.00,190,N,Routine,Routine: no recurring variance or recount pattern,N,9.55,Quarterly
1930,SKU0225,Tools 0225,Tools,Z1-B01,Z1,353,353,0,0,116.50,41124.50,0.00,0,N,13,0,0.00,190,N,Routine,Routine: no recurring variance or recount pattern,N,9.55,Quarterly
1931,SKU0227,Fasteners 0227,Fasteners,Z1-B03,Z1,431,431,0,0,123.90,53400.90,0.00,0,N,13,0,0.00,190,N,Routine,Routine: no recurring variance or recount pattern,N,9.55,Quarterly
1932,SKU0231,Industrial Supplies 0231,Industrial Supplies,Z2-B03,Z2,715,715,0,0,18.70,13370.50,0.00,0,N,13,0,0.00,190,N,Routine,Routine: no recurring variance or recount pattern,N,9.55,Quarterly
1933,SKU0233,Safety Supplies 0233,Safety Supplies,Z1-B01,Z1,140,140,0,0,26.10,3654.00,0.00,0,N,13,0,0.00,190,N,Routine,Routine: no recurring variance or recount pattern,N,9.55,Quarterly
1934,SKU0234,Packaging 0234,Packaging,Z3-B04,Z3,433,433,0,0,29.80,12903.40,0.00,0,N,13,0,0.00,190,N,Routine,Routine: no recurring variance or recount pattern,N,9.55,Quarterly
1935,SKU0242,Electrical Components 0242,Electrical Components,Z1-B01,Z1,35,35,0,0,59.40,2079.00,0.00,0,N,13,0,0.00,190,N,Routine,Routine: no recurring variance or recount pattern,N,9.55,Quarterly
1936,SKU0244,Packaging 0244,Packaging,Z1-B02,Z1,309,309,0,0,66.80,20641.20,0.00,0,N,13,0,0.00,190,N,Routine,Routine: no recurring variance or recount pattern,N,9.55,Quarterly
1937,SKU0250,Material Handling 0250,Material Handling,Z1-B04,Z1,756,756,0,0,89.00,67284.00,0.00,0,N,13,0,0.00,190,N,Routine,Routine: no recurring variance or recount pattern,N,9.55,Quarterly
1938,SKU0250,Material Handling 0250,Material Handling,Z3-B04,Z3,233,233,0,0,89.00,20737.00,0.00,0,N,13,0,0.00,190,N,Routine,Routine: no recurring variance or recount pattern,N,9.55,Quarterly
1939,SKU0253,Safety Supplies 0253,Safety Supplies,Z3-B01,Z3,385,385,0,0,100.10,38538.50,0.00,0,N,13,0,0.00,190,N,Routine,Routine: no recurring variance or recount pattern,N,9.55,Quarterly
1940,SKU0254,Packaging 0254,Packaging,Z2-B04,Z2,471,471,0,0,103.80,48889.80,0.00,0,N,13,0,0.00,190,N,Routine,Routine: no recurring variance or recount pattern,N,9.55,Quarterly
1941,SKU0257,Fasteners 0257,Fasteners,Z1-B01,Z1,550,550,0,0,114.90,63195.00,0.00,0,N,13,0,0.00,190,N,Routine,Routine: no recurring variance or recount pattern,N,9.55,Quarterly
1942,SKU0258,Maintenance Parts 0258,Maintenance Parts,Z3-B04,Z3,780,780,0,0,118.60,92508.00,0.00,0,N,13,0,0.00,190,N,Routine,Routine: no recurring variance or recount pattern,N,9.55,Quarterly
1943,SKU0270,Material Handling 0270,Material Handling,Z2-B04,Z2,253,253,0,0,43.00,10879.00,0.00,0,N,13,0,0.00,190,N,Routine,Routine: no recurring variance or recount pattern,N,9.55,Quarterly
1944,SKU0273,Safety Supplies 0273,Safety Supplies,Z3-B01,Z3,532,532,0,0,54.10,28781.20,0.00,0,N,13,0,0.00,190,N,Routine,Routine: no recurring variance or recount pattern,N,9.55,Quarterly
1945,SKU0282,Electrical Components 0282,Electrical Components,Z2-B04,Z2,431,431,0,0,87.40,37669.40,0.00,0,N,13,0,0.00,190,N,Routine,Routine: no recurring variance or recount pattern,N,9.55,Quarterly
1946,SKU0290,Material Handling 0290,Material Handling,Z3-B04,Z3,450,450,0,0,117.00,52650.00,0.00,0,N,13,0,0.00,190,N,Routine,Routine: no recurring variance or recount pattern,N,9.55,Quarterly
1947,SKU0001,Industrial Supplies 0001,Industrial Supplies,Z1-B01,Z1,180,180,0,0,7.70,1386.00,0.00,0,N,13,0,0.00,189,N,Routine,Routine: no recurring variance or recount pattern,N,9.50,Quarterly
1948,SKU0001,Industrial Supplies 0001,Industrial Supplies,Z2-B01,Z2,339,339,0,0,7.70,2610.30,0.00,0,N,13,0,0.00,189,N,Routine,Routine: no recurring variance or recount pattern,N,9.50,Quarterly
1949,SKU0002,Electrical Components 0002,Electrical Components,Z2-B04,Z2,399,399,0,0,11.40,4548.60,0.00,0,N,13,0,0.00,189,N,Routine,Routine: no recurring variance or recount pattern,N,9.50,Quarterly
1950,SKU0002,Electrical Components 0002,Electrical Components,Z3-B04,Z3,376,376,0,0,11.40,4286.40,0.00,0,N,13,0,0.00,189,N,Routine,Routine: no recurring variance or recount pattern,N,9.50,Quarterly
1951,SKU0005,Tools 0005,Tools,Z1-B01,Z1,569,569,0,0,22.50,12802.50,0.00,0,N,13,0,0.00,189,N,Routine,Routine: no recurring variance or recount pattern,N,9.50,Quarterly
1952,SKU0006,Consumables 0006,Consumables,Z1-B04,Z1,572,572,0,0,26.20,14986.40,0.00,0,N,13,0,0.00,189,N,Routine,Routine: no recurring variance or recount pattern,N,9.50,Quarterly
1953,SKU0006,Consumables 0006,Consumables,Z3-B04,Z3,754,754,0,0,26.20,19754.80,0.00,0,N,13,0,0.00,189,N,Routine,Routine: no recurring variance or recount pattern,N,9.50,Quarterly
1954,SKU0008,Maintenance Parts 0008,Maintenance Parts,Z1-B02,Z1,775,775,0,0,33.60,26040.00,0.00,0,N,13,0,0.00,189,N,Routine,Routine: no recurring variance or recount pattern,N,9.50,Quarterly
1955,SKU0012,Electrical Components 0012,Electrical Components,Z1-B02,Z1,331,331,0,0,48.40,16020.40,0.00,0,N,13,0,0.00,189,N,Routine,Routine: no recurring variance or recount pattern,N,9.50,Quarterly
1956,SKU0018,Maintenance Parts 0018,Maintenance Parts,Z1-B04,Z1,131,131,0,0,70.60,9248.60,0.00,0,N,13,0,0.00,189,N,Routine,Routine: no recurring variance or recount pattern,N,9.50,Quarterly
1957,SKU0021,Industrial Supplies 0021,Industrial Supplies,Z2-B01,Z2,416,416,0,0,81.70,33987.20,0.00,0,N,13,0,0.00,189,N,Routine,Routine: no recurring variance or recount pattern,N,9.50,Quarterly
1958,SKU0021,Industrial Supplies 0021,Industrial Supplies,Z3-B01,Z3,366,366,0,0,81.70,29902.20,0.00,0,N,13,0,0.00,189,N,Routine,Routine: no recurring variance or recount pattern,N,9.50,Quarterly
1959,SKU0025,Tools 0025,Tools,Z1-B01,Z1,709,709,0,0,96.50,68418.50,0.00,0,N,13,0,0.00,189,N,Routine,Routine: no recurring variance or recount pattern,N,9.50,Quarterly
1960,SKU0026,Consumables 0026,Consumables,Z2-B04,Z2,712,712,0,0,100.20,71342.40,0.00,0,N,13,0,0.00,189,N,Routine,Routine: no recurring variance or recount pattern,N,9.50,Quarterly
1961,SKU0028,Maintenance Parts 0028,Maintenance Parts,Z3-B02,Z3,286,286,0,0,107.60,30773.60,0.00,0,N,13,0,0.00,189,N,Routine,Routine: no recurring variance or recount pattern,N,9.50,Quarterly
1962,SKU0033,Safety Supplies 0033,Safety Supplies,Z1-B01,Z1,573,573,0,0,6.10,3495.30,0.00,0,N,13,0,0.00,189,N,Routine,Routine: no recurring variance or recount pattern,N,9.50,Quarterly
1963,SKU0037,Fasteners 0037,Fasteners,Z1-B02,Z1,34,34,0,0,20.90,710.60,0.00,0,N,13,0,0.00,189,N,Routine,Routine: no recurring variance or recount pattern,N,9.50,Quarterly
1964,SKU0055,Tools 0055,Tools,Z3-B04,Z3,0,0,0,0,87.50,0.00,0.00,0,N,13,0,0.00,189,N,Routine,Routine: no recurring variance or recount pattern,N,9.50,Quarterly
1965,SKU0105,Tools 0105,Tools,Z1-B01,Z1,423,423,0,0,32.50,13747.50,0.00,0,N,13,0,0.00,189,N,Routine,Routine: no recurring variance or recount pattern,N,9.50,Quarterly
1966,SKU0106,Consumables 0106,Consumables,Z3-B04,Z3,507,507,0,0,36.20,18353.40,0.00,0,N,13,0,0.00,189,N,Routine,Routine: no recurring variance or recount pattern,N,9.50,Quarterly
1967,SKU0109,Shipping Supplies 0109,Shipping Supplies,Z1-B01,Z1,626,626,0,0,47.30,29609.80,0.00,0,N,13,0,0.00,189,N,Routine,Routine: no recurring variance or recount pattern,N,9.50,Quarterly
1968,SKU0114,Packaging 0114,Packaging,Z1-B04,Z1,298,298,0,0,65.80,19608.40,0.00,0,N,13,0,0.00,189,N,Routine,Routine: no recurring variance or recount pattern,N,9.50,Quarterly
1969,SKU0117,Fasteners 0117,Fasteners,Z2-B01,Z2,669,669,0,0,76.90,51446.10,0.00,0,N,13,0,0.00,189,N,Routine,Routine: no recurring variance or recount pattern,N,9.50,Quarterly
1970,SKU0118,Maintenance Parts 0118,Maintenance Parts,Z3-B04,Z3,841,841,0,0,80.60,67784.60,0.00,0,N,13,0,0.00,189,N,Routine,Routine: no recurring variance or recount pattern,N,9.50,Quarterly
1971,SKU0122,Electrical Components 0122,Electrical Components,Z2-B04,Z2,389,389,0,0,95.40,37110.60,0.00,0,N,13,0,0.00,189,N,Routine,Routine: no recurring variance or recount pattern,N,9.50,Quarterly
1972,SKU0124,Packaging 0124,Packaging,Z1-B02,Z1,446,446,0,0,102.80,45848.80,0.00,0,N,13,0,0.00,189,N,Routine,Routine: no recurring variance or recount pattern,N,9.50,Quarterly
1973,SKU0126,Consumables 0126,Consumables,Z1-B04,Z1,581,581,0,0,110.20,64026.20,0.00,0,N,13,0,0.00,189,N,Routine,Routine: no recurring variance or recount pattern,N,9.50,Quarterly
1974,SKU0128,Maintenance Parts 0128,Maintenance Parts,Z1-B02,Z1,743,743,0,0,117.60,87376.80,0.00,0,N,13,0,0.00,189,N,Routine,Routine: no recurring variance or recount pattern,N,9.50,Quarterly
1975,SKU0145,Tools 0145,Tools,Z3-B01,Z3,596,596,0,0,60.50,36058.00,0.00,0,N,13,0,0.00,189,N,Routine,Routine: no recurring variance or recount pattern,N,9.50,Quarterly
1976,SKU0149,Shipping Supplies 0149,Shipping Supplies,Z1-B01,Z1,161,161,0,0,75.30,12123.30,0.00,0,N,13,0,0.00,189,N,Routine,Routine: no recurring variance or recount pattern,N,9.50,Quarterly
1977,SKU0151,Industrial Supplies 0151,Industrial Supplies,Z1-B03,Z1,395,395,0,0,82.70,32666.50,0.00,0,N,13,0,0.00,189,N,Routine,Routine: no recurring variance or recount pattern,N,9.50,Quarterly
1978,SKU0157,Fasteners 0157,Fasteners,Z3-B01,Z3,166,166,0,0,104.90,17413.40,0.00,0,N,13,0,0.00,189,N,Routine,Routine: no recurring variance or recount pattern,N,9.50,Quarterly
1979,SKU0158,Maintenance Parts 0158,Maintenance Parts,Z2-B04,Z2,207,207,0,0,108.60,22480.20,0.00,0,N,13,0,0.00,189,N,Routine,Routine: no recurring variance or recount pattern,N,9.50,Quarterly
1980,SKU0159,Shipping Supplies 0159,Shipping Supplies,Z1-B03,Z1,242,242,0,0,112.30,27176.60,0.00,0,N,13,0,0.00,189,N,Routine,Routine: no recurring variance or recount pattern,N,9.50,Quarterly
1981,SKU0184,Packaging 0184,Packaging,Z1-B02,Z1,765,765,0,0,84.80,64872.00,0.00,0,N,13,0,0.00,189,N,Routine,Routine: no recurring variance or recount pattern,N,9.50,Quarterly
1982,SKU0185,Tools 0185,Tools,Z3-B01,Z3,141,141,0,0,88.50,12478.50,0.00,0,N,13,0,0.00,189,N,Routine,Routine: no recurring variance or recount pattern,N,9.50,Quarterly
1983,SKU0214,Packaging 0214,Packaging,Z1-B01,Z1,26,26,0,0,75.80,1970.80,0.00,0,N,13,0,0.00,189,N,Routine,Routine: no recurring variance or recount pattern,N,9.50,Quarterly
1984,SKU0222,Electrical Components 0222,Electrical Components,Z3-B04,Z3,234,234,0,0,105.40,24663.60,0.00,0,N,13,0,0.00,189,N,Routine,Routine: no recurring variance or recount pattern,N,9.50,Quarterly
1985,SKU0230,Material Handling 0230,Material Handling,Z3-B04,Z3,755,755,0,0,15.00,11325.00,0.00,0,N,13,0,0.00,189,N,Routine,Routine: no recurring variance or recount pattern,N,9.50,Quarterly
1986,SKU0237,Fasteners 0237,Fasteners,Z1-B01,Z1,553,553,0,0,40.90,22617.70,0.00,0,N,13,0,0.00,189,N,Routine,Routine: no recurring variance or recount pattern,N,9.50,Quarterly
1987,SKU0252,Electrical Components 0252,Electrical Components,Z1-B02,Z1,323,323,0,0,96.40,31137.20,0.00,0,N,13,0,0.00,189,N,Routine,Routine: no recurring variance or recount pattern,N,9.50,Quarterly
1988,SKU0255,Tools 0255,Tools,Z1-B03,Z1,461,461,0,0,107.50,49557.50,0.00,0,N,13,0,0.00,189,N,Routine,Routine: no recurring variance or recount pattern,N,9.50,Quarterly
1989,SKU0270,Material Handling 0270,Material Handling,Z1-B04,Z1,281,281,0,0,43.00,12083.00,0.00,0,N,13,0,0.00,189,N,Routine,Routine: no recurring variance or recount pattern,N,9.50,Quarterly
1990,SKU0274,Packaging 0274,Packaging,Z2-B04,Z2,613,613,0,0,57.80,35431.40,0.00,0,N,13,0,0.00,189,N,Routine,Routine: no recurring variance or recount pattern,N,9.50,Quarterly
1991,SKU0285,Tools 0285,Tools,Z1-B01,Z1,547,547,0,0,98.50,53879.50,0.00,0,N,13,0,0.00,189,N,Routine,Routine: no recurring variance or recount pattern,N,9.50,Quarterly
1992,SKU0292,Electrical Components 0292,Electrical Components,Z3-B02,Z3,518,518,0,0,4.40,2279.20,0.00,0,N,13,0,0.00,189,N,Routine,Routine: no recurring variance or recount pattern,N,9.50,Quarterly
1993,SKU0296,Consumables 0296,Consumables,Z1-B02,Z1,718,718,0,0,19.20,13785.60,0.00,0,N,13,0,0.00,189,N,Routine,Routine: no recurring variance or recount pattern,N,9.50,Quarterly
1994,SKU0297,Fasteners 0297,Fasteners,Z1-B01,Z1,189,189,0,0,22.90,4328.10,0.00,0,N,13,0,0.00,189,N,Routine,Routine: no recurring variance or recount pattern,N,9.50,Quarterly
1995,SKU0001,Industrial Supplies 0001,Industrial Supplies,Z1-B02,Z1,1,1,0,0,7.70,7.70,0.00,0,N,13,0,0.00,188,N,Routine,Routine: no recurring variance or recount pattern,N,9.45,Quarterly
1996,SKU0021,Industrial Supplies 0021,Industrial Supplies,Z1-B01,Z1,385,385,0,0,81.70,31454.50,0.00,0,N,13,0,0.00,188,N,Routine,Routine: no recurring variance or recount pattern,N,9.45,Quarterly
1997,SKU0024,Packaging 0024,Packaging,Z1-B02,Z1,491,491,0,0,92.80,45564.80,0.00,0,N,13,0,0.00,188,N,Routine,Routine: no recurring variance or recount pattern,N,9.45,Quarterly
1998,SKU0035,Tools 0035,Tools,Z2-B03,Z2,806,806,0,0,13.50,10881.00,0.00,0,N,13,0,0.00,188,N,Routine,Routine: no recurring variance or recount pattern,N,9.45,Quarterly
1999,SKU0046,Consumables 0046,Consumables,Z2-B01,Z2,0,0,0,0,54.20,0.00,0.00,0,N,13,0,0.00,188,N,Routine,Routine: no recurring variance or recount pattern,N,9.45,Quarterly
2000,SKU0066,Consumables 0066,Consumables,Z3-B04,Z3,281,281,0,0,8.20,2304.20,0.00,0,N,13,0,0.00,188,N,Routine,Routine: no recurring variance or recount pattern,N,9.45,Quarterly
2001,SKU0069,Shipping Supplies 0069,Shipping Supplies,Z1-B01,Z1,399,399,0,0,19.30,7700.70,0.00,0,N,13,0,0.00,188,N,Routine,Routine: no recurring variance or recount pattern,N,9.45,Quarterly
2002,SKU0085,Tools 0085,Tools,Z1-B01,Z1,188,188,0,0,78.50,14758.00,0.00,0,N,13,0,0.00,188,N,Routine,Routine: no recurring variance or recount pattern,N,9.45,Quarterly
2003,SKU0102,Electrical Components 0102,Electrical Components,Z2-B01,Z2,0,0,0,0,21.40,0.00,0.00,0,N,13,0,0.00,188,N,Routine,Routine: no recurring variance or recount pattern,N,9.45,Quarterly
2004,SKU0102,Electrical Components 0102,Electrical Components,Z3-B04,Z3,337,337,0,0,21.40,7211.80,0.00,0,N,13,0,0.00,188,N,Routine,Routine: no recurring variance or recount pattern,N,9.45,Quarterly
2005,SKU0122,Electrical Components 0122,Electrical Components,Z3-B04,Z3,297,297,0,0,95.40,28333.80,0.00,0,N,13,0,0.00,188,N,Routine,Routine: no recurring variance or recount pattern,N,9.45,Quarterly
2006,SKU0129,Shipping Supplies 0129,Shipping Supplies,Z2-B01,Z2,745,745,0,0,121.30,90368.50,0.00,0,N,13,0,0.00,188,N,Routine,Routine: no recurring variance or recount pattern,N,9.45,Quarterly
2007,SKU0131,Industrial Supplies 0131,Industrial Supplies,Z1-B03,Z1,190,190,0,0,8.70,1653.00,0.00,0,N,13,0,0.00,188,N,Routine,Routine: no recurring variance or recount pattern,N,9.45,Quarterly
2008,SKU0150,Material Handling 0150,Material Handling,Z3-B04,Z3,370,370,0,0,79.00,29230.00,0.00,0,N,13,0,0.00,188,N,Routine,Routine: no recurring variance or recount pattern,N,9.45,Quarterly
2009,SKU0154,Packaging 0154,Packaging,Z3-B04,Z3,682,682,0,0,93.80,63971.60,0.00,0,N,13,0,0.00,188,N,Routine,Routine: no recurring variance or recount pattern,N,9.45,Quarterly
2010,SKU0172,Electrical Components 0172,Electrical Components,Z3-B02,Z3,692,692,0,0,40.40,27956.80,0.00,0,N,13,0,0.00,188,N,Routine,Routine: no recurring variance or recount pattern,N,9.45,Quarterly
2011,SKU0174,Packaging 0174,Packaging,Z3-B04,Z3,728,728,0,0,47.80,34798.40,0.00,0,N,13,0,0.00,188,N,Routine,Routine: no recurring variance or recount pattern,N,9.45,Quarterly
2012,SKU0175,Tools 0175,Tools,Z3-B04,Z3,39,39,0,0,51.50,2008.50,0.00,0,N,13,0,0.00,188,N,Routine,Routine: no recurring variance or recount pattern,N,9.45,Quarterly
2013,SKU0176,Consumables 0176,Consumables,Z1-B03,Z1,0,0,0,0,55.20,0.00,0.00,0,N,13,0,0.00,188,N,Routine,Routine: no recurring variance or recount pattern,N,9.45,Quarterly
2014,SKU0217,Fasteners 0217,Fasteners,Z1-B01,Z1,342,342,0,0,86.90,29719.80,0.00,0,N,13,0,0.00,188,N,Routine,Routine: no recurring variance or recount pattern,N,9.45,Quarterly
2015,SKU0245,Tools 0245,Tools,Z1-B01,Z1,351,351,0,0,70.50,24745.50,0.00,0,N,13,0,0.00,188,N,Routine,Routine: no recurring variance or recount pattern,N,9.45,Quarterly
2016,SKU0273,Safety Supplies 0273,Safety Supplies,Z1-B01,Z1,426,426,0,0,54.10,23046.60,0.00,0,N,13,0,0.00,188,N,Routine,Routine: no recurring variance or recount pattern,N,9.45,Quarterly
2017,SKU0285,Tools 0285,Tools,Z2-B01,Z2,697,697,0,0,98.50,68654.50,0.00,0,N,13,0,0.00,188,N,Routine,Routine: no recurring variance or recount pattern,N,9.45,Quarterly
2018,SKU0005,Tools 0005,Tools,Z3-B01,Z3,614,614,0,0,22.50,13815.00,0.00,0,N,13,0,0.00,187,N,Routine,Routine: no recurring variance or recount pattern,N,9.40,Quarterly
2019,SKU0032,Electrical Components 0032,Electrical Components,Z3-B02,Z3,499,499,0,0,122.40,61077.60,0.00,0,N,13,0,0.00,187,N,Routine,Routine: no recurring variance or recount pattern,N,9.40,Quarterly
2020,SKU0045,Tools 0045,Tools,Z3-B02,Z3,42,42,0,0,50.50,2121.00,0.00,0,N,13,0,0.00,187,N,Routine,Routine: no recurring variance or recount pattern,N,9.40,Quarterly
2021,SKU0085,Tools 0085,Tools,Z3-B01,Z3,434,434,0,0,78.50,34069.00,0.00,0,N,13,0,0.00,187,N,Routine,Routine: no recurring variance or recount pattern,N,9.40,Quarterly
2022,SKU0120,Material Handling 0120,Material Handling,Z1-B02,Z1,725,725,0,0,88.00,63800.00,0.00,0,N,13,0,0.00,187,N,Routine,Routine: no recurring variance or recount pattern,N,9.40,Quarterly
2023,SKU0123,Safety Supplies 0123,Safety Supplies,Z2-B03,Z2,402,402,0,0,99.10,39838.20,0.00,0,N,13,0,0.00,187,N,Routine,Routine: no recurring variance or recount pattern,N,9.40,Quarterly
2024,SKU0141,Industrial Supplies 0141,Industrial Supplies,Z3-B01,Z3,333,333,0,0,45.70,15218.10,0.00,0,N,13,0,0.00,187,N,Routine,Routine: no recurring variance or recount pattern,N,9.40,Quarterly
2025,SKU0154,Packaging 0154,Packaging,Z2-B04,Z2,669,669,0,0,93.80,62752.20,0.00,0,N,13,0,0.00,187,N,Routine,Routine: no recurring variance or recount pattern,N,9.40,Quarterly
2026,SKU0194,Packaging 0194,Packaging,Z3-B01,Z3,33,33,0,0,121.80,4019.40,0.00,0,N,13,0,0.00,187,N,Routine,Routine: no recurring variance or recount pattern,N,9.40,Quarterly
2027,SKU0201,Industrial Supplies 0201,Industrial Supplies,Z1-B01,Z1,612,612,0,0,27.70,16952.40,0.00,0,N,13,0,0.00,187,N,Routine,Routine: no recurring variance or recount pattern,N,9.40,Quarterly
2028,SKU0246,Consumables 0246,Consumables,Z3-B04,Z3,580,580,0,0,74.20,43036.00,0.00,0,N,13,0,0.00,187,N,Routine,Routine: no recurring variance or recount pattern,N,9.40,Quarterly
2029,SKU0256,Consumables 0256,Consumables,Z1-B02,Z1,517,517,0,0,111.20,57490.40,0.00,0,N,13,0,0.00,187,N,Routine,Routine: no recurring variance or recount pattern,N,9.40,Quarterly
2030,SKU0265,Tools 0265,Tools,Z1-B01,Z1,581,581,0,0,24.50,14234.50,0.00,0,N,13,0,0.00,187,N,Routine,Routine: no recurring variance or recount pattern,N,9.40,Quarterly
2031,SKU0028,Maintenance Parts 0028,Maintenance Parts,Z1-B03,Z1,15,15,0,0,107.60,1614.00,0.00,0,N,13,0,0.00,186,N,Routine,Routine: no recurring variance or recount pattern,N,9.35,Quarterly
2032,SKU0166,Consumables 0166,Consumables,Z3-B01,Z3,24,24,0,0,18.20,436.80,0.00,0,N,13,0,0.00,186,N,Routine,Routine: no recurring variance or recount pattern,N,9.35,Quarterly
2033,SKU0203,Safety Supplies 0203,Safety Supplies,Z3-B04,Z3,41,41,0,0,35.10,1439.10,0.00,0,N,13,0,0.00,186,N,Routine,Routine: no recurring variance or recount pattern,N,9.35,Quarterly
2034,SKU0231,Industrial Supplies 0231,Industrial Supplies,Z2-B04,Z2,3,3,0,0,18.70,56.10,0.00,0,N,13,0,0.00,186,N,Routine,Routine: no recurring variance or recount pattern,N,9.35,Quarterly
2035,SKU0287,Fasteners 0287,Fasteners,Z3-B04,Z3,0,0,0,0,105.90,0.00,0.00,0,N,13,0,0.00,186,N,Routine,Routine: no recurring variance or recount pattern,N,9.35,Quarterly
2036,SKU0055,Tools 0055,Tools,Z2-B04,Z2,5,5,0,0,87.50,437.50,0.00,0,N,13,0,0.00,185,N,Routine,Routine: no recurring variance or recount pattern,N,9.30,Quarterly
2037,SKU0094,Packaging 0094,Packaging,Z3-B04,Z3,332,332,0,0,111.80,37117.60,0.00,0,N,13,0,0.00,185,N,Routine,Routine: no recurring variance or recount pattern,N,9.30,Quarterly
2038,SKU0130,Material Handling 0130,Material Handling,Z1-B01,Z1,13,13,0,0,5.00,65.00,0.00,0,N,13,0,0.00,185,N,Routine,Routine: no recurring variance or recount pattern,N,9.30,Quarterly
2039,SKU0137,Fasteners 0137,Fasteners,Z1-B01,Z1,627,627,0,0,30.90,19374.30,0.00,0,N,13,0,0.00,185,N,Routine,Routine: no recurring variance or recount pattern,N,9.30,Quarterly
2040,SKU0074,Packaging 0074,Packaging,Z2-B01,Z2,0,0,0,0,37.80,0.00,0.00,0,N,13,0,0.00,184,N,Routine,Routine: no recurring variance or recount pattern,N,9.25,Quarterly
2041,SKU0232,Electrical Components 0232,Electrical Components,Z1-B02,Z1,129,129,0,0,22.40,2889.60,0.00,0,N,13,0,0.00,184,N,Routine,Routine: no recurring variance or recount pattern,N,9.25,Quarterly
2042,SKU0147,Fasteners 0147,Fasteners,Z3-B04,Z3,32,32,0,0,67.90,2172.80,0.00,0,N,13,0,0.00,183,N,Routine,Routine: no recurring variance or recount pattern,N,9.20,Quarterly
2043,SKU0195,Tools 0195,Tools,Z1-B04,Z1,35,35,0,0,5.50,192.50,0.00,0,N,13,0,0.00,183,N,Routine,Routine: no recurring variance or recount pattern,N,9.20,Quarterly
2044,SKU0018,Maintenance Parts 0018,Maintenance Parts,Z2-B01,Z2,46,46,0,0,70.60,3247.60,0.00,0,N,13,0,0.00,182,N,Routine,Routine: no recurring variance or recount pattern,N,9.15,Quarterly
2045,SKU0083,Safety Supplies 0083,Safety Supplies,Z1-B04,Z1,20,20,0,0,71.10,1422.00,0.00,0,N,13,0,0.00,182,N,Routine,Routine: no recurring variance or recount pattern,N,9.15,Quarterly
2046,SKU0098,Maintenance Parts 0098,Maintenance Parts,Z2-B03,Z2,768,768,0,0,6.60,5068.80,0.00,0,N,13,0,0.00,182,N,Routine,Routine: no recurring variance or recount pattern,N,9.15,Quarterly
2047,SKU0027,Fasteners 0027,Fasteners,Z2-B04,Z2,0,0,0,0,103.90,0.00,0.00,0,N,13,0,0.00,181,N,Routine,Routine: no recurring variance or recount pattern,N,9.10,Quarterly
2048,SKU0112,Electrical Components 0112,Electrical Components,Z1-B01,Z1,392,392,0,0,58.40,22892.80,0.00,0,N,13,0,0.00,181,N,Routine,Routine: no recurring variance or recount pattern,N,9.10,Quarterly
2049,SKU0130,Material Handling 0130,Material Handling,Z2-B01,Z2,10,10,0,0,5.00,50.00,0.00,0,N,13,0,0.00,181,N,Routine,Routine: no recurring variance or recount pattern,N,9.10,Quarterly
2050,SKU0169,Shipping Supplies 0169,Shipping Supplies,Z2-B04,Z2,452,452,0,0,29.30,13243.60,0.00,0,N,13,0,0.00,181,N,Routine,Routine: no recurring variance or recount pattern,N,9.10,Quarterly
2051,SKU0176,Consumables 0176,Consumables,Z2-B03,Z2,49,49,0,0,55.20,2704.80,0.00,0,N,13,0,0.00,181,N,Routine,Routine: no recurring variance or recount pattern,N,9.10,Quarterly
2052,SKU0292,Electrical Components 0292,Electrical Components,Z2-B01,Z2,672,672,0,0,4.40,2956.80,0.00,0,N,13,0,0.00,181,N,Routine,Routine: no recurring variance or recount pattern,N,9.10,Quarterly
2053,SKU0297,Fasteners 0297,Fasteners,Z1-B02,Z1,43,43,0,0,22.90,984.70,0.00,0,N,13,0,0.00,181,N,Routine,Routine: no recurring variance or recount pattern,N,9.10,Quarterly
2054,SKU0009,Shipping Supplies 0009,Shipping Supplies,Z1-B02,Z1,31,31,0,0,37.30,1156.30,0.00,0,N,13,0,0.00,179,N,Routine,Routine: no recurring variance or recount pattern,N,8.99,Quarterly
2055,SKU0091,Industrial Supplies 0091,Industrial Supplies,Z3-B02,Z3,976,976,0,0,100.70,98283.20,0.00,0,N,13,0,0.00,179,N,Routine,Routine: no recurring variance or recount pattern,N,8.99,Quarterly
2056,SKU0101,Industrial Supplies 0101,Industrial Supplies,Z3-B02,Z3,0,0,0,0,17.70,0.00,0.00,0,N,13,0,0.00,179,N,Routine,Routine: no recurring variance or recount pattern,N,8.99,Quarterly
2057,SKU0109,Shipping Supplies 0109,Shipping Supplies,Z2-B04,Z2,941,941,0,0,47.30,44509.30,0.00,0,N,13,0,0.00,179,N,Routine,Routine: no recurring variance or recount pattern,N,8.99,Quarterly
2058,SKU0129,Shipping Supplies 0129,Shipping Supplies,Z3-B02,Z3,0,0,0,0,121.30,0.00,0.00,0,N,13,0,0.00,179,N,Routine,Routine: no recurring variance or recount pattern,N,8.99,Quarterly
2059,SKU0189,Shipping Supplies 0189,Shipping Supplies,Z1-B04,Z1,599,599,0,0,103.30,61876.70,0.00,0,N,13,0,0.00,179,N,Routine,Routine: no recurring variance or recount pattern,N,8.99,Quarterly
2060,SKU0203,Safety Supplies 0203,Safety Supplies,Z1-B02,Z1,972,972,0,0,35.10,34117.20,0.00,0,N,13,0,0.00,179,N,Routine,Routine: no recurring variance or recount pattern,N,8.99,Quarterly
2061,SKU0294,Packaging 0294,Packaging,Z1-B03,Z1,722,722,0,0,11.80,8519.60,0.00,0,N,13,0,0.00,179,N,Routine,Routine: no recurring variance or recount pattern,N,8.99,Quarterly
2062,SKU0069,Shipping Supplies 0069,Shipping Supplies,Z3-B04,Z3,783,783,0,0,19.30,15111.90,0.00,0,N,13,0,0.00,178,N,Routine,Routine: no recurring variance or recount pattern,N,8.94,Quarterly
2063,SKU0136,Consumables 0136,Consumables,Z3-B01,Z3,919,919,0,0,27.20,24996.80,0.00,0,N,13,0,0.00,178,N,Routine,Routine: no recurring variance or recount pattern,N,8.94,Quarterly
2064,SKU0171,Industrial Supplies 0171,Industrial Supplies,Z3-B02,Z3,754,754,0,0,36.70,27671.80,0.00,0,N,13,0,0.00,178,N,Routine,Routine: no recurring variance or recount pattern,N,8.94,Quarterly
2065,SKU0229,Shipping Supplies 0229,Shipping Supplies,Z3-B04,Z3,825,825,0,0,11.30,9322.50,0.00,0,N,13,0,0.00,178,N,Routine,Routine: no recurring variance or recount pattern,N,8.94,Quarterly
2066,SKU0239,Shipping Supplies 0239,Shipping Supplies,Z1-B02,Z1,753,753,0,0,48.30,36369.90,0.00,0,N,13,0,0.00,178,N,Routine,Routine: no recurring variance or recount pattern,N,8.94,Quarterly
2067,SKU0264,Packaging 0264,Packaging,Z3-B01,Z3,646,646,0,0,20.80,13436.80,0.00,0,N,13,0,0.00,178,N,Routine,Routine: no recurring variance or recount pattern,N,8.94,Quarterly
2068,SKU0278,Maintenance Parts 0278,Maintenance Parts,Z2-B01,Z2,0,0,0,0,72.60,0.00,0.00,0,N,13,0,0.00,178,N,Routine,Routine: no recurring variance or recount pattern,N,8.94,Quarterly
2069,SKU0016,Consumables 0016,Consumables,Z2-B01,Z2,774,774,0,0,63.20,48916.80,0.00,0,N,13,0,0.00,177,N,Routine,Routine: no recurring variance or recount pattern,N,8.89,Quarterly
2070,SKU0046,Consumables 0046,Consumables,Z2-B03,Z2,354,354,0,0,54.20,19186.80,0.00,0,N,13,0,0.00,177,N,Routine,Routine: no recurring variance or recount pattern,N,8.89,Quarterly
2071,SKU0050,Material Handling 0050,Material Handling,Z1-B03,Z1,674,674,0,0,69.00,46506.00,0.00,0,N,13,0,0.00,177,N,Routine,Routine: no recurring variance or recount pattern,N,8.89,Quarterly
2072,SKU0084,Packaging 0084,Packaging,Z2-B01,Z2,332,332,0,0,74.80,24833.60,0.00,0,N,13,0,0.00,177,N,Routine,Routine: no recurring variance or recount pattern,N,8.89,Quarterly
2073,SKU0094,Packaging 0094,Packaging,Z1-B03,Z1,452,452,0,0,111.80,50533.60,0.00,0,N,13,0,0.00,177,N,Routine,Routine: no recurring variance or recount pattern,N,8.89,Quarterly
2074,SKU0114,Packaging 0114,Packaging,Z2-B03,Z2,584,584,0,0,65.80,38427.20,0.00,0,N,13,0,0.00,177,N,Routine,Routine: no recurring variance or recount pattern,N,8.89,Quarterly
2075,SKU0117,Fasteners 0117,Fasteners,Z2-B04,Z2,716,716,0,0,76.90,55060.40,0.00,0,N,13,0,0.00,177,N,Routine,Routine: no recurring variance or recount pattern,N,8.89,Quarterly
2076,SKU0119,Shipping Supplies 0119,Shipping Supplies,Z3-B04,Z3,31,31,0,0,84.30,2613.30,0.00,0,N,13,0,0.00,177,N,Routine,Routine: no recurring variance or recount pattern,N,8.89,Quarterly
2077,SKU0168,Maintenance Parts 0168,Maintenance Parts,Z2-B01,Z2,443,443,0,0,25.60,11340.80,0.00,0,N,13,0,0.00,177,N,Routine,Routine: no recurring variance or recount pattern,N,8.89,Quarterly
2078,SKU0186,Consumables 0186,Consumables,Z1-B03,Z1,389,389,0,0,92.20,35865.80,0.00,0,N,13,0,0.00,177,N,Routine,Routine: no recurring variance or recount pattern,N,8.89,Quarterly
2079,SKU0204,Packaging 0204,Packaging,Z1-B03,Z1,6,6,0,0,38.80,232.80,0.00,0,N,13,0,0.00,177,N,Routine,Routine: no recurring variance or recount pattern,N,8.89,Quarterly
2080,SKU0232,Electrical Components 0232,Electrical Components,Z1-B03,Z1,8,8,0,0,22.40,179.20,0.00,0,N,13,0,0.00,177,N,Routine,Routine: no recurring variance or recount pattern,N,8.89,Quarterly
2081,SKU0260,Material Handling 0260,Material Handling,Z1-B03,Z1,16,16,0,0,6.00,96.00,0.00,0,N,13,0,0.00,177,N,Routine,Routine: no recurring variance or recount pattern,N,8.89,Quarterly
2082,SKU0271,Industrial Supplies 0271,Industrial Supplies,Z1-B02,Z1,447,447,0,0,46.70,20874.90,0.00,0,N,13,0,0.00,177,N,Routine,Routine: no recurring variance or recount pattern,N,8.89,Quarterly
2083,SKU0063,Safety Supplies 0063,Safety Supplies,Z1-B02,Z1,795,795,0,0,117.10,93094.50,0.00,0,N,13,0,0.00,176,N,Routine,Routine: no recurring variance or recount pattern,N,8.84,Quarterly
2084,SKU0064,Packaging 0064,Packaging,Z3-B01,Z3,341,341,0,0,120.80,41192.80,0.00,0,N,13,0,0.00,176,N,Routine,Routine: no recurring variance or recount pattern,N,8.84,Quarterly
2085,SKU0081,Industrial Supplies 0081,Industrial Supplies,Z2-B04,Z2,925,925,0,0,63.70,58922.50,0.00,0,N,13,0,0.00,176,N,Routine,Routine: no recurring variance or recount pattern,N,8.84,Quarterly
2086,SKU0090,Material Handling 0090,Material Handling,Z1-B03,Z1,757,757,0,0,97.00,73429.00,0.00,0,N,13,0,0.00,176,N,Routine,Routine: no recurring variance or recount pattern,N,8.84,Quarterly
2087,SKU0100,Material Handling 0100,Material Handling,Z1-B01,Z1,888,888,0,0,14.00,12432.00,0.00,0,N,13,0,0.00,176,N,Routine,Routine: no recurring variance or recount pattern,N,8.84,Quarterly
2088,SKU0110,Material Handling 0110,Material Handling,Z1-B03,Z1,951,951,0,0,51.00,48501.00,0.00,0,N,13,0,0.00,176,N,Routine,Routine: no recurring variance or recount pattern,N,8.84,Quarterly
2089,SKU0111,Industrial Supplies 0111,Industrial Supplies,Z1-B02,Z1,1064,1064,0,0,54.70,58200.80,0.00,0,N,13,0,0.00,176,N,Routine,Routine: no recurring variance or recount pattern,N,8.84,Quarterly
2090,SKU0113,Safety Supplies 0113,Safety Supplies,Z3-B04,Z3,556,556,0,0,62.10,34527.60,0.00,0,N,13,0,0.00,176,N,Routine,Routine: no recurring variance or recount pattern,N,8.84,Quarterly
2091,SKU0162,Electrical Components 0162,Electrical Components,Z1-B03,Z1,711,711,0,0,123.40,87737.40,0.00,0,N,13,0,0.00,176,N,Routine,Routine: no recurring variance or recount pattern,N,8.84,Quarterly
2092,SKU0190,Material Handling 0190,Material Handling,Z1-B03,Z1,691,691,0,0,107.00,73937.00,0.00,0,N,13,0,0.00,176,N,Routine,Routine: no recurring variance or recount pattern,N,8.84,Quarterly
2093,SKU0205,Tools 0205,Tools,Z2-B04,Z2,464,464,0,0,42.50,19720.00,0.00,0,N,13,0,0.00,176,N,Routine,Routine: no recurring variance or recount pattern,N,8.84,Quarterly
2094,SKU0210,Material Handling 0210,Material Handling,Z2-B03,Z2,886,886,0,0,61.00,54046.00,0.00,0,N,13,0,0.00,176,N,Routine,Routine: no recurring variance or recount pattern,N,8.84,Quarterly
2095,SKU0213,Safety Supplies 0213,Safety Supplies,Z3-B04,Z3,327,327,0,0,72.10,23576.70,0.00,0,N,13,0,0.00,176,N,Routine,Routine: no recurring variance or recount pattern,N,8.84,Quarterly
2096,SKU0219,Shipping Supplies 0219,Shipping Supplies,Z3-B02,Z3,792,792,0,0,94.30,74685.60,0.00,0,N,13,0,0.00,176,N,Routine,Routine: no recurring variance or recount pattern,N,8.84,Quarterly
2097,SKU0259,Shipping Supplies 0259,Shipping Supplies,Z2-B04,Z2,3,3,0,0,122.30,366.90,0.00,0,N,13,0,0.00,176,N,Routine,Routine: no recurring variance or recount pattern,N,8.84,Quarterly
2098,SKU0279,Shipping Supplies 0279,Shipping Supplies,Z3-B02,Z3,481,481,0,0,76.30,36700.30,0.00,0,N,13,0,0.00,176,N,Routine,Routine: no recurring variance or recount pattern,N,8.84,Quarterly
2099,SKU0280,Material Handling 0280,Material Handling,Z3-B01,Z3,578,578,0,0,80.00,46240.00,0.00,0,N,13,0,0.00,176,N,Routine,Routine: no recurring variance or recount pattern,N,8.84,Quarterly
2100,SKU0287,Fasteners 0287,Fasteners,Z2-B04,Z2,4,4,0,0,105.90,423.60,0.00,0,N,13,0,0.00,176,N,Routine,Routine: no recurring variance or recount pattern,N,8.84,Quarterly
2101,SKU0026,Consumables 0026,Consumables,Z2-B03,Z2,964,964,0,0,100.20,96592.80,0.00,0,N,13,0,0.00,175,N,Routine,Routine: no recurring variance or recount pattern,N,8.79,Quarterly
2102,SKU0028,Maintenance Parts 0028,Maintenance Parts,Z2-B01,Z2,363,363,0,0,107.60,39058.80,0.00,0,N,13,0,0.00,175,N,Routine,Routine: no recurring variance or recount pattern,N,8.79,Quarterly
2103,SKU0041,Industrial Supplies 0041,Industrial Supplies,Z2-B04,Z2,714,714,0,0,35.70,25489.80,0.00,0,N,13,0,0.00,175,N,Routine,Routine: no recurring variance or recount pattern,N,8.79,Quarterly
2104,SKU0053,Safety Supplies 0053,Safety Supplies,Z1-B04,Z1,884,884,0,0,80.10,70808.40,0.00,0,N,13,0,0.00,175,N,Routine,Routine: no recurring variance or recount pattern,N,8.79,Quarterly
2105,SKU0068,Maintenance Parts 0068,Maintenance Parts,Z2-B01,Z2,539,539,0,0,15.60,8408.40,0.00,0,N,13,0,0.00,175,N,Routine,Routine: no recurring variance or recount pattern,N,8.79,Quarterly
2106,SKU0076,Consumables 0076,Consumables,Z3-B01,Z3,567,567,0,0,45.20,25628.40,0.00,0,N,13,0,0.00,175,N,Routine,Routine: no recurring variance or recount pattern,N,8.79,Quarterly
2107,SKU0085,Tools 0085,Tools,Z2-B04,Z2,504,504,0,0,78.50,39564.00,0.00,0,N,13,0,0.00,175,N,Routine,Routine: no recurring variance or recount pattern,N,8.79,Quarterly
2108,SKU0089,Shipping Supplies 0089,Shipping Supplies,Z2-B04,Z2,782,782,0,0,93.30,72960.60,0.00,0,N,13,0,0.00,175,N,Routine,Routine: no recurring variance or recount pattern,N,8.79,Quarterly
2109,SKU0103,Safety Supplies 0103,Safety Supplies,Z3-B02,Z3,512,512,0,0,25.10,12851.20,0.00,0,N,13,0,0.00,175,N,Routine,Routine: no recurring variance or recount pattern,N,8.79,Quarterly
2110,SKU0118,Maintenance Parts 0118,Maintenance Parts,Z1-B03,Z1,862,862,0,0,80.60,69477.20,0.00,0,N,13,0,0.00,175,N,Routine,Routine: no recurring variance or recount pattern,N,8.79,Quarterly
2111,SKU0123,Safety Supplies 0123,Safety Supplies,Z1-B02,Z1,543,543,0,0,99.10,53811.30,0.00,0,N,13,0,0.00,175,N,Routine,Routine: no recurring variance or recount pattern,N,8.79,Quarterly
2112,SKU0137,Fasteners 0137,Fasteners,Z2-B04,Z2,921,921,0,0,30.90,28458.90,0.00,0,N,13,0,0.00,175,N,Routine,Routine: no recurring variance or recount pattern,N,8.79,Quarterly
2113,SKU0138,Maintenance Parts 0138,Maintenance Parts,Z3-B01,Z3,19,19,0,0,34.60,657.40,0.00,0,N,13,0,0.00,175,N,Routine,Routine: no recurring variance or recount pattern,N,8.79,Quarterly
2114,SKU0164,Packaging 0164,Packaging,Z2-B01,Z2,739,739,0,0,10.80,7981.20,0.00,0,N,13,0,0.00,175,N,Routine,Routine: no recurring variance or recount pattern,N,8.79,Quarterly
2115,SKU0177,Fasteners 0177,Fasteners,Z1-B04,Z1,388,388,0,0,58.90,22853.20,0.00,0,N,13,0,0.00,175,N,Routine,Routine: no recurring variance or recount pattern,N,8.79,Quarterly
2116,SKU0192,Electrical Components 0192,Electrical Components,Z1-B01,Z1,811,811,0,0,114.40,92778.40,0.00,0,N,13,0,0.00,175,N,Routine,Routine: no recurring variance or recount pattern,N,8.79,Quarterly
2117,SKU0195,Tools 0195,Tools,Z3-B02,Z3,459,459,0,0,5.50,2524.50,0.00,0,N,13,0,0.00,175,N,Routine,Routine: no recurring variance or recount pattern,N,8.79,Quarterly
2118,SKU0209,Shipping Supplies 0209,Shipping Supplies,Z2-B04,Z2,693,693,0,0,57.30,39708.90,0.00,0,N,13,0,0.00,175,N,Routine,Routine: no recurring variance or recount pattern,N,8.79,Quarterly
2119,SKU0212,Electrical Components 0212,Electrical Components,Z2-B01,Z2,984,984,0,0,68.40,67305.60,0.00,0,N,13,0,0.00,175,N,Routine,Routine: no recurring variance or recount pattern,N,8.79,Quarterly
2120,SKU0215,Tools 0215,Tools,Z3-B02,Z3,504,504,0,0,79.50,40068.00,0.00,0,N,13,0,0.00,175,N,Routine,Routine: no recurring variance or recount pattern,N,8.79,Quarterly
2121,SKU0260,Material Handling 0260,Material Handling,Z2-B01,Z2,282,282,0,0,6.00,1692.00,0.00,0,N,13,0,0.00,175,N,Routine,Routine: no recurring variance or recount pattern,N,8.79,Quarterly
2122,SKU0263,Safety Supplies 0263,Safety Supplies,Z3-B02,Z3,640,640,0,0,17.10,10944.00,0.00,0,N,13,0,0.00,175,N,Routine,Routine: no recurring variance or recount pattern,N,8.79,Quarterly
2123,SKU0269,Shipping Supplies 0269,Shipping Supplies,Z1-B04,Z1,344,344,0,0,39.30,13519.20,0.00,0,N,13,0,0.00,175,N,Routine,Routine: no recurring variance or recount pattern,N,8.79,Quarterly
2124,SKU0290,Material Handling 0290,Material Handling,Z2-B03,Z2,518,518,0,0,117.00,60606.00,0.00,0,N,13,0,0.00,175,N,Routine,Routine: no recurring variance or recount pattern,N,8.79,Quarterly
2125,SKU0296,Consumables 0296,Consumables,Z1-B01,Z1,813,813,0,0,19.20,15609.60,0.00,0,N,13,0,0.00,175,N,Routine,Routine: no recurring variance or recount pattern,N,8.79,Quarterly
2126,SKU0009,Shipping Supplies 0009,Shipping Supplies,Z2-B04,Z2,365,365,0,0,37.30,13614.50,0.00,0,N,13,0,0.00,174,N,Routine,Routine: no recurring variance or recount pattern,N,8.74,Quarterly
2127,SKU0015,Tools 0015,Tools,Z1-B02,Z1,803,803,0,0,59.50,47778.50,0.00,0,N,13,0,0.00,174,N,Routine,Routine: no recurring variance or recount pattern,N,8.74,Quarterly
2128,SKU0018,Maintenance Parts 0018,Maintenance Parts,Z2-B03,Z2,327,327,0,0,70.60,23086.20,0.00,0,N,13,0,0.00,174,N,Routine,Routine: no recurring variance or recount pattern,N,8.74,Quarterly
2129,SKU0045,Tools 0045,Tools,Z2-B04,Z2,887,887,0,0,50.50,44793.50,0.00,0,N,13,0,0.00,174,N,Routine,Routine: no recurring variance or recount pattern,N,8.74,Quarterly
2130,SKU0053,Safety Supplies 0053,Safety Supplies,Z3-B04,Z3,821,821,0,0,80.10,65762.10,0.00,0,N,13,0,0.00,174,N,Routine,Routine: no recurring variance or recount pattern,N,8.74,Quarterly
2131,SKU0080,Material Handling 0080,Material Handling,Z3-B01,Z3,874,874,0,0,60.00,52440.00,0.00,0,N,13,0,0.00,174,N,Routine,Routine: no recurring variance or recount pattern,N,8.74,Quarterly
2132,SKU0097,Fasteners 0097,Fasteners,Z2-B04,Z2,736,736,0,0,122.90,90454.40,0.00,0,N,13,0,0.00,174,N,Routine,Routine: no recurring variance or recount pattern,N,8.74,Quarterly
2133,SKU0105,Tools 0105,Tools,Z2-B04,Z2,655,655,0,0,32.50,21287.50,0.00,0,N,13,0,0.00,174,N,Routine,Routine: no recurring variance or recount pattern,N,8.74,Quarterly
2134,SKU0112,Electrical Components 0112,Electrical Components,Z3-B01,Z3,421,421,0,0,58.40,24586.40,0.00,0,N,13,0,0.00,174,N,Routine,Routine: no recurring variance or recount pattern,N,8.74,Quarterly
2135,SKU0140,Material Handling 0140,Material Handling,Z1-B01,Z1,414,414,0,0,42.00,17388.00,0.00,0,N,13,0,0.00,174,N,Routine,Routine: no recurring variance or recount pattern,N,8.74,Quarterly
2136,SKU0140,Material Handling 0140,Material Handling,Z2-B01,Z2,454,454,0,0,42.00,19068.00,0.00,0,N,13,0,0.00,174,N,Routine,Routine: no recurring variance or recount pattern,N,8.74,Quarterly
2137,SKU0145,Tools 0145,Tools,Z1-B04,Z1,808,808,0,0,60.50,48884.00,0.00,0,N,13,0,0.00,174,N,Routine,Routine: no recurring variance or recount pattern,N,8.74,Quarterly
2138,SKU0150,Material Handling 0150,Material Handling,Z1-B03,Z1,470,470,0,0,79.00,37130.00,0.00,0,N,13,0,0.00,174,N,Routine,Routine: no recurring variance or recount pattern,N,8.74,Quarterly
2139,SKU0172,Electrical Components 0172,Electrical Components,Z1-B01,Z1,612,612,0,0,40.40,24724.80,0.00,0,N,13,0,0.00,174,N,Routine,Routine: no recurring variance or recount pattern,N,8.74,Quarterly
2140,SKU0184,Packaging 0184,Packaging,Z3-B01,Z3,1023,1023,0,0,84.80,86750.40,0.00,0,N,13,0,0.00,174,N,Routine,Routine: no recurring variance or recount pattern,N,8.74,Quarterly
2141,SKU0192,Electrical Components 0192,Electrical Components,Z2-B01,Z2,789,789,0,0,114.40,90261.60,0.00,0,N,13,0,0.00,174,N,Routine,Routine: no recurring variance or recount pattern,N,8.74,Quarterly
2142,SKU0199,Shipping Supplies 0199,Shipping Supplies,Z1-B02,Z1,558,558,0,0,20.30,11327.40,0.00,0,N,13,0,0.00,174,N,Routine,Routine: no recurring variance or recount pattern,N,8.74,Quarterly
2143,SKU0202,Electrical Components 0202,Electrical Components,Z1-B03,Z1,928,928,0,0,31.40,29139.20,0.00,0,N,13,0,0.00,174,N,Routine,Routine: no recurring variance or recount pattern,N,8.74,Quarterly
2144,SKU0213,Safety Supplies 0213,Safety Supplies,Z1-B04,Z1,330,330,0,0,72.10,23793.00,0.00,0,N,13,0,0.00,174,N,Routine,Routine: no recurring variance or recount pattern,N,8.74,Quarterly
2145,SKU0246,Consumables 0246,Consumables,Z1-B03,Z1,721,721,0,0,74.20,53498.20,0.00,0,N,13,0,0.00,174,N,Routine,Routine: no recurring variance or recount pattern,N,8.74,Quarterly
2146,SKU0249,Shipping Supplies 0249,Shipping Supplies,Z1-B04,Z1,870,870,0,0,85.30,74211.00,0.00,0,N,13,0,0.00,174,N,Routine,Routine: no recurring variance or recount pattern,N,8.74,Quarterly
2147,SKU0267,Fasteners 0267,Fasteners,Z3-B02,Z3,1018,1018,0,0,31.90,32474.20,0.00,0,N,13,0,0.00,174,N,Routine,Routine: no recurring variance or recount pattern,N,8.74,Quarterly
2148,SKU0273,Safety Supplies 0273,Safety Supplies,Z3-B04,Z3,706,706,0,0,54.10,38194.60,0.00,0,N,13,0,0.00,174,N,Routine,Routine: no recurring variance or recount pattern,N,8.74,Quarterly
2149,SKU0274,Packaging 0274,Packaging,Z2-B03,Z2,742,742,0,0,57.80,42887.60,0.00,0,N,13,0,0.00,174,N,Routine,Routine: no recurring variance or recount pattern,N,8.74,Quarterly
2150,SKU0275,Tools 0275,Tools,Z1-B02,Z1,781,781,0,0,61.50,48031.50,0.00,0,N,13,0,0.00,174,N,Routine,Routine: no recurring variance or recount pattern,N,8.74,Quarterly
2151,SKU0283,Safety Supplies 0283,Safety Supplies,Z3-B02,Z3,766,766,0,0,91.10,69782.60,0.00,0,N,13,0,0.00,174,N,Routine,Routine: no recurring variance or recount pattern,N,8.74,Quarterly
2152,SKU0291,Industrial Supplies 0291,Industrial Supplies,Z3-B02,Z3,633,633,0,0,120.70,76403.10,0.00,0,N,13,0,0.00,174,N,Routine,Routine: no recurring variance or recount pattern,N,8.74,Quarterly
2153,SKU0298,Maintenance Parts 0298,Maintenance Parts,Z2-B03,Z2,446,446,0,0,26.60,11863.60,0.00,0,N,13,0,0.00,174,N,Routine,Routine: no recurring variance or recount pattern,N,8.74,Quarterly
2154,SKU0016,Consumables 0016,Consumables,Z1-B01,Z1,872,872,0,0,63.20,55110.40,0.00,0,N,13,0,0.00,173,N,Routine,Routine: no recurring variance or recount pattern,N,8.69,Quarterly
2155,SKU0022,Electrical Components 0022,Electrical Components,Z2-B03,Z2,587,587,0,0,85.40,50129.80,0.00,0,N,13,0,0.00,173,N,Routine,Routine: no recurring variance or recount pattern,N,8.69,Quarterly
2156,SKU0031,Industrial Supplies 0031,Industrial Supplies,Z1-B02,Z1,617,617,0,0,118.70,73237.90,0.00,0,N,13,0,0.00,173,N,Routine,Routine: no recurring variance or recount pattern,N,8.69,Quarterly
2157,SKU0032,Electrical Components 0032,Electrical Components,Z1-B01,Z1,662,662,0,0,122.40,81028.80,0.00,0,N,13,0,0.00,173,N,Routine,Routine: no recurring variance or recount pattern,N,8.69,Quarterly
2158,SKU0048,Maintenance Parts 0048,Maintenance Parts,Z3-B01,Z3,512,512,0,0,61.60,31539.20,0.00,0,N,13,0,0.00,173,N,Routine,Routine: no recurring variance or recount pattern,N,8.69,Quarterly
2159,SKU0049,Shipping Supplies 0049,Shipping Supplies,Z1-B04,Z1,598,598,0,0,65.30,39049.40,0.00,0,N,13,0,0.00,173,N,Routine,Routine: no recurring variance or recount pattern,N,8.69,Quarterly
2160,SKU0053,Safety Supplies 0053,Safety Supplies,Z2-B04,Z2,962,962,0,0,80.10,77056.20,0.00,0,N,13,0,0.00,173,N,Routine,Routine: no recurring variance or recount pattern,N,8.69,Quarterly
2161,SKU0055,Tools 0055,Tools,Z1-B02,Z1,1009,1009,0,0,87.50,88287.50,0.00,0,N,13,0,0.00,173,N,Routine,Routine: no recurring variance or recount pattern,N,8.69,Quarterly
2162,SKU0060,Material Handling 0060,Material Handling,Z3-B01,Z3,669,669,0,0,106.00,70914.00,0.00,0,N,13,0,0.00,173,N,Routine,Routine: no recurring variance or recount pattern,N,8.69,Quarterly
2163,SKU0065,Tools 0065,Tools,Z2-B04,Z2,393,393,0,0,4.50,1768.50,0.00,0,N,13,0,0.00,173,N,Routine,Routine: no recurring variance or recount pattern,N,8.69,Quarterly
2164,SKU0092,Electrical Components 0092,Electrical Components,Z3-B01,Z3,376,376,0,0,104.40,39254.40,0.00,0,N,13,0,0.00,173,N,Routine,Routine: no recurring variance or recount pattern,N,8.69,Quarterly
2165,SKU0093,Safety Supplies 0093,Safety Supplies,Z2-B04,Z2,451,451,0,0,108.10,48753.10,0.00,0,N,13,0,0.00,173,N,Routine,Routine: no recurring variance or recount pattern,N,8.69,Quarterly
2166,SKU0095,Tools 0095,Tools,Z1-B02,Z1,528,528,0,0,115.50,60984.00,0.00,0,N,13,0,0.00,173,N,Routine,Routine: no recurring variance or recount pattern,N,8.69,Quarterly
2167,SKU0096,Consumables 0096,Consumables,Z2-B01,Z2,531,531,0,0,119.20,63295.20,0.00,0,N,13,0,0.00,173,N,Routine,Routine: no recurring variance or recount pattern,N,8.69,Quarterly
2168,SKU0099,Shipping Supplies 0099,Shipping Supplies,Z3-B02,Z3,845,845,0,0,10.30,8703.50,0.00,0,N,13,0,0.00,173,N,Routine,Routine: no recurring variance or recount pattern,N,8.69,Quarterly
2169,SKU0130,Material Handling 0130,Material Handling,Z2-B03,Z2,324,324,0,0,5.00,1620.00,0.00,0,N,13,0,0.00,173,N,Routine,Routine: no recurring variance or recount pattern,N,8.69,Quarterly
2170,SKU0142,Electrical Components 0142,Electrical Components,Z2-B03,Z2,628,628,0,0,49.40,31023.20,0.00,0,N,13,0,0.00,173,N,Routine,Routine: no recurring variance or recount pattern,N,8.69,Quarterly
2171,SKU0157,Fasteners 0157,Fasteners,Z1-B04,Z1,1043,1043,0,0,104.90,109410.70,0.00,0,N,13,0,0.00,173,N,Routine,Routine: no recurring variance or recount pattern,N,8.69,Quarterly
2172,SKU0162,Electrical Components 0162,Electrical Components,Z2-B03,Z2,695,695,0,0,123.40,85763.00,0.00,0,N,13,0,0.00,173,N,Routine,Routine: no recurring variance or recount pattern,N,8.69,Quarterly
2173,SKU0174,Packaging 0174,Packaging,Z1-B03,Z1,883,883,0,0,47.80,42207.40,0.00,0,N,13,0,0.00,173,N,Routine,Routine: no recurring variance or recount pattern,N,8.69,Quarterly
2174,SKU0176,Consumables 0176,Consumables,Z3-B01,Z3,387,387,0,0,55.20,21362.40,0.00,0,N,13,0,0.00,173,N,Routine,Routine: no recurring variance or recount pattern,N,8.69,Quarterly
2175,SKU0181,Industrial Supplies 0181,Industrial Supplies,Z3-B04,Z3,836,836,0,0,73.70,61613.20,0.00,0,N,13,0,0.00,173,N,Routine,Routine: no recurring variance or recount pattern,N,8.69,Quarterly
2176,SKU0184,Packaging 0184,Packaging,Z2-B01,Z2,970,970,0,0,84.80,82256.00,0.00,0,N,13,0,0.00,173,N,Routine,Routine: no recurring variance or recount pattern,N,8.69,Quarterly
2177,SKU0187,Fasteners 0187,Fasteners,Z1-B02,Z1,417,417,0,0,95.90,39990.30,0.00,0,N,13,0,0.00,173,N,Routine,Routine: no recurring variance or recount pattern,N,8.69,Quarterly
2178,SKU0195,Tools 0195,Tools,Z1-B02,Z1,330,330,0,0,5.50,1815.00,0.00,0,N,13,0,0.00,173,N,Routine,Routine: no recurring variance or recount pattern,N,8.69,Quarterly
2179,SKU0197,Fasteners 0197,Fasteners,Z2-B04,Z2,486,486,0,0,12.90,6269.40,0.00,0,N,13,0,0.00,173,N,Routine,Routine: no recurring variance or recount pattern,N,8.69,Quarterly
2180,SKU0198,Maintenance Parts 0198,Maintenance Parts,Z2-B03,Z2,519,519,0,0,16.60,8615.40,0.00,0,N,13,0,0.00,173,N,Routine,Routine: no recurring variance or recount pattern,N,8.69,Quarterly
2181,SKU0200,Material Handling 0200,Material Handling,Z3-B01,Z3,798,798,0,0,24.00,19152.00,0.00,0,N,13,0,0.00,173,N,Routine,Routine: no recurring variance or recount pattern,N,8.69,Quarterly
2182,SKU0209,Shipping Supplies 0209,Shipping Supplies,Z1-B04,Z1,681,681,0,0,57.30,39021.30,0.00,0,N,13,0,0.00,173,N,Routine,Routine: no recurring variance or recount pattern,N,8.69,Quarterly
2183,SKU0214,Packaging 0214,Packaging,Z1-B03,Z1,415,415,0,0,75.80,31457.00,0.00,0,N,13,0,0.00,173,N,Routine,Routine: no recurring variance or recount pattern,N,8.69,Quarterly
2184,SKU0217,Fasteners 0217,Fasteners,Z2-B04,Z2,659,659,0,0,86.90,57267.10,0.00,0,N,13,0,0.00,173,N,Routine,Routine: no recurring variance or recount pattern,N,8.69,Quarterly
2185,SKU0219,Shipping Supplies 0219,Shipping Supplies,Z1-B02,Z1,777,777,0,0,94.30,73271.10,0.00,0,N,13,0,0.00,173,N,Routine,Routine: no recurring variance or recount pattern,N,8.69,Quarterly
2186,SKU0223,Safety Supplies 0223,Safety Supplies,Z3-B02,Z3,472,472,0,0,109.10,51495.20,0.00,0,N,13,0,0.00,173,N,Routine,Routine: no recurring variance or recount pattern,N,8.69,Quarterly
2187,SKU0224,Packaging 0224,Packaging,Z2-B01,Z2,491,491,0,0,112.80,55384.80,0.00,0,N,13,0,0.00,173,N,Routine,Routine: no recurring variance or recount pattern,N,8.69,Quarterly
2188,SKU0225,Tools 0225,Tools,Z1-B04,Z1,575,575,0,0,116.50,66987.50,0.00,0,N,13,0,0.00,173,N,Routine,Routine: no recurring variance or recount pattern,N,8.69,Quarterly
2189,SKU0230,Material Handling 0230,Material Handling,Z1-B03,Z1,887,887,0,0,15.00,13305.00,0.00,0,N,13,0,0.00,173,N,Routine,Routine: no recurring variance or recount pattern,N,8.69,Quarterly
2190,SKU0232,Electrical Components 0232,Electrical Components,Z1-B01,Z1,345,345,0,0,22.40,7728.00,0.00,0,N,13,0,0.00,173,N,Routine,Routine: no recurring variance or recount pattern,N,8.69,Quarterly
2191,SKU0235,Tools 0235,Tools,Z3-B02,Z3,601,601,0,0,33.50,20133.50,0.00,0,N,13,0,0.00,173,N,Routine,Routine: no recurring variance or recount pattern,N,8.69,Quarterly
2192,SKU0254,Packaging 0254,Packaging,Z1-B03,Z1,611,611,0,0,103.80,63421.80,0.00,0,N,13,0,0.00,173,N,Routine,Routine: no recurring variance or recount pattern,N,8.69,Quarterly
2193,SKU0262,Electrical Components 0262,Electrical Components,Z1-B03,Z1,421,421,0,0,13.40,5641.40,0.00,0,N,13,0,0.00,173,N,Routine,Routine: no recurring variance or recount pattern,N,8.69,Quarterly
2194,SKU0268,Maintenance Parts 0268,Maintenance Parts,Z2-B01,Z2,989,989,0,0,35.60,35208.40,0.00,0,N,13,0,0.00,173,N,Routine,Routine: no recurring variance or recount pattern,N,8.69,Quarterly
2195,SKU0273,Safety Supplies 0273,Safety Supplies,Z2-B04,Z2,718,718,0,0,54.10,38843.80,0.00,0,N,13,0,0.00,173,N,Routine,Routine: no recurring variance or recount pattern,N,8.69,Quarterly
2196,SKU0288,Maintenance Parts 0288,Maintenance Parts,Z2-B01,Z2,297,297,0,0,109.60,32551.20,0.00,0,N,13,0,0.00,173,N,Routine,Routine: no recurring variance or recount pattern,N,8.69,Quarterly
2197,SKU0296,Consumables 0296,Consumables,Z3-B01,Z3,373,373,0,0,19.20,7161.60,0.00,0,N,13,0,0.00,173,N,Routine,Routine: no recurring variance or recount pattern,N,8.69,Quarterly
2198,SKU0003,Safety Supplies 0003,Safety Supplies,Z1-B02,Z1,605,605,0,0,15.10,9135.50,0.00,0,N,13,0,0.00,172,N,Routine,Routine: no recurring variance or recount pattern,N,8.64,Quarterly
2199,SKU0012,Electrical Components 0012,Electrical Components,Z2-B01,Z2,544,544,0,0,48.40,26329.60,0.00,0,N,13,0,0.00,172,N,Routine,Routine: no recurring variance or recount pattern,N,8.64,Quarterly
2200,SKU0012,Electrical Components 0012,Electrical Components,Z3-B01,Z3,640,640,0,0,48.40,30976.00,0.00,0,N,13,0,0.00,172,N,Routine,Routine: no recurring variance or recount pattern,N,8.64,Quarterly
2201,SKU0017,Fasteners 0017,Fasteners,Z2-B04,Z2,991,991,0,0,66.90,66297.90,0.00,0,N,13,0,0.00,172,N,Routine,Routine: no recurring variance or recount pattern,N,8.64,Quarterly
2202,SKU0020,Material Handling 0020,Material Handling,Z2-B01,Z2,511,511,0,0,78.00,39858.00,0.00,0,N,13,0,0.00,172,N,Routine,Routine: no recurring variance or recount pattern,N,8.64,Quarterly
2203,SKU0023,Safety Supplies 0023,Safety Supplies,Z3-B02,Z3,780,780,0,0,89.10,69498.00,0.00,0,N,13,0,0.00,172,N,Routine,Routine: no recurring variance or recount pattern,N,8.64,Quarterly
2204,SKU0030,Material Handling 0030,Material Handling,Z1-B03,Z1,508,508,0,0,115.00,58420.00,0.00,0,N,13,0,0.00,172,N,Routine,Routine: no recurring variance or recount pattern,N,8.64,Quarterly
2205,SKU0045,Tools 0045,Tools,Z3-B04,Z3,329,329,0,0,50.50,16614.50,0.00,0,N,13,0,0.00,172,N,Routine,Routine: no recurring variance or recount pattern,N,8.64,Quarterly
2206,SKU0047,Fasteners 0047,Fasteners,Z1-B02,Z1,372,372,0,0,57.90,21538.80,0.00,0,N,13,0,0.00,172,N,Routine,Routine: no recurring variance or recount pattern,N,8.64,Quarterly
2207,SKU0051,Industrial Supplies 0051,Industrial Supplies,Z1-B02,Z1,586,586,0,0,72.70,42602.20,0.00,0,N,13,0,0.00,172,N,Routine,Routine: no recurring variance or recount pattern,N,8.64,Quarterly
2208,SKU0057,Fasteners 0057,Fasteners,Z3-B04,Z3,535,535,0,0,94.90,50771.50,0.00,0,N,13,0,0.00,172,N,Routine,Routine: no recurring variance or recount pattern,N,8.64,Quarterly
2209,SKU0068,Maintenance Parts 0068,Maintenance Parts,Z1-B01,Z1,522,522,0,0,15.60,8143.20,0.00,0,N,13,0,0.00,172,N,Routine,Routine: no recurring variance or recount pattern,N,8.64,Quarterly
2210,SKU0079,Shipping Supplies 0079,Shipping Supplies,Z1-B02,Z1,650,650,0,0,56.30,36595.00,0.00,0,N,13,0,0.00,172,N,Routine,Routine: no recurring variance or recount pattern,N,8.64,Quarterly
2211,SKU0083,Safety Supplies 0083,Safety Supplies,Z3-B02,Z3,378,378,0,0,71.10,26875.80,0.00,0,N,13,0,0.00,172,N,Routine,Routine: no recurring variance or recount pattern,N,8.64,Quarterly
2212,SKU0096,Consumables 0096,Consumables,Z1-B01,Z1,577,577,0,0,119.20,68778.40,0.00,0,N,13,0,0.00,172,N,Routine,Routine: no recurring variance or recount pattern,N,8.64,Quarterly
2213,SKU0102,Electrical Components 0102,Electrical Components,Z1-B01,Z1,13,13,0,0,21.40,278.20,0.00,0,N,13,0,0.00,172,N,Routine,Routine: no recurring variance or recount pattern,N,8.64,Quarterly
2214,SKU0105,Tools 0105,Tools,Z1-B04,Z1,605,605,0,0,32.50,19662.50,0.00,0,N,13,0,0.00,172,N,Routine,Routine: no recurring variance or recount pattern,N,8.64,Quarterly
2215,SKU0108,Maintenance Parts 0108,Maintenance Parts,Z1-B01,Z1,729,729,0,0,43.60,31784.40,0.00,0,N,13,0,0.00,172,N,Routine,Routine: no recurring variance or recount pattern,N,8.64,Quarterly
2216,SKU0113,Safety Supplies 0113,Safety Supplies,Z1-B04,Z1,472,472,0,0,62.10,29311.20,0.00,0,N,13,0,0.00,172,N,Routine,Routine: no recurring variance or recount pattern,N,8.64,Quarterly
2217,SKU0113,Safety Supplies 0113,Safety Supplies,Z2-B04,Z2,463,463,0,0,62.10,28752.30,0.00,0,N,13,0,0.00,172,N,Routine,Routine: no recurring variance or recount pattern,N,8.64,Quarterly
2218,SKU0122,Electrical Components 0122,Electrical Components,Z1-B03,Z1,457,457,0,0,95.40,43597.80,0.00,0,N,13,0,0.00,172,N,Routine,Routine: no recurring variance or recount pattern,N,8.64,Quarterly
2219,SKU0125,Tools 0125,Tools,Z1-B04,Z1,663,663,0,0,106.50,70609.50,0.00,0,N,13,0,0.00,172,N,Routine,Routine: no recurring variance or recount pattern,N,8.64,Quarterly
2220,SKU0141,Industrial Supplies 0141,Industrial Supplies,Z1-B04,Z1,430,430,0,0,45.70,19651.00,0.00,0,N,13,0,0.00,172,N,Routine,Routine: no recurring variance or recount pattern,N,8.64,Quarterly
2221,SKU0144,Packaging 0144,Packaging,Z3-B01,Z3,798,798,0,0,56.80,45326.40,0.00,0,N,13,0,0.00,172,N,Routine,Routine: no recurring variance or recount pattern,N,8.64,Quarterly
2222,SKU0146,Consumables 0146,Consumables,Z2-B03,Z2,798,798,0,0,64.20,51231.60,0.00,0,N,13,0,0.00,172,N,Routine,Routine: no recurring variance or recount pattern,N,8.64,Quarterly
2223,SKU0163,Safety Supplies 0163,Safety Supplies,Z1-B02,Z1,761,761,0,0,7.10,5403.10,0.00,0,N,13,0,0.00,172,N,Routine,Routine: no recurring variance or recount pattern,N,8.64,Quarterly
2224,SKU0165,Tools 0165,Tools,Z1-B04,Z1,812,812,0,0,14.50,11774.00,0.00,0,N,13,0,0.00,172,N,Routine,Routine: no recurring variance or recount pattern,N,8.64,Quarterly
2225,SKU0166,Consumables 0166,Consumables,Z1-B03,Z1,979,979,0,0,18.20,17817.80,0.00,0,N,13,0,0.00,172,N,Routine,Routine: no recurring variance or recount pattern,N,8.64,Quarterly
2226,SKU0172,Electrical Components 0172,Electrical Components,Z3-B01,Z3,792,792,0,0,40.40,31996.80,0.00,0,N,13,0,0.00,172,N,Routine,Routine: no recurring variance or recount pattern,N,8.64,Quarterly
2227,SKU0173,Safety Supplies 0173,Safety Supplies,Z3-B04,Z3,832,832,0,0,44.10,36691.20,0.00,0,N,13,0,0.00,172,N,Routine,Routine: no recurring variance or recount pattern,N,8.64,Quarterly
2228,SKU0175,Tools 0175,Tools,Z3-B02,Z3,356,356,0,0,51.50,18334.00,0.00,0,N,13,0,0.00,172,N,Routine,Routine: no recurring variance or recount pattern,N,8.64,Quarterly
2229,SKU0179,Shipping Supplies 0179,Shipping Supplies,Z3-B02,Z3,553,553,0,0,66.30,36663.90,0.00,0,N,13,0,0.00,172,N,Routine,Routine: no recurring variance or recount pattern,N,8.64,Quarterly
2230,SKU0184,Packaging 0184,Packaging,Z1-B01,Z1,965,965,0,0,84.80,81832.00,0.00,0,N,13,0,0.00,172,N,Routine,Routine: no recurring variance or recount pattern,N,8.64,Quarterly
2231,SKU0185,Tools 0185,Tools,Z1-B04,Z1,1030,1030,0,0,88.50,91155.00,0.00,0,N,13,0,0.00,172,N,Routine,Routine: no recurring variance or recount pattern,N,8.64,Quarterly
2232,SKU0190,Material Handling 0190,Material Handling,Z2-B03,Z2,702,702,0,0,107.00,75114.00,0.00,0,N,13,0,0.00,172,N,Routine,Routine: no recurring variance or recount pattern,N,8.64,Quarterly
2233,SKU0191,Industrial Supplies 0191,Industrial Supplies,Z3-B02,Z3,764,764,0,0,110.70,84574.80,0.00,0,N,13,0,0.00,172,N,Routine,Routine: no recurring variance or recount pattern,N,8.64,Quarterly
2234,SKU0196,Consumables 0196,Consumables,Z2-B01,Z2,453,453,0,0,9.20,4167.60,0.00,0,N,13,0,0.00,172,N,Routine,Routine: no recurring variance or recount pattern,N,8.64,Quarterly
2235,SKU0217,Fasteners 0217,Fasteners,Z1-B04,Z1,649,649,0,0,86.90,56398.10,0.00,0,N,13,0,0.00,172,N,Routine,Routine: no recurring variance or recount pattern,N,8.64,Quarterly
2236,SKU0225,Tools 0225,Tools,Z2-B04,Z2,474,474,0,0,116.50,55221.00,0.00,0,N,13,0,0.00,172,N,Routine,Routine: no recurring variance or recount pattern,N,8.64,Quarterly
2237,SKU0226,Consumables 0226,Consumables,Z1-B03,Z1,493,493,0,0,120.20,59258.60,0.00,0,N,13,0,0.00,172,N,Routine,Routine: no recurring variance or recount pattern,N,8.64,Quarterly
2238,SKU0229,Shipping Supplies 0229,Shipping Supplies,Z1-B04,Z1,838,838,0,0,11.30,9469.40,0.00,0,N,13,0,0.00,172,N,Routine,Routine: no recurring variance or recount pattern,N,8.64,Quarterly
2239,SKU0231,Industrial Supplies 0231,Industrial Supplies,Z1-B02,Z1,965,965,0,0,18.70,18045.50,0.00,0,N,13,0,0.00,172,N,Routine,Routine: no recurring variance or recount pattern,N,8.64,Quarterly
2240,SKU0244,Packaging 0244,Packaging,Z1-B01,Z1,462,462,0,0,66.80,30861.60,0.00,0,N,13,0,0.00,172,N,Routine,Routine: no recurring variance or recount pattern,N,8.64,Quarterly
2241,SKU0245,Tools 0245,Tools,Z1-B04,Z1,631,631,0,0,70.50,44485.50,0.00,0,N,13,0,0.00,172,N,Routine,Routine: no recurring variance or recount pattern,N,8.64,Quarterly
2242,SKU0269,Shipping Supplies 0269,Shipping Supplies,Z3-B04,Z3,378,378,0,0,39.30,14855.40,0.00,0,N,13,0,0.00,172,N,Routine,Routine: no recurring variance or recount pattern,N,8.64,Quarterly
2243,SKU0283,Safety Supplies 0283,Safety Supplies,Z1-B02,Z1,618,618,0,0,91.10,56299.80,0.00,0,N,13,0,0.00,172,N,Routine,Routine: no recurring variance or recount pattern,N,8.64,Quarterly
2244,SKU0298,Maintenance Parts 0298,Maintenance Parts,Z1-B03,Z1,419,419,0,0,26.60,11145.40,0.00,0,N,13,0,0.00,172,N,Routine,Routine: no recurring variance or recount pattern,N,8.64,Quarterly
2245,SKU0027,Fasteners 0027,Fasteners,Z1-B02,Z1,1002,1002,0,0,103.90,104107.80,0.00,0,N,13,0,0.00,171,N,Routine,Routine: no recurring variance or recount pattern,N,8.59,Quarterly
2246,SKU0036,Consumables 0036,Consumables,Z1-B01,Z1,840,840,0,0,17.20,14448.00,0.00,0,N,13,0,0.00,171,N,Routine,Routine: no recurring variance or recount pattern,N,8.59,Quarterly
2247,SKU0047,Fasteners 0047,Fasteners,Z3-B02,Z3,530,530,0,0,57.90,30687.00,0.00,0,N,13,0,0.00,171,N,Routine,Routine: no recurring variance or recount pattern,N,8.59,Quarterly
2248,SKU0056,Consumables 0056,Consumables,Z2-B01,Z2,315,315,0,0,91.20,28728.00,0.00,0,N,13,0,0.00,171,N,Routine,Routine: no recurring variance or recount pattern,N,8.59,Quarterly
2249,SKU0061,Industrial Supplies 0061,Industrial Supplies,Z1-B04,Z1,759,759,0,0,109.70,83262.30,0.00,0,N,13,0,0.00,171,N,Routine,Routine: no recurring variance or recount pattern,N,8.59,Quarterly
2250,SKU0063,Safety Supplies 0063,Safety Supplies,Z3-B02,Z3,1021,1021,0,0,117.10,119559.10,0.00,0,N,13,0,0.00,171,N,Routine,Routine: no recurring variance or recount pattern,N,8.59,Quarterly
2251,SKU0067,Fasteners 0067,Fasteners,Z3-B02,Z3,538,538,0,0,11.90,6402.20,0.00,0,N,13,0,0.00,171,N,Routine,Routine: no recurring variance or recount pattern,N,8.59,Quarterly
2252,SKU0069,Shipping Supplies 0069,Shipping Supplies,Z1-B04,Z1,624,624,0,0,19.30,12043.20,0.00,0,N,13,0,0.00,171,N,Routine,Routine: no recurring variance or recount pattern,N,8.59,Quarterly
2253,SKU0070,Material Handling 0070,Material Handling,Z1-B03,Z1,778,778,0,0,23.00,17894.00,0.00,0,N,13,0,0.00,171,N,Routine,Routine: no recurring variance or recount pattern,N,8.59,Quarterly
2254,SKU0071,Industrial Supplies 0071,Industrial Supplies,Z1-B02,Z1,822,822,0,0,26.70,21947.40,0.00,0,N,13,0,0.00,171,N,Routine,Routine: no recurring variance or recount pattern,N,8.59,Quarterly
2255,SKU0077,Fasteners 0077,Fasteners,Z1-B04,Z1,570,570,0,0,48.90,27873.00,0.00,0,N,13,0,0.00,171,N,Routine,Routine: no recurring variance or recount pattern,N,8.59,Quarterly
2256,SKU0078,Maintenance Parts 0078,Maintenance Parts,Z1-B03,Z1,666,666,0,0,52.60,35031.60,0.00,0,N,13,0,0.00,171,N,Routine,Routine: no recurring variance or recount pattern,N,8.59,Quarterly
2257,SKU0082,Electrical Components 0082,Electrical Components,Z2-B03,Z2,1029,1029,0,0,67.40,69354.60,0.00,0,N,13,0,0.00,171,N,Routine,Routine: no recurring variance or recount pattern,N,8.59,Quarterly
2258,SKU0093,Safety Supplies 0093,Safety Supplies,Z1-B04,Z1,363,363,0,0,108.10,39240.30,0.00,0,N,13,0,0.00,171,N,Routine,Routine: no recurring variance or recount pattern,N,8.59,Quarterly
2259,SKU0099,Shipping Supplies 0099,Shipping Supplies,Z1-B02,Z1,804,804,0,0,10.30,8281.20,0.00,0,N,13,0,0.00,171,N,Routine,Routine: no recurring variance or recount pattern,N,8.59,Quarterly
2260,SKU0100,Material Handling 0100,Material Handling,Z2-B01,Z2,950,950,0,0,14.00,13300.00,0.00,0,N,13,0,0.00,171,N,Routine,Routine: no recurring variance or recount pattern,N,8.59,Quarterly
2261,SKU0107,Fasteners 0107,Fasteners,Z3-B02,Z3,797,797,0,0,39.90,31800.30,0.00,0,N,13,0,0.00,171,N,Routine,Routine: no recurring variance or recount pattern,N,8.59,Quarterly
2262,SKU0109,Shipping Supplies 0109,Shipping Supplies,Z1-B04,Z1,923,923,0,0,47.30,43657.90,0.00,0,N,13,0,0.00,171,N,Routine,Routine: no recurring variance or recount pattern,N,8.59,Quarterly
2263,SKU0117,Fasteners 0117,Fasteners,Z1-B04,Z1,837,837,0,0,76.90,64365.30,0.00,0,N,13,0,0.00,171,N,Routine,Routine: no recurring variance or recount pattern,N,8.59,Quarterly
2264,SKU0136,Consumables 0136,Consumables,Z1-B01,Z1,740,740,0,0,27.20,20128.00,0.00,0,N,13,0,0.00,171,N,Routine,Routine: no recurring variance or recount pattern,N,8.59,Quarterly
2265,SKU0144,Packaging 0144,Packaging,Z2-B01,Z2,730,730,0,0,56.80,41464.00,0.00,0,N,13,0,0.00,171,N,Routine,Routine: no recurring variance or recount pattern,N,8.59,Quarterly
2266,SKU0159,Shipping Supplies 0159,Shipping Supplies,Z3-B02,Z3,539,539,0,0,112.30,60529.70,0.00,0,N,13,0,0.00,171,N,Routine,Routine: no recurring variance or recount pattern,N,8.59,Quarterly
2267,SKU0165,Tools 0165,Tools,Z2-B04,Z2,985,985,0,0,14.50,14282.50,0.00,0,N,13,0,0.00,171,N,Routine,Routine: no recurring variance or recount pattern,N,8.59,Quarterly
2268,SKU0172,Electrical Components 0172,Electrical Components,Z2-B01,Z2,789,789,0,0,40.40,31875.60,0.00,0,N,13,0,0.00,171,N,Routine,Routine: no recurring variance or recount pattern,N,8.59,Quarterly
2269,SKU0179,Shipping Supplies 0179,Shipping Supplies,Z1-B02,Z1,550,550,0,0,66.30,36465.00,0.00,0,N,13,0,0.00,171,N,Routine,Routine: no recurring variance or recount pattern,N,8.59,Quarterly
2270,SKU0181,Industrial Supplies 0181,Industrial Supplies,Z2-B04,Z2,720,720,0,0,73.70,53064.00,0.00,0,N,13,0,0.00,171,N,Routine,Routine: no recurring variance or recount pattern,N,8.59,Quarterly
2271,SKU0183,Safety Supplies 0183,Safety Supplies,Z3-B02,Z3,948,948,0,0,81.10,76882.80,0.00,0,N,13,0,0.00,171,N,Routine,Routine: no recurring variance or recount pattern,N,8.59,Quarterly
2272,SKU0185,Tools 0185,Tools,Z2-B04,Z2,333,333,0,0,88.50,29470.50,0.00,0,N,13,0,0.00,171,N,Routine,Routine: no recurring variance or recount pattern,N,8.59,Quarterly
2273,SKU0202,Electrical Components 0202,Electrical Components,Z2-B03,Z2,838,838,0,0,31.40,26313.20,0.00,0,N,13,0,0.00,171,N,Routine,Routine: no recurring variance or recount pattern,N,8.59,Quarterly
2274,SKU0204,Packaging 0204,Packaging,Z2-B01,Z2,358,358,0,0,38.80,13890.40,0.00,0,N,13,0,0.00,171,N,Routine,Routine: no recurring variance or recount pattern,N,8.59,Quarterly
2275,SKU0207,Fasteners 0207,Fasteners,Z3-B02,Z3,595,595,0,0,49.90,29690.50,0.00,0,N,13,0,0.00,171,N,Routine,Routine: no recurring variance or recount pattern,N,8.59,Quarterly
2276,SKU0228,Maintenance Parts 0228,Maintenance Parts,Z2-B01,Z2,811,811,0,0,7.60,6163.60,0.00,0,N,13,0,0.00,171,N,Routine,Routine: no recurring variance or recount pattern,N,8.59,Quarterly
2277,SKU0236,Consumables 0236,Consumables,Z3-B01,Z3,650,650,0,0,37.20,24180.00,0.00,0,N,13,0,0.00,171,N,Routine,Routine: no recurring variance or recount pattern,N,8.59,Quarterly
2278,SKU0244,Packaging 0244,Packaging,Z3-B01,Z3,634,634,0,0,66.80,42351.20,0.00,0,N,13,0,0.00,171,N,Routine,Routine: no recurring variance or recount pattern,N,8.59,Quarterly
2279,SKU0248,Maintenance Parts 0248,Maintenance Parts,Z2-B01,Z2,769,769,0,0,81.60,62750.40,0.00,0,N,13,0,0.00,171,N,Routine,Routine: no recurring variance or recount pattern,N,8.59,Quarterly
2280,SKU0248,Maintenance Parts 0248,Maintenance Parts,Z3-B01,Z3,863,863,0,0,81.60,70420.80,0.00,0,N,13,0,0.00,171,N,Routine,Routine: no recurring variance or recount pattern,N,8.59,Quarterly
2281,SKU0250,Material Handling 0250,Material Handling,Z2-B01,Z2,0,0,0,0,89.00,0.00,0.00,0,N,13,0,0.00,171,N,Routine,Routine: no recurring variance or recount pattern,N,8.59,Quarterly
2282,SKU0250,Material Handling 0250,Material Handling,Z2-B03,Z2,360,360,0,0,89.00,32040.00,0.00,0,N,13,0,0.00,171,N,Routine,Routine: no recurring variance or recount pattern,N,8.59,Quarterly
2283,SKU0253,Safety Supplies 0253,Safety Supplies,Z2-B04,Z2,511,511,0,0,100.10,51151.10,0.00,0,N,13,0,0.00,171,N,Routine,Routine: no recurring variance or recount pattern,N,8.59,Quarterly
2284,SKU0269,Shipping Supplies 0269,Shipping Supplies,Z1-B02,Z1,38,38,0,0,39.30,1493.40,0.00,0,N,13,0,0.00,171,N,Routine,Routine: no recurring variance or recount pattern,N,8.59,Quarterly
2285,SKU0269,Shipping Supplies 0269,Shipping Supplies,Z2-B04,Z2,428,428,0,0,39.30,16820.40,0.00,0,N,13,0,0.00,171,N,Routine,Routine: no recurring variance or recount pattern,N,8.59,Quarterly
2286,SKU0278,Maintenance Parts 0278,Maintenance Parts,Z1-B03,Z1,958,958,0,0,72.60,69550.80,0.00,0,N,13,0,0.00,171,N,Routine,Routine: no recurring variance or recount pattern,N,8.59,Quarterly
2287,SKU0280,Material Handling 0280,Material Handling,Z2-B01,Z2,490,490,0,0,80.00,39200.00,0.00,0,N,13,0,0.00,171,N,Routine,Routine: no recurring variance or recount pattern,N,8.59,Quarterly
2288,SKU0286,Consumables 0286,Consumables,Z2-B03,Z2,940,940,0,0,102.20,96068.00,0.00,0,N,13,0,0.00,171,N,Routine,Routine: no recurring variance or recount pattern,N,8.59,Quarterly
2289,SKU0292,Electrical Components 0292,Electrical Components,Z1-B01,Z1,666,666,0,0,4.40,2930.40,0.00,0,N,13,0,0.00,171,N,Routine,Routine: no recurring variance or recount pattern,N,8.59,Quarterly
2290,SKU0295,Tools 0295,Tools,Z3-B02,Z3,954,954,0,0,15.50,14787.00,0.00,0,N,13,0,0.00,171,N,Routine,Routine: no recurring variance or recount pattern,N,8.59,Quarterly
2291,SKU0300,Material Handling 0300,Material Handling,Z1-B01,Z1,587,587,0,0,34.00,19958.00,0.00,0,N,13,0,0.00,171,N,Routine,Routine: no recurring variance or recount pattern,N,8.59,Quarterly
2292,SKU0004,Packaging 0004,Packaging,Z1-B01,Z1,624,624,0,0,18.80,11731.20,0.00,0,N,13,0,0.00,170,N,Routine,Routine: no recurring variance or recount pattern,N,8.54,Quarterly
2293,SKU0008,Maintenance Parts 0008,Maintenance Parts,Z1-B01,Z1,936,936,0,0,33.60,31449.60,0.00,0,N,13,0,0.00,170,N,Routine,Routine: no recurring variance or recount pattern,N,8.54,Quarterly
2294,SKU0008,Maintenance Parts 0008,Maintenance Parts,Z3-B01,Z3,365,365,0,0,33.60,12264.00,0.00,0,N,13,0,0.00,170,N,Routine,Routine: no recurring variance or recount pattern,N,8.54,Quarterly
2295,SKU0020,Material Handling 0020,Material Handling,Z3-B01,Z3,475,475,0,0,78.00,37050.00,0.00,0,N,13,0,0.00,170,N,Routine,Routine: no recurring variance or recount pattern,N,8.54,Quarterly
2296,SKU0031,Industrial Supplies 0031,Industrial Supplies,Z3-B02,Z3,591,591,0,0,118.70,70151.70,0.00,0,N,13,0,0.00,170,N,Routine,Routine: no recurring variance or recount pattern,N,8.54,Quarterly
2297,SKU0039,Shipping Supplies 0039,Shipping Supplies,Z1-B02,Z1,553,553,0,0,28.30,15649.90,0.00,0,N,13,0,0.00,170,N,Routine,Routine: no recurring variance or recount pattern,N,8.54,Quarterly
2298,SKU0041,Industrial Supplies 0041,Industrial Supplies,Z1-B04,Z1,699,699,0,0,35.70,24954.30,0.00,0,N,13,0,0.00,170,N,Routine,Routine: no recurring variance or recount pattern,N,8.54,Quarterly
2299,SKU0043,Safety Supplies 0043,Safety Supplies,Z3-B02,Z3,798,798,0,0,43.10,34393.80,0.00,0,N,13,0,0.00,170,N,Routine,Routine: no recurring variance or recount pattern,N,8.54,Quarterly
2300,SKU0059,Shipping Supplies 0059,Shipping Supplies,Z3-B02,Z3,686,686,0,0,102.30,70177.80,0.00,0,N,13,0,0.00,170,N,Routine,Routine: no recurring variance or recount pattern,N,8.54,Quarterly
2301,SKU0061,Industrial Supplies 0061,Industrial Supplies,Z2-B04,Z2,737,737,0,0,109.70,80848.90,0.00,0,N,13,0,0.00,170,N,Routine,Routine: no recurring variance or recount pattern,N,8.54,Quarterly
2302,SKU0062,Electrical Components 0062,Electrical Components,Z1-B03,Z1,762,762,0,0,113.40,86410.80,0.00,0,N,13,0,0.00,170,N,Routine,Routine: no recurring variance or recount pattern,N,8.54,Quarterly
2303,SKU0065,Tools 0065,Tools,Z3-B04,Z3,390,390,0,0,4.50,1755.00,0.00,0,N,13,0,0.00,170,N,Routine,Routine: no recurring variance or recount pattern,N,8.54,Quarterly
2304,SKU0068,Maintenance Parts 0068,Maintenance Parts,Z3-B01,Z3,691,691,0,0,15.60,10779.60,0.00,0,N,13,0,0.00,170,N,Routine,Routine: no recurring variance or recount pattern,N,8.54,Quarterly
2305,SKU0077,Fasteners 0077,Fasteners,Z3-B04,Z3,603,603,0,0,48.90,29486.70,0.00,0,N,13,0,0.00,170,N,Routine,Routine: no recurring variance or recount pattern,N,8.54,Quarterly
2306,SKU0085,Tools 0085,Tools,Z1-B04,Z1,442,442,0,0,78.50,34697.00,0.00,0,N,13,0,0.00,170,N,Routine,Routine: no recurring variance or recount pattern,N,8.54,Quarterly
2307,SKU0086,Consumables 0086,Consumables,Z2-B03,Z2,620,620,0,0,82.20,50964.00,0.00,0,N,13,0,0.00,170,N,Routine,Routine: no recurring variance or recount pattern,N,8.54,Quarterly
2308,SKU0087,Fasteners 0087,Fasteners,Z3-B02,Z3,735,735,0,0,85.90,63136.50,0.00,0,N,13,0,0.00,170,N,Routine,Routine: no recurring variance or recount pattern,N,8.54,Quarterly
2309,SKU0089,Shipping Supplies 0089,Shipping Supplies,Z1-B04,Z1,797,797,0,0,93.30,74360.10,0.00,0,N,13,0,0.00,170,N,Routine,Routine: no recurring variance or recount pattern,N,8.54,Quarterly
2310,SKU0091,Industrial Supplies 0091,Industrial Supplies,Z1-B02,Z1,827,827,0,0,100.70,83278.90,0.00,0,N,13,0,0.00,170,N,Routine,Routine: no recurring variance or recount pattern,N,8.54,Quarterly
2311,SKU0095,Tools 0095,Tools,Z3-B02,Z3,576,576,0,0,115.50,66528.00,0.00,0,N,13,0,0.00,170,N,Routine,Routine: no recurring variance or recount pattern,N,8.54,Quarterly
2312,SKU0106,Consumables 0106,Consumables,Z2-B03,Z2,599,599,0,0,36.20,21683.80,0.00,0,N,13,0,0.00,170,N,Routine,Routine: no recurring variance or recount pattern,N,8.54,Quarterly
2313,SKU0116,Consumables 0116,Consumables,Z3-B01,Z3,789,789,0,0,73.20,57754.80,0.00,0,N,13,0,0.00,170,N,Routine,Routine: no recurring variance or recount pattern,N,8.54,Quarterly
2314,SKU0134,Packaging 0134,Packaging,Z2-B03,Z2,667,667,0,0,19.80,13206.60,0.00,0,N,13,0,0.00,170,N,Routine,Routine: no recurring variance or recount pattern,N,8.54,Quarterly
2315,SKU0150,Material Handling 0150,Material Handling,Z2-B03,Z2,511,511,0,0,79.00,40369.00,0.00,0,N,13,0,0.00,170,N,Routine,Routine: no recurring variance or recount pattern,N,8.54,Quarterly
2316,SKU0158,Maintenance Parts 0158,Maintenance Parts,Z1-B03,Z1,347,347,0,0,108.60,37684.20,0.00,0,N,13,0,0.00,170,N,Routine,Routine: no recurring variance or recount pattern,N,8.54,Quarterly
2317,SKU0164,Packaging 0164,Packaging,Z1-B01,Z1,830,830,0,0,10.80,8964.00,0.00,0,N,13,0,0.00,170,N,Routine,Routine: no recurring variance or recount pattern,N,8.54,Quarterly
2318,SKU0167,Fasteners 0167,Fasteners,Z1-B02,Z1,328,328,0,0,21.90,7183.20,0.00,0,N,13,0,0.00,170,N,Routine,Routine: no recurring variance or recount pattern,N,8.54,Quarterly
2319,SKU0169,Shipping Supplies 0169,Shipping Supplies,Z1-B04,Z1,430,430,0,0,29.30,12599.00,0.00,0,N,13,0,0.00,170,N,Routine,Routine: no recurring variance or recount pattern,N,8.54,Quarterly
2320,SKU0205,Tools 0205,Tools,Z3-B04,Z3,562,562,0,0,42.50,23885.00,0.00,0,N,13,0,0.00,170,N,Routine,Routine: no recurring variance or recount pattern,N,8.54,Quarterly
2321,SKU0217,Fasteners 0217,Fasteners,Z3-B04,Z3,723,723,0,0,86.90,62828.70,0.00,0,N,13,0,0.00,170,N,Routine,Routine: no recurring variance or recount pattern,N,8.54,Quarterly
2322,SKU0225,Tools 0225,Tools,Z3-B04,Z3,528,528,0,0,116.50,61512.00,0.00,0,N,13,0,0.00,170,N,Routine,Routine: no recurring variance or recount pattern,N,8.54,Quarterly
2323,SKU0232,Electrical Components 0232,Electrical Components,Z3-B01,Z3,407,407,0,0,22.40,9116.80,0.00,0,N,13,0,0.00,170,N,Routine,Routine: no recurring variance or recount pattern,N,8.54,Quarterly
2324,SKU0234,Packaging 0234,Packaging,Z1-B03,Z1,517,517,0,0,29.80,15406.60,0.00,0,N,13,0,0.00,170,N,Routine,Routine: no recurring variance or recount pattern,N,8.54,Quarterly
2325,SKU0241,Industrial Supplies 0241,Industrial Supplies,Z1-B04,Z1,366,366,0,0,55.70,20386.20,0.00,0,N,13,0,0.00,170,N,Routine,Routine: no recurring variance or recount pattern,N,8.54,Quarterly
2326,SKU0242,Electrical Components 0242,Electrical Components,Z1-B03,Z1,396,396,0,0,59.40,23522.40,0.00,0,N,13,0,0.00,170,N,Routine,Routine: no recurring variance or recount pattern,N,8.54,Quarterly
2327,SKU0242,Electrical Components 0242,Electrical Components,Z2-B03,Z2,398,398,0,0,59.40,23641.20,0.00,0,N,13,0,0.00,170,N,Routine,Routine: no recurring variance or recount pattern,N,8.54,Quarterly
2328,SKU0248,Maintenance Parts 0248,Maintenance Parts,Z1-B01,Z1,844,844,0,0,81.60,68870.40,0.00,0,N,13,0,0.00,170,N,Routine,Routine: no recurring variance or recount pattern,N,8.54,Quarterly
2329,SKU0252,Electrical Components 0252,Electrical Components,Z1-B01,Z1,409,409,0,0,96.40,39427.60,0.00,0,N,13,0,0.00,170,N,Routine,Routine: no recurring variance or recount pattern,N,8.54,Quarterly
2330,SKU0255,Tools 0255,Tools,Z3-B02,Z3,763,763,0,0,107.50,82022.50,0.00,0,N,13,0,0.00,170,N,Routine,Routine: no recurring variance or recount pattern,N,8.54,Quarterly
2331,SKU0260,Material Handling 0260,Material Handling,Z1-B01,Z1,368,368,0,0,6.00,2208.00,0.00,0,N,13,0,0.00,170,N,Routine,Routine: no recurring variance or recount pattern,N,8.54,Quarterly
2332,SKU0267,Fasteners 0267,Fasteners,Z1-B02,Z1,788,788,0,0,31.90,25137.20,0.00,0,N,13,0,0.00,170,N,Routine,Routine: no recurring variance or recount pattern,N,8.54,Quarterly
2333,SKU0276,Consumables 0276,Consumables,Z1-B01,Z1,819,819,0,0,65.20,53398.80,0.00,0,N,13,0,0.00,170,N,Routine,Routine: no recurring variance or recount pattern,N,8.54,Quarterly
2334,SKU0280,Material Handling 0280,Material Handling,Z1-B01,Z1,477,477,0,0,80.00,38160.00,0.00,0,N,13,0,0.00,170,N,Routine,Routine: no recurring variance or recount pattern,N,8.54,Quarterly
2335,SKU0284,Packaging 0284,Packaging,Z1-B01,Z1,664,664,0,0,94.80,62947.20,0.00,0,N,13,0,0.00,170,N,Routine,Routine: no recurring variance or recount pattern,N,8.54,Quarterly
2336,SKU0289,Shipping Supplies 0289,Shipping Supplies,Z2-B04,Z2,468,468,0,0,113.30,53024.40,0.00,0,N,13,0,0.00,170,N,Routine,Routine: no recurring variance or recount pattern,N,8.54,Quarterly
2337,SKU0290,Material Handling 0290,Material Handling,Z1-B03,Z1,475,475,0,0,117.00,55575.00,0.00,0,N,13,0,0.00,170,N,Routine,Routine: no recurring variance or recount pattern,N,8.54,Quarterly
2338,SKU0297,Fasteners 0297,Fasteners,Z2-B04,Z2,399,399,0,0,22.90,9137.10,0.00,0,N,13,0,0.00,170,N,Routine,Routine: no recurring variance or recount pattern,N,8.54,Quarterly
2339,SKU0001,Industrial Supplies 0001,Industrial Supplies,Z1-B04,Z1,403,403,0,0,7.70,3103.10,0.00,0,N,13,0,0.00,169,N,Routine,Routine: no recurring variance or recount pattern,N,8.49,Quarterly
2340,SKU0003,Safety Supplies 0003,Safety Supplies,Z3-B02,Z3,574,574,0,0,15.10,8667.40,0.00,0,N,13,0,0.00,169,N,Routine,Routine: no recurring variance or recount pattern,N,8.49,Quarterly
2341,SKU0017,Fasteners 0017,Fasteners,Z1-B04,Z1,870,870,0,0,66.90,58203.00,0.00,0,N,13,0,0.00,169,N,Routine,Routine: no recurring variance or recount pattern,N,8.49,Quarterly
2342,SKU0018,Maintenance Parts 0018,Maintenance Parts,Z1-B03,Z1,963,963,0,0,70.60,67987.80,0.00,0,N,13,0,0.00,169,N,Routine,Routine: no recurring variance or recount pattern,N,8.49,Quarterly
2343,SKU0020,Material Handling 0020,Material Handling,Z1-B01,Z1,494,494,0,0,78.00,38532.00,0.00,0,N,13,0,0.00,169,N,Routine,Routine: no recurring variance or recount pattern,N,8.49,Quarterly
2344,SKU0025,Tools 0025,Tools,Z2-B04,Z2,870,870,0,0,96.50,83955.00,0.00,0,N,13,0,0.00,169,N,Routine,Routine: no recurring variance or recount pattern,N,8.49,Quarterly
2345,SKU0025,Tools 0025,Tools,Z3-B04,Z3,827,827,0,0,96.50,79805.50,0.00,0,N,13,0,0.00,169,N,Routine,Routine: no recurring variance or recount pattern,N,8.49,Quarterly
2346,SKU0033,Safety Supplies 0033,Safety Supplies,Z3-B04,Z3,842,842,0,0,6.10,5136.20,0.00,0,N,13,0,0.00,169,N,Routine,Routine: no recurring variance or recount pattern,N,8.49,Quarterly
2347,SKU0038,Maintenance Parts 0038,Maintenance Parts,Z2-B03,Z2,450,450,0,0,24.60,11070.00,0.00,0,N,13,0,0.00,169,N,Routine,Routine: no recurring variance or recount pattern,N,8.49,Quarterly
2348,SKU0040,Material Handling 0040,Material Handling,Z1-B01,Z1,504,504,0,0,32.00,16128.00,0.00,0,N,13,0,0.00,169,N,Routine,Routine: no recurring variance or recount pattern,N,8.49,Quarterly
2349,SKU0041,Industrial Supplies 0041,Industrial Supplies,Z3-B04,Z3,739,739,0,0,35.70,26382.30,0.00,0,N,13,0,0.00,169,N,Routine,Routine: no recurring variance or recount pattern,N,8.49,Quarterly
2350,SKU0042,Electrical Components 0042,Electrical Components,Z2-B03,Z2,796,796,0,0,39.40,31362.40,0.00,0,N,13,0,0.00,169,N,Routine,Routine: no recurring variance or recount pattern,N,8.49,Quarterly
2351,SKU0057,Fasteners 0057,Fasteners,Z1-B04,Z1,449,449,0,0,94.90,42610.10,0.00,0,N,13,0,0.00,169,N,Routine,Routine: no recurring variance or recount pattern,N,8.49,Quarterly
2352,SKU0064,Packaging 0064,Packaging,Z2-B01,Z2,1018,1018,0,0,120.80,122974.40,0.00,0,N,13,0,0.00,169,N,Routine,Routine: no recurring variance or recount pattern,N,8.49,Quarterly
2353,SKU0065,Tools 0065,Tools,Z1-B04,Z1,357,357,0,0,4.50,1606.50,0.00,0,N,13,0,0.00,169,N,Routine,Routine: no recurring variance or recount pattern,N,8.49,Quarterly
2354,SKU0066,Consumables 0066,Consumables,Z2-B03,Z2,410,410,0,0,8.20,3362.00,0.00,0,N,13,0,0.00,169,N,Routine,Routine: no recurring variance or recount pattern,N,8.49,Quarterly
2355,SKU0069,Shipping Supplies 0069,Shipping Supplies,Z2-B04,Z2,746,746,0,0,19.30,14397.80,0.00,0,N,13,0,0.00,169,N,Routine,Routine: no recurring variance or recount pattern,N,8.49,Quarterly
2356,SKU0070,Material Handling 0070,Material Handling,Z2-B03,Z2,774,774,0,0,23.00,17802.00,0.00,0,N,13,0,0.00,169,N,Routine,Routine: no recurring variance or recount pattern,N,8.49,Quarterly
2357,SKU0072,Electrical Components 0072,Electrical Components,Z1-B01,Z1,894,894,0,0,30.40,27177.60,0.00,0,N,13,0,0.00,169,N,Routine,Routine: no recurring variance or recount pattern,N,8.49,Quarterly
2358,SKU0072,Electrical Components 0072,Electrical Components,Z2-B01,Z2,927,927,0,0,30.40,28180.80,0.00,0,N,13,0,0.00,169,N,Routine,Routine: no recurring variance or recount pattern,N,8.49,Quarterly
2359,SKU0086,Consumables 0086,Consumables,Z1-B03,Z1,449,449,0,0,82.20,36907.80,0.00,0,N,13,0,0.00,169,N,Routine,Routine: no recurring variance or recount pattern,N,8.49,Quarterly
2360,SKU0104,Packaging 0104,Packaging,Z2-B01,Z2,497,497,0,0,28.80,14313.60,0.00,0,N,13,0,0.00,169,N,Routine,Routine: no recurring variance or recount pattern,N,8.49,Quarterly
2361,SKU0106,Consumables 0106,Consumables,Z1-B03,Z1,692,692,0,0,36.20,25050.40,0.00,0,N,13,0,0.00,169,N,Routine,Routine: no recurring variance or recount pattern,N,8.49,Quarterly
2362,SKU0107,Fasteners 0107,Fasteners,Z1-B02,Z1,702,702,0,0,39.90,28009.80,0.00,0,N,13,0,0.00,169,N,Routine,Routine: no recurring variance or recount pattern,N,8.49,Quarterly
2363,SKU0110,Material Handling 0110,Material Handling,Z2-B03,Z2,1026,1026,0,0,51.00,52326.00,0.00,0,N,13,0,0.00,169,N,Routine,Routine: no recurring variance or recount pattern,N,8.49,Quarterly
2364,SKU0112,Electrical Components 0112,Electrical Components,Z2-B01,Z2,360,360,0,0,58.40,21024.00,0.00,0,N,13,0,0.00,169,N,Routine,Routine: no recurring variance or recount pattern,N,8.49,Quarterly
2365,SKU0114,Packaging 0114,Packaging,Z1-B03,Z1,500,500,0,0,65.80,32900.00,0.00,0,N,13,0,0.00,169,N,Routine,Routine: no recurring variance or recount pattern,N,8.49,Quarterly
2366,SKU0117,Fasteners 0117,Fasteners,Z3-B04,Z3,793,793,0,0,76.90,60981.70,0.00,0,N,13,0,0.00,169,N,Routine,Routine: no recurring variance or recount pattern,N,8.49,Quarterly
2367,SKU0120,Material Handling 0120,Material Handling,Z1-B01,Z1,900,900,0,0,88.00,79200.00,0.00,0,N,13,0,0.00,169,N,Routine,Routine: no recurring variance or recount pattern,N,8.49,Quarterly
2368,SKU0120,Material Handling 0120,Material Handling,Z3-B01,Z3,347,347,0,0,88.00,30536.00,0.00,0,N,13,0,0.00,169,N,Routine,Routine: no recurring variance or recount pattern,N,8.49,Quarterly
2369,SKU0128,Maintenance Parts 0128,Maintenance Parts,Z2-B01,Z2,971,971,0,0,117.60,114189.60,0.00,0,N,13,0,0.00,169,N,Routine,Routine: no recurring variance or recount pattern,N,8.49,Quarterly
2370,SKU0131,Industrial Supplies 0131,Industrial Supplies,Z3-B02,Z3,515,515,0,0,8.70,4480.50,0.00,0,N,13,0,0.00,169,N,Routine,Routine: no recurring variance or recount pattern,N,8.49,Quarterly
2371,SKU0136,Consumables 0136,Consumables,Z2-B01,Z2,730,730,0,0,27.20,19856.00,0.00,0,N,13,0,0.00,169,N,Routine,Routine: no recurring variance or recount pattern,N,8.49,Quarterly
2372,SKU0139,Shipping Supplies 0139,Shipping Supplies,Z1-B02,Z1,320,320,0,0,38.30,12256.00,0.00,0,N,13,0,0.00,169,N,Routine,Routine: no recurring variance or recount pattern,N,8.49,Quarterly
2373,SKU0166,Consumables 0166,Consumables,Z2-B03,Z2,1028,1028,0,0,18.20,18709.60,0.00,0,N,13,0,0.00,169,N,Routine,Routine: no recurring variance or recount pattern,N,8.49,Quarterly
2374,SKU0168,Maintenance Parts 0168,Maintenance Parts,Z3-B01,Z3,465,465,0,0,25.60,11904.00,0.00,0,N,13,0,0.00,169,N,Routine,Routine: no recurring variance or recount pattern,N,8.49,Quarterly
2375,SKU0170,Material Handling 0170,Material Handling,Z2-B03,Z2,536,536,0,0,33.00,17688.00,0.00,0,N,13,0,0.00,169,N,Routine,Routine: no recurring variance or recount pattern,N,8.49,Quarterly
2376,SKU0177,Fasteners 0177,Fasteners,Z3-B04,Z3,526,526,0,0,58.90,30981.40,0.00,0,N,13,0,0.00,169,N,Routine,Routine: no recurring variance or recount pattern,N,8.49,Quarterly
2377,SKU0178,Maintenance Parts 0178,Maintenance Parts,Z1-B03,Z1,464,464,0,0,62.60,29046.40,0.00,0,N,13,0,0.00,169,N,Routine,Routine: no recurring variance or recount pattern,N,8.49,Quarterly
2378,SKU0178,Maintenance Parts 0178,Maintenance Parts,Z2-B03,Z2,513,513,0,0,62.60,32113.80,0.00,0,N,13,0,0.00,169,N,Routine,Routine: no recurring variance or recount pattern,N,8.49,Quarterly
2379,SKU0191,Industrial Supplies 0191,Industrial Supplies,Z1-B02,Z1,791,791,0,0,110.70,87563.70,0.00,0,N,13,0,0.00,169,N,Routine,Routine: no recurring variance or recount pattern,N,8.49,Quarterly
2380,SKU0196,Consumables 0196,Consumables,Z1-B01,Z1,423,423,0,0,9.20,3891.60,0.00,0,N,13,0,0.00,169,N,Routine,Routine: no recurring variance or recount pattern,N,8.49,Quarterly
2381,SKU0196,Consumables 0196,Consumables,Z3-B01,Z3,465,465,0,0,9.20,4278.00,0.00,0,N,13,0,0.00,169,N,Routine,Routine: no recurring variance or recount pattern,N,8.49,Quarterly
2382,SKU0207,Fasteners 0207,Fasteners,Z1-B02,Z1,587,587,0,0,49.90,29291.30,0.00,0,N,13,0,0.00,169,N,Routine,Routine: no recurring variance or recount pattern,N,8.49,Quarterly
2383,SKU0213,Safety Supplies 0213,Safety Supplies,Z2-B04,Z2,361,361,0,0,72.10,26028.10,0.00,0,N,13,0,0.00,169,N,Routine,Routine: no recurring variance or recount pattern,N,8.49,Quarterly
2384,SKU0221,Industrial Supplies 0221,Industrial Supplies,Z3-B04,Z3,1067,1067,0,0,101.70,108513.90,0.00,0,N,13,0,0.00,169,N,Routine,Routine: no recurring variance or recount pattern,N,8.49,Quarterly
2385,SKU0233,Safety Supplies 0233,Safety Supplies,Z1-B04,Z1,358,358,0,0,26.10,9343.80,0.00,0,N,13,0,0.00,169,N,Routine,Routine: no recurring variance or recount pattern,N,8.49,Quarterly
2386,SKU0236,Consumables 0236,Consumables,Z1-B01,Z1,647,647,0,0,37.20,24068.40,0.00,0,N,13,0,0.00,169,N,Routine,Routine: no recurring variance or recount pattern,N,8.49,Quarterly
2387,SKU0237,Fasteners 0237,Fasteners,Z3-B04,Z3,843,843,0,0,40.90,34478.70,0.00,0,N,13,0,0.00,169,N,Routine,Routine: no recurring variance or recount pattern,N,8.49,Quarterly
2388,SKU0244,Packaging 0244,Packaging,Z2-B01,Z2,524,524,0,0,66.80,35003.20,0.00,0,N,13,0,0.00,169,N,Routine,Routine: no recurring variance or recount pattern,N,8.49,Quarterly
2389,SKU0253,Safety Supplies 0253,Safety Supplies,Z1-B04,Z1,540,540,0,0,100.10,54054.00,0.00,0,N,13,0,0.00,169,N,Routine,Routine: no recurring variance or recount pattern,N,8.49,Quarterly
2390,SKU0262,Electrical Components 0262,Electrical Components,Z2-B03,Z2,581,581,0,0,13.40,7785.40,0.00,0,N,13,0,0.00,169,N,Routine,Routine: no recurring variance or recount pattern,N,8.49,Quarterly
2391,SKU0263,Safety Supplies 0263,Safety Supplies,Z1-B02,Z1,610,610,0,0,17.10,10431.00,0.00,0,N,13,0,0.00,169,N,Routine,Routine: no recurring variance or recount pattern,N,8.49,Quarterly
2392,SKU0264,Packaging 0264,Packaging,Z1-B01,Z1,682,682,0,0,20.80,14185.60,0.00,0,N,13,0,0.00,169,N,Routine,Routine: no recurring variance or recount pattern,N,8.49,Quarterly
2393,SKU0272,Electrical Components 0272,Electrical Components,Z2-B01,Z2,556,556,0,0,50.40,28022.40,0.00,0,N,13,0,0.00,169,N,Routine,Routine: no recurring variance or recount pattern,N,8.49,Quarterly
2394,SKU0279,Shipping Supplies 0279,Shipping Supplies,Z1-B02,Z1,348,348,0,0,76.30,26552.40,0.00,0,N,13,0,0.00,169,N,Routine,Routine: no recurring variance or recount pattern,N,8.49,Quarterly
2395,SKU0005,Tools 0005,Tools,Z3-B04,Z3,829,829,0,0,22.50,18652.50,0.00,0,N,13,0,0.00,168,N,Routine,Routine: no recurring variance or recount pattern,N,8.44,Quarterly
2396,SKU0010,Material Handling 0010,Material Handling,Z1-B03,Z1,417,417,0,0,41.00,17097.00,0.00,0,N,13,0,0.00,168,N,Routine,Routine: no recurring variance or recount pattern,N,8.44,Quarterly
2397,SKU0014,Packaging 0014,Packaging,Z1-B03,Z1,766,766,0,0,55.80,42742.80,0.00,0,N,13,0,0.00,168,N,Routine,Routine: no recurring variance or recount pattern,N,8.44,Quarterly
2398,SKU0017,Fasteners 0017,Fasteners,Z3-B04,Z3,322,322,0,0,66.90,21541.80,0.00,0,N,13,0,0.00,168,N,Routine,Routine: no recurring variance or recount pattern,N,8.44,Quarterly
2399,SKU0027,Fasteners 0027,Fasteners,Z3-B02,Z3,298,298,0,0,103.90,30962.20,0.00,0,N,13,0,0.00,168,N,Routine,Routine: no recurring variance or recount pattern,N,8.44,Quarterly
2400,SKU0030,Material Handling 0030,Material Handling,Z2-B03,Z2,570,570,0,0,115.00,65550.00,0.00,0,N,13,0,0.00,168,N,Routine,Routine: no recurring variance or recount pattern,N,8.44,Quarterly
2401,SKU0035,Tools 0035,Tools,Z1-B02,Z1,817,817,0,0,13.50,11029.50,0.00,0,N,13,0,0.00,168,N,Routine,Routine: no recurring variance or recount pattern,N,8.44,Quarterly
2402,SKU0036,Consumables 0036,Consumables,Z2-B01,Z2,1003,1003,0,0,17.20,17251.60,0.00,0,N,13,0,0.00,168,N,Routine,Routine: no recurring variance or recount pattern,N,8.44,Quarterly
2403,SKU0043,Safety Supplies 0043,Safety Supplies,Z1-B02,Z1,802,802,0,0,43.10,34566.20,0.00,0,N,13,0,0.00,168,N,Routine,Routine: no recurring variance or recount pattern,N,8.44,Quarterly
2404,SKU0052,Electrical Components 0052,Electrical Components,Z2-B01,Z2,851,851,0,0,76.40,65016.40,0.00,0,N,13,0,0.00,168,N,Routine,Routine: no recurring variance or recount pattern,N,8.44,Quarterly
2405,SKU0060,Material Handling 0060,Material Handling,Z2-B01,Z2,729,729,0,0,106.00,77274.00,0.00,0,N,13,0,0.00,168,N,Routine,Routine: no recurring variance or recount pattern,N,8.44,Quarterly
2406,SKU0073,Safety Supplies 0073,Safety Supplies,Z2-B04,Z2,945,945,0,0,34.10,32224.50,0.00,0,N,13,0,0.00,168,N,Routine,Routine: no recurring variance or recount pattern,N,8.44,Quarterly
2407,SKU0074,Packaging 0074,Packaging,Z2-B03,Z2,376,376,0,0,37.80,14212.80,0.00,0,N,13,0,0.00,168,N,Routine,Routine: no recurring variance or recount pattern,N,8.44,Quarterly
2408,SKU0080,Material Handling 0080,Material Handling,Z1-B01,Z1,706,706,0,0,60.00,42360.00,0.00,0,N,13,0,0.00,168,N,Routine,Routine: no recurring variance or recount pattern,N,8.44,Quarterly
2409,SKU0083,Safety Supplies 0083,Safety Supplies,Z1-B02,Z1,1044,1044,0,0,71.10,74228.40,0.00,0,N,13,0,0.00,168,N,Routine,Routine: no recurring variance or recount pattern,N,8.44,Quarterly
2410,SKU0084,Packaging 0084,Packaging,Z3-B01,Z3,434,434,0,0,74.80,32463.20,0.00,0,N,13,0,0.00,168,N,Routine,Routine: no recurring variance or recount pattern,N,8.44,Quarterly
2411,SKU0092,Electrical Components 0092,Electrical Components,Z1-B01,Z1,891,891,0,0,104.40,93020.40,0.00,0,N,13,0,0.00,168,N,Routine,Routine: no recurring variance or recount pattern,N,8.44,Quarterly
2412,SKU0101,Industrial Supplies 0101,Industrial Supplies,Z2-B04,Z2,282,282,0,0,17.70,4991.40,0.00,0,N,13,0,0.00,168,N,Routine,Routine: no recurring variance or recount pattern,N,8.44,Quarterly
2413,SKU0101,Industrial Supplies 0101,Industrial Supplies,Z3-B04,Z3,380,380,0,0,17.70,6726.00,0.00,0,N,13,0,0.00,168,N,Routine,Routine: no recurring variance or recount pattern,N,8.44,Quarterly
2414,SKU0109,Shipping Supplies 0109,Shipping Supplies,Z3-B04,Z3,999,999,0,0,47.30,47252.70,0.00,0,N,13,0,0.00,168,N,Routine,Routine: no recurring variance or recount pattern,N,8.44,Quarterly
2415,SKU0115,Tools 0115,Tools,Z1-B02,Z1,589,589,0,0,69.50,40935.50,0.00,0,N,13,0,0.00,168,N,Routine,Routine: no recurring variance or recount pattern,N,8.44,Quarterly
2416,SKU0122,Electrical Components 0122,Electrical Components,Z2-B03,Z2,509,509,0,0,95.40,48558.60,0.00,0,N,13,0,0.00,168,N,Routine,Routine: no recurring variance or recount pattern,N,8.44,Quarterly
2417,SKU0126,Consumables 0126,Consumables,Z1-B03,Z1,689,689,0,0,110.20,75927.80,0.00,0,N,13,0,0.00,168,N,Routine,Routine: no recurring variance or recount pattern,N,8.44,Quarterly
2418,SKU0129,Shipping Supplies 0129,Shipping Supplies,Z1-B04,Z1,1016,1016,0,0,121.30,123240.80,0.00,0,N,13,0,0.00,168,N,Routine,Routine: no recurring variance or recount pattern,N,8.44,Quarterly
2419,SKU0147,Fasteners 0147,Fasteners,Z1-B02,Z1,828,828,0,0,67.90,56221.20,0.00,0,N,13,0,0.00,168,N,Routine,Routine: no recurring variance or recount pattern,N,8.44,Quarterly
2420,SKU0148,Maintenance Parts 0148,Maintenance Parts,Z3-B01,Z3,366,366,0,0,71.60,26205.60,0.00,0,N,13,0,0.00,168,N,Routine,Routine: no recurring variance or recount pattern,N,8.44,Quarterly
2421,SKU0156,Consumables 0156,Consumables,Z2-B01,Z2,939,939,0,0,101.20,95026.80,0.00,0,N,13,0,0.00,168,N,Routine,Routine: no recurring variance or recount pattern,N,8.44,Quarterly
2422,SKU0164,Packaging 0164,Packaging,Z3-B01,Z3,915,915,0,0,10.80,9882.00,0.00,0,N,13,0,0.00,168,N,Routine,Routine: no recurring variance or recount pattern,N,8.44,Quarterly
2423,SKU0167,Fasteners 0167,Fasteners,Z3-B02,Z3,358,358,0,0,21.90,7840.20,0.00,0,N,13,0,0.00,168,N,Routine,Routine: no recurring variance or recount pattern,N,8.44,Quarterly
2424,SKU0168,Maintenance Parts 0168,Maintenance Parts,Z1-B01,Z1,417,417,0,0,25.60,10675.20,0.00,0,N,13,0,0.00,168,N,Routine,Routine: no recurring variance or recount pattern,N,8.44,Quarterly
2425,SKU0173,Safety Supplies 0173,Safety Supplies,Z2-B04,Z2,907,907,0,0,44.10,39998.70,0.00,0,N,13,0,0.00,168,N,Routine,Routine: no recurring variance or recount pattern,N,8.44,Quarterly
2426,SKU0177,Fasteners 0177,Fasteners,Z2-B04,Z2,509,509,0,0,58.90,29980.10,0.00,0,N,13,0,0.00,168,N,Routine,Routine: no recurring variance or recount pattern,N,8.44,Quarterly
2427,SKU0181,Industrial Supplies 0181,Industrial Supplies,Z1-B04,Z1,671,671,0,0,73.70,49452.70,0.00,0,N,13,0,0.00,168,N,Routine,Routine: no recurring variance or recount pattern,N,8.44,Quarterly
2428,SKU0193,Safety Supplies 0193,Safety Supplies,Z1-B04,Z1,859,859,0,0,118.10,101447.90,0.00,0,N,13,0,0.00,168,N,Routine,Routine: no recurring variance or recount pattern,N,8.44,Quarterly
2429,SKU0194,Packaging 0194,Packaging,Z1-B03,Z1,880,880,0,0,121.80,107184.00,0.00,0,N,13,0,0.00,168,N,Routine,Routine: no recurring variance or recount pattern,N,8.44,Quarterly
2430,SKU0201,Industrial Supplies 0201,Industrial Supplies,Z2-B04,Z2,892,892,0,0,27.70,24708.40,0.00,0,N,13,0,0.00,168,N,Routine,Routine: no recurring variance or recount pattern,N,8.44,Quarterly
2431,SKU0204,Packaging 0204,Packaging,Z3-B01,Z3,402,402,0,0,38.80,15597.60,0.00,0,N,13,0,0.00,168,N,Routine,Routine: no recurring variance or recount pattern,N,8.44,Quarterly
2432,SKU0206,Consumables 0206,Consumables,Z2-B03,Z2,592,592,0,0,46.20,27350.40,0.00,0,N,13,0,0.00,168,N,Routine,Routine: no recurring variance or recount pattern,N,8.44,Quarterly
2433,SKU0211,Industrial Supplies 0211,Industrial Supplies,Z3-B02,Z3,937,937,0,0,64.70,60623.90,0.00,0,N,13,0,0.00,168,N,Routine,Routine: no recurring variance or recount pattern,N,8.44,Quarterly
2434,SKU0212,Electrical Components 0212,Electrical Components,Z3-B01,Z3,1028,1028,0,0,68.40,70315.20,0.00,0,N,13,0,0.00,168,N,Routine,Routine: no recurring variance or recount pattern,N,8.44,Quarterly
2435,SKU0220,Material Handling 0220,Material Handling,Z3-B01,Z3,844,844,0,0,98.00,82712.00,0.00,0,N,13,0,0.00,168,N,Routine,Routine: no recurring variance or recount pattern,N,8.44,Quarterly
2436,SKU0224,Packaging 0224,Packaging,Z1-B01,Z1,424,424,0,0,112.80,47827.20,0.00,0,N,13,0,0.00,168,N,Routine,Routine: no recurring variance or recount pattern,N,8.44,Quarterly
2437,SKU0226,Consumables 0226,Consumables,Z2-B03,Z2,604,604,0,0,120.20,72600.80,0.00,0,N,13,0,0.00,168,N,Routine,Routine: no recurring variance or recount pattern,N,8.44,Quarterly
2438,SKU0227,Fasteners 0227,Fasteners,Z3-B02,Z3,739,739,0,0,123.90,91562.10,0.00,0,N,13,0,0.00,168,N,Routine,Routine: no recurring variance or recount pattern,N,8.44,Quarterly
2439,SKU0228,Maintenance Parts 0228,Maintenance Parts,Z1-B01,Z1,643,643,0,0,7.60,4886.80,0.00,0,N,13,0,0.00,168,N,Routine,Routine: no recurring variance or recount pattern,N,8.44,Quarterly
2440,SKU0228,Maintenance Parts 0228,Maintenance Parts,Z3-B01,Z3,811,811,0,0,7.60,6163.60,0.00,0,N,13,0,0.00,168,N,Routine,Routine: no recurring variance or recount pattern,N,8.44,Quarterly
2441,SKU0230,Material Handling 0230,Material Handling,Z2-B03,Z2,958,958,0,0,15.00,14370.00,0.00,0,N,13,0,0.00,168,N,Routine,Routine: no recurring variance or recount pattern,N,8.44,Quarterly
2442,SKU0233,Safety Supplies 0233,Safety Supplies,Z2-B04,Z2,512,512,0,0,26.10,13363.20,0.00,0,N,13,0,0.00,168,N,Routine,Routine: no recurring variance or recount pattern,N,8.44,Quarterly
2443,SKU0237,Fasteners 0237,Fasteners,Z2-B04,Z2,713,713,0,0,40.90,29161.70,0.00,0,N,13,0,0.00,168,N,Routine,Routine: no recurring variance or recount pattern,N,8.44,Quarterly
2444,SKU0238,Maintenance Parts 0238,Maintenance Parts,Z2-B03,Z2,812,812,0,0,44.60,36215.20,0.00,0,N,13,0,0.00,168,N,Routine,Routine: no recurring variance or recount pattern,N,8.44,Quarterly
2445,SKU0251,Industrial Supplies 0251,Industrial Supplies,Z1-B01,Z1,26,26,0,0,540.50,14053.00,0.00,0,N,13,0,0.00,168,N,Routine,Routine: no recurring variance or recount pattern,N,8.44,Quarterly
2446,SKU0264,Packaging 0264,Packaging,Z2-B01,Z2,717,717,0,0,20.80,14913.60,0.00,0,N,13,0,0.00,168,N,Routine,Routine: no recurring variance or recount pattern,N,8.44,Quarterly
2447,SKU0272,Electrical Components 0272,Electrical Components,Z3-B01,Z3,654,654,0,0,50.40,32961.60,0.00,0,N,13,0,0.00,168,N,Routine,Routine: no recurring variance or recount pattern,N,8.44,Quarterly
2448,SKU0286,Consumables 0286,Consumables,Z1-B03,Z1,933,933,0,0,102.20,95352.60,0.00,0,N,13,0,0.00,168,N,Routine,Routine: no recurring variance or recount pattern,N,8.44,Quarterly
2449,SKU0002,Electrical Components 0002,Electrical Components,Z1-B03,Z1,507,507,0,0,11.40,5779.80,0.00,0,N,13,0,0.00,167,N,Routine,Routine: no recurring variance or recount pattern,N,8.39,Quarterly
2450,SKU0005,Tools 0005,Tools,Z1-B04,Z1,643,643,0,0,22.50,14467.50,0.00,0,N,13,0,0.00,167,N,Routine,Routine: no recurring variance or recount pattern,N,8.39,Quarterly
2451,SKU0006,Consumables 0006,Consumables,Z2-B03,Z2,842,842,0,0,26.20,22060.40,0.00,0,N,13,0,0.00,167,N,Routine,Routine: no recurring variance or recount pattern,N,8.39,Quarterly
2452,SKU0019,Shipping Supplies 0019,Shipping Supplies,Z1-B02,Z1,374,374,0,0,74.30,27788.20,0.00,0,N,13,0,0.00,167,N,Routine,Routine: no recurring variance or recount pattern,N,8.39,Quarterly
2453,SKU0028,Maintenance Parts 0028,Maintenance Parts,Z3-B01,Z3,460,460,0,0,107.60,49496.00,0.00,0,N,13,0,0.00,167,N,Routine,Routine: no recurring variance or recount pattern,N,8.39,Quarterly
2454,SKU0032,Electrical Components 0032,Electrical Components,Z2-B01,Z2,728,728,0,0,122.40,89107.20,0.00,0,N,13,0,0.00,167,N,Routine,Routine: no recurring variance or recount pattern,N,8.39,Quarterly
2455,SKU0034,Packaging 0034,Packaging,Z2-B03,Z2,809,809,0,0,9.80,7928.20,0.00,0,N,13,0,0.00,167,N,Routine,Routine: no recurring variance or recount pattern,N,8.39,Quarterly
2456,SKU0037,Fasteners 0037,Fasteners,Z2-B04,Z2,445,445,0,0,20.90,9300.50,0.00,0,N,13,0,0.00,167,N,Routine,Routine: no recurring variance or recount pattern,N,8.39,Quarterly
2457,SKU0045,Tools 0045,Tools,Z1-B04,Z1,917,917,0,0,50.50,46308.50,0.00,0,N,13,0,0.00,167,N,Routine,Routine: no recurring variance or recount pattern,N,8.39,Quarterly
2458,SKU0046,Consumables 0046,Consumables,Z1-B03,Z1,287,287,0,0,54.20,15555.40,0.00,0,N,13,0,0.00,167,N,Routine,Routine: no recurring variance or recount pattern,N,8.39,Quarterly
2459,SKU0048,Maintenance Parts 0048,Maintenance Parts,Z1-B01,Z1,487,487,0,0,61.60,29999.20,0.00,0,N,13,0,0.00,167,N,Routine,Routine: no recurring variance or recount pattern,N,8.39,Quarterly
2460,SKU0052,Electrical Components 0052,Electrical Components,Z1-B01,Z1,685,685,0,0,76.40,52334.00,0.00,0,N,13,0,0.00,167,N,Routine,Routine: no recurring variance or recount pattern,N,8.39,Quarterly
2461,SKU0060,Material Handling 0060,Material Handling,Z1-B01,Z1,669,669,0,0,106.00,70914.00,0.00,0,N,13,0,0.00,167,N,Routine,Routine: no recurring variance or recount pattern,N,8.39,Quarterly
2462,SKU0062,Electrical Components 0062,Electrical Components,Z2-B03,Z2,848,848,0,0,113.40,96163.20,0.00,0,N,13,0,0.00,167,N,Routine,Routine: no recurring variance or recount pattern,N,8.39,Quarterly
2463,SKU0075,Tools 0075,Tools,Z3-B02,Z3,496,496,0,0,41.50,20584.00,0.00,0,N,13,0,0.00,167,N,Routine,Routine: no recurring variance or recount pattern,N,8.39,Quarterly
2464,SKU0087,Fasteners 0087,Fasteners,Z1-B02,Z1,629,629,0,0,85.90,54031.10,0.00,0,N,13,0,0.00,167,N,Routine,Routine: no recurring variance or recount pattern,N,8.39,Quarterly
2465,SKU0088,Maintenance Parts 0088,Maintenance Parts,Z3-B01,Z3,680,680,0,0,89.60,60928.00,0.00,0,N,13,0,0.00,167,N,Routine,Routine: no recurring variance or recount pattern,N,8.39,Quarterly
2466,SKU0089,Shipping Supplies 0089,Shipping Supplies,Z3-B04,Z3,773,773,0,0,93.30,72120.90,0.00,0,N,13,0,0.00,167,N,Routine,Routine: no recurring variance or recount pattern,N,8.39,Quarterly
2467,SKU0104,Packaging 0104,Packaging,Z1-B01,Z1,424,424,0,0,28.80,12211.20,0.00,0,N,13,0,0.00,167,N,Routine,Routine: no recurring variance or recount pattern,N,8.39,Quarterly
2468,SKU0111,Industrial Supplies 0111,Industrial Supplies,Z3-B02,Z3,356,356,0,0,54.70,19473.20,0.00,0,N,13,0,0.00,167,N,Routine,Routine: no recurring variance or recount pattern,N,8.39,Quarterly
2469,SKU0128,Maintenance Parts 0128,Maintenance Parts,Z3-B01,Z3,853,853,0,0,117.60,100312.80,0.00,0,N,13,0,0.00,167,N,Routine,Routine: no recurring variance or recount pattern,N,8.39,Quarterly
2470,SKU0132,Electrical Components 0132,Electrical Components,Z1-B01,Z1,409,409,0,0,12.40,5071.60,0.00,0,N,13,0,0.00,167,N,Routine,Routine: no recurring variance or recount pattern,N,8.39,Quarterly
2471,SKU0134,Packaging 0134,Packaging,Z1-B03,Z1,694,694,0,0,19.80,13741.20,0.00,0,N,13,0,0.00,167,N,Routine,Routine: no recurring variance or recount pattern,N,8.39,Quarterly
2472,SKU0153,Safety Supplies 0153,Safety Supplies,Z1-B04,Z1,628,628,0,0,90.10,56582.80,0.00,0,N,13,0,0.00,167,N,Routine,Routine: no recurring variance or recount pattern,N,8.39,Quarterly
2473,SKU0154,Packaging 0154,Packaging,Z1-B03,Z1,710,710,0,0,93.80,66598.00,0.00,0,N,13,0,0.00,167,N,Routine,Routine: no recurring variance or recount pattern,N,8.39,Quarterly
2474,SKU0155,Tools 0155,Tools,Z1-B02,Z1,877,877,0,0,97.50,85507.50,0.00,0,N,13,0,0.00,167,N,Routine,Routine: no recurring variance or recount pattern,N,8.39,Quarterly
2475,SKU0161,Industrial Supplies 0161,Industrial Supplies,Z1-B04,Z1,610,610,0,0,119.70,73017.00,0.00,0,N,13,0,0.00,167,N,Routine,Routine: no recurring variance or recount pattern,N,8.39,Quarterly
2476,SKU0182,Electrical Components 0182,Electrical Components,Z2-B03,Z2,853,853,0,0,77.40,66022.20,0.00,0,N,13,0,0.00,167,N,Routine,Routine: no recurring variance or recount pattern,N,8.39,Quarterly
2477,SKU0194,Packaging 0194,Packaging,Z2-B03,Z2,313,313,0,0,121.80,38123.40,0.00,0,N,13,0,0.00,167,N,Routine,Routine: no recurring variance or recount pattern,N,8.39,Quarterly
2478,SKU0200,Material Handling 0200,Material Handling,Z1-B01,Z1,630,630,0,0,24.00,15120.00,0.00,0,N,13,0,0.00,167,N,Routine,Routine: no recurring variance or recount pattern,N,8.39,Quarterly
2479,SKU0212,Electrical Components 0212,Electrical Components,Z1-B01,Z1,934,934,0,0,68.40,63885.60,0.00,0,N,13,0,0.00,167,N,Routine,Routine: no recurring variance or recount pattern,N,8.39,Quarterly
2480,SKU0216,Consumables 0216,Consumables,Z1-B01,Z1,437,437,0,0,83.20,36358.40,0.00,0,N,13,0,0.00,167,N,Routine,Routine: no recurring variance or recount pattern,N,8.39,Quarterly
2481,SKU0218,Maintenance Parts 0218,Maintenance Parts,Z2-B03,Z2,761,761,0,0,90.60,68946.60,0.00,0,N,13,0,0.00,167,N,Routine,Routine: no recurring variance or recount pattern,N,8.39,Quarterly
2482,SKU0223,Safety Supplies 0223,Safety Supplies,Z1-B02,Z1,398,398,0,0,109.10,43421.80,0.00,0,N,13,0,0.00,167,N,Routine,Routine: no recurring variance or recount pattern,N,8.39,Quarterly
2483,SKU0231,Industrial Supplies 0231,Industrial Supplies,Z3-B02,Z3,307,307,0,0,18.70,5740.90,0.00,0,N,13,0,0.00,167,N,Routine,Routine: no recurring variance or recount pattern,N,8.39,Quarterly
2484,SKU0232,Electrical Components 0232,Electrical Components,Z2-B01,Z2,323,323,0,0,22.40,7235.20,0.00,0,N,13,0,0.00,167,N,Routine,Routine: no recurring variance or recount pattern,N,8.39,Quarterly
2485,SKU0237,Fasteners 0237,Fasteners,Z1-B04,Z1,659,659,0,0,40.90,26953.10,0.00,0,N,13,0,0.00,167,N,Routine,Routine: no recurring variance or recount pattern,N,8.39,Quarterly
2486,SKU0239,Shipping Supplies 0239,Shipping Supplies,Z3-B02,Z3,983,983,0,0,48.30,47478.90,0.00,0,N,13,0,0.00,167,N,Routine,Routine: no recurring variance or recount pattern,N,8.39,Quarterly
2487,SKU0241,Industrial Supplies 0241,Industrial Supplies,Z2-B04,Z2,402,402,0,0,55.70,22391.40,0.00,0,N,13,0,0.00,167,N,Routine,Routine: no recurring variance or recount pattern,N,8.39,Quarterly
2488,SKU0245,Tools 0245,Tools,Z2-B04,Z2,725,725,0,0,70.50,51112.50,0.00,0,N,13,0,0.00,167,N,Routine,Routine: no recurring variance or recount pattern,N,8.39,Quarterly
2489,SKU0249,Shipping Supplies 0249,Shipping Supplies,Z3-B04,Z3,354,354,0,0,85.30,30196.20,0.00,0,N,13,0,0.00,167,N,Routine,Routine: no recurring variance or recount pattern,N,8.39,Quarterly
2490,SKU0256,Consumables 0256,Consumables,Z3-B01,Z3,856,856,0,0,111.20,95187.20,0.00,0,N,13,0,0.00,167,N,Routine,Routine: no recurring variance or recount pattern,N,8.39,Quarterly
2491,SKU0261,Industrial Supplies 0261,Industrial Supplies,Z2-B04,Z2,527,527,0,0,9.70,5111.90,0.00,0,N,13,0,0.00,167,N,Routine,Routine: no recurring variance or recount pattern,N,8.39,Quarterly
2492,SKU0266,Consumables 0266,Consumables,Z2-B03,Z2,752,752,0,0,28.20,21206.40,0.00,0,N,13,0,0.00,167,N,Routine,Routine: no recurring variance or recount pattern,N,8.39,Quarterly
2493,SKU0268,Maintenance Parts 0268,Maintenance Parts,Z3-B01,Z3,331,331,0,0,35.60,11783.60,0.00,0,N,13,0,0.00,167,N,Routine,Routine: no recurring variance or recount pattern,N,8.39,Quarterly
2494,SKU0270,Material Handling 0270,Material Handling,Z1-B03,Z1,453,453,0,0,43.00,19479.00,0.00,0,N,13,0,0.00,167,N,Routine,Routine: no recurring variance or recount pattern,N,8.39,Quarterly
2495,SKU0282,Electrical Components 0282,Electrical Components,Z1-B03,Z1,671,671,0,0,87.40,58645.40,0.00,0,N,13,0,0.00,167,N,Routine,Routine: no recurring variance or recount pattern,N,8.39,Quarterly
2496,SKU0296,Consumables 0296,Consumables,Z2-B01,Z2,1019,1019,0,0,19.20,19564.80,0.00,0,N,13,0,0.00,167,N,Routine,Routine: no recurring variance or recount pattern,N,8.39,Quarterly
2497,SKU0008,Maintenance Parts 0008,Maintenance Parts,Z2-B01,Z2,968,968,0,0,33.60,32524.80,0.00,0,N,13,0,0.00,166,N,Routine,Routine: no recurring variance or recount pattern,N,8.34,Quarterly
2498,SKU0011,Industrial Supplies 0011,Industrial Supplies,Z1-B02,Z1,423,423,0,0,44.70,18908.10,0.00,0,N,13,0,0.00,166,N,Routine,Routine: no recurring variance or recount pattern,N,8.34,Quarterly
2499,SKU0019,Shipping Supplies 0019,Shipping Supplies,Z3-B02,Z3,462,462,0,0,74.30,34326.60,0.00,0,N,13,0,0.00,166,N,Routine,Routine: no recurring variance or recount pattern,N,8.34,Quarterly
2500,SKU0023,Safety Supplies 0023,Safety Supplies,Z1-B02,Z1,646,646,0,0,89.10,57558.60,0.00,0,N,13,0,0.00,166,N,Routine,Routine: no recurring variance or recount pattern,N,8.34,Quarterly
2501,SKU0028,Maintenance Parts 0028,Maintenance Parts,Z1-B01,Z1,363,363,0,0,107.60,39058.80,0.00,0,N,13,0,0.00,166,N,Routine,Routine: no recurring variance or recount pattern,N,8.34,Quarterly
2502,SKU0033,Safety Supplies 0033,Safety Supplies,Z1-B04,Z1,665,665,0,0,6.10,4056.50,0.00,0,N,13,0,0.00,166,N,Routine,Routine: no recurring variance or recount pattern,N,8.34,Quarterly
2503,SKU0033,Safety Supplies 0033,Safety Supplies,Z2-B04,Z2,725,725,0,0,6.10,4422.50,0.00,0,N,13,0,0.00,166,N,Routine,Routine: no recurring variance or recount pattern,N,8.34,Quarterly
2504,SKU0037,Fasteners 0037,Fasteners,Z3-B04,Z3,429,429,0,0,20.90,8966.10,0.00,0,N,13,0,0.00,166,N,Routine,Routine: no recurring variance or recount pattern,N,8.34,Quarterly
2505,SKU0038,Maintenance Parts 0038,Maintenance Parts,Z1-B03,Z1,448,448,0,0,24.60,11020.80,0.00,0,N,13,0,0.00,166,N,Routine,Routine: no recurring variance or recount pattern,N,8.34,Quarterly
2506,SKU0049,Shipping Supplies 0049,Shipping Supplies,Z2-B04,Z2,525,525,0,0,65.30,34282.50,0.00,0,N,13,0,0.00,166,N,Routine,Routine: no recurring variance or recount pattern,N,8.34,Quarterly
2507,SKU0051,Industrial Supplies 0051,Industrial Supplies,Z3-B02,Z3,826,826,0,0,72.70,60050.20,0.00,0,N,13,0,0.00,166,N,Routine,Routine: no recurring variance or recount pattern,N,8.34,Quarterly
2508,SKU0055,Tools 0055,Tools,Z3-B02,Z3,332,332,0,0,87.50,29050.00,0.00,0,N,13,0,0.00,166,N,Routine,Routine: no recurring variance or recount pattern,N,8.34,Quarterly
2509,SKU0092,Electrical Components 0092,Electrical Components,Z2-B01,Z2,1054,1054,0,0,104.40,110037.60,0.00,0,N,13,0,0.00,166,N,Routine,Routine: no recurring variance or recount pattern,N,8.34,Quarterly
2510,SKU0097,Fasteners 0097,Fasteners,Z3-B04,Z3,830,830,0,0,122.90,102007.00,0.00,0,N,13,0,0.00,166,N,Routine,Routine: no recurring variance or recount pattern,N,8.34,Quarterly
2511,SKU0103,Safety Supplies 0103,Safety Supplies,Z1-B02,Z1,358,358,0,0,25.10,8985.80,0.00,0,N,13,0,0.00,166,N,Routine,Routine: no recurring variance or recount pattern,N,8.34,Quarterly
2512,SKU0108,Maintenance Parts 0108,Maintenance Parts,Z3-B01,Z3,907,907,0,0,43.60,39545.20,0.00,0,N,13,0,0.00,166,N,Routine,Routine: no recurring variance or recount pattern,N,8.34,Quarterly
2513,SKU0116,Consumables 0116,Consumables,Z1-B01,Z1,672,672,0,0,73.20,49190.40,0.00,0,N,13,0,0.00,166,N,Routine,Routine: no recurring variance or recount pattern,N,8.34,Quarterly
2514,SKU0125,Tools 0125,Tools,Z2-B04,Z2,770,770,0,0,106.50,82005.00,0.00,0,N,13,0,0.00,166,N,Routine,Routine: no recurring variance or recount pattern,N,8.34,Quarterly
2515,SKU0125,Tools 0125,Tools,Z3-B04,Z3,801,801,0,0,106.50,85306.50,0.00,0,N,13,0,0.00,166,N,Routine,Routine: no recurring variance or recount pattern,N,8.34,Quarterly
2516,SKU0129,Shipping Supplies 0129,Shipping Supplies,Z2-B04,Z2,322,322,0,0,121.30,39058.60,0.00,0,N,13,0,0.00,166,N,Routine,Routine: no recurring variance or recount pattern,N,8.34,Quarterly
2517,SKU0132,Electrical Components 0132,Electrical Components,Z3-B01,Z3,568,568,0,0,12.40,7043.20,0.00,0,N,13,0,0.00,166,N,Routine,Routine: no recurring variance or recount pattern,N,8.34,Quarterly
2518,SKU0133,Safety Supplies 0133,Safety Supplies,Z1-B04,Z1,629,629,0,0,16.10,10126.90,0.00,0,N,13,0,0.00,166,N,Routine,Routine: no recurring variance or recount pattern,N,8.34,Quarterly
2519,SKU0135,Tools 0135,Tools,Z1-B02,Z1,766,766,0,0,23.50,18001.00,0.00,0,N,13,0,0.00,166,N,Routine,Routine: no recurring variance or recount pattern,N,8.34,Quarterly
2520,SKU0137,Fasteners 0137,Fasteners,Z1-B04,Z1,859,859,0,0,30.90,26543.10,0.00,0,N,13,0,0.00,166,N,Routine,Routine: no recurring variance or recount pattern,N,8.34,Quarterly
2521,SKU0138,Maintenance Parts 0138,Maintenance Parts,Z1-B03,Z1,1020,1020,0,0,34.60,35292.00,0.00,0,N,13,0,0.00,166,N,Routine,Routine: no recurring variance or recount pattern,N,8.34,Quarterly
2522,SKU0149,Shipping Supplies 0149,Shipping Supplies,Z1-B04,Z1,386,386,0,0,75.30,29065.80,0.00,0,N,13,0,0.00,166,N,Routine,Routine: no recurring variance or recount pattern,N,8.34,Quarterly
2523,SKU0149,Shipping Supplies 0149,Shipping Supplies,Z2-B04,Z2,462,462,0,0,75.30,34788.60,0.00,0,N,13,0,0.00,166,N,Routine,Routine: no recurring variance or recount pattern,N,8.34,Quarterly
2524,SKU0149,Shipping Supplies 0149,Shipping Supplies,Z3-B04,Z3,509,509,0,0,75.30,38327.70,0.00,0,N,13,0,0.00,166,N,Routine,Routine: no recurring variance or recount pattern,N,8.34,Quarterly
2525,SKU0153,Safety Supplies 0153,Safety Supplies,Z2-B04,Z2,722,722,0,0,90.10,65052.20,0.00,0,N,13,0,0.00,166,N,Routine,Routine: no recurring variance or recount pattern,N,8.34,Quarterly
2526,SKU0156,Consumables 0156,Consumables,Z3-B01,Z3,905,905,0,0,101.20,91586.00,0.00,0,N,13,0,0.00,166,N,Routine,Routine: no recurring variance or recount pattern,N,8.34,Quarterly
2527,SKU0158,Maintenance Parts 0158,Maintenance Parts,Z2-B03,Z2,350,350,0,0,108.60,38010.00,0.00,0,N,13,0,0.00,166,N,Routine,Routine: no recurring variance or recount pattern,N,8.34,Quarterly
2528,SKU0161,Industrial Supplies 0161,Industrial Supplies,Z2-B04,Z2,679,679,0,0,119.70,81276.30,0.00,0,N,13,0,0.00,166,N,Routine,Routine: no recurring variance or recount pattern,N,8.34,Quarterly
2529,SKU0176,Consumables 0176,Consumables,Z1-B01,Z1,894,894,0,0,55.20,49348.80,0.00,0,N,13,0,0.00,166,N,Routine,Routine: no recurring variance or recount pattern,N,8.34,Quarterly
2530,SKU0180,Material Handling 0180,Material Handling,Z1-B01,Z1,612,612,0,0,70.00,42840.00,0.00,0,N,13,0,0.00,166,N,Routine,Routine: no recurring variance or recount pattern,N,8.34,Quarterly
2531,SKU0180,Material Handling 0180,Material Handling,Z2-B01,Z2,566,566,0,0,70.00,39620.00,0.00,0,N,13,0,0.00,166,N,Routine,Routine: no recurring variance or recount pattern,N,8.34,Quarterly
2532,SKU0186,Consumables 0186,Consumables,Z2-B03,Z2,392,392,0,0,92.20,36142.40,0.00,0,N,13,0,0.00,166,N,Routine,Routine: no recurring variance or recount pattern,N,8.34,Quarterly
2533,SKU0192,Electrical Components 0192,Electrical Components,Z3-B01,Z3,853,853,0,0,114.40,97583.20,0.00,0,N,13,0,0.00,166,N,Routine,Routine: no recurring variance or recount pattern,N,8.34,Quarterly
2534,SKU0201,Industrial Supplies 0201,Industrial Supplies,Z3-B04,Z3,813,813,0,0,27.70,22520.10,0.00,0,N,13,0,0.00,166,N,Routine,Routine: no recurring variance or recount pattern,N,8.34,Quarterly
2535,SKU0206,Consumables 0206,Consumables,Z1-B03,Z1,538,538,0,0,46.20,24855.60,0.00,0,N,13,0,0.00,166,N,Routine,Routine: no recurring variance or recount pattern,N,8.34,Quarterly
2536,SKU0211,Industrial Supplies 0211,Industrial Supplies,Z1-B02,Z1,811,811,0,0,64.70,52471.70,0.00,0,N,13,0,0.00,166,N,Routine,Routine: no recurring variance or recount pattern,N,8.34,Quarterly
2537,SKU0215,Tools 0215,Tools,Z1-B02,Z1,455,455,0,0,79.50,36172.50,0.00,0,N,13,0,0.00,166,N,Routine,Routine: no recurring variance or recount pattern,N,8.34,Quarterly
2538,SKU0220,Material Handling 0220,Material Handling,Z1-B01,Z1,840,840,0,0,98.00,82320.00,0.00,0,N,13,0,0.00,166,N,Routine,Routine: no recurring variance or recount pattern,N,8.34,Quarterly
2539,SKU0224,Packaging 0224,Packaging,Z3-B01,Z3,434,434,0,0,112.80,48955.20,0.00,0,N,13,0,0.00,166,N,Routine,Routine: no recurring variance or recount pattern,N,8.34,Quarterly
2540,SKU0247,Fasteners 0247,Fasteners,Z1-B02,Z1,782,782,0,0,77.90,60917.80,0.00,0,N,13,0,0.00,166,N,Routine,Routine: no recurring variance or recount pattern,N,8.34,Quarterly
2541,SKU0252,Electrical Components 0252,Electrical Components,Z2-B01,Z2,522,522,0,0,96.40,50320.80,0.00,0,N,13,0,0.00,166,N,Routine,Routine: no recurring variance or recount pattern,N,8.34,Quarterly
2542,SKU0257,Fasteners 0257,Fasteners,Z2-B04,Z2,900,900,0,0,114.90,103410.00,0.00,0,N,13,0,0.00,166,N,Routine,Routine: no recurring variance or recount pattern,N,8.34,Quarterly
2543,SKU0258,Maintenance Parts 0258,Maintenance Parts,Z2-B03,Z2,957,957,0,0,118.60,113500.20,0.00,0,N,13,0,0.00,166,N,Routine,Routine: no recurring variance or recount pattern,N,8.34,Quarterly
2544,SKU0265,Tools 0265,Tools,Z2-B04,Z2,742,742,0,0,24.50,18179.00,0.00,0,N,13,0,0.00,166,N,Routine,Routine: no recurring variance or recount pattern,N,8.34,Quarterly
2545,SKU0266,Consumables 0266,Consumables,Z1-B03,Z1,730,730,0,0,28.20,20586.00,0.00,0,N,13,0,0.00,166,N,Routine,Routine: no recurring variance or recount pattern,N,8.34,Quarterly
2546,SKU0289,Shipping Supplies 0289,Shipping Supplies,Z1-B04,Z1,438,438,0,0,113.30,49625.40,0.00,0,N,13,0,0.00,166,N,Routine,Routine: no recurring variance or recount pattern,N,8.34,Quarterly
2547,SKU0289,Shipping Supplies 0289,Shipping Supplies,Z3-B04,Z3,598,598,0,0,113.30,67753.40,0.00,0,N,13,0,0.00,166,N,Routine,Routine: no recurring variance or recount pattern,N,8.34,Quarterly
2548,SKU0292,Electrical Components 0292,Electrical Components,Z3-B01,Z3,661,661,0,0,4.40,2908.40,0.00,0,N,13,0,0.00,166,N,Routine,Routine: no recurring variance or recount pattern,N,8.34,Quarterly
2549,SKU0299,Shipping Supplies 0299,Shipping Supplies,Z1-B02,Z1,516,516,0,0,30.30,15634.80,0.00,0,N,13,0,0.00,166,N,Routine,Routine: no recurring variance or recount pattern,N,8.34,Quarterly
2550,SKU0001,Industrial Supplies 0001,Industrial Supplies,Z3-B04,Z3,534,534,0,0,7.70,4111.80,0.00,0,N,13,0,0.00,165,N,Routine,Routine: no recurring variance or recount pattern,N,8.29,Quarterly
2551,SKU0004,Packaging 0004,Packaging,Z3-B01,Z3,677,677,0,0,18.80,12727.60,0.00,0,N,13,0,0.00,165,N,Routine,Routine: no recurring variance or recount pattern,N,8.29,Quarterly
2552,SKU0011,Industrial Supplies 0011,Industrial Supplies,Z3-B02,Z3,560,560,0,0,44.70,25032.00,0.00,0,N,13,0,0.00,165,N,Routine,Routine: no recurring variance or recount pattern,N,8.29,Quarterly
2553,SKU0021,Industrial Supplies 0021,Industrial Supplies,Z1-B04,Z1,573,573,0,0,81.70,46814.10,0.00,0,N,13,0,0.00,165,N,Routine,Routine: no recurring variance or recount pattern,N,8.29,Quarterly
2554,SKU0021,Industrial Supplies 0021,Industrial Supplies,Z2-B04,Z2,516,516,0,0,81.70,42157.20,0.00,0,N,13,0,0.00,165,N,Routine,Routine: no recurring variance or recount pattern,N,8.29,Quarterly
2555,SKU0021,Industrial Supplies 0021,Industrial Supplies,Z3-B04,Z3,572,572,0,0,81.70,46732.40,0.00,0,N,13,0,0.00,165,N,Routine,Routine: no recurring variance or recount pattern,N,8.29,Quarterly
2556,SKU0025,Tools 0025,Tools,Z1-B04,Z1,837,837,0,0,96.50,80770.50,0.00,0,N,13,0,0.00,165,N,Routine,Routine: no recurring variance or recount pattern,N,8.29,Quarterly
2557,SKU0029,Shipping Supplies 0029,Shipping Supplies,Z3-B04,Z3,513,513,0,0,111.30,57096.90,0.00,0,N,13,0,0.00,165,N,Routine,Routine: no recurring variance or recount pattern,N,8.29,Quarterly
2558,SKU0042,Electrical Components 0042,Electrical Components,Z1-B03,Z1,731,731,0,0,39.40,28801.40,0.00,0,N,13,0,0.00,165,N,Routine,Routine: no recurring variance or recount pattern,N,8.29,Quarterly
2559,SKU0050,Material Handling 0050,Material Handling,Z2-B03,Z2,630,630,0,0,69.00,43470.00,0.00,0,N,13,0,0.00,165,N,Routine,Routine: no recurring variance or recount pattern,N,8.29,Quarterly
2560,SKU0056,Consumables 0056,Consumables,Z3-B01,Z3,423,423,0,0,91.20,38577.60,0.00,0,N,13,0,0.00,165,N,Routine,Routine: no recurring variance or recount pattern,N,8.29,Quarterly
2561,SKU0076,Consumables 0076,Consumables,Z2-B01,Z2,549,549,0,0,45.20,24814.80,0.00,0,N,13,0,0.00,165,N,Routine,Routine: no recurring variance or recount pattern,N,8.29,Quarterly
2562,SKU0078,Maintenance Parts 0078,Maintenance Parts,Z2-B03,Z2,594,594,0,0,52.60,31244.40,0.00,0,N,13,0,0.00,165,N,Routine,Routine: no recurring variance or recount pattern,N,8.29,Quarterly
2563,SKU0084,Packaging 0084,Packaging,Z1-B01,Z1,387,387,0,0,74.80,28947.60,0.00,0,N,13,0,0.00,165,N,Routine,Routine: no recurring variance or recount pattern,N,8.29,Quarterly
2564,SKU0088,Maintenance Parts 0088,Maintenance Parts,Z2-B01,Z2,723,723,0,0,89.60,64780.80,0.00,0,N,13,0,0.00,165,N,Routine,Routine: no recurring variance or recount pattern,N,8.29,Quarterly
2565,SKU0096,Consumables 0096,Consumables,Z3-B01,Z3,710,710,0,0,119.20,84632.00,0.00,0,N,13,0,0.00,165,N,Routine,Routine: no recurring variance or recount pattern,N,8.29,Quarterly
2566,SKU0098,Maintenance Parts 0098,Maintenance Parts,Z1-B03,Z1,766,766,0,0,6.60,5055.60,0.00,0,N,13,0,0.00,165,N,Routine,Routine: no recurring variance or recount pattern,N,8.29,Quarterly
2567,SKU0100,Material Handling 0100,Material Handling,Z3-B01,Z3,885,885,0,0,14.00,12390.00,0.00,0,N,13,0,0.00,165,N,Routine,Routine: no recurring variance or recount pattern,N,8.29,Quarterly
2568,SKU0101,Industrial Supplies 0101,Industrial Supplies,Z1-B04,Z1,921,921,0,0,17.70,16301.70,0.00,0,N,13,0,0.00,165,N,Routine,Routine: no recurring variance or recount pattern,N,8.29,Quarterly
2569,SKU0105,Tools 0105,Tools,Z3-B04,Z3,593,593,0,0,32.50,19272.50,0.00,0,N,13,0,0.00,165,N,Routine,Routine: no recurring variance or recount pattern,N,8.29,Quarterly
2570,SKU0108,Maintenance Parts 0108,Maintenance Parts,Z2-B01,Z2,760,760,0,0,43.60,33136.00,0.00,0,N,13,0,0.00,165,N,Routine,Routine: no recurring variance or recount pattern,N,8.29,Quarterly
2571,SKU0132,Electrical Components 0132,Electrical Components,Z2-B01,Z2,549,549,0,0,12.40,6807.60,0.00,0,N,13,0,0.00,165,N,Routine,Routine: no recurring variance or recount pattern,N,8.29,Quarterly
2572,SKU0133,Safety Supplies 0133,Safety Supplies,Z2-B04,Z2,656,656,0,0,16.10,10561.60,0.00,0,N,13,0,0.00,165,N,Routine,Routine: no recurring variance or recount pattern,N,8.29,Quarterly
2573,SKU0133,Safety Supplies 0133,Safety Supplies,Z3-B04,Z3,606,606,0,0,16.10,9756.60,0.00,0,N,13,0,0.00,165,N,Routine,Routine: no recurring variance or recount pattern,N,8.29,Quarterly
2574,SKU0143,Safety Supplies 0143,Safety Supplies,Z1-B02,Z1,571,571,0,0,53.10,30320.10,0.00,0,N,13,0,0.00,165,N,Routine,Routine: no recurring variance or recount pattern,N,8.29,Quarterly
2575,SKU0145,Tools 0145,Tools,Z3-B04,Z3,832,832,0,0,60.50,50336.00,0.00,0,N,13,0,0.00,165,N,Routine,Routine: no recurring variance or recount pattern,N,8.29,Quarterly
2576,SKU0156,Consumables 0156,Consumables,Z1-B01,Z1,952,952,0,0,101.20,96342.40,0.00,0,N,13,0,0.00,165,N,Routine,Routine: no recurring variance or recount pattern,N,8.29,Quarterly
2577,SKU0157,Fasteners 0157,Fasteners,Z3-B04,Z3,364,364,0,0,104.90,38183.60,0.00,0,N,13,0,0.00,165,N,Routine,Routine: no recurring variance or recount pattern,N,8.29,Quarterly
2578,SKU0160,Material Handling 0160,Material Handling,Z3-B01,Z3,620,620,0,0,116.00,71920.00,0.00,0,N,13,0,0.00,165,N,Routine,Routine: no recurring variance or recount pattern,N,8.29,Quarterly
2579,SKU0165,Tools 0165,Tools,Z3-B04,Z3,1020,1020,0,0,14.50,14790.00,0.00,0,N,13,0,0.00,165,N,Routine,Routine: no recurring variance or recount pattern,N,8.29,Quarterly
2580,SKU0169,Shipping Supplies 0169,Shipping Supplies,Z3-B04,Z3,646,646,0,0,29.30,18927.80,0.00,0,N,13,0,0.00,165,N,Routine,Routine: no recurring variance or recount pattern,N,8.29,Quarterly
2581,SKU0174,Packaging 0174,Packaging,Z2-B03,Z2,809,809,0,0,47.80,38670.20,0.00,0,N,13,0,0.00,165,N,Routine,Routine: no recurring variance or recount pattern,N,8.29,Quarterly
2582,SKU0175,Tools 0175,Tools,Z1-B02,Z1,999,999,0,0,51.50,51448.50,0.00,0,N,13,0,0.00,165,N,Routine,Routine: no recurring variance or recount pattern,N,8.29,Quarterly
2583,SKU0182,Electrical Components 0182,Electrical Components,Z1-B03,Z1,731,731,0,0,77.40,56579.40,0.00,0,N,13,0,0.00,165,N,Routine,Routine: no recurring variance or recount pattern,N,8.29,Quarterly
2584,SKU0189,Shipping Supplies 0189,Shipping Supplies,Z2-B04,Z2,671,671,0,0,103.30,69314.30,0.00,0,N,13,0,0.00,165,N,Routine,Routine: no recurring variance or recount pattern,N,8.29,Quarterly
2585,SKU0193,Safety Supplies 0193,Safety Supplies,Z3-B04,Z3,1000,1000,0,0,118.10,118100.00,0.00,0,N,13,0,0.00,165,N,Routine,Routine: no recurring variance or recount pattern,N,8.29,Quarterly
2586,SKU0197,Fasteners 0197,Fasteners,Z1-B04,Z1,526,526,0,0,12.90,6785.40,0.00,0,N,13,0,0.00,165,N,Routine,Routine: no recurring variance or recount pattern,N,8.29,Quarterly
2587,SKU0199,Shipping Supplies 0199,Shipping Supplies,Z3-B02,Z3,753,753,0,0,20.30,15285.90,0.00,0,N,13,0,0.00,165,N,Routine,Routine: no recurring variance or recount pattern,N,8.29,Quarterly
2588,SKU0200,Material Handling 0200,Material Handling,Z2-B01,Z2,769,769,0,0,24.00,18456.00,0.00,0,N,13,0,0.00,165,N,Routine,Routine: no recurring variance or recount pattern,N,8.29,Quarterly
2589,SKU0216,Consumables 0216,Consumables,Z3-B01,Z3,652,652,0,0,83.20,54246.40,0.00,0,N,13,0,0.00,165,N,Routine,Routine: no recurring variance or recount pattern,N,8.29,Quarterly
2590,SKU0218,Maintenance Parts 0218,Maintenance Parts,Z1-B03,Z1,683,683,0,0,90.60,61879.80,0.00,0,N,13,0,0.00,165,N,Routine,Routine: no recurring variance or recount pattern,N,8.29,Quarterly
2591,SKU0221,Industrial Supplies 0221,Industrial Supplies,Z2-B04,Z2,977,977,0,0,101.70,99360.90,0.00,0,N,13,0,0.00,165,N,Routine,Routine: no recurring variance or recount pattern,N,8.29,Quarterly
2592,SKU0236,Consumables 0236,Consumables,Z2-B01,Z2,682,682,0,0,37.20,25370.40,0.00,0,N,13,0,0.00,165,N,Routine,Routine: no recurring variance or recount pattern,N,8.29,Quarterly
2593,SKU0238,Maintenance Parts 0238,Maintenance Parts,Z1-B03,Z1,743,743,0,0,44.60,33137.80,0.00,0,N,13,0,0.00,165,N,Routine,Routine: no recurring variance or recount pattern,N,8.29,Quarterly
2594,SKU0240,Material Handling 0240,Material Handling,Z2-B01,Z2,1032,1032,0,0,52.00,53664.00,0.00,0,N,13,0,0.00,165,N,Routine,Routine: no recurring variance or recount pattern,N,8.29,Quarterly
2595,SKU0246,Consumables 0246,Consumables,Z2-B03,Z2,746,746,0,0,74.20,55353.20,0.00,0,N,13,0,0.00,165,N,Routine,Routine: no recurring variance or recount pattern,N,8.29,Quarterly
2596,SKU0257,Fasteners 0257,Fasteners,Z3-B04,Z3,839,839,0,0,114.90,96401.10,0.00,0,N,13,0,0.00,165,N,Routine,Routine: no recurring variance or recount pattern,N,8.29,Quarterly
2597,SKU0273,Safety Supplies 0273,Safety Supplies,Z1-B04,Z1,600,600,0,0,54.10,32460.00,0.00,0,N,13,0,0.00,165,N,Routine,Routine: no recurring variance or recount pattern,N,8.29,Quarterly
2598,SKU0281,Industrial Supplies 0281,Industrial Supplies,Z2-B04,Z2,512,512,0,0,83.70,42854.40,0.00,0,N,13,0,0.00,165,N,Routine,Routine: no recurring variance or recount pattern,N,8.29,Quarterly
2599,SKU0285,Tools 0285,Tools,Z3-B04,Z3,965,965,0,0,98.50,95052.50,0.00,0,N,13,0,0.00,165,N,Routine,Routine: no recurring variance or recount pattern,N,8.29,Quarterly
2600,SKU0288,Maintenance Parts 0288,Maintenance Parts,Z3-B01,Z3,412,412,0,0,109.60,45155.20,0.00,0,N,13,0,0.00,165,N,Routine,Routine: no recurring variance or recount pattern,N,8.29,Quarterly
2601,SKU0293,Safety Supplies 0293,Safety Supplies,Z1-B04,Z1,808,808,0,0,8.10,6544.80,0.00,0,N,13,0,0.00,165,N,Routine,Routine: no recurring variance or recount pattern,N,8.29,Quarterly
2602,SKU0299,Shipping Supplies 0299,Shipping Supplies,Z3-B02,Z3,566,566,0,0,30.30,17149.80,0.00,0,N,13,0,0.00,165,N,Routine,Routine: no recurring variance or recount pattern,N,8.29,Quarterly
2603,SKU0014,Packaging 0014,Packaging,Z2-B03,Z2,778,778,0,0,55.80,43412.40,0.00,0,N,13,0,0.00,164,N,Routine,Routine: no recurring variance or recount pattern,N,8.24,Quarterly
2604,SKU0024,Packaging 0024,Packaging,Z3-B01,Z3,869,869,0,0,92.80,80643.20,0.00,0,N,13,0,0.00,164,N,Routine,Routine: no recurring variance or recount pattern,N,8.24,Quarterly
2605,SKU0032,Electrical Components 0032,Electrical Components,Z3-B01,Z3,702,702,0,0,122.40,85924.80,0.00,0,N,13,0,0.00,164,N,Routine,Routine: no recurring variance or recount pattern,N,8.24,Quarterly
2606,SKU0040,Material Handling 0040,Material Handling,Z2-B01,Z2,506,506,0,0,32.00,16192.00,0.00,0,N,13,0,0.00,164,N,Routine,Routine: no recurring variance or recount pattern,N,8.24,Quarterly
2607,SKU0040,Material Handling 0040,Material Handling,Z3-B01,Z3,650,650,0,0,32.00,20800.00,0.00,0,N,13,0,0.00,164,N,Routine,Routine: no recurring variance or recount pattern,N,8.24,Quarterly
2608,SKU0057,Fasteners 0057,Fasteners,Z2-B04,Z2,524,524,0,0,94.90,49727.60,0.00,0,N,13,0,0.00,164,N,Routine,Routine: no recurring variance or recount pattern,N,8.24,Quarterly
2609,SKU0058,Maintenance Parts 0058,Maintenance Parts,Z2-B03,Z2,588,588,0,0,98.60,57976.80,0.00,0,N,13,0,0.00,164,N,Routine,Routine: no recurring variance or recount pattern,N,8.24,Quarterly
2610,SKU0059,Shipping Supplies 0059,Shipping Supplies,Z1-B02,Z1,573,573,0,0,102.30,58617.90,0.00,0,N,13,0,0.00,164,N,Routine,Routine: no recurring variance or recount pattern,N,8.24,Quarterly
2611,SKU0066,Consumables 0066,Consumables,Z1-B03,Z1,434,434,0,0,8.20,3558.80,0.00,0,N,13,0,0.00,164,N,Routine,Routine: no recurring variance or recount pattern,N,8.24,Quarterly
2612,SKU0071,Industrial Supplies 0071,Industrial Supplies,Z3-B02,Z3,812,812,0,0,26.70,21680.40,0.00,0,N,13,0,0.00,164,N,Routine,Routine: no recurring variance or recount pattern,N,8.24,Quarterly
2613,SKU0073,Safety Supplies 0073,Safety Supplies,Z1-B04,Z1,900,900,0,0,34.10,30690.00,0.00,0,N,13,0,0.00,164,N,Routine,Routine: no recurring variance or recount pattern,N,8.24,Quarterly
2614,SKU0074,Packaging 0074,Packaging,Z1-B03,Z1,298,298,0,0,37.80,11264.40,0.00,0,N,13,0,0.00,164,N,Routine,Routine: no recurring variance or recount pattern,N,8.24,Quarterly
2615,SKU0079,Shipping Supplies 0079,Shipping Supplies,Z3-B02,Z3,822,822,0,0,56.30,46278.60,0.00,0,N,13,0,0.00,164,N,Routine,Routine: no recurring variance or recount pattern,N,8.24,Quarterly
2616,SKU0080,Material Handling 0080,Material Handling,Z2-B01,Z2,758,758,0,0,60.00,45480.00,0.00,0,N,13,0,0.00,164,N,Routine,Routine: no recurring variance or recount pattern,N,8.24,Quarterly
2617,SKU0090,Material Handling 0090,Material Handling,Z2-B03,Z2,801,801,0,0,97.00,77697.00,0.00,0,N,13,0,0.00,164,N,Routine,Routine: no recurring variance or recount pattern,N,8.24,Quarterly
2618,SKU0097,Fasteners 0097,Fasteners,Z1-B04,Z1,650,650,0,0,122.90,79885.00,0.00,0,N,13,0,0.00,164,N,Routine,Routine: no recurring variance or recount pattern,N,8.24,Quarterly
2619,SKU0102,Electrical Components 0102,Electrical Components,Z2-B03,Z2,398,398,0,0,21.40,8517.20,0.00,0,N,13,0,0.00,164,N,Routine,Routine: no recurring variance or recount pattern,N,8.24,Quarterly
2620,SKU0104,Packaging 0104,Packaging,Z3-B01,Z3,579,579,0,0,28.80,16675.20,0.00,0,N,13,0,0.00,164,N,Routine,Routine: no recurring variance or recount pattern,N,8.24,Quarterly
2621,SKU0115,Tools 0115,Tools,Z3-B02,Z3,709,709,0,0,69.50,49275.50,0.00,0,N,13,0,0.00,164,N,Routine,Routine: no recurring variance or recount pattern,N,8.24,Quarterly
2622,SKU0118,Maintenance Parts 0118,Maintenance Parts,Z2-B03,Z2,821,821,0,0,80.60,66172.60,0.00,0,N,13,0,0.00,164,N,Routine,Routine: no recurring variance or recount pattern,N,8.24,Quarterly
2623,SKU0137,Fasteners 0137,Fasteners,Z3-B04,Z3,984,984,0,0,30.90,30405.60,0.00,0,N,13,0,0.00,164,N,Routine,Routine: no recurring variance or recount pattern,N,8.24,Quarterly
2624,SKU0141,Industrial Supplies 0141,Industrial Supplies,Z3-B04,Z3,593,593,0,0,45.70,27100.10,0.00,0,N,13,0,0.00,164,N,Routine,Routine: no recurring variance or recount pattern,N,8.24,Quarterly
2625,SKU0146,Consumables 0146,Consumables,Z1-B03,Z1,876,876,0,0,64.20,56239.20,0.00,0,N,13,0,0.00,164,N,Routine,Routine: no recurring variance or recount pattern,N,8.24,Quarterly
2626,SKU0159,Shipping Supplies 0159,Shipping Supplies,Z1-B02,Z1,413,413,0,0,112.30,46379.90,0.00,0,N,13,0,0.00,164,N,Routine,Routine: no recurring variance or recount pattern,N,8.24,Quarterly
2627,SKU0160,Material Handling 0160,Material Handling,Z2-B01,Z2,567,567,0,0,116.00,65772.00,0.00,0,N,13,0,0.00,164,N,Routine,Routine: no recurring variance or recount pattern,N,8.24,Quarterly
2628,SKU0183,Safety Supplies 0183,Safety Supplies,Z1-B02,Z1,764,764,0,0,81.10,61960.40,0.00,0,N,13,0,0.00,164,N,Routine,Routine: no recurring variance or recount pattern,N,8.24,Quarterly
2629,SKU0198,Maintenance Parts 0198,Maintenance Parts,Z1-B03,Z1,554,554,0,0,16.60,9196.40,0.00,0,N,13,0,0.00,164,N,Routine,Routine: no recurring variance or recount pattern,N,8.24,Quarterly
2630,SKU0203,Safety Supplies 0203,Safety Supplies,Z3-B02,Z3,314,314,0,0,35.10,11021.40,0.00,0,N,13,0,0.00,164,N,Routine,Routine: no recurring variance or recount pattern,N,8.24,Quarterly
2631,SKU0214,Packaging 0214,Packaging,Z2-B03,Z2,342,342,0,0,75.80,25923.60,0.00,0,N,13,0,0.00,164,N,Routine,Routine: no recurring variance or recount pattern,N,8.24,Quarterly
2632,SKU0220,Material Handling 0220,Material Handling,Z2-B01,Z2,810,810,0,0,98.00,79380.00,0.00,0,N,13,0,0.00,164,N,Routine,Routine: no recurring variance or recount pattern,N,8.24,Quarterly
2633,SKU0260,Material Handling 0260,Material Handling,Z3-B01,Z3,396,396,0,0,6.00,2376.00,0.00,0,N,13,0,0.00,164,N,Routine,Routine: no recurring variance or recount pattern,N,8.24,Quarterly
2634,SKU0265,Tools 0265,Tools,Z3-B04,Z3,892,892,0,0,24.50,21854.00,0.00,0,N,13,0,0.00,164,N,Routine,Routine: no recurring variance or recount pattern,N,8.24,Quarterly
2635,SKU0272,Electrical Components 0272,Electrical Components,Z1-B01,Z1,536,536,0,0,50.40,27014.40,0.00,0,N,13,0,0.00,164,N,Routine,Routine: no recurring variance or recount pattern,N,8.24,Quarterly
2636,SKU0281,Industrial Supplies 0281,Industrial Supplies,Z3-B04,Z3,615,615,0,0,83.70,51475.50,0.00,0,N,13,0,0.00,164,N,Routine,Routine: no recurring variance or recount pattern,N,8.24,Quarterly
2637,SKU0284,Packaging 0284,Packaging,Z3-B01,Z3,874,874,0,0,94.80,82855.20,0.00,0,N,13,0,0.00,164,N,Routine,Routine: no recurring variance or recount pattern,N,8.24,Quarterly
2638,SKU0285,Tools 0285,Tools,Z2-B04,Z2,958,958,0,0,98.50,94363.00,0.00,0,N,13,0,0.00,164,N,Routine,Routine: no recurring variance or recount pattern,N,8.24,Quarterly
2639,SKU0001,Industrial Supplies 0001,Industrial Supplies,Z2-B04,Z2,496,496,0,0,7.70,3819.20,0.00,0,N,13,0,0.00,163,N,Routine,Routine: no recurring variance or recount pattern,N,8.19,Quarterly
2640,SKU0006,Consumables 0006,Consumables,Z1-B03,Z1,752,752,0,0,26.20,19702.40,0.00,0,N,13,0,0.00,163,N,Routine,Routine: no recurring variance or recount pattern,N,8.19,Quarterly
2641,SKU0016,Consumables 0016,Consumables,Z3-B01,Z3,835,835,0,0,63.20,52772.00,0.00,0,N,13,0,0.00,163,N,Routine,Routine: no recurring variance or recount pattern,N,8.19,Quarterly
2642,SKU0022,Electrical Components 0022,Electrical Components,Z1-B03,Z1,549,549,0,0,85.40,46884.60,0.00,0,N,13,0,0.00,163,N,Routine,Routine: no recurring variance or recount pattern,N,8.19,Quarterly
2643,SKU0026,Consumables 0026,Consumables,Z1-B03,Z1,931,931,0,0,100.20,93286.20,0.00,0,N,13,0,0.00,163,N,Routine,Routine: no recurring variance or recount pattern,N,8.19,Quarterly
2644,SKU0029,Shipping Supplies 0029,Shipping Supplies,Z1-B04,Z1,443,443,0,0,111.30,49305.90,0.00,0,N,13,0,0.00,163,N,Routine,Routine: no recurring variance or recount pattern,N,8.19,Quarterly
2645,SKU0036,Consumables 0036,Consumables,Z3-B01,Z3,364,364,0,0,17.20,6260.80,0.00,0,N,13,0,0.00,163,N,Routine,Routine: no recurring variance or recount pattern,N,8.19,Quarterly
2646,SKU0048,Maintenance Parts 0048,Maintenance Parts,Z2-B01,Z2,556,556,0,0,61.60,34249.60,0.00,0,N,13,0,0.00,163,N,Routine,Routine: no recurring variance or recount pattern,N,8.19,Quarterly
2647,SKU0054,Packaging 0054,Packaging,Z2-B03,Z2,1011,1011,0,0,83.80,84721.80,0.00,0,N,13,0,0.00,163,N,Routine,Routine: no recurring variance or recount pattern,N,8.19,Quarterly
2648,SKU0073,Safety Supplies 0073,Safety Supplies,Z3-B04,Z3,354,354,0,0,34.10,12071.40,0.00,0,N,13,0,0.00,163,N,Routine,Routine: no recurring variance or recount pattern,N,8.19,Quarterly
2649,SKU0076,Consumables 0076,Consumables,Z1-B01,Z1,462,462,0,0,45.20,20882.40,0.00,0,N,13,0,0.00,163,N,Routine,Routine: no recurring variance or recount pattern,N,8.19,Quarterly
2650,SKU0085,Tools 0085,Tools,Z3-B04,Z3,596,596,0,0,78.50,46786.00,0.00,0,N,13,0,0.00,163,N,Routine,Routine: no recurring variance or recount pattern,N,8.19,Quarterly
2651,SKU0088,Maintenance Parts 0088,Maintenance Parts,Z1-B01,Z1,675,675,0,0,89.60,60480.00,0.00,0,N,13,0,0.00,163,N,Routine,Routine: no recurring variance or recount pattern,N,8.19,Quarterly
2652,SKU0102,Electrical Components 0102,Electrical Components,Z1-B03,Z1,290,290,0,0,21.40,6206.00,0.00,0,N,13,0,0.00,163,N,Routine,Routine: no recurring variance or recount pattern,N,8.19,Quarterly
2653,SKU0116,Consumables 0116,Consumables,Z2-B01,Z2,751,751,0,0,73.20,54973.20,0.00,0,N,13,0,0.00,163,N,Routine,Routine: no recurring variance or recount pattern,N,8.19,Quarterly
2654,SKU0124,Packaging 0124,Packaging,Z3-B01,Z3,589,589,0,0,102.80,60549.20,0.00,0,N,13,0,0.00,163,N,Routine,Routine: no recurring variance or recount pattern,N,8.19,Quarterly
2655,SKU0130,Material Handling 0130,Material Handling,Z1-B03,Z1,319,319,0,0,5.00,1595.00,0.00,0,N,13,0,0.00,163,N,Routine,Routine: no recurring variance or recount pattern,N,8.19,Quarterly
2656,SKU0135,Tools 0135,Tools,Z3-B02,Z3,738,738,0,0,23.50,17343.00,0.00,0,N,13,0,0.00,163,N,Routine,Routine: no recurring variance or recount pattern,N,8.19,Quarterly
2657,SKU0141,Industrial Supplies 0141,Industrial Supplies,Z2-B04,Z2,493,493,0,0,45.70,22530.10,0.00,0,N,13,0,0.00,163,N,Routine,Routine: no recurring variance or recount pattern,N,8.19,Quarterly
2658,SKU0145,Tools 0145,Tools,Z2-B04,Z2,798,798,0,0,60.50,48279.00,0.00,0,N,13,0,0.00,163,N,Routine,Routine: no recurring variance or recount pattern,N,8.19,Quarterly
2659,SKU0147,Fasteners 0147,Fasteners,Z3-B02,Z3,1037,1037,0,0,67.90,70412.30,0.00,0,N,13,0,0.00,163,N,Routine,Routine: no recurring variance or recount pattern,N,8.19,Quarterly
2660,SKU0152,Electrical Components 0152,Electrical Components,Z1-B01,Z1,617,617,0,0,86.40,53308.80,0.00,0,N,13,0,0.00,163,N,Routine,Routine: no recurring variance or recount pattern,N,8.19,Quarterly
2661,SKU0152,Electrical Components 0152,Electrical Components,Z2-B01,Z2,604,604,0,0,86.40,52185.60,0.00,0,N,13,0,0.00,163,N,Routine,Routine: no recurring variance or recount pattern,N,8.19,Quarterly
2662,SKU0153,Safety Supplies 0153,Safety Supplies,Z3-B04,Z3,835,835,0,0,90.10,75233.50,0.00,0,N,13,0,0.00,163,N,Routine,Routine: no recurring variance or recount pattern,N,8.19,Quarterly
2663,SKU0176,Consumables 0176,Consumables,Z2-B01,Z2,304,304,0,0,55.20,16780.80,0.00,0,N,13,0,0.00,163,N,Routine,Routine: no recurring variance or recount pattern,N,8.19,Quarterly
2664,SKU0180,Material Handling 0180,Material Handling,Z3-B01,Z3,649,649,0,0,70.00,45430.00,0.00,0,N,13,0,0.00,163,N,Routine,Routine: no recurring variance or recount pattern,N,8.19,Quarterly
2665,SKU0189,Shipping Supplies 0189,Shipping Supplies,Z3-B04,Z3,685,685,0,0,103.30,70760.50,0.00,0,N,13,0,0.00,163,N,Routine,Routine: no recurring variance or recount pattern,N,8.19,Quarterly
2666,SKU0221,Industrial Supplies 0221,Industrial Supplies,Z1-B04,Z1,870,870,0,0,101.70,88479.00,0.00,0,N,13,0,0.00,163,N,Routine,Routine: no recurring variance or recount pattern,N,8.19,Quarterly
2667,SKU0222,Electrical Components 0222,Electrical Components,Z2-B03,Z2,381,381,0,0,105.40,40157.40,0.00,0,N,13,0,0.00,163,N,Routine,Routine: no recurring variance or recount pattern,N,8.19,Quarterly
2668,SKU0227,Fasteners 0227,Fasteners,Z1-B02,Z1,597,597,0,0,123.90,73968.30,0.00,0,N,13,0,0.00,163,N,Routine,Routine: no recurring variance or recount pattern,N,8.19,Quarterly
2669,SKU0229,Shipping Supplies 0229,Shipping Supplies,Z2-B04,Z2,918,918,0,0,11.30,10373.40,0.00,0,N,13,0,0.00,163,N,Routine,Routine: no recurring variance or recount pattern,N,8.19,Quarterly
2670,SKU0233,Safety Supplies 0233,Safety Supplies,Z3-B04,Z3,535,535,0,0,26.10,13963.50,0.00,0,N,13,0,0.00,163,N,Routine,Routine: no recurring variance or recount pattern,N,8.19,Quarterly
2671,SKU0234,Packaging 0234,Packaging,Z2-B03,Z2,529,529,0,0,29.80,15764.20,0.00,0,N,13,0,0.00,163,N,Routine,Routine: no recurring variance or recount pattern,N,8.19,Quarterly
2672,SKU0241,Industrial Supplies 0241,Industrial Supplies,Z3-B04,Z3,395,395,0,0,55.70,22001.50,0.00,0,N,13,0,0.00,163,N,Routine,Routine: no recurring variance or recount pattern,N,8.19,Quarterly
2673,SKU0245,Tools 0245,Tools,Z3-B04,Z3,723,723,0,0,70.50,50971.50,0.00,0,N,13,0,0.00,163,N,Routine,Routine: no recurring variance or recount pattern,N,8.19,Quarterly
2674,SKU0275,Tools 0275,Tools,Z3-B02,Z3,825,825,0,0,61.50,50737.50,0.00,0,N,13,0,0.00,163,N,Routine,Routine: no recurring variance or recount pattern,N,8.19,Quarterly
2675,SKU0276,Consumables 0276,Consumables,Z3-B01,Z3,831,831,0,0,65.20,54181.20,0.00,0,N,13,0,0.00,163,N,Routine,Routine: no recurring variance or recount pattern,N,8.19,Quarterly
2676,SKU0282,Electrical Components 0282,Electrical Components,Z2-B03,Z2,586,586,0,0,87.40,51216.40,0.00,0,N,13,0,0.00,163,N,Routine,Routine: no recurring variance or recount pattern,N,8.19,Quarterly
2677,SKU0284,Packaging 0284,Packaging,Z2-B01,Z2,705,705,0,0,94.80,66834.00,0.00,0,N,13,0,0.00,163,N,Routine,Routine: no recurring variance or recount pattern,N,8.19,Quarterly
2678,SKU0285,Tools 0285,Tools,Z1-B04,Z1,873,873,0,0,98.50,85990.50,0.00,0,N,13,0,0.00,163,N,Routine,Routine: no recurring variance or recount pattern,N,8.19,Quarterly
2679,SKU0288,Maintenance Parts 0288,Maintenance Parts,Z1-B01,Z1,395,395,0,0,109.60,43292.00,0.00,0,N,13,0,0.00,163,N,Routine,Routine: no recurring variance or recount pattern,N,8.19,Quarterly
2680,SKU0010,Material Handling 0010,Material Handling,Z2-B03,Z2,409,409,0,0,41.00,16769.00,0.00,0,N,13,0,0.00,162,N,Routine,Routine: no recurring variance or recount pattern,N,8.14,Quarterly
2681,SKU0012,Electrical Components 0012,Electrical Components,Z1-B01,Z1,456,456,0,0,48.40,22070.40,0.00,0,N,13,0,0.00,162,N,Routine,Routine: no recurring variance or recount pattern,N,8.14,Quarterly
2682,SKU0049,Shipping Supplies 0049,Shipping Supplies,Z3-B04,Z3,581,581,0,0,65.30,37939.30,0.00,0,N,13,0,0.00,162,N,Routine,Routine: no recurring variance or recount pattern,N,8.14,Quarterly
2683,SKU0075,Tools 0075,Tools,Z1-B02,Z1,328,328,0,0,41.50,13612.00,0.00,0,N,13,0,0.00,162,N,Routine,Routine: no recurring variance or recount pattern,N,8.14,Quarterly
2684,SKU0119,Shipping Supplies 0119,Shipping Supplies,Z3-B02,Z3,1075,1075,0,0,84.30,90622.50,0.00,0,N,13,0,0.00,162,N,Routine,Routine: no recurring variance or recount pattern,N,8.14,Quarterly
2685,SKU0120,Material Handling 0120,Material Handling,Z2-B01,Z2,317,317,0,0,88.00,27896.00,0.00,0,N,13,0,0.00,162,N,Routine,Routine: no recurring variance or recount pattern,N,8.14,Quarterly
2686,SKU0123,Safety Supplies 0123,Safety Supplies,Z3-B02,Z3,554,554,0,0,99.10,54901.40,0.00,0,N,13,0,0.00,162,N,Routine,Routine: no recurring variance or recount pattern,N,8.14,Quarterly
2687,SKU0124,Packaging 0124,Packaging,Z1-B01,Z1,625,625,0,0,102.80,64250.00,0.00,0,N,13,0,0.00,162,N,Routine,Routine: no recurring variance or recount pattern,N,8.14,Quarterly
2688,SKU0127,Fasteners 0127,Fasteners,Z1-B02,Z1,796,796,0,0,113.90,90664.40,0.00,0,N,13,0,0.00,162,N,Routine,Routine: no recurring variance or recount pattern,N,8.14,Quarterly
2689,SKU0144,Packaging 0144,Packaging,Z1-B01,Z1,712,712,0,0,56.80,40441.60,0.00,0,N,13,0,0.00,162,N,Routine,Routine: no recurring variance or recount pattern,N,8.14,Quarterly
2690,SKU0148,Maintenance Parts 0148,Maintenance Parts,Z1-B01,Z1,942,942,0,0,71.60,67447.20,0.00,0,N,13,0,0.00,162,N,Routine,Routine: no recurring variance or recount pattern,N,8.14,Quarterly
2691,SKU0161,Industrial Supplies 0161,Industrial Supplies,Z3-B04,Z3,652,652,0,0,119.70,78044.40,0.00,0,N,13,0,0.00,162,N,Routine,Routine: no recurring variance or recount pattern,N,8.14,Quarterly
2692,SKU0185,Tools 0185,Tools,Z3-B04,Z3,360,360,0,0,88.50,31860.00,0.00,0,N,13,0,0.00,162,N,Routine,Routine: no recurring variance or recount pattern,N,8.14,Quarterly
2693,SKU0197,Fasteners 0197,Fasteners,Z3-B04,Z3,669,669,0,0,12.90,8630.10,0.00,0,N,13,0,0.00,162,N,Routine,Routine: no recurring variance or recount pattern,N,8.14,Quarterly
2694,SKU0222,Electrical Components 0222,Electrical Components,Z1-B03,Z1,931,931,0,0,105.40,98127.40,0.00,0,N,13,0,0.00,162,N,Routine,Routine: no recurring variance or recount pattern,N,8.14,Quarterly
2695,SKU0240,Material Handling 0240,Material Handling,Z1-B01,Z1,881,881,0,0,52.00,45812.00,0.00,0,N,13,0,0.00,162,N,Routine,Routine: no recurring variance or recount pattern,N,8.14,Quarterly
2696,SKU0243,Safety Supplies 0243,Safety Supplies,Z1-B02,Z1,529,529,0,0,63.10,33379.90,0.00,0,N,13,0,0.00,162,N,Routine,Routine: no recurring variance or recount pattern,N,8.14,Quarterly
2697,SKU0250,Material Handling 0250,Material Handling,Z1-B03,Z1,935,935,0,0,89.00,83215.00,0.00,0,N,13,0,0.00,162,N,Routine,Routine: no recurring variance or recount pattern,N,8.14,Quarterly
2698,SKU0254,Packaging 0254,Packaging,Z2-B03,Z2,581,581,0,0,103.80,60307.80,0.00,0,N,13,0,0.00,162,N,Routine,Routine: no recurring variance or recount pattern,N,8.14,Quarterly
2699,SKU0261,Industrial Supplies 0261,Industrial Supplies,Z1-B04,Z1,433,433,0,0,9.70,4200.10,0.00,0,N,13,0,0.00,162,N,Routine,Routine: no recurring variance or recount pattern,N,8.14,Quarterly
2700,SKU0270,Material Handling 0270,Material Handling,Z2-B03,Z2,423,423,0,0,43.00,18189.00,0.00,0,N,13,0,0.00,162,N,Routine,Routine: no recurring variance or recount pattern,N,8.14,Quarterly
2701,SKU0281,Industrial Supplies 0281,Industrial Supplies,Z1-B04,Z1,570,570,0,0,83.70,47709.00,0.00,0,N,13,0,0.00,162,N,Routine,Routine: no recurring variance or recount pattern,N,8.14,Quarterly
2702,SKU0287,Fasteners 0287,Fasteners,Z1-B02,Z1,1042,1042,0,0,105.90,110347.80,0.00,0,N,13,0,0.00,162,N,Routine,Routine: no recurring variance or recount pattern,N,8.14,Quarterly
2703,SKU0293,Safety Supplies 0293,Safety Supplies,Z3-B04,Z3,777,777,0,0,8.10,6293.70,0.00,0,N,13,0,0.00,162,N,Routine,Routine: no recurring variance or recount pattern,N,8.14,Quarterly
2704,SKU0297,Fasteners 0297,Fasteners,Z3-B04,Z3,408,408,0,0,22.90,9343.20,0.00,0,N,13,0,0.00,162,N,Routine,Routine: no recurring variance or recount pattern,N,8.14,Quarterly
2705,SKU0004,Packaging 0004,Packaging,Z2-B01,Z2,742,742,0,0,18.80,13949.60,0.00,0,N,13,0,0.00,161,N,Routine,Routine: no recurring variance or recount pattern,N,8.09,Quarterly
2706,SKU0005,Tools 0005,Tools,Z2-B04,Z2,746,746,0,0,22.50,16785.00,0.00,0,N,13,0,0.00,161,N,Routine,Routine: no recurring variance or recount pattern,N,8.09,Quarterly
2707,SKU0035,Tools 0035,Tools,Z3-B02,Z3,1007,1007,0,0,13.50,13594.50,0.00,0,N,13,0,0.00,161,N,Routine,Routine: no recurring variance or recount pattern,N,8.09,Quarterly
2708,SKU0054,Packaging 0054,Packaging,Z1-B03,Z1,995,995,0,0,83.80,83381.00,0.00,0,N,13,0,0.00,161,N,Routine,Routine: no recurring variance or recount pattern,N,8.09,Quarterly
2709,SKU0058,Maintenance Parts 0058,Maintenance Parts,Z1-B03,Z1,528,528,0,0,98.60,52060.80,0.00,0,N,13,0,0.00,161,N,Routine,Routine: no recurring variance or recount pattern,N,8.09,Quarterly
2710,SKU0094,Packaging 0094,Packaging,Z2-B03,Z2,551,551,0,0,111.80,61601.80,0.00,0,N,13,0,0.00,161,N,Routine,Routine: no recurring variance or recount pattern,N,8.09,Quarterly
2711,SKU0128,Maintenance Parts 0128,Maintenance Parts,Z1-B01,Z1,942,942,0,0,117.60,110779.20,0.00,0,N,13,0,0.00,161,N,Routine,Routine: no recurring variance or recount pattern,N,8.09,Quarterly
2712,SKU0139,Shipping Supplies 0139,Shipping Supplies,Z3-B02,Z3,402,402,0,0,38.30,15396.60,0.00,0,N,13,0,0.00,161,N,Routine,Routine: no recurring variance or recount pattern,N,8.09,Quarterly
2713,SKU0148,Maintenance Parts 0148,Maintenance Parts,Z2-B01,Z2,341,341,0,0,71.60,24415.60,0.00,0,N,13,0,0.00,161,N,Routine,Routine: no recurring variance or recount pattern,N,8.09,Quarterly
2714,SKU0160,Material Handling 0160,Material Handling,Z1-B01,Z1,438,438,0,0,116.00,50808.00,0.00,0,N,13,0,0.00,161,N,Routine,Routine: no recurring variance or recount pattern,N,8.09,Quarterly
2715,SKU0205,Tools 0205,Tools,Z1-B04,Z1,402,402,0,0,42.50,17085.00,0.00,0,N,13,0,0.00,161,N,Routine,Routine: no recurring variance or recount pattern,N,8.09,Quarterly
2716,SKU0209,Shipping Supplies 0209,Shipping Supplies,Z3-B04,Z3,834,834,0,0,57.30,47788.20,0.00,0,N,13,0,0.00,161,N,Routine,Routine: no recurring variance or recount pattern,N,8.09,Quarterly
2717,SKU0210,Material Handling 0210,Material Handling,Z1-B03,Z1,730,730,0,0,61.00,44530.00,0.00,0,N,13,0,0.00,161,N,Routine,Routine: no recurring variance or recount pattern,N,8.09,Quarterly
2718,SKU0240,Material Handling 0240,Material Handling,Z3-B01,Z3,1066,1066,0,0,52.00,55432.00,0.00,0,N,13,0,0.00,161,N,Routine,Routine: no recurring variance or recount pattern,N,8.09,Quarterly
2719,SKU0243,Safety Supplies 0243,Safety Supplies,Z3-B02,Z3,552,552,0,0,63.10,34831.20,0.00,0,N,13,0,0.00,161,N,Routine,Routine: no recurring variance or recount pattern,N,8.09,Quarterly
2720,SKU0247,Fasteners 0247,Fasteners,Z3-B02,Z3,816,816,0,0,77.90,63566.40,0.00,0,N,13,0,0.00,161,N,Routine,Routine: no recurring variance or recount pattern,N,8.09,Quarterly
2721,SKU0256,Consumables 0256,Consumables,Z1-B01,Z1,690,690,0,0,111.20,76728.00,0.00,0,N,13,0,0.00,161,N,Routine,Routine: no recurring variance or recount pattern,N,8.09,Quarterly
2722,SKU0261,Industrial Supplies 0261,Industrial Supplies,Z3-B04,Z3,537,537,0,0,9.70,5208.90,0.00,0,N,13,0,0.00,161,N,Routine,Routine: no recurring variance or recount pattern,N,8.09,Quarterly
2723,SKU0268,Maintenance Parts 0268,Maintenance Parts,Z1-B01,Z1,855,855,0,0,35.60,30438.00,0.00,0,N,13,0,0.00,161,N,Routine,Routine: no recurring variance or recount pattern,N,8.09,Quarterly
2724,SKU0271,Industrial Supplies 0271,Industrial Supplies,Z3-B02,Z3,533,533,0,0,46.70,24891.10,0.00,0,N,13,0,0.00,161,N,Routine,Routine: no recurring variance or recount pattern,N,8.09,Quarterly
2725,SKU0278,Maintenance Parts 0278,Maintenance Parts,Z2-B03,Z2,392,392,0,0,72.60,28459.20,0.00,0,N,13,0,0.00,161,N,Routine,Routine: no recurring variance or recount pattern,N,8.09,Quarterly
2726,SKU0291,Industrial Supplies 0291,Industrial Supplies,Z1-B02,Z1,643,643,0,0,120.70,77610.10,0.00,0,N,13,0,0.00,161,N,Routine,Routine: no recurring variance or recount pattern,N,8.09,Quarterly
2727,SKU0300,Material Handling 0300,Material Handling,Z2-B01,Z2,585,585,0,0,34.00,19890.00,0.00,0,N,13,0,0.00,161,N,Routine,Routine: no recurring variance or recount pattern,N,8.09,Quarterly
2728,SKU0300,Material Handling 0300,Material Handling,Z3-B01,Z3,659,659,0,0,34.00,22406.00,0.00,0,N,13,0,0.00,161,N,Routine,Routine: no recurring variance or recount pattern,N,8.09,Quarterly
2729,SKU0009,Shipping Supplies 0009,Shipping Supplies,Z1-B04,Z1,354,354,0,0,37.30,13204.20,0.00,0,N,13,0,0.00,160,N,Routine,Routine: no recurring variance or recount pattern,N,8.04,Quarterly
2730,SKU0034,Packaging 0034,Packaging,Z1-B03,Z1,801,801,0,0,9.80,7849.80,0.00,0,N,13,0,0.00,160,N,Routine,Routine: no recurring variance or recount pattern,N,8.04,Quarterly
2731,SKU0052,Electrical Components 0052,Electrical Components,Z3-B01,Z3,908,908,0,0,76.40,69371.20,0.00,0,N,13,0,0.00,160,N,Routine,Routine: no recurring variance or recount pattern,N,8.04,Quarterly
2732,SKU0056,Consumables 0056,Consumables,Z1-B01,Z1,366,366,0,0,91.20,33379.20,0.00,0,N,13,0,0.00,160,N,Routine,Routine: no recurring variance or recount pattern,N,8.04,Quarterly
2733,SKU0072,Electrical Components 0072,Electrical Components,Z3-B01,Z3,888,888,0,0,30.40,26995.20,0.00,0,N,13,0,0.00,160,N,Routine,Routine: no recurring variance or recount pattern,N,8.04,Quarterly
2734,SKU0077,Fasteners 0077,Fasteners,Z2-B04,Z2,591,591,0,0,48.90,28899.90,0.00,0,N,13,0,0.00,160,N,Routine,Routine: no recurring variance or recount pattern,N,8.04,Quarterly
2735,SKU0127,Fasteners 0127,Fasteners,Z3-B02,Z3,956,956,0,0,113.90,108888.40,0.00,0,N,13,0,0.00,160,N,Routine,Routine: no recurring variance or recount pattern,N,8.04,Quarterly
2736,SKU0129,Shipping Supplies 0129,Shipping Supplies,Z3-B04,Z3,451,451,0,0,121.30,54706.30,0.00,0,N,13,0,0.00,160,N,Routine,Routine: no recurring variance or recount pattern,N,8.04,Quarterly
2737,SKU0138,Maintenance Parts 0138,Maintenance Parts,Z2-B03,Z2,1000,1000,0,0,34.60,34600.00,0.00,0,N,13,0,0.00,160,N,Routine,Routine: no recurring variance or recount pattern,N,8.04,Quarterly
2738,SKU0151,Industrial Supplies 0151,Industrial Supplies,Z1-B02,Z1,554,554,0,0,82.70,45815.80,0.00,0,N,13,0,0.00,160,N,Routine,Routine: no recurring variance or recount pattern,N,8.04,Quarterly
2739,SKU0170,Material Handling 0170,Material Handling,Z1-B03,Z1,557,557,0,0,33.00,18381.00,0.00,0,N,13,0,0.00,160,N,Routine,Routine: no recurring variance or recount pattern,N,8.04,Quarterly
2740,SKU0171,Industrial Supplies 0171,Industrial Supplies,Z1-B02,Z1,589,589,0,0,36.70,21616.30,0.00,0,N,13,0,0.00,160,N,Routine,Routine: no recurring variance or recount pattern,N,8.04,Quarterly
2741,SKU0187,Fasteners 0187,Fasteners,Z3-B02,Z3,566,566,0,0,95.90,54279.40,0.00,0,N,13,0,0.00,160,N,Routine,Routine: no recurring variance or recount pattern,N,8.04,Quarterly
2742,SKU0216,Consumables 0216,Consumables,Z2-B01,Z2,545,545,0,0,83.20,45344.00,0.00,0,N,13,0,0.00,160,N,Routine,Routine: no recurring variance or recount pattern,N,8.04,Quarterly
2743,SKU0253,Safety Supplies 0253,Safety Supplies,Z3-B04,Z3,577,577,0,0,100.10,57757.70,0.00,0,N,13,0,0.00,160,N,Routine,Routine: no recurring variance or recount pattern,N,8.04,Quarterly
2744,SKU0255,Tools 0255,Tools,Z1-B02,Z1,651,651,0,0,107.50,69982.50,0.00,0,N,13,0,0.00,160,N,Routine,Routine: no recurring variance or recount pattern,N,8.04,Quarterly
2745,SKU0256,Consumables 0256,Consumables,Z2-B01,Z2,811,811,0,0,111.20,90183.20,0.00,0,N,13,0,0.00,160,N,Routine,Routine: no recurring variance or recount pattern,N,8.04,Quarterly
2746,SKU0257,Fasteners 0257,Fasteners,Z1-B04,Z1,903,903,0,0,114.90,103754.70,0.00,0,N,13,0,0.00,160,N,Routine,Routine: no recurring variance or recount pattern,N,8.04,Quarterly
2747,SKU0259,Shipping Supplies 0259,Shipping Supplies,Z3-B02,Z3,363,363,0,0,122.30,44394.90,0.00,0,N,13,0,0.00,160,N,Routine,Routine: no recurring variance or recount pattern,N,8.04,Quarterly
2748,SKU0287,Fasteners 0287,Fasteners,Z3-B02,Z3,338,338,0,0,105.90,35794.20,0.00,0,N,13,0,0.00,160,N,Routine,Routine: no recurring variance or recount pattern,N,8.04,Quarterly
2749,SKU0295,Tools 0295,Tools,Z1-B02,Z1,799,799,0,0,15.50,12384.50,0.00,0,N,13,0,0.00,160,N,Routine,Routine: no recurring variance or recount pattern,N,8.04,Quarterly
2750,SKU0009,Shipping Supplies 0009,Shipping Supplies,Z3-B04,Z3,408,408,0,0,37.30,15218.40,0.00,0,N,13,0,0.00,159,N,Routine,Routine: no recurring variance or recount pattern,N,7.99,Quarterly
2751,SKU0037,Fasteners 0037,Fasteners,Z1-B04,Z1,361,361,0,0,20.90,7544.90,0.00,0,N,13,0,0.00,159,N,Routine,Routine: no recurring variance or recount pattern,N,7.99,Quarterly
2752,SKU0067,Fasteners 0067,Fasteners,Z1-B02,Z1,553,553,0,0,11.90,6580.70,0.00,0,N,13,0,0.00,159,N,Routine,Routine: no recurring variance or recount pattern,N,7.99,Quarterly
2753,SKU0082,Electrical Components 0082,Electrical Components,Z1-B03,Z1,948,948,0,0,67.40,63895.20,0.00,0,N,13,0,0.00,159,N,Routine,Routine: no recurring variance or recount pattern,N,7.99,Quarterly
2754,SKU0124,Packaging 0124,Packaging,Z2-B01,Z2,565,565,0,0,102.80,58082.00,0.00,0,N,13,0,0.00,159,N,Routine,Routine: no recurring variance or recount pattern,N,7.99,Quarterly
2755,SKU0126,Consumables 0126,Consumables,Z2-B03,Z2,824,824,0,0,110.20,90804.80,0.00,0,N,13,0,0.00,159,N,Routine,Routine: no recurring variance or recount pattern,N,7.99,Quarterly
2756,SKU0131,Industrial Supplies 0131,Industrial Supplies,Z1-B02,Z1,415,415,0,0,8.70,3610.50,0.00,0,N,13,0,0.00,159,N,Routine,Routine: no recurring variance or recount pattern,N,7.99,Quarterly
2757,SKU0140,Material Handling 0140,Material Handling,Z3-B01,Z3,444,444,0,0,42.00,18648.00,0.00,0,N,13,0,0.00,159,N,Routine,Routine: no recurring variance or recount pattern,N,7.99,Quarterly
2758,SKU0152,Electrical Components 0152,Electrical Components,Z3-B01,Z3,631,631,0,0,86.40,54518.40,0.00,0,N,13,0,0.00,159,N,Routine,Routine: no recurring variance or recount pattern,N,7.99,Quarterly
2759,SKU0173,Safety Supplies 0173,Safety Supplies,Z1-B04,Z1,832,832,0,0,44.10,36691.20,0.00,0,N,13,0,0.00,159,N,Routine,Routine: no recurring variance or recount pattern,N,7.99,Quarterly
2760,SKU0193,Safety Supplies 0193,Safety Supplies,Z2-B04,Z2,1007,1007,0,0,118.10,118926.70,0.00,0,N,13,0,0.00,159,N,Routine,Routine: no recurring variance or recount pattern,N,7.99,Quarterly
2761,SKU0204,Packaging 0204,Packaging,Z1-B01,Z1,971,971,0,0,38.80,37674.80,0.00,0,N,13,0,0.00,159,N,Routine,Routine: no recurring variance or recount pattern,N,7.99,Quarterly
2762,SKU0259,Shipping Supplies 0259,Shipping Supplies,Z1-B02,Z1,999,999,0,0,122.30,122177.70,0.00,0,N,13,0,0.00,159,N,Routine,Routine: no recurring variance or recount pattern,N,7.99,Quarterly
2763,SKU0294,Packaging 0294,Packaging,Z2-B03,Z2,831,831,0,0,11.80,9805.80,0.00,0,N,13,0,0.00,159,N,Routine,Routine: no recurring variance or recount pattern,N,7.99,Quarterly
2764,SKU0029,Shipping Supplies 0029,Shipping Supplies,Z2-B04,Z2,512,512,0,0,111.30,56985.60,0.00,0,N,13,0,0.00,158,N,Routine,Routine: no recurring variance or recount pattern,N,7.94,Quarterly
2765,SKU0081,Industrial Supplies 0081,Industrial Supplies,Z1-B04,Z1,942,942,0,0,63.70,60005.40,0.00,0,N,13,0,0.00,158,N,Routine,Routine: no recurring variance or recount pattern,N,7.94,Quarterly
2766,SKU0093,Safety Supplies 0093,Safety Supplies,Z3-B04,Z3,436,436,0,0,108.10,47131.60,0.00,0,N,13,0,0.00,158,N,Routine,Routine: no recurring variance or recount pattern,N,7.94,Quarterly
2767,SKU0151,Industrial Supplies 0151,Industrial Supplies,Z3-B02,Z3,553,553,0,0,82.70,45733.10,0.00,0,N,13,0,0.00,158,N,Routine,Routine: no recurring variance or recount pattern,N,7.94,Quarterly
2768,SKU0154,Packaging 0154,Packaging,Z2-B03,Z2,857,857,0,0,93.80,80386.60,0.00,0,N,13,0,0.00,158,N,Routine,Routine: no recurring variance or recount pattern,N,7.94,Quarterly
2769,SKU0157,Fasteners 0157,Fasteners,Z2-B04,Z2,296,296,0,0,104.90,31050.40,0.00,0,N,13,0,0.00,158,N,Routine,Routine: no recurring variance or recount pattern,N,7.94,Quarterly
2770,SKU0163,Safety Supplies 0163,Safety Supplies,Z3-B02,Z3,733,733,0,0,7.10,5204.30,0.00,0,N,13,0,0.00,158,N,Routine,Routine: no recurring variance or recount pattern,N,7.94,Quarterly
2771,SKU0201,Industrial Supplies 0201,Industrial Supplies,Z1-B04,Z1,842,842,0,0,27.70,23323.40,0.00,0,N,13,0,0.00,158,N,Routine,Routine: no recurring variance or recount pattern,N,7.94,Quarterly
2772,SKU0235,Tools 0235,Tools,Z1-B02,Z1,641,641,0,0,33.50,21473.50,0.00,0,N,13,0,0.00,158,N,Routine,Routine: no recurring variance or recount pattern,N,7.94,Quarterly
2773,SKU0274,Packaging 0274,Packaging,Z1-B03,Z1,800,800,0,0,57.80,46240.00,0.00,0,N,13,0,0.00,158,N,Routine,Routine: no recurring variance or recount pattern,N,7.94,Quarterly
2774,SKU0276,Consumables 0276,Consumables,Z2-B01,Z2,918,918,0,0,65.20,59853.60,0.00,0,N,13,0,0.00,158,N,Routine,Routine: no recurring variance or recount pattern,N,7.94,Quarterly
2775,SKU0024,Packaging 0024,Packaging,Z2-B01,Z2,794,794,0,0,92.80,73683.20,0.00,0,N,13,0,0.00,157,N,Routine,Routine: no recurring variance or recount pattern,N,7.89,Quarterly
2776,SKU0039,Shipping Supplies 0039,Shipping Supplies,Z3-B02,Z3,609,609,0,0,28.30,17234.70,0.00,0,N,13,0,0.00,157,N,Routine,Routine: no recurring variance or recount pattern,N,7.89,Quarterly
2777,SKU0265,Tools 0265,Tools,Z1-B04,Z1,794,794,0,0,24.50,19453.00,0.00,0,N,13,0,0.00,157,N,Routine,Routine: no recurring variance or recount pattern,N,7.89,Quarterly
2778,SKU0002,Electrical Components 0002,Electrical Components,Z2-B03,Z2,602,602,0,0,11.40,6862.80,0.00,0,N,13,0,0.00,156,N,Routine,Routine: no recurring variance or recount pattern,N,7.84,Quarterly
2779,SKU0015,Tools 0015,Tools,Z3-B02,Z3,764,764,0,0,59.50,45458.00,0.00,0,N,13,0,0.00,156,N,Routine,Routine: no recurring variance or recount pattern,N,7.84,Quarterly
2780,SKU0119,Shipping Supplies 0119,Shipping Supplies,Z1-B02,Z1,834,834,0,0,84.30,70306.20,0.00,0,N,13,0,0.00,156,N,Routine,Routine: no recurring variance or recount pattern,N,7.84,Quarterly
2781,SKU0143,Safety Supplies 0143,Safety Supplies,Z3-B02,Z3,728,728,0,0,53.10,38656.80,0.00,0,N,13,0,0.00,156,N,Routine,Routine: no recurring variance or recount pattern,N,7.84,Quarterly
2782,SKU0252,Electrical Components 0252,Electrical Components,Z3-B01,Z3,577,577,0,0,96.40,55622.80,0.00,0,N,13,0,0.00,156,N,Routine,Routine: no recurring variance or recount pattern,N,7.84,Quarterly
2783,SKU0258,Maintenance Parts 0258,Maintenance Parts,Z1-B03,Z1,935,935,0,0,118.60,110891.00,0.00,0,N,13,0,0.00,156,N,Routine,Routine: no recurring variance or recount pattern,N,7.84,Quarterly
2784,SKU0293,Safety Supplies 0293,Safety Supplies,Z2-B04,Z2,786,786,0,0,8.10,6366.60,0.00,0,N,13,0,0.00,156,N,Routine,Routine: no recurring variance or recount pattern,N,7.84,Quarterly
2785,SKU0024,Packaging 0024,Packaging,Z1-B01,Z1,710,710,0,0,92.80,65888.00,0.00,0,N,13,0,0.00,155,N,Routine,Routine: no recurring variance or recount pattern,N,7.79,Quarterly
2786,SKU0081,Industrial Supplies 0081,Industrial Supplies,Z3-B04,Z3,1006,1006,0,0,63.70,64082.20,0.00,0,N,13,0,0.00,155,N,Routine,Routine: no recurring variance or recount pattern,N,7.79,Quarterly
2787,SKU0249,Shipping Supplies 0249,Shipping Supplies,Z2-B04,Z2,935,935,0,0,85.30,79755.50,0.00,0,N,13,0,0.00,155,N,Routine,Routine: no recurring variance or recount pattern,N,7.79,Quarterly
2788,SKU0297,Fasteners 0297,Fasteners,Z1-B04,Z1,373,373,0,0,22.90,8541.70,0.00,0,N,13,0,0.00,154,N,Routine,Routine: no recurring variance or recount pattern,N,7.74,Quarterly
2789,SKU0142,Electrical Components 0142,Electrical Components,Z1-B03,Z1,568,568,0,0,49.40,28059.20,0.00,0,N,13,0,0.00,152,N,Routine,Routine: no recurring variance or recount pattern,N,7.64,Quarterly
2790,SKU0155,Tools 0155,Tools,Z3-B02,Z3,980,980,0,0,97.50,95550.00,0.00,0,N,13,0,0.00,152,N,Routine,Routine: no recurring variance or recount pattern,N,7.64,Quarterly
2791,SKU0061,Industrial Supplies 0061,Industrial Supplies,Z3-B04,Z3,889,889,0,0,109.70,97523.30,0.00,0,N,13,0,0.00,151,N,Routine,Routine: no recurring variance or recount pattern,N,7.59,Quarterly
2792,SKU0064,Packaging 0064,Packaging,Z1-B01,Z1,886,886,0,0,120.80,107028.80,0.00,0,N,13,0,0.00,150,N,Routine,Routine: no recurring variance or recount pattern,N,7.54,Quarterly
2793,SKU0251,Industrial Supplies 0251,Industrial Supplies,Z1-B02,Z1,12,12,0,0,540.50,6486.00,0.00,0,N,13,0,0.00,147,N,Routine,Routine: no recurring variance or recount pattern,N,7.39,Quarterly
2794,SKU0013,Safety Supplies 0013,Safety Supplies,Z2-B03,Z2,0,0,0,0,191.50,0.00,0.00,0,N,13,0,0.00,140,N,Routine,Routine: no recurring variance or recount pattern,N,7.04,Quarterly
2795,SKU0188,Maintenance Parts 0188,Maintenance Parts,Z1-B01,Z1,52,52,0,0,554.00,28808.00,0.00,0,N,13,0,0.00,139,N,Routine,Routine: no recurring variance or recount pattern,N,6.98,Quarterly
2796,SKU0013,Safety Supplies 0013,Safety Supplies,Z1-B03,Z1,5,5,0,0,191.50,957.50,0.00,0,N,13,0,0.00,136,N,Routine,Routine: no recurring variance or recount pattern,N,6.83,Quarterly
2797,SKU0188,Maintenance Parts 0188,Maintenance Parts,Z1-B02,Z1,38,38,0,0,554.00,21052.00,0.00,0,N,13,0,0.00,133,N,Routine,Routine: no recurring variance or recount pattern,N,6.68,Quarterly
2798,SKU0188,Maintenance Parts 0188,Maintenance Parts,Z2-B04,Z2,0,0,0,0,554.00,0.00,0.00,0,N,13,0,0.00,128,N,Routine,Routine: no recurring variance or recount pattern,N,6.43,Quarterly
2799,SKU0245,Tools 0245,Tools,Z2-B03,Z2,803,803,0,0,70.50,56611.50,0.00,0,N,13,0,0.00,126,N,Routine,Routine: no recurring variance or recount pattern,N,6.33,Quarterly
2800,SKU0005,Tools 0005,Tools,Z1-B03,Z1,784,784,0,0,22.50,17640.00,0.00,0,N,13,0,0.00,125,N,Routine,Routine: no recurring variance or recount pattern,N,6.28,Quarterly
2801,SKU0013,Safety Supplies 0013,Safety Supplies,Z1-B04,Z1,0,0,0,0,191.50,0.00,0.00,0,N,13,0,0.00,125,N,Routine,Routine: no recurring variance or recount pattern,N,6.28,Quarterly
2802,SKU0188,Maintenance Parts 0188,Maintenance Parts,Z1-B04,Z1,5,5,0,0,554.00,2770.00,0.00,0,N,13,0,0.00,124,N,Routine,Routine: no recurring variance or recount pattern,N,6.23,Quarterly
2803,SKU0210,Material Handling 0210,Material Handling,Z1-B02,Z1,851,851,0,0,61.00,51911.00,0.00,0,N,13,0,0.00,124,N,Routine,Routine: no recurring variance or recount pattern,N,6.23,Quarterly
2804,SKU0104,Packaging 0104,Packaging,Z2-B04,Z2,684,684,0,0,28.80,19699.20,0.00,0,N,13,0,0.00,123,N,Routine,Routine: no recurring variance or recount pattern,N,6.18,Quarterly
2805,SKU0132,Electrical Components 0132,Electrical Components,Z1-B04,Z1,654,654,0,0,12.40,8109.60,0.00,0,N,13,0,0.00,123,N,Routine,Routine: no recurring variance or recount pattern,N,6.18,Quarterly
2806,SKU0064,Packaging 0064,Packaging,Z1-B04,Z1,1141,1141,0,0,120.80,137832.80,0.00,0,N,13,0,0.00,122,N,Routine,Routine: no recurring variance or recount pattern,N,6.13,Quarterly
2807,SKU0167,Fasteners 0167,Fasteners,Z2-B01,Z2,524,524,0,0,21.90,11475.60,0.00,0,N,13,0,0.00,122,N,Routine,Routine: no recurring variance or recount pattern,N,6.13,Quarterly
2808,SKU0188,Maintenance Parts 0188,Maintenance Parts,Z3-B04,Z3,0,0,0,0,554.00,0.00,0.00,0,N,13,0,0.00,122,N,Routine,Routine: no recurring variance or recount pattern,N,6.13,Quarterly
2809,SKU0194,Packaging 0194,Packaging,Z3-B02,Z3,525,525,0,0,121.80,63945.00,0.00,0,N,13,0,0.00,122,N,Routine,Routine: no recurring variance or recount pattern,N,6.13,Quarterly
2810,SKU0292,Electrical Components 0292,Electrical Components,Z1-B04,Z1,843,843,0,0,4.40,3709.20,0.00,0,N,13,0,0.00,122,N,Routine,Routine: no recurring variance or recount pattern,N,6.13,Quarterly
2811,SKU0292,Electrical Components 0292,Electrical Components,Z3-B04,Z3,832,832,0,0,4.40,3660.80,0.00,0,N,13,0,0.00,122,N,Routine,Routine: no recurring variance or recount pattern,N,6.13,Quarterly
2812,SKU0016,Consumables 0016,Consumables,Z2-B04,Z2,968,968,0,0,63.20,61177.60,0.00,0,N,13,0,0.00,121,N,Routine,Routine: no recurring variance or recount pattern,N,6.08,Quarterly
2813,SKU0037,Fasteners 0037,Fasteners,Z1-B03,Z1,489,489,0,0,20.90,10220.10,0.00,0,N,13,0,0.00,121,N,Routine,Routine: no recurring variance or recount pattern,N,6.08,Quarterly
2814,SKU0054,Packaging 0054,Packaging,Z1-B02,Z1,1086,1086,0,0,83.80,91006.80,0.00,0,N,13,0,0.00,121,N,Routine,Routine: no recurring variance or recount pattern,N,6.08,Quarterly
2815,SKU0110,Material Handling 0110,Material Handling,Z1-B02,Z1,1111,1111,0,0,51.00,56661.00,0.00,0,N,13,0,0.00,121,N,Routine,Routine: no recurring variance or recount pattern,N,6.08,Quarterly
2816,SKU0188,Maintenance Parts 0188,Maintenance Parts,Z1-B03,Z1,16,16,0,0,554.00,8864.00,0.00,0,N,13,0,0.00,121,N,Routine,Routine: no recurring variance or recount pattern,N,6.08,Quarterly
2817,SKU0224,Packaging 0224,Packaging,Z1-B04,Z1,601,601,0,0,112.80,67792.80,0.00,0,N,13,0,0.00,121,N,Routine,Routine: no recurring variance or recount pattern,N,6.08,Quarterly
2818,SKU0070,Material Handling 0070,Material Handling,Z3-B02,Z3,965,965,0,0,23.00,22195.00,0.00,0,N,13,0,0.00,120,N,Routine,Routine: no recurring variance or recount pattern,N,6.03,Quarterly
2819,SKU0085,Tools 0085,Tools,Z1-B03,Z1,588,588,0,0,78.50,46158.00,0.00,0,N,13,0,0.00,120,N,Routine,Routine: no recurring variance or recount pattern,N,6.03,Quarterly
2820,SKU0170,Material Handling 0170,Material Handling,Z3-B02,Z3,803,803,0,0,33.00,26499.00,0.00,0,N,13,0,0.00,120,N,Routine,Routine: no recurring variance or recount pattern,N,6.03,Quarterly
2821,SKU0213,Safety Supplies 0213,Safety Supplies,Z1-B03,Z1,1190,1190,0,0,72.10,85799.00,0.00,0,N,13,0,0.00,120,N,Routine,Routine: no recurring variance or recount pattern,N,6.03,Quarterly
2822,SKU0005,Tools 0005,Tools,Z2-B03,Z2,833,833,0,0,22.50,18742.50,0.00,0,N,13,0,0.00,119,N,Routine,Routine: no recurring variance or recount pattern,N,5.98,Quarterly
2823,SKU0010,Material Handling 0010,Material Handling,Z3-B02,Z3,582,582,0,0,41.00,23862.00,0.00,0,N,13,0,0.00,119,N,Routine,Routine: no recurring variance or recount pattern,N,5.98,Quarterly
2824,SKU0016,Consumables 0016,Consumables,Z1-B04,Z1,952,952,0,0,63.20,60166.40,0.00,0,N,13,0,0.00,119,N,Routine,Routine: no recurring variance or recount pattern,N,5.98,Quarterly
2825,SKU0052,Electrical Components 0052,Electrical Components,Z3-B04,Z3,1010,1010,0,0,76.40,77164.00,0.00,0,N,13,0,0.00,119,N,Routine,Routine: no recurring variance or recount pattern,N,5.98,Quarterly
2826,SKU0090,Material Handling 0090,Material Handling,Z3-B02,Z3,1063,1063,0,0,97.00,103111.00,0.00,0,N,13,0,0.00,119,N,Routine,Routine: no recurring variance or recount pattern,N,5.98,Quarterly
2827,SKU0161,Industrial Supplies 0161,Industrial Supplies,Z1-B03,Z1,732,732,0,0,119.70,87620.40,0.00,0,N,13,0,0.00,119,N,Routine,Routine: no recurring variance or recount pattern,N,5.98,Quarterly
2828,SKU0202,Electrical Components 0202,Electrical Components,Z1-B02,Z1,1054,1054,0,0,31.40,33095.60,0.00,0,N,13,0,0.00,119,N,Routine,Routine: no recurring variance or recount pattern,N,5.98,Quarterly
2829,SKU0212,Electrical Components 0212,Electrical Components,Z2-B04,Z2,1163,1163,0,0,68.40,79549.20,0.00,0,N,13,0,0.00,119,N,Routine,Routine: no recurring variance or recount pattern,N,5.98,Quarterly
2830,SKU0293,Safety Supplies 0293,Safety Supplies,Z2-B03,Z2,821,821,0,0,8.10,6650.10,0.00,0,N,13,0,0.00,119,N,Routine,Routine: no recurring variance or recount pattern,N,5.98,Quarterly
2831,SKU0051,Industrial Supplies 0051,Industrial Supplies,Z3-B01,Z3,933,933,0,0,72.70,67829.10,0.00,0,N,13,0,0.00,118,N,Routine,Routine: no recurring variance or recount pattern,N,5.93,Quarterly
2832,SKU0112,Electrical Components 0112,Electrical Components,Z1-B04,Z1,534,534,0,0,58.40,31185.60,0.00,0,N,13,0,0.00,118,N,Routine,Routine: no recurring variance or recount pattern,N,5.93,Quarterly
2833,SKU0148,Maintenance Parts 0148,Maintenance Parts,Z3-B04,Z3,555,555,0,0,71.60,39738.00,0.00,0,N,13,0,0.00,118,N,Routine,Routine: no recurring variance or recount pattern,N,5.93,Quarterly
2834,SKU0158,Maintenance Parts 0158,Maintenance Parts,Z1-B02,Z1,535,535,0,0,108.60,58101.00,0.00,0,N,13,0,0.00,118,N,Routine,Routine: no recurring variance or recount pattern,N,5.93,Quarterly
2835,SKU0212,Electrical Components 0212,Electrical Components,Z1-B04,Z1,1076,1076,0,0,68.40,73598.40,0.00,0,N,13,0,0.00,118,N,Routine,Routine: no recurring variance or recount pattern,N,5.93,Quarterly
2836,SKU0251,Industrial Supplies 0251,Industrial Supplies,Z2-B01,Z2,0,0,0,0,540.50,0.00,0.00,0,N,13,0,0.00,118,N,Routine,Routine: no recurring variance or recount pattern,N,5.93,Quarterly
2837,SKU0269,Shipping Supplies 0269,Shipping Supplies,Z2-B03,Z2,559,559,0,0,39.30,21968.70,0.00,0,N,13,0,0.00,118,N,Routine,Routine: no recurring variance or recount pattern,N,5.93,Quarterly
2838,SKU0291,Industrial Supplies 0291,Industrial Supplies,Z3-B01,Z3,814,814,0,0,120.70,98249.80,0.00,0,N,13,0,0.00,118,N,Routine,Routine: no recurring variance or recount pattern,N,5.93,Quarterly
2839,SKU0295,Tools 0295,Tools,Z3-B01,Z3,1106,1106,0,0,15.50,17143.00,0.00,0,N,13,0,0.00,118,N,Routine,Routine: no recurring variance or recount pattern,N,5.93,Quarterly
2840,SKU0013,Safety Supplies 0013,Safety Supplies,Z2-B04,Z2,0,0,0,0,191.50,0.00,0.00,0,N,13,0,0.00,117,N,Routine,Routine: no recurring variance or recount pattern,N,5.88,Quarterly
2841,SKU0013,Safety Supplies 0013,Safety Supplies,Z3-B04,Z3,88,88,0,0,191.50,16852.00,0.00,0,N,13,0,0.00,117,N,Routine,Routine: no recurring variance or recount pattern,N,5.88,Quarterly
2842,SKU0019,Shipping Supplies 0019,Shipping Supplies,Z2-B01,Z2,558,558,0,0,74.30,41459.40,0.00,0,N,13,0,0.00,117,N,Routine,Routine: no recurring variance or recount pattern,N,5.88,Quarterly
2843,SKU0033,Safety Supplies 0033,Safety Supplies,Z1-B03,Z1,872,872,0,0,6.10,5319.20,0.00,0,N,13,0,0.00,117,N,Routine,Routine: no recurring variance or recount pattern,N,5.88,Quarterly
2844,SKU0094,Packaging 0094,Packaging,Z3-B02,Z3,630,630,0,0,111.80,70434.00,0.00,0,N,13,0,0.00,117,N,Routine,Routine: no recurring variance or recount pattern,N,5.88,Quarterly
2845,SKU0100,Material Handling 0100,Material Handling,Z2-B04,Z2,1017,1017,0,0,14.00,14238.00,0.00,0,N,13,0,0.00,117,N,Routine,Routine: no recurring variance or recount pattern,N,5.88,Quarterly
2846,SKU0108,Maintenance Parts 0108,Maintenance Parts,Z2-B04,Z2,1030,1030,0,0,43.60,44908.00,0.00,0,N,13,0,0.00,117,N,Routine,Routine: no recurring variance or recount pattern,N,5.88,Quarterly
2847,SKU0111,Industrial Supplies 0111,Industrial Supplies,Z1-B01,Z1,1183,1183,0,0,54.70,64710.10,0.00,0,N,13,0,0.00,117,N,Routine,Routine: no recurring variance or recount pattern,N,5.88,Quarterly
2848,SKU0118,Maintenance Parts 0118,Maintenance Parts,Z3-B02,Z3,1007,1007,0,0,80.60,81164.20,0.00,0,N,13,0,0.00,117,N,Routine,Routine: no recurring variance or recount pattern,N,5.88,Quarterly
2849,SKU0125,Tools 0125,Tools,Z1-B03,Z1,762,762,0,0,106.50,81153.00,0.00,0,N,13,0,0.00,117,N,Routine,Routine: no recurring variance or recount pattern,N,5.88,Quarterly
2850,SKU0128,Maintenance Parts 0128,Maintenance Parts,Z1-B04,Z1,1112,1112,0,0,117.60,130771.20,0.00,0,N,13,0,0.00,117,N,Routine,Routine: no recurring variance or recount pattern,N,5.88,Quarterly
2851,SKU0130,Material Handling 0130,Material Handling,Z3-B02,Z3,582,582,0,0,5.00,2910.00,0.00,0,N,13,0,0.00,117,N,Routine,Routine: no recurring variance or recount pattern,N,5.88,Quarterly
2852,SKU0192,Electrical Components 0192,Electrical Components,Z1-B04,Z1,921,921,0,0,114.40,105362.40,0.00,0,N,13,0,0.00,117,N,Routine,Routine: no recurring variance or recount pattern,N,5.88,Quarterly
2853,SKU0215,Tools 0215,Tools,Z3-B01,Z3,695,695,0,0,79.50,55252.50,0.00,0,N,13,0,0.00,117,N,Routine,Routine: no recurring variance or recount pattern,N,5.88,Quarterly
2854,SKU0226,Consumables 0226,Consumables,Z3-B02,Z3,804,804,0,0,120.20,96640.80,0.00,0,N,13,0,0.00,117,N,Routine,Routine: no recurring variance or recount pattern,N,5.88,Quarterly
2855,SKU0257,Fasteners 0257,Fasteners,Z1-B03,Z1,980,980,0,0,114.90,112602.00,0.00,0,N,13,0,0.00,117,N,Routine,Routine: no recurring variance or recount pattern,N,5.88,Quarterly
2856,SKU0300,Material Handling 0300,Material Handling,Z2-B04,Z2,714,714,0,0,34.00,24276.00,0.00,0,N,13,0,0.00,117,N,Routine,Routine: no recurring variance or recount pattern,N,5.88,Quarterly
2857,SKU0053,Safety Supplies 0053,Safety Supplies,Z1-B03,Z1,1046,1046,0,0,80.10,83784.60,0.00,0,N,13,0,0.00,116,N,Routine,Routine: no recurring variance or recount pattern,N,5.83,Quarterly
2858,SKU0064,Packaging 0064,Packaging,Z2-B04,Z2,470,470,0,0,120.80,56776.00,0.00,0,N,13,0,0.00,116,N,Routine,Routine: no recurring variance or recount pattern,N,5.83,Quarterly
2859,SKU0075,Tools 0075,Tools,Z3-B01,Z3,638,638,0,0,41.50,26477.00,0.00,0,N,13,0,0.00,116,N,Routine,Routine: no recurring variance or recount pattern,N,5.83,Quarterly
2860,SKU0083,Safety Supplies 0083,Safety Supplies,Z1-B01,Z1,1149,1149,0,0,71.10,81693.90,0.00,0,N,13,0,0.00,116,N,Routine,Routine: no recurring variance or recount pattern,N,5.83,Quarterly
2861,SKU0109,Shipping Supplies 0109,Shipping Supplies,Z2-B03,Z2,1083,1083,0,0,47.30,51225.90,0.00,0,N,13,0,0.00,116,N,Routine,Routine: no recurring variance or recount pattern,N,5.83,Quarterly
2862,SKU0120,Material Handling 0120,Material Handling,Z2-B04,Z2,503,503,0,0,88.00,44264.00,0.00,0,N,13,0,0.00,116,N,Routine,Routine: no recurring variance or recount pattern,N,5.83,Quarterly
2863,SKU0135,Tools 0135,Tools,Z2-B01,Z2,811,811,0,0,23.50,19058.50,0.00,0,N,13,0,0.00,116,N,Routine,Routine: no recurring variance or recount pattern,N,5.83,Quarterly
2864,SKU0161,Industrial Supplies 0161,Industrial Supplies,Z2-B03,Z2,784,784,0,0,119.70,93844.80,0.00,0,N,13,0,0.00,116,N,Routine,Routine: no recurring variance or recount pattern,N,5.83,Quarterly
2865,SKU0165,Tools 0165,Tools,Z2-B03,Z2,1087,1087,0,0,14.50,15761.50,0.00,0,N,13,0,0.00,116,N,Routine,Routine: no recurring variance or recount pattern,N,5.83,Quarterly
2866,SKU0173,Safety Supplies 0173,Safety Supplies,Z2-B03,Z2,1018,1018,0,0,44.10,44893.80,0.00,0,N,13,0,0.00,116,N,Routine,Routine: no recurring variance or recount pattern,N,5.83,Quarterly
2867,SKU0175,Tools 0175,Tools,Z3-B01,Z3,1089,1089,0,0,51.50,56083.50,0.00,0,N,13,0,0.00,116,N,Routine,Routine: no recurring variance or recount pattern,N,5.83,Quarterly
2868,SKU0178,Maintenance Parts 0178,Maintenance Parts,Z3-B02,Z3,680,680,0,0,62.60,42568.00,0.00,0,N,13,0,0.00,116,N,Routine,Routine: no recurring variance or recount pattern,N,5.83,Quarterly
2869,SKU0183,Safety Supplies 0183,Safety Supplies,Z2-B01,Z2,1033,1033,0,0,81.10,83776.30,0.00,0,N,13,0,0.00,116,N,Routine,Routine: no recurring variance or recount pattern,N,5.83,Quarterly
2870,SKU0193,Safety Supplies 0193,Safety Supplies,Z1-B03,Z1,987,987,0,0,118.10,116564.70,0.00,0,N,13,0,0.00,116,N,Routine,Routine: no recurring variance or recount pattern,N,5.83,Quarterly
2871,SKU0226,Consumables 0226,Consumables,Z1-B02,Z1,772,772,0,0,120.20,92794.40,0.00,0,N,13,0,0.00,116,N,Routine,Routine: no recurring variance or recount pattern,N,5.83,Quarterly
2872,SKU0228,Maintenance Parts 0228,Maintenance Parts,Z1-B04,Z1,920,920,0,0,7.60,6992.00,0.00,0,N,13,0,0.00,116,N,Routine,Routine: no recurring variance or recount pattern,N,5.83,Quarterly
2873,SKU0256,Consumables 0256,Consumables,Z2-B04,Z2,1009,1009,0,0,111.20,112200.80,0.00,0,N,13,0,0.00,116,N,Routine,Routine: no recurring variance or recount pattern,N,5.83,Quarterly
2874,SKU0265,Tools 0265,Tools,Z1-B03,Z1,897,897,0,0,24.50,21976.50,0.00,0,N,13,0,0.00,116,N,Routine,Routine: no recurring variance or recount pattern,N,5.83,Quarterly
2875,SKU0287,Fasteners 0287,Fasteners,Z1-B01,Z1,1126,1126,0,0,105.90,119243.40,0.00,0,N,13,0,0.00,116,N,Routine,Routine: no recurring variance or recount pattern,N,5.83,Quarterly
2876,SKU0288,Maintenance Parts 0288,Maintenance Parts,Z1-B04,Z1,493,493,0,0,109.60,54032.80,0.00,0,N,13,0,0.00,116,N,Routine,Routine: no recurring variance or recount pattern,N,5.83,Quarterly
2877,SKU0011,Industrial Supplies 0011,Industrial Supplies,Z1-B01,Z1,589,589,0,0,44.70,26328.30,0.00,0,N,13,0,0.00,115,N,Routine,Routine: no recurring variance or recount pattern,N,5.78,Quarterly
2878,SKU0057,Fasteners 0057,Fasteners,Z1-B03,Z1,544,544,0,0,94.90,51625.60,0.00,0,N,13,0,0.00,115,N,Routine,Routine: no recurring variance or recount pattern,N,5.78,Quarterly
2879,SKU0063,Safety Supplies 0063,Safety Supplies,Z1-B01,Z1,931,931,0,0,117.10,109020.10,0.00,0,N,13,0,0.00,115,N,Routine,Routine: no recurring variance or recount pattern,N,5.78,Quarterly
2880,SKU0075,Tools 0075,Tools,Z2-B01,Z2,582,582,0,0,41.50,24153.00,0.00,0,N,13,0,0.00,115,N,Routine,Routine: no recurring variance or recount pattern,N,5.78,Quarterly
2881,SKU0105,Tools 0105,Tools,Z1-B03,Z1,696,696,0,0,32.50,22620.00,0.00,0,N,13,0,0.00,115,N,Routine,Routine: no recurring variance or recount pattern,N,5.78,Quarterly
2882,SKU0119,Shipping Supplies 0119,Shipping Supplies,Z2-B01,Z2,977,977,0,0,84.30,82361.10,0.00,0,N,13,0,0.00,115,N,Routine,Routine: no recurring variance or recount pattern,N,5.78,Quarterly
2883,SKU0123,Safety Supplies 0123,Safety Supplies,Z2-B01,Z2,712,712,0,0,99.10,70559.20,0.00,0,N,13,0,0.00,115,N,Routine,Routine: no recurring variance or recount pattern,N,5.78,Quarterly
2884,SKU0141,Industrial Supplies 0141,Industrial Supplies,Z2-B03,Z2,596,596,0,0,45.70,27237.20,0.00,0,N,13,0,0.00,115,N,Routine,Routine: no recurring variance or recount pattern,N,5.78,Quarterly
2885,SKU0142,Electrical Components 0142,Electrical Components,Z3-B02,Z3,836,836,0,0,49.40,41298.40,0.00,0,N,13,0,0.00,115,N,Routine,Routine: no recurring variance or recount pattern,N,5.78,Quarterly
2886,SKU0164,Packaging 0164,Packaging,Z1-B04,Z1,923,923,0,0,10.80,9968.40,0.00,0,N,13,0,0.00,115,N,Routine,Routine: no recurring variance or recount pattern,N,5.78,Quarterly
2887,SKU0164,Packaging 0164,Packaging,Z3-B04,Z3,1095,1095,0,0,10.80,11826.00,0.00,0,N,13,0,0.00,115,N,Routine,Routine: no recurring variance or recount pattern,N,5.78,Quarterly
2888,SKU0172,Electrical Components 0172,Electrical Components,Z1-B04,Z1,903,903,0,0,40.40,36481.20,0.00,0,N,13,0,0.00,115,N,Routine,Routine: no recurring variance or recount pattern,N,5.78,Quarterly
2889,SKU0177,Fasteners 0177,Fasteners,Z1-B03,Z1,466,466,0,0,58.90,27447.40,0.00,0,N,13,0,0.00,115,N,Routine,Routine: no recurring variance or recount pattern,N,5.78,Quarterly
2890,SKU0199,Shipping Supplies 0199,Shipping Supplies,Z2-B01,Z2,733,733,0,0,20.30,14879.90,0.00,0,N,13,0,0.00,115,N,Routine,Routine: no recurring variance or recount pattern,N,5.78,Quarterly
2891,SKU0203,Safety Supplies 0203,Safety Supplies,Z3-B01,Z3,415,415,0,0,35.10,14566.50,0.00,0,N,13,0,0.00,115,N,Routine,Routine: no recurring variance or recount pattern,N,5.78,Quarterly
2892,SKU0216,Consumables 0216,Consumables,Z3-B04,Z3,795,795,0,0,83.20,66144.00,0.00,0,N,13,0,0.00,115,N,Routine,Routine: no recurring variance or recount pattern,N,5.78,Quarterly
2893,SKU0223,Safety Supplies 0223,Safety Supplies,Z2-B01,Z2,563,563,0,0,109.10,61423.30,0.00,0,N,13,0,0.00,115,N,Routine,Routine: no recurring variance or recount pattern,N,5.78,Quarterly
2894,SKU0278,Maintenance Parts 0278,Maintenance Parts,Z3-B02,Z3,514,514,0,0,72.60,37316.40,0.00,0,N,13,0,0.00,115,N,Routine,Routine: no recurring variance or recount pattern,N,5.78,Quarterly
2895,SKU0284,Packaging 0284,Packaging,Z1-B04,Z1,835,835,0,0,94.80,79158.00,0.00,0,N,13,0,0.00,115,N,Routine,Routine: no recurring variance or recount pattern,N,5.78,Quarterly
2896,SKU0297,Fasteners 0297,Fasteners,Z1-B03,Z1,485,485,0,0,22.90,11106.50,0.00,0,N,13,0,0.00,115,N,Routine,Routine: no recurring variance or recount pattern,N,5.78,Quarterly
2897,SKU0004,Packaging 0004,Packaging,Z1-B04,Z1,823,823,0,0,18.80,15472.40,0.00,0,N,13,0,0.00,114,N,Routine,Routine: no recurring variance or recount pattern,N,5.73,Quarterly
2898,SKU0024,Packaging 0024,Packaging,Z3-B04,Z3,1064,1064,0,0,92.80,98739.20,0.00,0,N,13,0,0.00,114,N,Routine,Routine: no recurring variance or recount pattern,N,5.73,Quarterly
2899,SKU0025,Tools 0025,Tools,Z1-B03,Z1,976,976,0,0,96.50,94184.00,0.00,0,N,13,0,0.00,114,N,Routine,Routine: no recurring variance or recount pattern,N,5.73,Quarterly
2900,SKU0036,Consumables 0036,Consumables,Z2-B04,Z2,450,450,0,0,17.20,7740.00,0.00,0,N,13,0,0.00,114,N,Routine,Routine: no recurring variance or recount pattern,N,5.73,Quarterly
2901,SKU0042,Electrical Components 0042,Electrical Components,Z1-B02,Z1,897,897,0,0,39.40,35341.80,0.00,0,N,13,0,0.00,114,N,Routine,Routine: no recurring variance or recount pattern,N,5.73,Quarterly
2902,SKU0069,Shipping Supplies 0069,Shipping Supplies,Z1-B03,Z1,721,721,0,0,19.30,13915.30,0.00,0,N,13,0,0.00,114,N,Routine,Routine: no recurring variance or recount pattern,N,5.73,Quarterly
2903,SKU0077,Fasteners 0077,Fasteners,Z1-B03,Z1,709,709,0,0,48.90,34670.10,0.00,0,N,13,0,0.00,114,N,Routine,Routine: no recurring variance or recount pattern,N,5.73,Quarterly
2904,SKU0083,Safety Supplies 0083,Safety Supplies,Z2-B01,Z2,481,481,0,0,71.10,34199.10,0.00,0,N,13,0,0.00,114,N,Routine,Routine: no recurring variance or recount pattern,N,5.73,Quarterly
2905,SKU0089,Shipping Supplies 0089,Shipping Supplies,Z2-B03,Z2,871,871,0,0,93.30,81264.30,0.00,0,N,13,0,0.00,114,N,Routine,Routine: no recurring variance or recount pattern,N,5.73,Quarterly
2906,SKU0103,Safety Supplies 0103,Safety Supplies,Z3-B01,Z3,650,650,0,0,25.10,16315.00,0.00,0,N,13,0,0.00,114,N,Routine,Routine: no recurring variance or recount pattern,N,5.73,Quarterly
2907,SKU0153,Safety Supplies 0153,Safety Supplies,Z2-B03,Z2,820,820,0,0,90.10,73882.00,0.00,0,N,13,0,0.00,114,N,Routine,Routine: no recurring variance or recount pattern,N,5.73,Quarterly
2908,SKU0174,Packaging 0174,Packaging,Z1-B02,Z1,1037,1037,0,0,47.80,49568.60,0.00,0,N,13,0,0.00,114,N,Routine,Routine: no recurring variance or recount pattern,N,5.73,Quarterly
2909,SKU0196,Consumables 0196,Consumables,Z2-B04,Z2,626,626,0,0,9.20,5759.20,0.00,0,N,13,0,0.00,114,N,Routine,Routine: no recurring variance or recount pattern,N,5.73,Quarterly
2910,SKU0205,Tools 0205,Tools,Z2-B03,Z2,635,635,0,0,42.50,26987.50,0.00,0,N,13,0,0.00,114,N,Routine,Routine: no recurring variance or recount pattern,N,5.73,Quarterly
2911,SKU0220,Material Handling 0220,Material Handling,Z2-B04,Z2,929,929,0,0,98.00,91042.00,0.00,0,N,13,0,0.00,114,N,Routine,Routine: no recurring variance or recount pattern,N,5.73,Quarterly
2912,SKU0220,Material Handling 0220,Material Handling,Z3-B04,Z3,1128,1128,0,0,98.00,110544.00,0.00,0,N,13,0,0.00,114,N,Routine,Routine: no recurring variance or recount pattern,N,5.73,Quarterly
2913,SKU0222,Electrical Components 0222,Electrical Components,Z1-B02,Z1,1070,1070,0,0,105.40,112778.00,0.00,0,N,13,0,0.00,114,N,Routine,Routine: no recurring variance or recount pattern,N,5.73,Quarterly
2914,SKU0254,Packaging 0254,Packaging,Z3-B02,Z3,727,727,0,0,103.80,75462.60,0.00,0,N,13,0,0.00,114,N,Routine,Routine: no recurring variance or recount pattern,N,5.73,Quarterly
2915,SKU0261,Industrial Supplies 0261,Industrial Supplies,Z2-B03,Z2,604,604,0,0,9.70,5858.80,0.00,0,N,13,0,0.00,114,N,Routine,Routine: no recurring variance or recount pattern,N,5.73,Quarterly
2916,SKU0268,Maintenance Parts 0268,Maintenance Parts,Z2-B04,Z2,1160,1160,0,0,35.60,41296.00,0.00,0,N,13,0,0.00,114,N,Routine,Routine: no recurring variance or recount pattern,N,5.73,Quarterly
2917,SKU0020,Material Handling 0020,Material Handling,Z1-B04,Z1,627,627,0,0,78.00,48906.00,0.00,0,N,13,0,0.00,113,N,Routine,Routine: no recurring variance or recount pattern,N,5.68,Quarterly
2918,SKU0020,Material Handling 0020,Material Handling,Z3-B04,Z3,619,619,0,0,78.00,48282.00,0.00,0,N,13,0,0.00,113,N,Routine,Routine: no recurring variance or recount pattern,N,5.68,Quarterly
2919,SKU0034,Packaging 0034,Packaging,Z3-B02,Z3,1033,1033,0,0,9.80,10123.40,0.00,0,N,13,0,0.00,113,N,Routine,Routine: no recurring variance or recount pattern,N,5.68,Quarterly
2920,SKU0037,Fasteners 0037,Fasteners,Z2-B03,Z2,549,549,0,0,20.90,11474.10,0.00,0,N,13,0,0.00,113,N,Routine,Routine: no recurring variance or recount pattern,N,5.68,Quarterly
2921,SKU0054,Packaging 0054,Packaging,Z3-B02,Z3,1084,1084,0,0,83.80,90839.20,0.00,0,N,13,0,0.00,113,N,Routine,Routine: no recurring variance or recount pattern,N,5.68,Quarterly
2922,SKU0055,Tools 0055,Tools,Z3-B01,Z3,473,473,0,0,87.50,41387.50,0.00,0,N,13,0,0.00,113,N,Routine,Routine: no recurring variance or recount pattern,N,5.68,Quarterly
2923,SKU0056,Consumables 0056,Consumables,Z3-B04,Z3,631,631,0,0,91.20,57547.20,0.00,0,N,13,0,0.00,113,N,Routine,Routine: no recurring variance or recount pattern,N,5.68,Quarterly
2924,SKU0076,Consumables 0076,Consumables,Z3-B04,Z3,654,654,0,0,45.20,29560.80,0.00,0,N,13,0,0.00,113,N,Routine,Routine: no recurring variance or recount pattern,N,5.68,Quarterly
2925,SKU0079,Shipping Supplies 0079,Shipping Supplies,Z3-B01,Z3,962,962,0,0,56.30,54160.60,0.00,0,N,13,0,0.00,113,N,Routine,Routine: no recurring variance or recount pattern,N,5.68,Quarterly
2926,SKU0086,Consumables 0086,Consumables,Z1-B02,Z1,635,635,0,0,82.20,52197.00,0.00,0,N,13,0,0.00,113,N,Routine,Routine: no recurring variance or recount pattern,N,5.68,Quarterly
2927,SKU0093,Safety Supplies 0093,Safety Supplies,Z1-B03,Z1,526,526,0,0,108.10,56860.60,0.00,0,N,13,0,0.00,113,N,Routine,Routine: no recurring variance or recount pattern,N,5.68,Quarterly
2928,SKU0103,Safety Supplies 0103,Safety Supplies,Z1-B01,Z1,534,534,0,0,25.10,13403.40,0.00,0,N,13,0,0.00,113,N,Routine,Routine: no recurring variance or recount pattern,N,5.68,Quarterly
2929,SKU0116,Consumables 0116,Consumables,Z1-B04,Z1,869,869,0,0,73.20,63610.80,0.00,0,N,13,0,0.00,113,N,Routine,Routine: no recurring variance or recount pattern,N,5.68,Quarterly
2930,SKU0129,Shipping Supplies 0129,Shipping Supplies,Z1-B03,Z1,1188,1188,0,0,121.30,144104.40,0.00,0,N,13,0,0.00,113,N,Routine,Routine: no recurring variance or recount pattern,N,5.68,Quarterly
2931,SKU0135,Tools 0135,Tools,Z1-B01,Z1,898,898,0,0,23.50,21103.00,0.00,0,N,13,0,0.00,113,N,Routine,Routine: no recurring variance or recount pattern,N,5.68,Quarterly
2932,SKU0147,Fasteners 0147,Fasteners,Z3-B01,Z3,1149,1149,0,0,67.90,78017.10,0.00,0,N,13,0,0.00,113,N,Routine,Routine: no recurring variance or recount pattern,N,5.68,Quarterly
2933,SKU0157,Fasteners 0157,Fasteners,Z1-B03,Z1,1149,1149,0,0,104.90,120530.10,0.00,0,N,13,0,0.00,113,N,Routine,Routine: no recurring variance or recount pattern,N,5.68,Quarterly
2934,SKU0171,Industrial Supplies 0171,Industrial Supplies,Z3-B01,Z3,847,847,0,0,36.70,31084.90,0.00,0,N,13,0,0.00,113,N,Routine,Routine: no recurring variance or recount pattern,N,5.68,Quarterly
2935,SKU0196,Consumables 0196,Consumables,Z1-B04,Z1,575,575,0,0,9.20,5290.00,0.00,0,N,13,0,0.00,113,N,Routine,Routine: no recurring variance or recount pattern,N,5.68,Quarterly
2936,SKU0204,Packaging 0204,Packaging,Z3-B04,Z3,557,557,0,0,38.80,21611.60,0.00,0,N,13,0,0.00,113,N,Routine,Routine: no recurring variance or recount pattern,N,5.68,Quarterly
2937,SKU0219,Shipping Supplies 0219,Shipping Supplies,Z2-B01,Z2,968,968,0,0,94.30,91282.40,0.00,0,N,13,0,0.00,113,N,Routine,Routine: no recurring variance or recount pattern,N,5.68,Quarterly
2938,SKU0251,Industrial Supplies 0251,Industrial Supplies,Z3-B01,Z3,0,0,0,0,540.50,0.00,0.00,0,N,13,0,0.00,113,N,Routine,Routine: no recurring variance or recount pattern,N,5.68,Quarterly
2939,SKU0252,Electrical Components 0252,Electrical Components,Z2-B04,Z2,637,637,0,0,96.40,61406.80,0.00,0,N,13,0,0.00,113,N,Routine,Routine: no recurring variance or recount pattern,N,5.68,Quarterly
2940,SKU0260,Material Handling 0260,Material Handling,Z2-B04,Z2,481,481,0,0,6.00,2886.00,0.00,0,N,13,0,0.00,113,N,Routine,Routine: no recurring variance or recount pattern,N,5.68,Quarterly
2941,SKU0264,Packaging 0264,Packaging,Z2-B04,Z2,820,820,0,0,20.80,17056.00,0.00,0,N,13,0,0.00,113,N,Routine,Routine: no recurring variance or recount pattern,N,5.68,Quarterly
2942,SKU0270,Material Handling 0270,Material Handling,Z3-B02,Z3,605,605,0,0,43.00,26015.00,0.00,0,N,13,0,0.00,113,N,Routine,Routine: no recurring variance or recount pattern,N,5.68,Quarterly
2943,SKU0285,Tools 0285,Tools,Z2-B03,Z2,1028,1028,0,0,98.50,101258.00,0.00,0,N,13,0,0.00,113,N,Routine,Routine: no recurring variance or recount pattern,N,5.68,Quarterly
2944,SKU0296,Consumables 0296,Consumables,Z3-B04,Z3,495,495,0,0,19.20,9504.00,0.00,0,N,13,0,0.00,113,N,Routine,Routine: no recurring variance or recount pattern,N,5.68,Quarterly
2945,SKU0008,Maintenance Parts 0008,Maintenance Parts,Z3-B04,Z3,486,486,0,0,33.60,16329.60,0.00,0,N,13,0,0.00,112,N,Routine,Routine: no recurring variance or recount pattern,N,5.63,Quarterly
2946,SKU0013,Safety Supplies 0013,Safety Supplies,Z2-B01,Z2,0,0,0,0,191.50,0.00,0.00,0,N,13,0,0.00,112,N,Routine,Routine: no recurring variance or recount pattern,N,5.63,Quarterly
2947,SKU0024,Packaging 0024,Packaging,Z1-B04,Z1,928,928,0,0,92.80,86118.40,0.00,0,N,13,0,0.00,112,N,Routine,Routine: no recurring variance or recount pattern,N,5.63,Quarterly
2948,SKU0030,Material Handling 0030,Material Handling,Z3-B02,Z3,780,780,0,0,115.00,89700.00,0.00,0,N,13,0,0.00,112,N,Routine,Routine: no recurring variance or recount pattern,N,5.63,Quarterly
2949,SKU0043,Safety Supplies 0043,Safety Supplies,Z1-B01,Z1,954,954,0,0,43.10,41117.40,0.00,0,N,13,0,0.00,112,N,Routine,Routine: no recurring variance or recount pattern,N,5.63,Quarterly
2950,SKU0055,Tools 0055,Tools,Z1-B01,Z1,1127,1127,0,0,87.50,98612.50,0.00,0,N,13,0,0.00,112,N,Routine,Routine: no recurring variance or recount pattern,N,5.63,Quarterly
2951,SKU0057,Fasteners 0057,Fasteners,Z2-B03,Z2,646,646,0,0,94.90,61305.40,0.00,0,N,13,0,0.00,112,N,Routine,Routine: no recurring variance or recount pattern,N,5.63,Quarterly
2952,SKU0068,Maintenance Parts 0068,Maintenance Parts,Z1-B04,Z1,686,686,0,0,15.60,10701.60,0.00,0,N,13,0,0.00,112,N,Routine,Routine: no recurring variance or recount pattern,N,5.63,Quarterly
2953,SKU0069,Shipping Supplies 0069,Shipping Supplies,Z2-B03,Z2,881,881,0,0,19.30,17003.30,0.00,0,N,13,0,0.00,112,N,Routine,Routine: no recurring variance or recount pattern,N,5.63,Quarterly
2954,SKU0071,Industrial Supplies 0071,Industrial Supplies,Z3-B01,Z3,936,936,0,0,26.70,24991.20,0.00,0,N,13,0,0.00,112,N,Routine,Routine: no recurring variance or recount pattern,N,5.63,Quarterly
2955,SKU0072,Electrical Components 0072,Electrical Components,Z2-B04,Z2,981,981,0,0,30.40,29822.40,0.00,0,N,13,0,0.00,112,N,Routine,Routine: no recurring variance or recount pattern,N,5.63,Quarterly
2956,SKU0074,Packaging 0074,Packaging,Z3-B02,Z3,539,539,0,0,37.80,20374.20,0.00,0,N,13,0,0.00,112,N,Routine,Routine: no recurring variance or recount pattern,N,5.63,Quarterly
2957,SKU0076,Consumables 0076,Consumables,Z2-B04,Z2,719,719,0,0,45.20,32498.80,0.00,0,N,13,0,0.00,112,N,Routine,Routine: no recurring variance or recount pattern,N,5.63,Quarterly
2958,SKU0084,Packaging 0084,Packaging,Z1-B04,Z1,519,519,0,0,74.80,38821.20,0.00,0,N,13,0,0.00,112,N,Routine,Routine: no recurring variance or recount pattern,N,5.63,Quarterly
2959,SKU0092,Electrical Components 0092,Electrical Components,Z2-B04,Z2,472,472,0,0,104.40,49276.80,0.00,0,N,13,0,0.00,112,N,Routine,Routine: no recurring variance or recount pattern,N,5.63,Quarterly
2960,SKU0093,Safety Supplies 0093,Safety Supplies,Z2-B03,Z2,613,613,0,0,108.10,66265.30,0.00,0,N,13,0,0.00,112,N,Routine,Routine: no recurring variance or recount pattern,N,5.63,Quarterly
2961,SKU0104,Packaging 0104,Packaging,Z3-B04,Z3,695,695,0,0,28.80,20016.00,0.00,0,N,13,0,0.00,112,N,Routine,Routine: no recurring variance or recount pattern,N,5.63,Quarterly
2962,SKU0105,Tools 0105,Tools,Z2-B03,Z2,796,796,0,0,32.50,25870.00,0.00,0,N,13,0,0.00,112,N,Routine,Routine: no recurring variance or recount pattern,N,5.63,Quarterly
2963,SKU0118,Maintenance Parts 0118,Maintenance Parts,Z1-B02,Z1,1035,1035,0,0,80.60,83421.00,0.00,0,N,13,0,0.00,112,N,Routine,Routine: no recurring variance or recount pattern,N,5.63,Quarterly
2964,SKU0124,Packaging 0124,Packaging,Z3-B04,Z3,876,876,0,0,102.80,90052.80,0.00,0,N,13,0,0.00,112,N,Routine,Routine: no recurring variance or recount pattern,N,5.63,Quarterly
2965,SKU0139,Shipping Supplies 0139,Shipping Supplies,Z1-B01,Z1,1188,1188,0,0,38.30,45500.40,0.00,0,N,13,0,0.00,112,N,Routine,Routine: no recurring variance or recount pattern,N,5.63,Quarterly
2966,SKU0144,Packaging 0144,Packaging,Z2-B04,Z2,910,910,0,0,56.80,51688.00,0.00,0,N,13,0,0.00,112,N,Routine,Routine: no recurring variance or recount pattern,N,5.63,Quarterly
2967,SKU0150,Material Handling 0150,Material Handling,Z1-B02,Z1,615,615,0,0,79.00,48585.00,0.00,0,N,13,0,0.00,112,N,Routine,Routine: no recurring variance or recount pattern,N,5.63,Quarterly
2968,SKU0152,Electrical Components 0152,Electrical Components,Z3-B04,Z3,878,878,0,0,86.40,75859.20,0.00,0,N,13,0,0.00,112,N,Routine,Routine: no recurring variance or recount pattern,N,5.63,Quarterly
2969,SKU0156,Consumables 0156,Consumables,Z1-B04,Z1,1071,1071,0,0,101.20,108385.20,0.00,0,N,13,0,0.00,112,N,Routine,Routine: no recurring variance or recount pattern,N,5.63,Quarterly
2970,SKU0156,Consumables 0156,Consumables,Z2-B04,Z2,1141,1141,0,0,101.20,115469.20,0.00,0,N,13,0,0.00,112,N,Routine,Routine: no recurring variance or recount pattern,N,5.63,Quarterly
2971,SKU0157,Fasteners 0157,Fasteners,Z2-B03,Z2,451,451,0,0,104.90,47309.90,0.00,0,N,13,0,0.00,112,N,Routine,Routine: no recurring variance or recount pattern,N,5.63,Quarterly
2972,SKU0160,Material Handling 0160,Material Handling,Z1-B04,Z1,698,698,0,0,116.00,80968.00,0.00,0,N,13,0,0.00,112,N,Routine,Routine: no recurring variance or recount pattern,N,5.63,Quarterly
2973,SKU0171,Industrial Supplies 0171,Industrial Supplies,Z2-B01,Z2,852,852,0,0,36.70,31268.40,0.00,0,N,13,0,0.00,112,N,Routine,Routine: no recurring variance or recount pattern,N,5.63,Quarterly
2974,SKU0180,Material Handling 0180,Material Handling,Z3-B04,Z3,863,863,0,0,70.00,60410.00,0.00,0,N,13,0,0.00,112,N,Routine,Routine: no recurring variance or recount pattern,N,5.63,Quarterly
2975,SKU0188,Maintenance Parts 0188,Maintenance Parts,Z2-B01,Z2,0,0,0,0,554.00,0.00,0.00,0,N,13,0,0.00,112,N,Routine,Routine: no recurring variance or recount pattern,N,5.63,Quarterly
2976,SKU0189,Shipping Supplies 0189,Shipping Supplies,Z1-B03,Z1,777,777,0,0,103.30,80264.10,0.00,0,N,13,0,0.00,112,N,Routine,Routine: no recurring variance or recount pattern,N,5.63,Quarterly
2977,SKU0190,Material Handling 0190,Material Handling,Z3-B02,Z3,826,826,0,0,107.00,88382.00,0.00,0,N,13,0,0.00,112,N,Routine,Routine: no recurring variance or recount pattern,N,5.63,Quarterly
2978,SKU0195,Tools 0195,Tools,Z2-B01,Z2,519,519,0,0,5.50,2854.50,0.00,0,N,13,0,0.00,112,N,Routine,Routine: no recurring variance or recount pattern,N,5.63,Quarterly
2979,SKU0217,Fasteners 0217,Fasteners,Z1-B03,Z1,768,768,0,0,86.90,66739.20,0.00,0,N,13,0,0.00,112,N,Routine,Routine: no recurring variance or recount pattern,N,5.63,Quarterly
2980,SKU0218,Maintenance Parts 0218,Maintenance Parts,Z3-B02,Z3,855,855,0,0,90.60,77463.00,0.00,0,N,13,0,0.00,112,N,Routine,Routine: no recurring variance or recount pattern,N,5.63,Quarterly
2981,SKU0224,Packaging 0224,Packaging,Z3-B04,Z3,623,623,0,0,112.80,70274.40,0.00,0,N,13,0,0.00,112,N,Routine,Routine: no recurring variance or recount pattern,N,5.63,Quarterly
2982,SKU0234,Packaging 0234,Packaging,Z3-B02,Z3,725,725,0,0,29.80,21605.00,0.00,0,N,13,0,0.00,112,N,Routine,Routine: no recurring variance or recount pattern,N,5.63,Quarterly
2983,SKU0239,Shipping Supplies 0239,Shipping Supplies,Z1-B01,Z1,958,958,0,0,48.30,46271.40,0.00,0,N,13,0,0.00,112,N,Routine,Routine: no recurring variance or recount pattern,N,5.63,Quarterly
2984,SKU0242,Electrical Components 0242,Electrical Components,Z1-B02,Z1,537,537,0,0,59.40,31897.80,0.00,0,N,13,0,0.00,112,N,Routine,Routine: no recurring variance or recount pattern,N,5.63,Quarterly
2985,SKU0243,Safety Supplies 0243,Safety Supplies,Z1-B01,Z1,583,583,0,0,63.10,36787.30,0.00,0,N,13,0,0.00,112,N,Routine,Routine: no recurring variance or recount pattern,N,5.63,Quarterly
2986,SKU0244,Packaging 0244,Packaging,Z2-B04,Z2,735,735,0,0,66.80,49098.00,0.00,0,N,13,0,0.00,112,N,Routine,Routine: no recurring variance or recount pattern,N,5.63,Quarterly
2987,SKU0249,Shipping Supplies 0249,Shipping Supplies,Z2-B03,Z2,1075,1075,0,0,85.30,91697.50,0.00,0,N,13,0,0.00,112,N,Routine,Routine: no recurring variance or recount pattern,N,5.63,Quarterly
2988,SKU0252,Electrical Components 0252,Electrical Components,Z3-B04,Z3,674,674,0,0,96.40,64973.60,0.00,0,N,13,0,0.00,112,N,Routine,Routine: no recurring variance or recount pattern,N,5.63,Quarterly
2989,SKU0260,Material Handling 0260,Material Handling,Z1-B04,Z1,439,439,0,0,6.00,2634.00,0.00,0,N,13,0,0.00,112,N,Routine,Routine: no recurring variance or recount pattern,N,5.63,Quarterly
2990,SKU0266,Consumables 0266,Consumables,Z3-B02,Z3,1022,1022,0,0,28.20,28820.40,0.00,0,N,13,0,0.00,112,N,Routine,Routine: no recurring variance or recount pattern,N,5.63,Quarterly
2991,SKU0268,Maintenance Parts 0268,Maintenance Parts,Z3-B04,Z3,501,501,0,0,35.60,17835.60,0.00,0,N,13,0,0.00,112,N,Routine,Routine: no recurring variance or recount pattern,N,5.63,Quarterly
2992,SKU0289,Shipping Supplies 0289,Shipping Supplies,Z1-B03,Z1,518,518,0,0,113.30,58689.40,0.00,0,N,13,0,0.00,112,N,Routine,Routine: no recurring variance or recount pattern,N,5.63,Quarterly
2993,SKU0290,Material Handling 0290,Material Handling,Z3-B02,Z3,771,771,0,0,117.00,90207.00,0.00,0,N,13,0,0.00,112,N,Routine,Routine: no recurring variance or recount pattern,N,5.63,Quarterly
2994,SKU0294,Packaging 0294,Packaging,Z1-B02,Z1,969,969,0,0,11.80,11434.20,0.00,0,N,13,0,0.00,112,N,Routine,Routine: no recurring variance or recount pattern,N,5.63,Quarterly
2995,SKU0294,Packaging 0294,Packaging,Z3-B02,Z3,1055,1055,0,0,11.80,12449.00,0.00,0,N,13,0,0.00,112,N,Routine,Routine: no recurring variance or recount pattern,N,5.63,Quarterly
2996,SKU0002,Electrical Components 0002,Electrical Components,Z3-B02,Z3,765,765,0,0,11.40,8721.00,0.00,0,N,13,0,0.00,111,N,Routine,Routine: no recurring variance or recount pattern,N,5.58,Quarterly
2997,SKU0009,Shipping Supplies 0009,Shipping Supplies,Z2-B03,Z2,567,567,0,0,37.30,21149.10,0.00,0,N,13,0,0.00,111,N,Routine,Routine: no recurring variance or recount pattern,N,5.58,Quarterly
2998,SKU0029,Shipping Supplies 0029,Shipping Supplies,Z1-B03,Z1,523,523,0,0,111.30,58209.90,0.00,0,N,13,0,0.00,111,N,Routine,Routine: no recurring variance or recount pattern,N,5.58,Quarterly
2999,SKU0040,Material Handling 0040,Material Handling,Z3-B04,Z3,810,810,0,0,32.00,25920.00,0.00,0,N,13,0,0.00,111,N,Routine,Routine: no recurring variance or recount pattern,N,5.58,Quarterly
3000,SKU0047,Fasteners 0047,Fasteners,Z2-B01,Z2,570,570,0,0,57.90,33003.00,0.00,0,N,13,0,0.00,111,N,Routine,Routine: no recurring variance or recount pattern,N,5.58,Quarterly
3001,SKU0060,Material Handling 0060,Material Handling,Z1-B04,Z1,876,876,0,0,106.00,92856.00,0.00,0,N,13,0,0.00,111,N,Routine,Routine: no recurring variance or recount pattern,N,5.58,Quarterly
3002,SKU0068,Maintenance Parts 0068,Maintenance Parts,Z2-B04,Z2,776,776,0,0,15.60,12105.60,0.00,0,N,13,0,0.00,111,N,Routine,Routine: no recurring variance or recount pattern,N,5.58,Quarterly
3003,SKU0079,Shipping Supplies 0079,Shipping Supplies,Z2-B01,Z2,826,826,0,0,56.30,46503.80,0.00,0,N,13,0,0.00,111,N,Routine,Routine: no recurring variance or recount pattern,N,5.58,Quarterly
3004,SKU0081,Industrial Supplies 0081,Industrial Supplies,Z1-B03,Z1,1008,1008,0,0,63.70,64209.60,0.00,0,N,13,0,0.00,111,N,Routine,Routine: no recurring variance or recount pattern,N,5.58,Quarterly
3005,SKU0082,Electrical Components 0082,Electrical Components,Z3-B02,Z3,1048,1048,0,0,67.40,70635.20,0.00,0,N,13,0,0.00,111,N,Routine,Routine: no recurring variance or recount pattern,N,5.58,Quarterly
3006,SKU0097,Fasteners 0097,Fasteners,Z1-B03,Z1,781,781,0,0,122.90,95984.90,0.00,0,N,13,0,0.00,111,N,Routine,Routine: no recurring variance or recount pattern,N,5.58,Quarterly
3007,SKU0099,Shipping Supplies 0099,Shipping Supplies,Z3-B01,Z3,1029,1029,0,0,10.30,10598.70,0.00,0,N,13,0,0.00,111,N,Routine,Routine: no recurring variance or recount pattern,N,5.58,Quarterly
3008,SKU0110,Material Handling 0110,Material Handling,Z3-B02,Z3,512,512,0,0,51.00,26112.00,0.00,0,N,13,0,0.00,111,N,Routine,Routine: no recurring variance or recount pattern,N,5.58,Quarterly
3009,SKU0114,Packaging 0114,Packaging,Z3-B02,Z3,777,777,0,0,65.80,51126.60,0.00,0,N,13,0,0.00,111,N,Routine,Routine: no recurring variance or recount pattern,N,5.58,Quarterly
3010,SKU0126,Consumables 0126,Consumables,Z1-B02,Z1,834,834,0,0,110.20,91906.80,0.00,0,N,13,0,0.00,111,N,Routine,Routine: no recurring variance or recount pattern,N,5.58,Quarterly
3011,SKU0131,Industrial Supplies 0131,Industrial Supplies,Z1-B01,Z1,480,480,0,0,8.70,4176.00,0.00,0,N,13,0,0.00,111,N,Routine,Routine: no recurring variance or recount pattern,N,5.58,Quarterly
3012,SKU0137,Fasteners 0137,Fasteners,Z1-B03,Z1,941,941,0,0,30.90,29076.90,0.00,0,N,13,0,0.00,111,N,Routine,Routine: no recurring variance or recount pattern,N,5.58,Quarterly
3013,SKU0148,Maintenance Parts 0148,Maintenance Parts,Z1-B04,Z1,458,458,0,0,71.60,32792.80,0.00,0,N,13,0,0.00,111,N,Routine,Routine: no recurring variance or recount pattern,N,5.58,Quarterly
3014,SKU0155,Tools 0155,Tools,Z2-B01,Z2,1031,1031,0,0,97.50,100522.50,0.00,0,N,13,0,0.00,111,N,Routine,Routine: no recurring variance or recount pattern,N,5.58,Quarterly
3015,SKU0179,Shipping Supplies 0179,Shipping Supplies,Z3-B01,Z3,703,703,0,0,66.30,46608.90,0.00,0,N,13,0,0.00,111,N,Routine,Routine: no recurring variance or recount pattern,N,5.58,Quarterly
3016,SKU0194,Packaging 0194,Packaging,Z1-B02,Z1,1039,1039,0,0,121.80,126550.20,0.00,0,N,13,0,0.00,111,N,Routine,Routine: no recurring variance or recount pattern,N,5.58,Quarterly
3017,SKU0197,Fasteners 0197,Fasteners,Z1-B03,Z1,641,641,0,0,12.90,8268.90,0.00,0,N,13,0,0.00,111,N,Routine,Routine: no recurring variance or recount pattern,N,5.58,Quarterly
3018,SKU0202,Electrical Components 0202,Electrical Components,Z3-B02,Z3,1047,1047,0,0,31.40,32875.80,0.00,0,N,13,0,0.00,111,N,Routine,Routine: no recurring variance or recount pattern,N,5.58,Quarterly
3019,SKU0215,Tools 0215,Tools,Z2-B01,Z2,608,608,0,0,79.50,48336.00,0.00,0,N,13,0,0.00,111,N,Routine,Routine: no recurring variance or recount pattern,N,5.58,Quarterly
3020,SKU0216,Consumables 0216,Consumables,Z2-B04,Z2,756,756,0,0,83.20,62899.20,0.00,0,N,13,0,0.00,111,N,Routine,Routine: no recurring variance or recount pattern,N,5.58,Quarterly
3021,SKU0217,Fasteners 0217,Fasteners,Z2-B03,Z2,841,841,0,0,86.90,73082.90,0.00,0,N,13,0,0.00,111,N,Routine,Routine: no recurring variance or recount pattern,N,5.58,Quarterly
3022,SKU0221,Industrial Supplies 0221,Industrial Supplies,Z1-B03,Z1,980,980,0,0,101.70,99666.00,0.00,0,N,13,0,0.00,111,N,Routine,Routine: no recurring variance or recount pattern,N,5.58,Quarterly
3023,SKU0223,Safety Supplies 0223,Safety Supplies,Z3-B01,Z3,565,565,0,0,109.10,61641.50,0.00,0,N,13,0,0.00,111,N,Routine,Routine: no recurring variance or recount pattern,N,5.58,Quarterly
3024,SKU0227,Fasteners 0227,Fasteners,Z2-B01,Z2,782,782,0,0,123.90,96889.80,0.00,0,N,13,0,0.00,111,N,Routine,Routine: no recurring variance or recount pattern,N,5.58,Quarterly
3025,SKU0229,Shipping Supplies 0229,Shipping Supplies,Z1-B03,Z1,1004,1004,0,0,11.30,11345.20,0.00,0,N,13,0,0.00,111,N,Routine,Routine: no recurring variance or recount pattern,N,5.58,Quarterly
3026,SKU0236,Consumables 0236,Consumables,Z3-B04,Z3,817,817,0,0,37.20,30392.40,0.00,0,N,13,0,0.00,111,N,Routine,Routine: no recurring variance or recount pattern,N,5.58,Quarterly
3027,SKU0252,Electrical Components 0252,Electrical Components,Z1-B04,Z1,617,617,0,0,96.40,59478.80,0.00,0,N,13,0,0.00,111,N,Routine,Routine: no recurring variance or recount pattern,N,5.58,Quarterly
3028,SKU0269,Shipping Supplies 0269,Shipping Supplies,Z1-B03,Z1,520,520,0,0,39.30,20436.00,0.00,0,N,13,0,0.00,111,N,Routine,Routine: no recurring variance or recount pattern,N,5.58,Quarterly
3029,SKU0278,Maintenance Parts 0278,Maintenance Parts,Z1-B02,Z1,1039,1039,0,0,72.60,75431.40,0.00,0,N,13,0,0.00,111,N,Routine,Routine: no recurring variance or recount pattern,N,5.58,Quarterly
3030,SKU0283,Safety Supplies 0283,Safety Supplies,Z1-B01,Z1,820,820,0,0,91.10,74702.00,0.00,0,N,13,0,0.00,111,N,Routine,Routine: no recurring variance or recount pattern,N,5.58,Quarterly
3031,SKU0298,Maintenance Parts 0298,Maintenance Parts,Z1-B02,Z1,558,558,0,0,26.60,14842.80,0.00,0,N,13,0,0.00,111,N,Routine,Routine: no recurring variance or recount pattern,N,5.58,Quarterly
3032,SKU0300,Material Handling 0300,Material Handling,Z3-B04,Z3,826,826,0,0,34.00,28084.00,0.00,0,N,13,0,0.00,111,N,Routine,Routine: no recurring variance or recount pattern,N,5.58,Quarterly
3033,SKU0006,Consumables 0006,Consumables,Z1-B02,Z1,896,896,0,0,26.20,23475.20,0.00,0,N,13,0,0.00,110,N,Routine,Routine: no recurring variance or recount pattern,N,5.53,Quarterly
3034,SKU0020,Material Handling 0020,Material Handling,Z2-B04,Z2,700,700,0,0,78.00,54600.00,0.00,0,N,13,0,0.00,110,N,Routine,Routine: no recurring variance or recount pattern,N,5.53,Quarterly
3035,SKU0021,Industrial Supplies 0021,Industrial Supplies,Z2-B03,Z2,668,668,0,0,81.70,54575.60,0.00,0,N,13,0,0.00,110,N,Routine,Routine: no recurring variance or recount pattern,N,5.53,Quarterly
3036,SKU0073,Safety Supplies 0073,Safety Supplies,Z2-B03,Z2,1090,1090,0,0,34.10,37169.00,0.00,0,N,13,0,0.00,110,N,Routine,Routine: no recurring variance or recount pattern,N,5.53,Quarterly
3037,SKU0091,Industrial Supplies 0091,Industrial Supplies,Z2-B01,Z2,1009,1009,0,0,100.70,101606.30,0.00,0,N,13,0,0.00,110,N,Routine,Routine: no recurring variance or recount pattern,N,5.53,Quarterly
3038,SKU0095,Tools 0095,Tools,Z2-B01,Z2,642,642,0,0,115.50,74151.00,0.00,0,N,13,0,0.00,110,N,Routine,Routine: no recurring variance or recount pattern,N,5.53,Quarterly
3039,SKU0106,Consumables 0106,Consumables,Z1-B02,Z1,796,796,0,0,36.20,28815.20,0.00,0,N,13,0,0.00,110,N,Routine,Routine: no recurring variance or recount pattern,N,5.53,Quarterly
3040,SKU0108,Maintenance Parts 0108,Maintenance Parts,Z3-B04,Z3,1028,1028,0,0,43.60,44820.80,0.00,0,N,13,0,0.00,110,N,Routine,Routine: no recurring variance or recount pattern,N,5.53,Quarterly
3041,SKU0112,Electrical Components 0112,Electrical Components,Z2-B04,Z2,530,530,0,0,58.40,30952.00,0.00,0,N,13,0,0.00,110,N,Routine,Routine: no recurring variance or recount pattern,N,5.53,Quarterly
3042,SKU0113,Safety Supplies 0113,Safety Supplies,Z2-B03,Z2,647,647,0,0,62.10,40178.70,0.00,0,N,13,0,0.00,110,N,Routine,Routine: no recurring variance or recount pattern,N,5.53,Quarterly
3043,SKU0138,Maintenance Parts 0138,Maintenance Parts,Z1-B02,Z1,1135,1135,0,0,34.60,39271.00,0.00,0,N,13,0,0.00,110,N,Routine,Routine: no recurring variance or recount pattern,N,5.53,Quarterly
3044,SKU0146,Consumables 0146,Consumables,Z1-B02,Z1,1044,1044,0,0,64.20,67024.80,0.00,0,N,13,0,0.00,110,N,Routine,Routine: no recurring variance or recount pattern,N,5.53,Quarterly
3045,SKU0151,Industrial Supplies 0151,Industrial Supplies,Z2-B01,Z2,754,754,0,0,82.70,62355.80,0.00,0,N,13,0,0.00,110,N,Routine,Routine: no recurring variance or recount pattern,N,5.53,Quarterly
3046,SKU0166,Consumables 0166,Consumables,Z3-B02,Z3,483,483,0,0,18.20,8790.60,0.00,0,N,13,0,0.00,110,N,Routine,Routine: no recurring variance or recount pattern,N,5.53,Quarterly
3047,SKU0168,Maintenance Parts 0168,Maintenance Parts,Z1-B04,Z1,563,563,0,0,25.60,14412.80,0.00,0,N,13,0,0.00,110,N,Routine,Routine: no recurring variance or recount pattern,N,5.53,Quarterly
3048,SKU0168,Maintenance Parts 0168,Maintenance Parts,Z3-B04,Z3,607,607,0,0,25.60,15539.20,0.00,0,N,13,0,0.00,110,N,Routine,Routine: no recurring variance or recount pattern,N,5.53,Quarterly
3049,SKU0175,Tools 0175,Tools,Z2-B01,Z2,1052,1052,0,0,51.50,54178.00,0.00,0,N,13,0,0.00,110,N,Routine,Routine: no recurring variance or recount pattern,N,5.53,Quarterly
3050,SKU0178,Maintenance Parts 0178,Maintenance Parts,Z1-B02,Z1,606,606,0,0,62.60,37935.60,0.00,0,N,13,0,0.00,110,N,Routine,Routine: no recurring variance or recount pattern,N,5.53,Quarterly
3051,SKU0187,Fasteners 0187,Fasteners,Z3-B01,Z3,694,694,0,0,95.90,66554.60,0.00,0,N,13,0,0.00,110,N,Routine,Routine: no recurring variance or recount pattern,N,5.53,Quarterly
3052,SKU0191,Industrial Supplies 0191,Industrial Supplies,Z2-B01,Z2,939,939,0,0,110.70,103947.30,0.00,0,N,13,0,0.00,110,N,Routine,Routine: no recurring variance or recount pattern,N,5.53,Quarterly
3053,SKU0196,Consumables 0196,Consumables,Z3-B04,Z3,646,646,0,0,9.20,5943.20,0.00,0,N,13,0,0.00,110,N,Routine,Routine: no recurring variance or recount pattern,N,5.53,Quarterly
3054,SKU0204,Packaging 0204,Packaging,Z1-B04,Z1,477,477,0,0,38.80,18507.60,0.00,0,N,13,0,0.00,110,N,Routine,Routine: no recurring variance or recount pattern,N,5.53,Quarterly
3055,SKU0227,Fasteners 0227,Fasteners,Z1-B01,Z1,733,733,0,0,123.90,90818.70,0.00,0,N,13,0,0.00,110,N,Routine,Routine: no recurring variance or recount pattern,N,5.53,Quarterly
3056,SKU0232,Electrical Components 0232,Electrical Components,Z2-B04,Z2,492,492,0,0,22.40,11020.80,0.00,0,N,13,0,0.00,110,N,Routine,Routine: no recurring variance or recount pattern,N,5.53,Quarterly
3057,SKU0258,Maintenance Parts 0258,Maintenance Parts,Z1-B02,Z1,1055,1055,0,0,118.60,125123.00,0.00,0,N,13,0,0.00,110,N,Routine,Routine: no recurring variance or recount pattern,N,5.53,Quarterly
3058,SKU0273,Safety Supplies 0273,Safety Supplies,Z1-B03,Z1,697,697,0,0,54.10,37707.70,0.00,0,N,13,0,0.00,110,N,Routine,Routine: no recurring variance or recount pattern,N,5.53,Quarterly
3059,SKU0279,Shipping Supplies 0279,Shipping Supplies,Z1-B01,Z1,488,488,0,0,76.30,37234.40,0.00,0,N,13,0,0.00,110,N,Routine,Routine: no recurring variance or recount pattern,N,5.53,Quarterly
3060,SKU0282,Electrical Components 0282,Electrical Components,Z3-B02,Z3,775,775,0,0,87.40,67735.00,0.00,0,N,13,0,0.00,110,N,Routine,Routine: no recurring variance or recount pattern,N,5.53,Quarterly
3061,SKU0286,Consumables 0286,Consumables,Z3-B02,Z3,1088,1088,0,0,102.20,111193.60,0.00,0,N,13,0,0.00,110,N,Routine,Routine: no recurring variance or recount pattern,N,5.53,Quarterly
3062,SKU0288,Maintenance Parts 0288,Maintenance Parts,Z3-B04,Z3,598,598,0,0,109.60,65540.80,0.00,0,N,13,0,0.00,110,N,Routine,Routine: no recurring variance or recount pattern,N,5.53,Quarterly
3063,SKU0293,Safety Supplies 0293,Safety Supplies,Z1-B03,Z1,923,923,0,0,8.10,7476.30,0.00,0,N,13,0,0.00,110,N,Routine,Routine: no recurring variance or recount pattern,N,5.53,Quarterly
3064,SKU0012,Electrical Components 0012,Electrical Components,Z1-B04,Z1,701,701,0,0,48.40,33928.40,0.00,0,N,13,0,0.00,109,N,Routine,Routine: no recurring variance or recount pattern,N,5.48,Quarterly
3065,SKU0016,Consumables 0016,Consumables,Z3-B04,Z3,1157,1157,0,0,63.20,73122.40,0.00,0,N,13,0,0.00,109,N,Routine,Routine: no recurring variance or recount pattern,N,5.48,Quarterly
3066,SKU0022,Electrical Components 0022,Electrical Components,Z1-B02,Z1,757,757,0,0,85.40,64647.80,0.00,0,N,13,0,0.00,109,N,Routine,Routine: no recurring variance or recount pattern,N,5.48,Quarterly
3067,SKU0022,Electrical Components 0022,Electrical Components,Z3-B02,Z3,860,860,0,0,85.40,73444.00,0.00,0,N,13,0,0.00,109,N,Routine,Routine: no recurring variance or recount pattern,N,5.48,Quarterly
3068,SKU0023,Safety Supplies 0023,Safety Supplies,Z1-B01,Z1,784,784,0,0,89.10,69854.40,0.00,0,N,13,0,0.00,109,N,Routine,Routine: no recurring variance or recount pattern,N,5.48,Quarterly
3069,SKU0023,Safety Supplies 0023,Safety Supplies,Z2-B01,Z2,833,833,0,0,89.10,74220.30,0.00,0,N,13,0,0.00,109,N,Routine,Routine: no recurring variance or recount pattern,N,5.48,Quarterly
3070,SKU0028,Maintenance Parts 0028,Maintenance Parts,Z1-B04,Z1,511,511,0,0,107.60,54983.60,0.00,0,N,13,0,0.00,109,N,Routine,Routine: no recurring variance or recount pattern,N,5.48,Quarterly
3071,SKU0039,Shipping Supplies 0039,Shipping Supplies,Z3-B01,Z3,641,641,0,0,28.30,18140.30,0.00,0,N,13,0,0.00,109,N,Routine,Routine: no recurring variance or recount pattern,N,5.48,Quarterly
3072,SKU0046,Consumables 0046,Consumables,Z3-B02,Z3,523,523,0,0,54.20,28346.60,0.00,0,N,13,0,0.00,109,N,Routine,Routine: no recurring variance or recount pattern,N,5.48,Quarterly
3073,SKU0047,Fasteners 0047,Fasteners,Z3-B01,Z3,609,609,0,0,57.90,35261.10,0.00,0,N,13,0,0.00,109,N,Routine,Routine: no recurring variance or recount pattern,N,5.48,Quarterly
3074,SKU0058,Maintenance Parts 0058,Maintenance Parts,Z1-B02,Z1,583,583,0,0,98.60,57483.80,0.00,0,N,13,0,0.00,109,N,Routine,Routine: no recurring variance or recount pattern,N,5.48,Quarterly
3075,SKU0059,Shipping Supplies 0059,Shipping Supplies,Z3-B01,Z3,852,852,0,0,102.30,87159.60,0.00,0,N,13,0,0.00,109,N,Routine,Routine: no recurring variance or recount pattern,N,5.48,Quarterly
3076,SKU0066,Consumables 0066,Consumables,Z3-B02,Z3,594,594,0,0,8.20,4870.80,0.00,0,N,13,0,0.00,109,N,Routine,Routine: no recurring variance or recount pattern,N,5.48,Quarterly
3077,SKU0070,Material Handling 0070,Material Handling,Z1-B02,Z1,892,892,0,0,23.00,20516.00,0.00,0,N,13,0,0.00,109,N,Routine,Routine: no recurring variance or recount pattern,N,5.48,Quarterly
3078,SKU0072,Electrical Components 0072,Electrical Components,Z3-B04,Z3,1046,1046,0,0,30.40,31798.40,0.00,0,N,13,0,0.00,109,N,Routine,Routine: no recurring variance or recount pattern,N,5.48,Quarterly
3079,SKU0082,Electrical Components 0082,Electrical Components,Z1-B02,Z1,1069,1069,0,0,67.40,72050.60,0.00,0,N,13,0,0.00,109,N,Routine,Routine: no recurring variance or recount pattern,N,5.48,Quarterly
3080,SKU0084,Packaging 0084,Packaging,Z2-B04,Z2,537,537,0,0,74.80,40167.60,0.00,0,N,13,0,0.00,109,N,Routine,Routine: no recurring variance or recount pattern,N,5.48,Quarterly
3081,SKU0088,Maintenance Parts 0088,Maintenance Parts,Z2-B04,Z2,916,916,0,0,89.60,82073.60,0.00,0,N,13,0,0.00,109,N,Routine,Routine: no recurring variance or recount pattern,N,5.48,Quarterly
3082,SKU0095,Tools 0095,Tools,Z1-B01,Z1,672,672,0,0,115.50,77616.00,0.00,0,N,13,0,0.00,109,N,Routine,Routine: no recurring variance or recount pattern,N,5.48,Quarterly
3083,SKU0100,Material Handling 0100,Material Handling,Z1-B04,Z1,1085,1085,0,0,14.00,15190.00,0.00,0,N,13,0,0.00,109,N,Routine,Routine: no recurring variance or recount pattern,N,5.48,Quarterly
3084,SKU0101,Industrial Supplies 0101,Industrial Supplies,Z1-B03,Z1,1155,1155,0,0,17.70,20443.50,0.00,0,N,13,0,0.00,109,N,Routine,Routine: no recurring variance or recount pattern,N,5.48,Quarterly
3085,SKU0115,Tools 0115,Tools,Z2-B01,Z2,843,843,0,0,69.50,58588.50,0.00,0,N,13,0,0.00,109,N,Routine,Routine: no recurring variance or recount pattern,N,5.48,Quarterly
3086,SKU0117,Fasteners 0117,Fasteners,Z2-B03,Z2,893,893,0,0,76.90,68671.70,0.00,0,N,13,0,0.00,109,N,Routine,Routine: no recurring variance or recount pattern,N,5.48,Quarterly
3087,SKU0139,Shipping Supplies 0139,Shipping Supplies,Z2-B01,Z2,515,515,0,0,38.30,19724.50,0.00,0,N,13,0,0.00,109,N,Routine,Routine: no recurring variance or recount pattern,N,5.48,Quarterly
3088,SKU0141,Industrial Supplies 0141,Industrial Supplies,Z1-B03,Z1,603,603,0,0,45.70,27557.10,0.00,0,N,13,0,0.00,109,N,Routine,Routine: no recurring variance or recount pattern,N,5.48,Quarterly
3089,SKU0148,Maintenance Parts 0148,Maintenance Parts,Z2-B04,Z2,511,511,0,0,71.60,36587.60,0.00,0,N,13,0,0.00,109,N,Routine,Routine: no recurring variance or recount pattern,N,5.48,Quarterly
3090,SKU0149,Shipping Supplies 0149,Shipping Supplies,Z1-B03,Z1,513,513,0,0,75.30,38628.90,0.00,0,N,13,0,0.00,109,N,Routine,Routine: no recurring variance or recount pattern,N,5.48,Quarterly
3091,SKU0150,Material Handling 0150,Material Handling,Z3-B02,Z3,614,614,0,0,79.00,48506.00,0.00,0,N,13,0,0.00,109,N,Routine,Routine: no recurring variance or recount pattern,N,5.48,Quarterly
3092,SKU0154,Packaging 0154,Packaging,Z3-B02,Z3,1027,1027,0,0,93.80,96332.60,0.00,0,N,13,0,0.00,109,N,Routine,Routine: no recurring variance or recount pattern,N,5.48,Quarterly
3093,SKU0155,Tools 0155,Tools,Z3-B01,Z3,1075,1075,0,0,97.50,104812.50,0.00,0,N,13,0,0.00,109,N,Routine,Routine: no recurring variance or recount pattern,N,5.48,Quarterly
3094,SKU0160,Material Handling 0160,Material Handling,Z2-B04,Z2,760,760,0,0,116.00,88160.00,0.00,0,N,13,0,0.00,109,N,Routine,Routine: no recurring variance or recount pattern,N,5.48,Quarterly
3095,SKU0163,Safety Supplies 0163,Safety Supplies,Z3-B01,Z3,918,918,0,0,7.10,6517.80,0.00,0,N,13,0,0.00,109,N,Routine,Routine: no recurring variance or recount pattern,N,5.48,Quarterly
3096,SKU0164,Packaging 0164,Packaging,Z2-B04,Z2,945,945,0,0,10.80,10206.00,0.00,0,N,13,0,0.00,109,N,Routine,Routine: no recurring variance or recount pattern,N,5.48,Quarterly
3097,SKU0170,Material Handling 0170,Material Handling,Z1-B02,Z1,693,693,0,0,33.00,22869.00,0.00,0,N,13,0,0.00,109,N,Routine,Routine: no recurring variance or recount pattern,N,5.48,Quarterly
3098,SKU0172,Electrical Components 0172,Electrical Components,Z2-B04,Z2,925,925,0,0,40.40,37370.00,0.00,0,N,13,0,0.00,109,N,Routine,Routine: no recurring variance or recount pattern,N,5.48,Quarterly
3099,SKU0176,Consumables 0176,Consumables,Z2-B04,Z2,551,551,0,0,55.20,30415.20,0.00,0,N,13,0,0.00,109,N,Routine,Routine: no recurring variance or recount pattern,N,5.48,Quarterly
3100,SKU0184,Packaging 0184,Packaging,Z2-B04,Z2,1175,1175,0,0,84.80,99640.00,0.00,0,N,13,0,0.00,109,N,Routine,Routine: no recurring variance or recount pattern,N,5.48,Quarterly
3101,SKU0185,Tools 0185,Tools,Z1-B03,Z1,1205,1205,0,0,88.50,106642.50,0.00,0,N,13,0,0.00,109,N,Routine,Routine: no recurring variance or recount pattern,N,5.48,Quarterly
3102,SKU0191,Industrial Supplies 0191,Industrial Supplies,Z1-B01,Z1,900,900,0,0,110.70,99630.00,0.00,0,N,13,0,0.00,109,N,Routine,Routine: no recurring variance or recount pattern,N,5.48,Quarterly
3103,SKU0199,Shipping Supplies 0199,Shipping Supplies,Z3-B01,Z3,877,877,0,0,20.30,17803.10,0.00,0,N,13,0,0.00,109,N,Routine,Routine: no recurring variance or recount pattern,N,5.48,Quarterly
3104,SKU0201,Industrial Supplies 0201,Industrial Supplies,Z2-B03,Z2,1008,1008,0,0,27.70,27921.60,0.00,0,N,13,0,0.00,109,N,Routine,Routine: no recurring variance or recount pattern,N,5.48,Quarterly
3105,SKU0204,Packaging 0204,Packaging,Z2-B04,Z2,555,555,0,0,38.80,21534.00,0.00,0,N,13,0,0.00,109,N,Routine,Routine: no recurring variance or recount pattern,N,5.48,Quarterly
3106,SKU0218,Maintenance Parts 0218,Maintenance Parts,Z1-B02,Z1,860,860,0,0,90.60,77916.00,0.00,0,N,13,0,0.00,109,N,Routine,Routine: no recurring variance or recount pattern,N,5.48,Quarterly
3107,SKU0230,Material Handling 0230,Material Handling,Z1-B02,Z1,1079,1079,0,0,15.00,16185.00,0.00,0,N,13,0,0.00,109,N,Routine,Routine: no recurring variance or recount pattern,N,5.48,Quarterly
3108,SKU0236,Consumables 0236,Consumables,Z2-B04,Z2,830,830,0,0,37.20,30876.00,0.00,0,N,13,0,0.00,109,N,Routine,Routine: no recurring variance or recount pattern,N,5.48,Quarterly
3109,SKU0237,Fasteners 0237,Fasteners,Z1-B03,Z1,872,872,0,0,40.90,35664.80,0.00,0,N,13,0,0.00,109,N,Routine,Routine: no recurring variance or recount pattern,N,5.48,Quarterly
3110,SKU0244,Packaging 0244,Packaging,Z1-B04,Z1,647,647,0,0,66.80,43219.60,0.00,0,N,13,0,0.00,109,N,Routine,Routine: no recurring variance or recount pattern,N,5.48,Quarterly
3111,SKU0244,Packaging 0244,Packaging,Z3-B04,Z3,832,832,0,0,66.80,55577.60,0.00,0,N,13,0,0.00,109,N,Routine,Routine: no recurring variance or recount pattern,N,5.48,Quarterly
3112,SKU0246,Consumables 0246,Consumables,Z1-B02,Z1,828,828,0,0,74.20,61437.60,0.00,0,N,13,0,0.00,109,N,Routine,Routine: no recurring variance or recount pattern,N,5.48,Quarterly
3113,SKU0261,Industrial Supplies 0261,Industrial Supplies,Z1-B03,Z1,561,561,0,0,9.70,5441.70,0.00,0,N,13,0,0.00,109,N,Routine,Routine: no recurring variance or recount pattern,N,5.48,Quarterly
3114,SKU0262,Electrical Components 0262,Electrical Components,Z1-B02,Z1,561,561,0,0,13.40,7517.40,0.00,0,N,13,0,0.00,109,N,Routine,Routine: no recurring variance or recount pattern,N,5.48,Quarterly
3115,SKU0262,Electrical Components 0262,Electrical Components,Z3-B02,Z3,766,766,0,0,13.40,10264.40,0.00,0,N,13,0,0.00,109,N,Routine,Routine: no recurring variance or recount pattern,N,5.48,Quarterly
3116,SKU0263,Safety Supplies 0263,Safety Supplies,Z1-B01,Z1,759,759,0,0,17.10,12978.90,0.00,0,N,13,0,0.00,109,N,Routine,Routine: no recurring variance or recount pattern,N,5.48,Quarterly
3117,SKU0266,Consumables 0266,Consumables,Z1-B02,Z1,873,873,0,0,28.20,24618.60,0.00,0,N,13,0,0.00,109,N,Routine,Routine: no recurring variance or recount pattern,N,5.48,Quarterly
3118,SKU0273,Safety Supplies 0273,Safety Supplies,Z2-B03,Z2,816,816,0,0,54.10,44145.60,0.00,0,N,13,0,0.00,109,N,Routine,Routine: no recurring variance or recount pattern,N,5.48,Quarterly
3119,SKU0276,Consumables 0276,Consumables,Z2-B04,Z2,964,964,0,0,65.20,62852.80,0.00,0,N,13,0,0.00,109,N,Routine,Routine: no recurring variance or recount pattern,N,5.48,Quarterly
3120,SKU0280,Material Handling 0280,Material Handling,Z1-B04,Z1,620,620,0,0,80.00,49600.00,0.00,0,N,13,0,0.00,109,N,Routine,Routine: no recurring variance or recount pattern,N,5.48,Quarterly
3121,SKU0282,Electrical Components 0282,Electrical Components,Z1-B02,Z1,779,779,0,0,87.40,68084.60,0.00,0,N,13,0,0.00,109,N,Routine,Routine: no recurring variance or recount pattern,N,5.48,Quarterly
3122,SKU0299,Shipping Supplies 0299,Shipping Supplies,Z2-B01,Z2,601,601,0,0,30.30,18210.30,0.00,0,N,13,0,0.00,109,N,Routine,Routine: no recurring variance or recount pattern,N,5.48,Quarterly
3123,SKU0300,Material Handling 0300,Material Handling,Z1-B04,Z1,694,694,0,0,34.00,23596.00,0.00,0,N,13,0,0.00,109,N,Routine,Routine: no recurring variance or recount pattern,N,5.48,Quarterly
3124,SKU0003,Safety Supplies 0003,Safety Supplies,Z2-B01,Z2,737,737,0,0,15.10,11128.70,0.00,0,N,13,0,0.00,108,N,Routine,Routine: no recurring variance or recount pattern,N,5.43,Quarterly
3125,SKU0006,Consumables 0006,Consumables,Z3-B02,Z3,1074,1074,0,0,26.20,28138.80,0.00,0,N,13,0,0.00,108,N,Routine,Routine: no recurring variance or recount pattern,N,5.43,Quarterly
3126,SKU0023,Safety Supplies 0023,Safety Supplies,Z3-B01,Z3,935,935,0,0,89.10,83308.50,0.00,0,N,13,0,0.00,108,N,Routine,Routine: no recurring variance or recount pattern,N,5.43,Quarterly
3127,SKU0032,Electrical Components 0032,Electrical Components,Z3-B04,Z3,852,852,0,0,122.40,104284.80,0.00,0,N,13,0,0.00,108,N,Routine,Routine: no recurring variance or recount pattern,N,5.43,Quarterly
3128,SKU0036,Consumables 0036,Consumables,Z1-B04,Z1,1155,1155,0,0,17.20,19866.00,0.00,0,N,13,0,0.00,108,N,Routine,Routine: no recurring variance or recount pattern,N,5.43,Quarterly
3129,SKU0038,Maintenance Parts 0038,Maintenance Parts,Z3-B02,Z3,611,611,0,0,24.60,15030.60,0.00,0,N,13,0,0.00,108,N,Routine,Routine: no recurring variance or recount pattern,N,5.43,Quarterly
3130,SKU0048,Maintenance Parts 0048,Maintenance Parts,Z1-B04,Z1,636,636,0,0,61.60,39177.60,0.00,0,N,13,0,0.00,108,N,Routine,Routine: no recurring variance or recount pattern,N,5.43,Quarterly
3131,SKU0048,Maintenance Parts 0048,Maintenance Parts,Z3-B04,Z3,652,652,0,0,61.60,40163.20,0.00,0,N,13,0,0.00,108,N,Routine,Routine: no recurring variance or recount pattern,N,5.43,Quarterly
3132,SKU0050,Material Handling 0050,Material Handling,Z1-B02,Z1,770,770,0,0,69.00,53130.00,0.00,0,N,13,0,0.00,108,N,Routine,Routine: no recurring variance or recount pattern,N,5.43,Quarterly
3133,SKU0063,Safety Supplies 0063,Safety Supplies,Z3-B01,Z3,1128,1128,0,0,117.10,132088.80,0.00,0,N,13,0,0.00,108,N,Routine,Routine: no recurring variance or recount pattern,N,5.43,Quarterly
3134,SKU0065,Tools 0065,Tools,Z1-B03,Z1,499,499,0,0,4.50,2245.50,0.00,0,N,13,0,0.00,108,N,Routine,Routine: no recurring variance or recount pattern,N,5.43,Quarterly
3135,SKU0072,Electrical Components 0072,Electrical Components,Z1-B04,Z1,1078,1078,0,0,30.40,32771.20,0.00,0,N,13,0,0.00,108,N,Routine,Routine: no recurring variance or recount pattern,N,5.43,Quarterly
3136,SKU0078,Maintenance Parts 0078,Maintenance Parts,Z1-B02,Z1,782,782,0,0,52.60,41133.20,0.00,0,N,13,0,0.00,108,N,Routine,Routine: no recurring variance or recount pattern,N,5.43,Quarterly
3137,SKU0092,Electrical Components 0092,Electrical Components,Z1-B04,Z1,1160,1160,0,0,104.40,121104.00,0.00,0,N,13,0,0.00,108,N,Routine,Routine: no recurring variance or recount pattern,N,5.43,Quarterly
3138,SKU0102,Electrical Components 0102,Electrical Components,Z3-B02,Z3,623,623,0,0,21.40,13332.20,0.00,0,N,13,0,0.00,108,N,Routine,Routine: no recurring variance or recount pattern,N,5.43,Quarterly
3139,SKU0123,Safety Supplies 0123,Safety Supplies,Z1-B01,Z1,637,637,0,0,99.10,63126.70,0.00,0,N,13,0,0.00,108,N,Routine,Routine: no recurring variance or recount pattern,N,5.43,Quarterly
3140,SKU0145,Tools 0145,Tools,Z1-B03,Z1,956,956,0,0,60.50,57838.00,0.00,0,N,13,0,0.00,108,N,Routine,Routine: no recurring variance or recount pattern,N,5.43,Quarterly
3141,SKU0162,Electrical Components 0162,Electrical Components,Z1-B02,Z1,840,840,0,0,123.40,103656.00,0.00,0,N,13,0,0.00,108,N,Routine,Routine: no recurring variance or recount pattern,N,5.43,Quarterly
3142,SKU0162,Electrical Components 0162,Electrical Components,Z3-B02,Z3,824,824,0,0,123.40,101681.60,0.00,0,N,13,0,0.00,108,N,Routine,Routine: no recurring variance or recount pattern,N,5.43,Quarterly
3143,SKU0171,Industrial Supplies 0171,Industrial Supplies,Z1-B01,Z1,695,695,0,0,36.70,25506.50,0.00,0,N,13,0,0.00,108,N,Routine,Routine: no recurring variance or recount pattern,N,5.43,Quarterly
3144,SKU0177,Fasteners 0177,Fasteners,Z2-B03,Z2,625,625,0,0,58.90,36812.50,0.00,0,N,13,0,0.00,108,N,Routine,Routine: no recurring variance or recount pattern,N,5.43,Quarterly
3145,SKU0180,Material Handling 0180,Material Handling,Z1-B04,Z1,805,805,0,0,70.00,56350.00,0.00,0,N,13,0,0.00,108,N,Routine,Routine: no recurring variance or recount pattern,N,5.43,Quarterly
3146,SKU0188,Maintenance Parts 0188,Maintenance Parts,Z3-B01,Z3,0,0,0,0,554.00,0.00,0.00,0,N,13,0,0.00,108,N,Routine,Routine: no recurring variance or recount pattern,N,5.43,Quarterly
3147,SKU0195,Tools 0195,Tools,Z3-B01,Z3,571,571,0,0,5.50,3140.50,0.00,0,N,13,0,0.00,108,N,Routine,Routine: no recurring variance or recount pattern,N,5.43,Quarterly
3148,SKU0222,Electrical Components 0222,Electrical Components,Z3-B02,Z3,493,493,0,0,105.40,51962.20,0.00,0,N,13,0,0.00,108,N,Routine,Routine: no recurring variance or recount pattern,N,5.43,Quarterly
3149,SKU0225,Tools 0225,Tools,Z1-B03,Z1,667,667,0,0,116.50,77705.50,0.00,0,N,13,0,0.00,108,N,Routine,Routine: no recurring variance or recount pattern,N,5.43,Quarterly
3150,SKU0228,Maintenance Parts 0228,Maintenance Parts,Z2-B04,Z2,1008,1008,0,0,7.60,7660.80,0.00,0,N,13,0,0.00,108,N,Routine,Routine: no recurring variance or recount pattern,N,5.43,Quarterly
3151,SKU0246,Consumables 0246,Consumables,Z3-B02,Z3,971,971,0,0,74.20,72048.20,0.00,0,N,13,0,0.00,108,N,Routine,Routine: no recurring variance or recount pattern,N,5.43,Quarterly
3152,SKU0247,Fasteners 0247,Fasteners,Z3-B01,Z3,947,947,0,0,77.90,73771.30,0.00,0,N,13,0,0.00,108,N,Routine,Routine: no recurring variance or recount pattern,N,5.43,Quarterly
3153,SKU0257,Fasteners 0257,Fasteners,Z2-B03,Z2,1082,1082,0,0,114.90,124321.80,0.00,0,N,13,0,0.00,108,N,Routine,Routine: no recurring variance or recount pattern,N,5.43,Quarterly
3154,SKU0259,Shipping Supplies 0259,Shipping Supplies,Z2-B01,Z2,1184,1184,0,0,122.30,144803.20,0.00,0,N,13,0,0.00,108,N,Routine,Routine: no recurring variance or recount pattern,N,5.43,Quarterly
3155,SKU0259,Shipping Supplies 0259,Shipping Supplies,Z3-B01,Z3,475,475,0,0,122.30,58092.50,0.00,0,N,13,0,0.00,108,N,Routine,Routine: no recurring variance or recount pattern,N,5.43,Quarterly
3156,SKU0263,Safety Supplies 0263,Safety Supplies,Z2-B01,Z2,770,770,0,0,17.10,13167.00,0.00,0,N,13,0,0.00,108,N,Routine,Routine: no recurring variance or recount pattern,N,5.43,Quarterly
3157,SKU0270,Material Handling 0270,Material Handling,Z1-B02,Z1,583,583,0,0,43.00,25069.00,0.00,0,N,13,0,0.00,108,N,Routine,Routine: no recurring variance or recount pattern,N,5.43,Quarterly
3158,SKU0271,Industrial Supplies 0271,Industrial Supplies,Z3-B01,Z3,637,637,0,0,46.70,29747.90,0.00,0,N,13,0,0.00,108,N,Routine,Routine: no recurring variance or recount pattern,N,5.43,Quarterly
3159,SKU0275,Tools 0275,Tools,Z2-B01,Z2,995,995,0,0,61.50,61192.50,0.00,0,N,13,0,0.00,108,N,Routine,Routine: no recurring variance or recount pattern,N,5.43,Quarterly
3160,SKU0279,Shipping Supplies 0279,Shipping Supplies,Z2-B01,Z2,600,600,0,0,76.30,45780.00,0.00,0,N,13,0,0.00,108,N,Routine,Routine: no recurring variance or recount pattern,N,5.43,Quarterly
3161,SKU0288,Maintenance Parts 0288,Maintenance Parts,Z2-B04,Z2,552,552,0,0,109.60,60499.20,0.00,0,N,13,0,0.00,108,N,Routine,Routine: no recurring variance or recount pattern,N,5.43,Quarterly
3162,SKU0289,Shipping Supplies 0289,Shipping Supplies,Z2-B03,Z2,579,579,0,0,113.30,65600.70,0.00,0,N,13,0,0.00,108,N,Routine,Routine: no recurring variance or recount pattern,N,5.43,Quarterly
3163,SKU0290,Material Handling 0290,Material Handling,Z1-B02,Z1,648,648,0,0,117.00,75816.00,0.00,0,N,13,0,0.00,108,N,Routine,Routine: no recurring variance or recount pattern,N,5.43,Quarterly
3164,SKU0296,Consumables 0296,Consumables,Z2-B04,Z2,464,464,0,0,19.20,8908.80,0.00,0,N,13,0,0.00,108,N,Routine,Routine: no recurring variance or recount pattern,N,5.43,Quarterly
3165,SKU0004,Packaging 0004,Packaging,Z2-B04,Z2,793,793,0,0,18.80,14908.40,0.00,0,N,13,0,0.00,107,N,Routine,Routine: no recurring variance or recount pattern,N,5.38,Quarterly
3166,SKU0045,Tools 0045,Tools,Z1-B03,Z1,1027,1027,0,0,50.50,51863.50,0.00,0,N,13,0,0.00,107,N,Routine,Routine: no recurring variance or recount pattern,N,5.38,Quarterly
3167,SKU0055,Tools 0055,Tools,Z2-B01,Z2,499,499,0,0,87.50,43662.50,0.00,0,N,13,0,0.00,107,N,Routine,Routine: no recurring variance or recount pattern,N,5.38,Quarterly
3168,SKU0064,Packaging 0064,Packaging,Z3-B04,Z3,552,552,0,0,120.80,66681.60,0.00,0,N,13,0,0.00,107,N,Routine,Routine: no recurring variance or recount pattern,N,5.38,Quarterly
3169,SKU0067,Fasteners 0067,Fasteners,Z1-B01,Z1,638,638,0,0,11.90,7592.20,0.00,0,N,13,0,0.00,107,N,Routine,Routine: no recurring variance or recount pattern,N,5.38,Quarterly
3170,SKU0067,Fasteners 0067,Fasteners,Z3-B01,Z3,673,673,0,0,11.90,8008.70,0.00,0,N,13,0,0.00,107,N,Routine,Routine: no recurring variance or recount pattern,N,5.38,Quarterly
3171,SKU0087,Fasteners 0087,Fasteners,Z1-B01,Z1,692,692,0,0,85.90,59442.80,0.00,0,N,13,0,0.00,107,N,Routine,Routine: no recurring variance or recount pattern,N,5.38,Quarterly
3172,SKU0092,Electrical Components 0092,Electrical Components,Z3-B04,Z3,556,556,0,0,104.40,58046.40,0.00,0,N,13,0,0.00,107,N,Routine,Routine: no recurring variance or recount pattern,N,5.38,Quarterly
3173,SKU0094,Packaging 0094,Packaging,Z1-B02,Z1,587,587,0,0,111.80,65626.60,0.00,0,N,13,0,0.00,107,N,Routine,Routine: no recurring variance or recount pattern,N,5.38,Quarterly
3174,SKU0113,Safety Supplies 0113,Safety Supplies,Z1-B03,Z1,598,598,0,0,62.10,37135.80,0.00,0,N,13,0,0.00,107,N,Routine,Routine: no recurring variance or recount pattern,N,5.38,Quarterly
3175,SKU0127,Fasteners 0127,Fasteners,Z1-B01,Z1,965,965,0,0,113.90,109913.50,0.00,0,N,13,0,0.00,107,N,Routine,Routine: no recurring variance or recount pattern,N,5.38,Quarterly
3176,SKU0143,Safety Supplies 0143,Safety Supplies,Z2-B01,Z2,815,815,0,0,53.10,43276.50,0.00,0,N,13,0,0.00,107,N,Routine,Routine: no recurring variance or recount pattern,N,5.38,Quarterly
3177,SKU0155,Tools 0155,Tools,Z1-B01,Z1,915,915,0,0,97.50,89212.50,0.00,0,N,13,0,0.00,107,N,Routine,Routine: no recurring variance or recount pattern,N,5.38,Quarterly
3178,SKU0176,Consumables 0176,Consumables,Z3-B04,Z3,566,566,0,0,55.20,31243.20,0.00,0,N,13,0,0.00,107,N,Routine,Routine: no recurring variance or recount pattern,N,5.38,Quarterly
3179,SKU0179,Shipping Supplies 0179,Shipping Supplies,Z1-B01,Z1,727,727,0,0,66.30,48200.10,0.00,0,N,13,0,0.00,107,N,Routine,Routine: no recurring variance or recount pattern,N,5.38,Quarterly
3180,SKU0180,Material Handling 0180,Material Handling,Z2-B04,Z2,751,751,0,0,70.00,52570.00,0.00,0,N,13,0,0.00,107,N,Routine,Routine: no recurring variance or recount pattern,N,5.38,Quarterly
3181,SKU0184,Packaging 0184,Packaging,Z1-B04,Z1,1106,1106,0,0,84.80,93788.80,0.00,0,N,13,0,0.00,107,N,Routine,Routine: no recurring variance or recount pattern,N,5.38,Quarterly
3182,SKU0192,Electrical Components 0192,Electrical Components,Z2-B04,Z2,980,980,0,0,114.40,112112.00,0.00,0,N,13,0,0.00,107,N,Routine,Routine: no recurring variance or recount pattern,N,5.38,Quarterly
3183,SKU0198,Maintenance Parts 0198,Maintenance Parts,Z3-B02,Z3,821,821,0,0,16.60,13628.60,0.00,0,N,13,0,0.00,107,N,Routine,Routine: no recurring variance or recount pattern,N,5.38,Quarterly
3184,SKU0207,Fasteners 0207,Fasteners,Z1-B01,Z1,697,697,0,0,49.90,34780.30,0.00,0,N,13,0,0.00,107,N,Routine,Routine: no recurring variance or recount pattern,N,5.38,Quarterly
3185,SKU0211,Industrial Supplies 0211,Industrial Supplies,Z1-B01,Z1,910,910,0,0,64.70,58877.00,0.00,0,N,13,0,0.00,107,N,Routine,Routine: no recurring variance or recount pattern,N,5.38,Quarterly
3186,SKU0224,Packaging 0224,Packaging,Z2-B04,Z2,657,657,0,0,112.80,74109.60,0.00,0,N,13,0,0.00,107,N,Routine,Routine: no recurring variance or recount pattern,N,5.38,Quarterly
3187,SKU0235,Tools 0235,Tools,Z1-B01,Z1,711,711,0,0,33.50,23818.50,0.00,0,N,13,0,0.00,107,N,Routine,Routine: no recurring variance or recount pattern,N,5.38,Quarterly
3188,SKU0245,Tools 0245,Tools,Z1-B03,Z1,712,712,0,0,70.50,50196.00,0.00,0,N,13,0,0.00,107,N,Routine,Routine: no recurring variance or recount pattern,N,5.38,Quarterly
3189,SKU0253,Safety Supplies 0253,Safety Supplies,Z1-B03,Z1,678,678,0,0,100.10,67867.80,0.00,0,N,13,0,0.00,107,N,Routine,Routine: no recurring variance or recount pattern,N,5.38,Quarterly
3190,SKU0264,Packaging 0264,Packaging,Z1-B04,Z1,829,829,0,0,20.80,17243.20,0.00,0,N,13,0,0.00,107,N,Routine,Routine: no recurring variance or recount pattern,N,5.38,Quarterly
3191,SKU0292,Electrical Components 0292,Electrical Components,Z2-B04,Z2,893,893,0,0,4.40,3929.20,0.00,0,N,13,0,0.00,107,N,Routine,Routine: no recurring variance or recount pattern,N,5.38,Quarterly
3192,SKU0299,Shipping Supplies 0299,Shipping Supplies,Z1-B01,Z1,638,638,0,0,30.30,19331.40,0.00,0,N,13,0,0.00,107,N,Routine,Routine: no recurring variance or recount pattern,N,5.38,Quarterly
3193,SKU0299,Shipping Supplies 0299,Shipping Supplies,Z3-B01,Z3,672,672,0,0,30.30,20361.60,0.00,0,N,13,0,0.00,107,N,Routine,Routine: no recurring variance or recount pattern,N,5.38,Quarterly
3194,SKU0026,Consumables 0026,Consumables,Z3-B02,Z3,1040,1040,0,0,100.20,104208.00,0.00,0,N,13,0,0.00,106,N,Routine,Routine: no recurring variance or recount pattern,N,5.33,Quarterly
3195,SKU0032,Electrical Components 0032,Electrical Components,Z2-B04,Z2,782,782,0,0,122.40,95716.80,0.00,0,N,13,0,0.00,106,N,Routine,Routine: no recurring variance or recount pattern,N,5.33,Quarterly
3196,SKU0039,Shipping Supplies 0039,Shipping Supplies,Z1-B01,Z1,665,665,0,0,28.30,18819.50,0.00,0,N,13,0,0.00,106,N,Routine,Routine: no recurring variance or recount pattern,N,5.33,Quarterly
3197,SKU0050,Material Handling 0050,Material Handling,Z3-B02,Z3,766,766,0,0,69.00,52854.00,0.00,0,N,13,0,0.00,106,N,Routine,Routine: no recurring variance or recount pattern,N,5.33,Quarterly
3198,SKU0058,Maintenance Parts 0058,Maintenance Parts,Z3-B02,Z3,763,763,0,0,98.60,75231.80,0.00,0,N,13,0,0.00,106,N,Routine,Routine: no recurring variance or recount pattern,N,5.33,Quarterly
3199,SKU0059,Shipping Supplies 0059,Shipping Supplies,Z2-B01,Z2,807,807,0,0,102.30,82556.10,0.00,0,N,13,0,0.00,106,N,Routine,Routine: no recurring variance or recount pattern,N,5.33,Quarterly
3200,SKU0066,Consumables 0066,Consumables,Z1-B02,Z1,622,622,0,0,8.20,5100.40,0.00,0,N,13,0,0.00,106,N,Routine,Routine: no recurring variance or recount pattern,N,5.33,Quarterly
3201,SKU0067,Fasteners 0067,Fasteners,Z2-B01,Z2,646,646,0,0,11.90,7687.40,0.00,0,N,13,0,0.00,106,N,Routine,Routine: no recurring variance or recount pattern,N,5.33,Quarterly
3202,SKU0077,Fasteners 0077,Fasteners,Z2-B03,Z2,738,738,0,0,48.90,36088.20,0.00,0,N,13,0,0.00,106,N,Routine,Routine: no recurring variance or recount pattern,N,5.33,Quarterly
3203,SKU0079,Shipping Supplies 0079,Shipping Supplies,Z1-B01,Z1,895,895,0,0,56.30,50388.50,0.00,0,N,13,0,0.00,106,N,Routine,Routine: no recurring variance or recount pattern,N,5.33,Quarterly
3204,SKU0098,Maintenance Parts 0098,Maintenance Parts,Z3-B02,Z3,1013,1013,0,0,6.60,6685.80,0.00,0,N,13,0,0.00,106,N,Routine,Routine: no recurring variance or recount pattern,N,5.33,Quarterly
3205,SKU0106,Consumables 0106,Consumables,Z3-B02,Z3,804,804,0,0,36.20,29104.80,0.00,0,N,13,0,0.00,106,N,Routine,Routine: no recurring variance or recount pattern,N,5.33,Quarterly
3206,SKU0122,Electrical Components 0122,Electrical Components,Z3-B02,Z3,651,651,0,0,95.40,62105.40,0.00,0,N,13,0,0.00,106,N,Routine,Routine: no recurring variance or recount pattern,N,5.33,Quarterly
3207,SKU0129,Shipping Supplies 0129,Shipping Supplies,Z2-B03,Z2,473,473,0,0,121.30,57374.90,0.00,0,N,13,0,0.00,106,N,Routine,Routine: no recurring variance or recount pattern,N,5.33,Quarterly
3208,SKU0136,Consumables 0136,Consumables,Z2-B04,Z2,1033,1033,0,0,27.20,28097.60,0.00,0,N,13,0,0.00,106,N,Routine,Routine: no recurring variance or recount pattern,N,5.33,Quarterly
3209,SKU0140,Material Handling 0140,Material Handling,Z1-B04,Z1,603,603,0,0,42.00,25326.00,0.00,0,N,13,0,0.00,106,N,Routine,Routine: no recurring variance or recount pattern,N,5.33,Quarterly
3210,SKU0143,Safety Supplies 0143,Safety Supplies,Z1-B01,Z1,740,740,0,0,53.10,39294.00,0.00,0,N,13,0,0.00,106,N,Routine,Routine: no recurring variance or recount pattern,N,5.33,Quarterly
3211,SKU0144,Packaging 0144,Packaging,Z1-B04,Z1,862,862,0,0,56.80,48961.60,0.00,0,N,13,0,0.00,106,N,Routine,Routine: no recurring variance or recount pattern,N,5.33,Quarterly
3212,SKU0146,Consumables 0146,Consumables,Z3-B02,Z3,1029,1029,0,0,64.20,66061.80,0.00,0,N,13,0,0.00,106,N,Routine,Routine: no recurring variance or recount pattern,N,5.33,Quarterly
3213,SKU0149,Shipping Supplies 0149,Shipping Supplies,Z2-B03,Z2,599,599,0,0,75.30,45104.70,0.00,0,N,13,0,0.00,106,N,Routine,Routine: no recurring variance or recount pattern,N,5.33,Quarterly
3214,SKU0163,Safety Supplies 0163,Safety Supplies,Z2-B01,Z2,884,884,0,0,7.10,6276.40,0.00,0,N,13,0,0.00,106,N,Routine,Routine: no recurring variance or recount pattern,N,5.33,Quarterly
3215,SKU0169,Shipping Supplies 0169,Shipping Supplies,Z2-B03,Z2,677,677,0,0,29.30,19836.10,0.00,0,N,13,0,0.00,106,N,Routine,Routine: no recurring variance or recount pattern,N,5.33,Quarterly
3216,SKU0176,Consumables 0176,Consumables,Z1-B04,Z1,485,485,0,0,55.20,26772.00,0.00,0,N,13,0,0.00,106,N,Routine,Routine: no recurring variance or recount pattern,N,5.33,Quarterly
3217,SKU0183,Safety Supplies 0183,Safety Supplies,Z3-B01,Z3,1088,1088,0,0,81.10,88236.80,0.00,0,N,13,0,0.00,106,N,Routine,Routine: no recurring variance or recount pattern,N,5.33,Quarterly
3218,SKU0190,Material Handling 0190,Material Handling,Z1-B02,Z1,838,838,0,0,107.00,89666.00,0.00,0,N,13,0,0.00,106,N,Routine,Routine: no recurring variance or recount pattern,N,5.33,Quarterly
3219,SKU0206,Consumables 0206,Consumables,Z3-B02,Z3,703,703,0,0,46.20,32478.60,0.00,0,N,13,0,0.00,106,N,Routine,Routine: no recurring variance or recount pattern,N,5.33,Quarterly
3220,SKU0207,Fasteners 0207,Fasteners,Z3-B01,Z3,705,705,0,0,49.90,35179.50,0.00,0,N,13,0,0.00,106,N,Routine,Routine: no recurring variance or recount pattern,N,5.33,Quarterly
3221,SKU0209,Shipping Supplies 0209,Shipping Supplies,Z2-B03,Z2,867,867,0,0,57.30,49679.10,0.00,0,N,13,0,0.00,106,N,Routine,Routine: no recurring variance or recount pattern,N,5.33,Quarterly
3222,SKU0219,Shipping Supplies 0219,Shipping Supplies,Z1-B01,Z1,924,924,0,0,94.30,87133.20,0.00,0,N,13,0,0.00,106,N,Routine,Routine: no recurring variance or recount pattern,N,5.33,Quarterly
3223,SKU0227,Fasteners 0227,Fasteners,Z3-B01,Z3,868,868,0,0,123.90,107545.20,0.00,0,N,13,0,0.00,106,N,Routine,Routine: no recurring variance or recount pattern,N,5.33,Quarterly
3224,SKU0233,Safety Supplies 0233,Safety Supplies,Z1-B03,Z1,540,540,0,0,26.10,14094.00,0.00,0,N,13,0,0.00,106,N,Routine,Routine: no recurring variance or recount pattern,N,5.33,Quarterly
3225,SKU0233,Safety Supplies 0233,Safety Supplies,Z2-B03,Z2,639,639,0,0,26.10,16677.90,0.00,0,N,13,0,0.00,106,N,Routine,Routine: no recurring variance or recount pattern,N,5.33,Quarterly
3226,SKU0238,Maintenance Parts 0238,Maintenance Parts,Z3-B02,Z3,1021,1021,0,0,44.60,45536.60,0.00,0,N,13,0,0.00,106,N,Routine,Routine: no recurring variance or recount pattern,N,5.33,Quarterly
3227,SKU0254,Packaging 0254,Packaging,Z1-B02,Z1,762,762,0,0,103.80,79095.60,0.00,0,N,13,0,0.00,106,N,Routine,Routine: no recurring variance or recount pattern,N,5.33,Quarterly
3228,SKU0267,Fasteners 0267,Fasteners,Z2-B01,Z2,966,966,0,0,31.90,30815.40,0.00,0,N,13,0,0.00,106,N,Routine,Routine: no recurring variance or recount pattern,N,5.33,Quarterly
3229,SKU0280,Material Handling 0280,Material Handling,Z2-B04,Z2,712,712,0,0,80.00,56960.00,0.00,0,N,13,0,0.00,106,N,Routine,Routine: no recurring variance or recount pattern,N,5.33,Quarterly
3230,SKU0284,Packaging 0284,Packaging,Z2-B04,Z2,994,994,0,0,94.80,94231.20,0.00,0,N,13,0,0.00,106,N,Routine,Routine: no recurring variance or recount pattern,N,5.33,Quarterly
3231,SKU0287,Fasteners 0287,Fasteners,Z2-B01,Z2,1161,1161,0,0,105.90,122949.90,0.00,0,N,13,0,0.00,106,N,Routine,Routine: no recurring variance or recount pattern,N,5.33,Quarterly
3232,SKU0296,Consumables 0296,Consumables,Z1-B04,Z1,1179,1179,0,0,19.20,22636.80,0.00,0,N,13,0,0.00,106,N,Routine,Routine: no recurring variance or recount pattern,N,5.33,Quarterly
3233,SKU0040,Material Handling 0040,Material Handling,Z2-B04,Z2,813,813,0,0,32.00,26016.00,0.00,0,N,13,0,0.00,105,N,Routine,Routine: no recurring variance or recount pattern,N,5.28,Quarterly
3234,SKU0043,Safety Supplies 0043,Safety Supplies,Z3-B01,Z3,948,948,0,0,43.10,40858.80,0.00,0,N,13,0,0.00,105,N,Routine,Routine: no recurring variance or recount pattern,N,5.28,Quarterly
3235,SKU0045,Tools 0045,Tools,Z2-B03,Z2,1079,1079,0,0,50.50,54489.50,0.00,0,N,13,0,0.00,105,N,Routine,Routine: no recurring variance or recount pattern,N,5.28,Quarterly
3236,SKU0049,Shipping Supplies 0049,Shipping Supplies,Z2-B03,Z2,720,720,0,0,65.30,47016.00,0.00,0,N,13,0,0.00,105,N,Routine,Routine: no recurring variance or recount pattern,N,5.28,Quarterly
3237,SKU0051,Industrial Supplies 0051,Industrial Supplies,Z1-B01,Z1,752,752,0,0,72.70,54670.40,0.00,0,N,13,0,0.00,105,N,Routine,Routine: no recurring variance or recount pattern,N,5.28,Quarterly
3238,SKU0052,Electrical Components 0052,Electrical Components,Z1-B04,Z1,846,846,0,0,76.40,64634.40,0.00,0,N,13,0,0.00,105,N,Routine,Routine: no recurring variance or recount pattern,N,5.28,Quarterly
3239,SKU0056,Consumables 0056,Consumables,Z2-B04,Z2,570,570,0,0,91.20,51984.00,0.00,0,N,13,0,0.00,105,N,Routine,Routine: no recurring variance or recount pattern,N,5.28,Quarterly
3240,SKU0061,Industrial Supplies 0061,Industrial Supplies,Z1-B03,Z1,922,922,0,0,109.70,101143.40,0.00,0,N,13,0,0.00,105,N,Routine,Routine: no recurring variance or recount pattern,N,5.28,Quarterly
3241,SKU0083,Safety Supplies 0083,Safety Supplies,Z3-B01,Z3,513,513,0,0,71.10,36474.30,0.00,0,N,13,0,0.00,105,N,Routine,Routine: no recurring variance or recount pattern,N,5.28,Quarterly
3242,SKU0095,Tools 0095,Tools,Z3-B01,Z3,688,688,0,0,115.50,79464.00,0.00,0,N,13,0,0.00,105,N,Routine,Routine: no recurring variance or recount pattern,N,5.28,Quarterly
3243,SKU0102,Electrical Components 0102,Electrical Components,Z1-B02,Z1,428,428,0,0,21.40,9159.20,0.00,0,N,13,0,0.00,105,N,Routine,Routine: no recurring variance or recount pattern,N,5.28,Quarterly
3244,SKU0114,Packaging 0114,Packaging,Z1-B02,Z1,645,645,0,0,65.80,42441.00,0.00,0,N,13,0,0.00,105,N,Routine,Routine: no recurring variance or recount pattern,N,5.28,Quarterly
3245,SKU0138,Maintenance Parts 0138,Maintenance Parts,Z3-B02,Z3,470,470,0,0,34.60,16262.00,0.00,0,N,13,0,0.00,105,N,Routine,Routine: no recurring variance or recount pattern,N,5.28,Quarterly
3246,SKU0144,Packaging 0144,Packaging,Z3-B04,Z3,886,886,0,0,56.80,50324.80,0.00,0,N,13,0,0.00,105,N,Routine,Routine: no recurring variance or recount pattern,N,5.28,Quarterly
3247,SKU0151,Industrial Supplies 0151,Industrial Supplies,Z3-B01,Z3,718,718,0,0,82.70,59378.60,0.00,0,N,13,0,0.00,105,N,Routine,Routine: no recurring variance or recount pattern,N,5.28,Quarterly
3248,SKU0158,Maintenance Parts 0158,Maintenance Parts,Z3-B02,Z3,611,611,0,0,108.60,66354.60,0.00,0,N,13,0,0.00,105,N,Routine,Routine: no recurring variance or recount pattern,N,5.28,Quarterly
3249,SKU0173,Safety Supplies 0173,Safety Supplies,Z1-B03,Z1,955,955,0,0,44.10,42115.50,0.00,0,N,13,0,0.00,105,N,Routine,Routine: no recurring variance or recount pattern,N,5.28,Quarterly
3250,SKU0174,Packaging 0174,Packaging,Z3-B02,Z3,1016,1016,0,0,47.80,48564.80,0.00,0,N,13,0,0.00,105,N,Routine,Routine: no recurring variance or recount pattern,N,5.28,Quarterly
3251,SKU0182,Electrical Components 0182,Electrical Components,Z3-B02,Z3,1040,1040,0,0,77.40,80496.00,0.00,0,N,13,0,0.00,105,N,Routine,Routine: no recurring variance or recount pattern,N,5.28,Quarterly
3252,SKU0189,Shipping Supplies 0189,Shipping Supplies,Z2-B03,Z2,820,820,0,0,103.30,84706.00,0.00,0,N,13,0,0.00,105,N,Routine,Routine: no recurring variance or recount pattern,N,5.28,Quarterly
3253,SKU0210,Material Handling 0210,Material Handling,Z3-B02,Z3,1015,1015,0,0,61.00,61915.00,0.00,0,N,13,0,0.00,105,N,Routine,Routine: no recurring variance or recount pattern,N,5.28,Quarterly
3254,SKU0211,Industrial Supplies 0211,Industrial Supplies,Z3-B01,Z3,1138,1138,0,0,64.70,73628.60,0.00,0,N,13,0,0.00,105,N,Routine,Routine: no recurring variance or recount pattern,N,5.28,Quarterly
3255,SKU0216,Consumables 0216,Consumables,Z1-B04,Z1,678,678,0,0,83.20,56409.60,0.00,0,N,13,0,0.00,105,N,Routine,Routine: no recurring variance or recount pattern,N,5.28,Quarterly
3256,SKU0220,Material Handling 0220,Material Handling,Z1-B04,Z1,910,910,0,0,98.00,89180.00,0.00,0,N,13,0,0.00,105,N,Routine,Routine: no recurring variance or recount pattern,N,5.28,Quarterly
3257,SKU0231,Industrial Supplies 0231,Industrial Supplies,Z1-B01,Z1,1129,1129,0,0,18.70,21112.30,0.00,0,N,13,0,0.00,105,N,Routine,Routine: no recurring variance or recount pattern,N,5.28,Quarterly
3258,SKU0232,Electrical Components 0232,Electrical Components,Z1-B04,Z1,456,456,0,0,22.40,10214.40,0.00,0,N,13,0,0.00,105,N,Routine,Routine: no recurring variance or recount pattern,N,5.28,Quarterly
3259,SKU0237,Fasteners 0237,Fasteners,Z2-B03,Z2,868,868,0,0,40.90,35501.20,0.00,0,N,13,0,0.00,105,N,Routine,Routine: no recurring variance or recount pattern,N,5.28,Quarterly
3260,SKU0240,Material Handling 0240,Material Handling,Z1-B04,Z1,1123,1123,0,0,52.00,58396.00,0.00,0,N,13,0,0.00,105,N,Routine,Routine: no recurring variance or recount pattern,N,5.28,Quarterly
3261,SKU0240,Material Handling 0240,Material Handling,Z2-B04,Z2,1205,1205,0,0,52.00,62660.00,0.00,0,N,13,0,0.00,105,N,Routine,Routine: no recurring variance or recount pattern,N,5.28,Quarterly
3262,SKU0241,Industrial Supplies 0241,Industrial Supplies,Z2-B03,Z2,558,558,0,0,55.70,31080.60,0.00,0,N,13,0,0.00,105,N,Routine,Routine: no recurring variance or recount pattern,N,5.28,Quarterly
3263,SKU0242,Electrical Components 0242,Electrical Components,Z3-B02,Z3,606,606,0,0,59.40,35996.40,0.00,0,N,13,0,0.00,105,N,Routine,Routine: no recurring variance or recount pattern,N,5.28,Quarterly
3264,SKU0247,Fasteners 0247,Fasteners,Z2-B01,Z2,1003,1003,0,0,77.90,78133.70,0.00,0,N,13,0,0.00,105,N,Routine,Routine: no recurring variance or recount pattern,N,5.28,Quarterly
3265,SKU0248,Maintenance Parts 0248,Maintenance Parts,Z3-B04,Z3,1145,1145,0,0,81.60,93432.00,0.00,0,N,13,0,0.00,105,N,Routine,Routine: no recurring variance or recount pattern,N,5.28,Quarterly
3266,SKU0253,Safety Supplies 0253,Safety Supplies,Z2-B03,Z2,682,682,0,0,100.10,68268.20,0.00,0,N,13,0,0.00,105,N,Routine,Routine: no recurring variance or recount pattern,N,5.28,Quarterly
3267,SKU0271,Industrial Supplies 0271,Industrial Supplies,Z1-B01,Z1,608,608,0,0,46.70,28393.60,0.00,0,N,13,0,0.00,105,N,Routine,Routine: no recurring variance or recount pattern,N,5.28,Quarterly
3268,SKU0271,Industrial Supplies 0271,Industrial Supplies,Z2-B01,Z2,614,614,0,0,46.70,28673.80,0.00,0,N,13,0,0.00,105,N,Routine,Routine: no recurring variance or recount pattern,N,5.28,Quarterly
3269,SKU0275,Tools 0275,Tools,Z1-B01,Z1,935,935,0,0,61.50,57502.50,0.00,0,N,13,0,0.00,105,N,Routine,Routine: no recurring variance or recount pattern,N,5.28,Quarterly
3270,SKU0276,Consumables 0276,Consumables,Z1-B04,Z1,1070,1070,0,0,65.20,69764.00,0.00,0,N,13,0,0.00,105,N,Routine,Routine: no recurring variance or recount pattern,N,5.28,Quarterly
3271,SKU0280,Material Handling 0280,Material Handling,Z3-B04,Z3,643,643,0,0,80.00,51440.00,0.00,0,N,13,0,0.00,105,N,Routine,Routine: no recurring variance or recount pattern,N,5.28,Quarterly
3272,SKU0286,Consumables 0286,Consumables,Z1-B02,Z1,1102,1102,0,0,102.20,112624.40,0.00,0,N,13,0,0.00,105,N,Routine,Routine: no recurring variance or recount pattern,N,5.28,Quarterly
3273,SKU0008,Maintenance Parts 0008,Maintenance Parts,Z1-B04,Z1,1132,1132,0,0,33.60,38035.20,0.00,0,N,13,0,0.00,104,N,Routine,Routine: no recurring variance or recount pattern,N,5.23,Quarterly
3274,SKU0011,Industrial Supplies 0011,Industrial Supplies,Z2-B01,Z2,594,594,0,0,44.70,26551.80,0.00,0,N,13,0,0.00,104,N,Routine,Routine: no recurring variance or recount pattern,N,5.23,Quarterly
3275,SKU0011,Industrial Supplies 0011,Industrial Supplies,Z3-B01,Z3,715,715,0,0,44.70,31960.50,0.00,0,N,13,0,0.00,104,N,Routine,Routine: no recurring variance or recount pattern,N,5.23,Quarterly
3276,SKU0015,Tools 0015,Tools,Z1-B01,Z1,967,967,0,0,59.50,57536.50,0.00,0,N,13,0,0.00,104,N,Routine,Routine: no recurring variance or recount pattern,N,5.23,Quarterly
3277,SKU0018,Maintenance Parts 0018,Maintenance Parts,Z3-B02,Z3,579,579,0,0,70.60,40877.40,0.00,0,N,13,0,0.00,104,N,Routine,Routine: no recurring variance or recount pattern,N,5.23,Quarterly
3278,SKU0026,Consumables 0026,Consumables,Z1-B02,Z1,1117,1117,0,0,100.20,111923.40,0.00,0,N,13,0,0.00,104,N,Routine,Routine: no recurring variance or recount pattern,N,5.23,Quarterly
3279,SKU0027,Fasteners 0027,Fasteners,Z3-B01,Z3,489,489,0,0,103.90,50807.10,0.00,0,N,13,0,0.00,104,N,Routine,Routine: no recurring variance or recount pattern,N,5.23,Quarterly
3280,SKU0031,Industrial Supplies 0031,Industrial Supplies,Z3-B01,Z3,840,840,0,0,118.70,99708.00,0.00,0,N,13,0,0.00,104,N,Routine,Routine: no recurring variance or recount pattern,N,5.23,Quarterly
3281,SKU0035,Tools 0035,Tools,Z2-B01,Z2,1077,1077,0,0,13.50,14539.50,0.00,0,N,13,0,0.00,104,N,Routine,Routine: no recurring variance or recount pattern,N,5.23,Quarterly
3282,SKU0036,Consumables 0036,Consumables,Z3-B04,Z3,459,459,0,0,17.20,7894.80,0.00,0,N,13,0,0.00,104,N,Routine,Routine: no recurring variance or recount pattern,N,5.23,Quarterly
3283,SKU0056,Consumables 0056,Consumables,Z1-B04,Z1,535,535,0,0,91.20,48792.00,0.00,0,N,13,0,0.00,104,N,Routine,Routine: no recurring variance or recount pattern,N,5.23,Quarterly
3284,SKU0063,Safety Supplies 0063,Safety Supplies,Z2-B01,Z2,1038,1038,0,0,117.10,121549.80,0.00,0,N,13,0,0.00,104,N,Routine,Routine: no recurring variance or recount pattern,N,5.23,Quarterly
3285,SKU0080,Material Handling 0080,Material Handling,Z2-B04,Z2,1013,1013,0,0,60.00,60780.00,0.00,0,N,13,0,0.00,104,N,Routine,Routine: no recurring variance or recount pattern,N,5.23,Quarterly
3286,SKU0101,Industrial Supplies 0101,Industrial Supplies,Z2-B03,Z2,1078,1078,0,0,17.70,19080.60,0.00,0,N,13,0,0.00,104,N,Routine,Routine: no recurring variance or recount pattern,N,5.23,Quarterly
3287,SKU0111,Industrial Supplies 0111,Industrial Supplies,Z2-B01,Z2,530,530,0,0,54.70,28991.00,0.00,0,N,13,0,0.00,104,N,Routine,Routine: no recurring variance or recount pattern,N,5.23,Quarterly
3288,SKU0117,Fasteners 0117,Fasteners,Z1-B03,Z1,961,961,0,0,76.90,73900.90,0.00,0,N,13,0,0.00,104,N,Routine,Routine: no recurring variance or recount pattern,N,5.23,Quarterly
3289,SKU0123,Safety Supplies 0123,Safety Supplies,Z3-B01,Z3,669,669,0,0,99.10,66297.90,0.00,0,N,13,0,0.00,104,N,Routine,Routine: no recurring variance or recount pattern,N,5.23,Quarterly
3290,SKU0127,Fasteners 0127,Fasteners,Z2-B01,Z2,1012,1012,0,0,113.90,115266.80,0.00,0,N,13,0,0.00,104,N,Routine,Routine: no recurring variance or recount pattern,N,5.23,Quarterly
3291,SKU0140,Material Handling 0140,Material Handling,Z3-B04,Z3,580,580,0,0,42.00,24360.00,0.00,0,N,13,0,0.00,104,N,Routine,Routine: no recurring variance or recount pattern,N,5.23,Quarterly
3292,SKU0147,Fasteners 0147,Fasteners,Z2-B01,Z2,1047,1047,0,0,67.90,71091.30,0.00,0,N,13,0,0.00,104,N,Routine,Routine: no recurring variance or recount pattern,N,5.23,Quarterly
3293,SKU0151,Industrial Supplies 0151,Industrial Supplies,Z1-B01,Z1,681,681,0,0,82.70,56318.70,0.00,0,N,13,0,0.00,104,N,Routine,Routine: no recurring variance or recount pattern,N,5.23,Quarterly
3294,SKU0159,Shipping Supplies 0159,Shipping Supplies,Z2-B01,Z2,550,550,0,0,112.30,61765.00,0.00,0,N,13,0,0.00,104,N,Routine,Routine: no recurring variance or recount pattern,N,5.23,Quarterly
3295,SKU0159,Shipping Supplies 0159,Shipping Supplies,Z3-B01,Z3,697,697,0,0,112.30,78273.10,0.00,0,N,13,0,0.00,104,N,Routine,Routine: no recurring variance or recount pattern,N,5.23,Quarterly
3296,SKU0160,Material Handling 0160,Material Handling,Z3-B04,Z3,750,750,0,0,116.00,87000.00,0.00,0,N,13,0,0.00,104,N,Routine,Routine: no recurring variance or recount pattern,N,5.23,Quarterly
3297,SKU0166,Consumables 0166,Consumables,Z1-B02,Z1,1061,1061,0,0,18.20,19310.20,0.00,0,N,13,0,0.00,104,N,Routine,Routine: no recurring variance or recount pattern,N,5.23,Quarterly
3298,SKU0167,Fasteners 0167,Fasteners,Z1-B01,Z1,471,471,0,0,21.90,10314.90,0.00,0,N,13,0,0.00,104,N,Routine,Routine: no recurring variance or recount pattern,N,5.23,Quarterly
3299,SKU0179,Shipping Supplies 0179,Shipping Supplies,Z2-B01,Z2,751,751,0,0,66.30,49791.30,0.00,0,N,13,0,0.00,104,N,Routine,Routine: no recurring variance or recount pattern,N,5.23,Quarterly
3300,SKU0186,Consumables 0186,Consumables,Z3-B02,Z3,565,565,0,0,92.20,52093.00,0.00,0,N,13,0,0.00,104,N,Routine,Routine: no recurring variance or recount pattern,N,5.23,Quarterly
3301,SKU0200,Material Handling 0200,Material Handling,Z1-B04,Z1,894,894,0,0,24.00,21456.00,0.00,0,N,13,0,0.00,104,N,Routine,Routine: no recurring variance or recount pattern,N,5.23,Quarterly
3302,SKU0213,Safety Supplies 0213,Safety Supplies,Z2-B03,Z2,531,531,0,0,72.10,38285.10,0.00,0,N,13,0,0.00,104,N,Routine,Routine: no recurring variance or recount pattern,N,5.23,Quarterly
3303,SKU0235,Tools 0235,Tools,Z2-B01,Z2,749,749,0,0,33.50,25091.50,0.00,0,N,13,0,0.00,104,N,Routine,Routine: no recurring variance or recount pattern,N,5.23,Quarterly
3304,SKU0248,Maintenance Parts 0248,Maintenance Parts,Z1-B04,Z1,1060,1060,0,0,81.60,86496.00,0.00,0,N,13,0,0.00,104,N,Routine,Routine: no recurring variance or recount pattern,N,5.23,Quarterly
3305,SKU0250,Material Handling 0250,Material Handling,Z3-B02,Z3,564,564,0,0,89.00,50196.00,0.00,0,N,13,0,0.00,104,N,Routine,Routine: no recurring variance or recount pattern,N,5.23,Quarterly
3306,SKU0251,Industrial Supplies 0251,Industrial Supplies,Z3-B02,Z3,0,0,0,0,540.50,0.00,0.00,0,N,13,0,0.00,104,N,Routine,Routine: no recurring variance or recount pattern,N,5.23,Quarterly
3307,SKU0255,Tools 0255,Tools,Z2-B01,Z2,801,801,0,0,107.50,86107.50,0.00,0,N,13,0,0.00,104,N,Routine,Routine: no recurring variance or recount pattern,N,5.23,Quarterly
3308,SKU0279,Shipping Supplies 0279,Shipping Supplies,Z3-B01,Z3,660,660,0,0,76.30,50358.00,0.00,0,N,13,0,0.00,104,N,Routine,Routine: no recurring variance or recount pattern,N,5.23,Quarterly
3309,SKU0285,Tools 0285,Tools,Z1-B03,Z1,1001,1001,0,0,98.50,98598.50,0.00,0,N,13,0,0.00,104,N,Routine,Routine: no recurring variance or recount pattern,N,5.23,Quarterly
3310,SKU0291,Industrial Supplies 0291,Industrial Supplies,Z1-B01,Z1,656,656,0,0,120.70,79179.20,0.00,0,N,13,0,0.00,104,N,Routine,Routine: no recurring variance or recount pattern,N,5.23,Quarterly
3311,SKU0295,Tools 0295,Tools,Z1-B01,Z1,966,966,0,0,15.50,14973.00,0.00,0,N,13,0,0.00,104,N,Routine,Routine: no recurring variance or recount pattern,N,5.23,Quarterly
3312,SKU0013,Safety Supplies 0013,Safety Supplies,Z1-B01,Z1,0,0,0,0,191.50,0.00,0.00,0,N,13,0,0.00,103,N,Routine,Routine: no recurring variance or recount pattern,N,5.18,Quarterly
3313,SKU0015,Tools 0015,Tools,Z2-B01,Z2,963,963,0,0,59.50,57298.50,0.00,0,N,13,0,0.00,103,N,Routine,Routine: no recurring variance or recount pattern,N,5.18,Quarterly
3314,SKU0017,Fasteners 0017,Fasteners,Z2-B03,Z2,1074,1074,0,0,66.90,71850.60,0.00,0,N,13,0,0.00,103,N,Routine,Routine: no recurring variance or recount pattern,N,5.18,Quarterly
3315,SKU0021,Industrial Supplies 0021,Industrial Supplies,Z1-B03,Z1,689,689,0,0,81.70,56291.30,0.00,0,N,13,0,0.00,103,N,Routine,Routine: no recurring variance or recount pattern,N,5.18,Quarterly
3316,SKU0031,Industrial Supplies 0031,Industrial Supplies,Z2-B01,Z2,817,817,0,0,118.70,96977.90,0.00,0,N,13,0,0.00,103,N,Routine,Routine: no recurring variance or recount pattern,N,5.18,Quarterly
3317,SKU0042,Electrical Components 0042,Electrical Components,Z3-B02,Z3,992,992,0,0,39.40,39084.80,0.00,0,N,13,0,0.00,103,N,Routine,Routine: no recurring variance or recount pattern,N,5.18,Quarterly
3318,SKU0053,Safety Supplies 0053,Safety Supplies,Z2-B03,Z2,1052,1052,0,0,80.10,84265.20,0.00,0,N,13,0,0.00,103,N,Routine,Routine: no recurring variance or recount pattern,N,5.18,Quarterly
3319,SKU0060,Material Handling 0060,Material Handling,Z2-B04,Z2,832,832,0,0,106.00,88192.00,0.00,0,N,13,0,0.00,103,N,Routine,Routine: no recurring variance or recount pattern,N,5.18,Quarterly
3320,SKU0060,Material Handling 0060,Material Handling,Z3-B04,Z3,860,860,0,0,106.00,91160.00,0.00,0,N,13,0,0.00,103,N,Routine,Routine: no recurring variance or recount pattern,N,5.18,Quarterly
3321,SKU0062,Electrical Components 0062,Electrical Components,Z3-B02,Z3,1068,1068,0,0,113.40,121111.20,0.00,0,N,13,0,0.00,103,N,Routine,Routine: no recurring variance or recount pattern,N,5.18,Quarterly
3322,SKU0071,Industrial Supplies 0071,Industrial Supplies,Z2-B01,Z2,1009,1009,0,0,26.70,26940.30,0.00,0,N,13,0,0.00,103,N,Routine,Routine: no recurring variance or recount pattern,N,5.18,Quarterly
3323,SKU0074,Packaging 0074,Packaging,Z1-B02,Z1,454,454,0,0,37.80,17161.20,0.00,0,N,13,0,0.00,103,N,Routine,Routine: no recurring variance or recount pattern,N,5.18,Quarterly
3324,SKU0078,Maintenance Parts 0078,Maintenance Parts,Z3-B02,Z3,803,803,0,0,52.60,42237.80,0.00,0,N,13,0,0.00,103,N,Routine,Routine: no recurring variance or recount pattern,N,5.18,Quarterly
3325,SKU0089,Shipping Supplies 0089,Shipping Supplies,Z1-B03,Z1,955,955,0,0,93.30,89101.50,0.00,0,N,13,0,0.00,103,N,Routine,Routine: no recurring variance or recount pattern,N,5.18,Quarterly
3326,SKU0108,Maintenance Parts 0108,Maintenance Parts,Z1-B04,Z1,886,886,0,0,43.60,38629.60,0.00,0,N,13,0,0.00,103,N,Routine,Routine: no recurring variance or recount pattern,N,5.18,Quarterly
3327,SKU0124,Packaging 0124,Packaging,Z1-B04,Z1,716,716,0,0,102.80,73604.80,0.00,0,N,13,0,0.00,103,N,Routine,Routine: no recurring variance or recount pattern,N,5.18,Quarterly
3328,SKU0126,Consumables 0126,Consumables,Z3-B02,Z3,1033,1033,0,0,110.20,113836.60,0.00,0,N,13,0,0.00,103,N,Routine,Routine: no recurring variance or recount pattern,N,5.18,Quarterly
3329,SKU0130,Material Handling 0130,Material Handling,Z1-B02,Z1,475,475,0,0,5.00,2375.00,0.00,0,N,13,0,0.00,103,N,Routine,Routine: no recurring variance or recount pattern,N,5.18,Quarterly
3330,SKU0134,Packaging 0134,Packaging,Z1-B02,Z1,830,830,0,0,19.80,16434.00,0.00,0,N,13,0,0.00,103,N,Routine,Routine: no recurring variance or recount pattern,N,5.18,Quarterly
3331,SKU0139,Shipping Supplies 0139,Shipping Supplies,Z3-B01,Z3,496,496,0,0,38.30,18996.80,0.00,0,N,13,0,0.00,103,N,Routine,Routine: no recurring variance or recount pattern,N,5.18,Quarterly
3332,SKU0140,Material Handling 0140,Material Handling,Z2-B04,Z2,576,576,0,0,42.00,24192.00,0.00,0,N,13,0,0.00,103,N,Routine,Routine: no recurring variance or recount pattern,N,5.18,Quarterly
3333,SKU0145,Tools 0145,Tools,Z2-B03,Z2,1037,1037,0,0,60.50,62738.50,0.00,0,N,13,0,0.00,103,N,Routine,Routine: no recurring variance or recount pattern,N,5.18,Quarterly
3334,SKU0153,Safety Supplies 0153,Safety Supplies,Z1-B03,Z1,755,755,0,0,90.10,68025.50,0.00,0,N,13,0,0.00,103,N,Routine,Routine: no recurring variance or recount pattern,N,5.18,Quarterly
3335,SKU0206,Consumables 0206,Consumables,Z1-B02,Z1,661,661,0,0,46.20,30538.20,0.00,0,N,13,0,0.00,103,N,Routine,Routine: no recurring variance or recount pattern,N,5.18,Quarterly
3336,SKU0209,Shipping Supplies 0209,Shipping Supplies,Z1-B03,Z1,803,803,0,0,57.30,46011.90,0.00,0,N,13,0,0.00,103,N,Routine,Routine: no recurring variance or recount pattern,N,5.18,Quarterly
3337,SKU0229,Shipping Supplies 0229,Shipping Supplies,Z2-B03,Z2,1009,1009,0,0,11.30,11401.70,0.00,0,N,13,0,0.00,103,N,Routine,Routine: no recurring variance or recount pattern,N,5.18,Quarterly
3338,SKU0241,Industrial Supplies 0241,Industrial Supplies,Z1-B03,Z1,473,473,0,0,55.70,26346.10,0.00,0,N,13,0,0.00,103,N,Routine,Routine: no recurring variance or recount pattern,N,5.18,Quarterly
3339,SKU0243,Safety Supplies 0243,Safety Supplies,Z3-B01,Z3,612,612,0,0,63.10,38617.20,0.00,0,N,13,0,0.00,103,N,Routine,Routine: no recurring variance or recount pattern,N,5.18,Quarterly
3340,SKU0264,Packaging 0264,Packaging,Z3-B04,Z3,845,845,0,0,20.80,17576.00,0.00,0,N,13,0,0.00,103,N,Routine,Routine: no recurring variance or recount pattern,N,5.18,Quarterly
3341,SKU0267,Fasteners 0267,Fasteners,Z3-B01,Z3,1098,1098,0,0,31.90,35026.20,0.00,0,N,13,0,0.00,103,N,Routine,Routine: no recurring variance or recount pattern,N,5.18,Quarterly
3342,SKU0275,Tools 0275,Tools,Z3-B01,Z3,946,946,0,0,61.50,58179.00,0.00,0,N,13,0,0.00,103,N,Routine,Routine: no recurring variance or recount pattern,N,5.18,Quarterly
3343,SKU0287,Fasteners 0287,Fasteners,Z3-B01,Z3,498,498,0,0,105.90,52738.20,0.00,0,N,13,0,0.00,103,N,Routine,Routine: no recurring variance or recount pattern,N,5.18,Quarterly
3344,SKU0001,Industrial Supplies 0001,Industrial Supplies,Z1-B03,Z1,577,577,0,0,7.70,4442.90,0.00,0,N,13,0,0.00,102,N,Routine,Routine: no recurring variance or recount pattern,N,5.13,Quarterly
3345,SKU0004,Packaging 0004,Packaging,Z3-B04,Z3,875,875,0,0,18.80,16450.00,0.00,0,N,13,0,0.00,102,N,Routine,Routine: no recurring variance or recount pattern,N,5.13,Quarterly
3346,SKU0009,Shipping Supplies 0009,Shipping Supplies,Z1-B03,Z1,531,531,0,0,37.30,19806.30,0.00,0,N,13,0,0.00,102,N,Routine,Routine: no recurring variance or recount pattern,N,5.13,Quarterly
3347,SKU0010,Material Handling 0010,Material Handling,Z1-B02,Z1,578,578,0,0,41.00,23698.00,0.00,0,N,13,0,0.00,102,N,Routine,Routine: no recurring variance or recount pattern,N,5.13,Quarterly
3348,SKU0012,Electrical Components 0012,Electrical Components,Z3-B04,Z3,844,844,0,0,48.40,40849.60,0.00,0,N,13,0,0.00,102,N,Routine,Routine: no recurring variance or recount pattern,N,5.13,Quarterly
3349,SKU0013,Safety Supplies 0013,Safety Supplies,Z3-B01,Z3,0,0,0,0,191.50,0.00,0.00,0,N,13,0,0.00,102,N,Routine,Routine: no recurring variance or recount pattern,N,5.13,Quarterly
3350,SKU0014,Packaging 0014,Packaging,Z3-B02,Z3,889,889,0,0,55.80,49606.20,0.00,0,N,13,0,0.00,102,N,Routine,Routine: no recurring variance or recount pattern,N,5.13,Quarterly
3351,SKU0027,Fasteners 0027,Fasteners,Z1-B01,Z1,1147,1147,0,0,103.90,119173.30,0.00,0,N,13,0,0.00,102,N,Routine,Routine: no recurring variance or recount pattern,N,5.13,Quarterly
3352,SKU0048,Maintenance Parts 0048,Maintenance Parts,Z2-B04,Z2,730,730,0,0,61.60,44968.00,0.00,0,N,13,0,0.00,102,N,Routine,Routine: no recurring variance or recount pattern,N,5.13,Quarterly
3353,SKU0073,Safety Supplies 0073,Safety Supplies,Z1-B03,Z1,1060,1060,0,0,34.10,36146.00,0.00,0,N,13,0,0.00,102,N,Routine,Routine: no recurring variance or recount pattern,N,5.13,Quarterly
3354,SKU0075,Tools 0075,Tools,Z1-B01,Z1,487,487,0,0,41.50,20210.50,0.00,0,N,13,0,0.00,102,N,Routine,Routine: no recurring variance or recount pattern,N,5.13,Quarterly
3355,SKU0098,Maintenance Parts 0098,Maintenance Parts,Z1-B02,Z1,804,804,0,0,6.60,5306.40,0.00,0,N,13,0,0.00,102,N,Routine,Routine: no recurring variance or recount pattern,N,5.13,Quarterly
3356,SKU0107,Fasteners 0107,Fasteners,Z1-B01,Z1,866,866,0,0,39.90,34553.40,0.00,0,N,13,0,0.00,102,N,Routine,Routine: no recurring variance or recount pattern,N,5.13,Quarterly
3357,SKU0107,Fasteners 0107,Fasteners,Z3-B01,Z3,886,886,0,0,39.90,35351.40,0.00,0,N,13,0,0.00,102,N,Routine,Routine: no recurring variance or recount pattern,N,5.13,Quarterly
3358,SKU0115,Tools 0115,Tools,Z1-B01,Z1,698,698,0,0,69.50,48511.00,0.00,0,N,13,0,0.00,102,N,Routine,Routine: no recurring variance or recount pattern,N,5.13,Quarterly
3359,SKU0116,Consumables 0116,Consumables,Z3-B04,Z3,889,889,0,0,73.20,65074.80,0.00,0,N,13,0,0.00,102,N,Routine,Routine: no recurring variance or recount pattern,N,5.13,Quarterly
3360,SKU0125,Tools 0125,Tools,Z2-B03,Z2,907,907,0,0,106.50,96595.50,0.00,0,N,13,0,0.00,102,N,Routine,Routine: no recurring variance or recount pattern,N,5.13,Quarterly
3361,SKU0134,Packaging 0134,Packaging,Z3-B02,Z3,799,799,0,0,19.80,15820.20,0.00,0,N,13,0,0.00,102,N,Routine,Routine: no recurring variance or recount pattern,N,5.13,Quarterly
3362,SKU0136,Consumables 0136,Consumables,Z3-B04,Z3,1070,1070,0,0,27.20,29104.00,0.00,0,N,13,0,0.00,102,N,Routine,Routine: no recurring variance or recount pattern,N,5.13,Quarterly
3363,SKU0168,Maintenance Parts 0168,Maintenance Parts,Z2-B04,Z2,627,627,0,0,25.60,16051.20,0.00,0,N,13,0,0.00,102,N,Routine,Routine: no recurring variance or recount pattern,N,5.13,Quarterly
3364,SKU0191,Industrial Supplies 0191,Industrial Supplies,Z3-B01,Z3,921,921,0,0,110.70,101954.70,0.00,0,N,13,0,0.00,102,N,Routine,Routine: no recurring variance or recount pattern,N,5.13,Quarterly
3365,SKU0198,Maintenance Parts 0198,Maintenance Parts,Z1-B02,Z1,678,678,0,0,16.60,11254.80,0.00,0,N,13,0,0.00,102,N,Routine,Routine: no recurring variance or recount pattern,N,5.13,Quarterly
3366,SKU0211,Industrial Supplies 0211,Industrial Supplies,Z2-B01,Z2,1033,1033,0,0,64.70,66835.10,0.00,0,N,13,0,0.00,102,N,Routine,Routine: no recurring variance or recount pattern,N,5.13,Quarterly
3367,SKU0221,Industrial Supplies 0221,Industrial Supplies,Z2-B03,Z2,1019,1019,0,0,101.70,103632.30,0.00,0,N,13,0,0.00,102,N,Routine,Routine: no recurring variance or recount pattern,N,5.13,Quarterly
3368,SKU0249,Shipping Supplies 0249,Shipping Supplies,Z1-B03,Z1,1029,1029,0,0,85.30,87773.70,0.00,0,N,13,0,0.00,102,N,Routine,Routine: no recurring variance or recount pattern,N,5.13,Quarterly
3369,SKU0255,Tools 0255,Tools,Z3-B01,Z3,919,919,0,0,107.50,98792.50,0.00,0,N,13,0,0.00,102,N,Routine,Routine: no recurring variance or recount pattern,N,5.13,Quarterly
3370,SKU0258,Maintenance Parts 0258,Maintenance Parts,Z3-B02,Z3,1068,1068,0,0,118.60,126664.80,0.00,0,N,13,0,0.00,102,N,Routine,Routine: no recurring variance or recount pattern,N,5.13,Quarterly
3371,SKU0259,Shipping Supplies 0259,Shipping Supplies,Z1-B01,Z1,1144,1144,0,0,122.30,139911.20,0.00,0,N,13,0,0.00,102,N,Routine,Routine: no recurring variance or recount pattern,N,5.13,Quarterly
3372,SKU0268,Maintenance Parts 0268,Maintenance Parts,Z1-B04,Z1,1179,1179,0,0,35.60,41972.40,0.00,0,N,13,0,0.00,102,N,Routine,Routine: no recurring variance or recount pattern,N,5.13,Quarterly
3373,SKU0272,Electrical Components 0272,Electrical Components,Z3-B04,Z3,826,826,0,0,50.40,41630.40,0.00,0,N,13,0,0.00,102,N,Routine,Routine: no recurring variance or recount pattern,N,5.13,Quarterly
3374,SKU0284,Packaging 0284,Packaging,Z3-B04,Z3,1014,1014,0,0,94.80,96127.20,0.00,0,N,13,0,0.00,102,N,Routine,Routine: no recurring variance or recount pattern,N,5.13,Quarterly
3375,SKU0291,Industrial Supplies 0291,Industrial Supplies,Z2-B01,Z2,764,764,0,0,120.70,92214.80,0.00,0,N,13,0,0.00,102,N,Routine,Routine: no recurring variance or recount pattern,N,5.13,Quarterly
3376,SKU0297,Fasteners 0297,Fasteners,Z2-B03,Z2,584,584,0,0,22.90,13373.60,0.00,0,N,13,0,0.00,102,N,Routine,Routine: no recurring variance or recount pattern,N,5.13,Quarterly
3377,SKU0015,Tools 0015,Tools,Z3-B01,Z3,935,935,0,0,59.50,55632.50,0.00,0,N,13,0,0.00,101,N,Routine,Routine: no recurring variance or recount pattern,N,5.08,Quarterly
3378,SKU0025,Tools 0025,Tools,Z2-B03,Z2,1039,1039,0,0,96.50,100263.50,0.00,0,N,13,0,0.00,101,N,Routine,Routine: no recurring variance or recount pattern,N,5.08,Quarterly
3379,SKU0027,Fasteners 0027,Fasteners,Z2-B01,Z2,1071,1071,0,0,103.90,111276.90,0.00,0,N,13,0,0.00,101,N,Routine,Routine: no recurring variance or recount pattern,N,5.08,Quarterly
3380,SKU0034,Packaging 0034,Packaging,Z1-B02,Z1,905,905,0,0,9.80,8869.00,0.00,0,N,13,0,0.00,101,N,Routine,Routine: no recurring variance or recount pattern,N,5.08,Quarterly
3381,SKU0046,Consumables 0046,Consumables,Z1-B02,Z1,1110,1110,0,0,54.20,60162.00,0.00,0,N,13,0,0.00,101,N,Routine,Routine: no recurring variance or recount pattern,N,5.08,Quarterly
3382,SKU0051,Industrial Supplies 0051,Industrial Supplies,Z2-B01,Z2,795,795,0,0,72.70,57796.50,0.00,0,N,13,0,0.00,101,N,Routine,Routine: no recurring variance or recount pattern,N,5.08,Quarterly
3383,SKU0062,Electrical Components 0062,Electrical Components,Z1-B02,Z1,941,941,0,0,113.40,106709.40,0.00,0,N,13,0,0.00,101,N,Routine,Routine: no recurring variance or recount pattern,N,5.08,Quarterly
3384,SKU0065,Tools 0065,Tools,Z2-B03,Z2,582,582,0,0,4.50,2619.00,0.00,0,N,13,0,0.00,101,N,Routine,Routine: no recurring variance or recount pattern,N,5.08,Quarterly
3385,SKU0076,Consumables 0076,Consumables,Z1-B04,Z1,700,700,0,0,45.20,31640.00,0.00,0,N,13,0,0.00,101,N,Routine,Routine: no recurring variance or recount pattern,N,5.08,Quarterly
3386,SKU0086,Consumables 0086,Consumables,Z3-B02,Z3,786,786,0,0,82.20,64609.20,0.00,0,N,13,0,0.00,101,N,Routine,Routine: no recurring variance or recount pattern,N,5.08,Quarterly
3387,SKU0087,Fasteners 0087,Fasteners,Z3-B01,Z3,824,824,0,0,85.90,70781.60,0.00,0,N,13,0,0.00,101,N,Routine,Routine: no recurring variance or recount pattern,N,5.08,Quarterly
3388,SKU0088,Maintenance Parts 0088,Maintenance Parts,Z1-B04,Z1,847,847,0,0,89.60,75891.20,0.00,0,N,13,0,0.00,101,N,Routine,Routine: no recurring variance or recount pattern,N,5.08,Quarterly
3389,SKU0096,Consumables 0096,Consumables,Z1-B04,Z1,749,749,0,0,119.20,89280.80,0.00,0,N,13,0,0.00,101,N,Routine,Routine: no recurring variance or recount pattern,N,5.08,Quarterly
3390,SKU0099,Shipping Supplies 0099,Shipping Supplies,Z1-B01,Z1,1002,1002,0,0,10.30,10320.60,0.00,0,N,13,0,0.00,101,N,Routine,Routine: no recurring variance or recount pattern,N,5.08,Quarterly
3391,SKU0103,Safety Supplies 0103,Safety Supplies,Z2-B01,Z2,611,611,0,0,25.10,15336.10,0.00,0,N,13,0,0.00,101,N,Routine,Routine: no recurring variance or recount pattern,N,5.08,Quarterly
3392,SKU0104,Packaging 0104,Packaging,Z1-B04,Z1,677,677,0,0,28.80,19497.60,0.00,0,N,13,0,0.00,101,N,Routine,Routine: no recurring variance or recount pattern,N,5.08,Quarterly
3393,SKU0109,Shipping Supplies 0109,Shipping Supplies,Z1-B03,Z1,976,976,0,0,47.30,46164.80,0.00,0,N,13,0,0.00,101,N,Routine,Routine: no recurring variance or recount pattern,N,5.08,Quarterly
3394,SKU0115,Tools 0115,Tools,Z3-B01,Z3,891,891,0,0,69.50,61924.50,0.00,0,N,13,0,0.00,101,N,Routine,Routine: no recurring variance or recount pattern,N,5.08,Quarterly
3395,SKU0119,Shipping Supplies 0119,Shipping Supplies,Z3-B01,Z3,1153,1153,0,0,84.30,97197.90,0.00,0,N,13,0,0.00,101,N,Routine,Routine: no recurring variance or recount pattern,N,5.08,Quarterly
3396,SKU0120,Material Handling 0120,Material Handling,Z3-B04,Z3,560,560,0,0,88.00,49280.00,0.00,0,N,13,0,0.00,101,N,Routine,Routine: no recurring variance or recount pattern,N,5.08,Quarterly
3397,SKU0128,Maintenance Parts 0128,Maintenance Parts,Z2-B04,Z2,1045,1045,0,0,117.60,122892.00,0.00,0,N,13,0,0.00,101,N,Routine,Routine: no recurring variance or recount pattern,N,5.08,Quarterly
3398,SKU0128,Maintenance Parts 0128,Maintenance Parts,Z3-B04,Z3,1071,1071,0,0,117.60,125949.60,0.00,0,N,13,0,0.00,101,N,Routine,Routine: no recurring variance or recount pattern,N,5.08,Quarterly
3399,SKU0132,Electrical Components 0132,Electrical Components,Z2-B04,Z2,752,752,0,0,12.40,9324.80,0.00,0,N,13,0,0.00,101,N,Routine,Routine: no recurring variance or recount pattern,N,5.08,Quarterly
3400,SKU0133,Safety Supplies 0133,Safety Supplies,Z2-B03,Z2,818,818,0,0,16.10,13169.80,0.00,0,N,13,0,0.00,101,N,Routine,Routine: no recurring variance or recount pattern,N,5.08,Quarterly
3401,SKU0156,Consumables 0156,Consumables,Z3-B04,Z3,1075,1075,0,0,101.20,108790.00,0.00,0,N,13,0,0.00,101,N,Routine,Routine: no recurring variance or recount pattern,N,5.08,Quarterly
3402,SKU0181,Industrial Supplies 0181,Industrial Supplies,Z1-B03,Z1,786,786,0,0,73.70,57928.20,0.00,0,N,13,0,0.00,101,N,Routine,Routine: no recurring variance or recount pattern,N,5.08,Quarterly
3403,SKU0193,Safety Supplies 0193,Safety Supplies,Z2-B03,Z2,1141,1141,0,0,118.10,134752.10,0.00,0,N,13,0,0.00,101,N,Routine,Routine: no recurring variance or recount pattern,N,5.08,Quarterly
3404,SKU0197,Fasteners 0197,Fasteners,Z2-B03,Z2,660,660,0,0,12.90,8514.00,0.00,0,N,13,0,0.00,101,N,Routine,Routine: no recurring variance or recount pattern,N,5.08,Quarterly
3405,SKU0200,Material Handling 0200,Material Handling,Z3-B04,Z3,991,991,0,0,24.00,23784.00,0.00,0,N,13,0,0.00,101,N,Routine,Routine: no recurring variance or recount pattern,N,5.08,Quarterly
3406,SKU0203,Safety Supplies 0203,Safety Supplies,Z1-B01,Z1,1134,1134,0,0,35.10,39803.40,0.00,0,N,13,0,0.00,101,N,Routine,Routine: no recurring variance or recount pattern,N,5.08,Quarterly
3407,SKU0205,Tools 0205,Tools,Z1-B03,Z1,559,559,0,0,42.50,23757.50,0.00,0,N,13,0,0.00,101,N,Routine,Routine: no recurring variance or recount pattern,N,5.08,Quarterly
3408,SKU0250,Material Handling 0250,Material Handling,Z1-B02,Z1,1044,1044,0,0,89.00,92916.00,0.00,0,N,13,0,0.00,101,N,Routine,Routine: no recurring variance or recount pattern,N,5.08,Quarterly
3409,SKU0265,Tools 0265,Tools,Z2-B03,Z2,843,843,0,0,24.50,20653.50,0.00,0,N,13,0,0.00,101,N,Routine,Routine: no recurring variance or recount pattern,N,5.08,Quarterly
3410,SKU0002,Electrical Components 0002,Electrical Components,Z1-B02,Z1,636,636,0,0,11.40,7250.40,0.00,0,N,13,0,0.00,100,N,Routine,Routine: no recurring variance or recount pattern,N,5.03,Quarterly
3411,SKU0018,Maintenance Parts 0018,Maintenance Parts,Z1-B02,Z1,1055,1055,0,0,70.60,74483.00,0.00,0,N,13,0,0.00,100,N,Routine,Routine: no recurring variance or recount pattern,N,5.03,Quarterly
3412,SKU0024,Packaging 0024,Packaging,Z2-B04,Z2,977,977,0,0,92.80,90665.60,0.00,0,N,13,0,0.00,100,N,Routine,Routine: no recurring variance or recount pattern,N,5.03,Quarterly
3413,SKU0031,Industrial Supplies 0031,Industrial Supplies,Z1-B01,Z1,738,738,0,0,118.70,87600.60,0.00,0,N,13,0,0.00,100,N,Routine,Routine: no recurring variance or recount pattern,N,5.03,Quarterly
3414,SKU0033,Safety Supplies 0033,Safety Supplies,Z2-B03,Z2,881,881,0,0,6.10,5374.10,0.00,0,N,13,0,0.00,100,N,Routine,Routine: no recurring variance or recount pattern,N,5.03,Quarterly
3415,SKU0052,Electrical Components 0052,Electrical Components,Z2-B04,Z2,1018,1018,0,0,76.40,77775.20,0.00,0,N,13,0,0.00,100,N,Routine,Routine: no recurring variance or recount pattern,N,5.03,Quarterly
3416,SKU0091,Industrial Supplies 0091,Industrial Supplies,Z3-B01,Z3,1175,1175,0,0,100.70,118322.50,0.00,0,N,13,0,0.00,100,N,Routine,Routine: no recurring variance or recount pattern,N,5.03,Quarterly
3417,SKU0096,Consumables 0096,Consumables,Z3-B04,Z3,898,898,0,0,119.20,107041.60,0.00,0,N,13,0,0.00,100,N,Routine,Routine: no recurring variance or recount pattern,N,5.03,Quarterly
3418,SKU0124,Packaging 0124,Packaging,Z2-B04,Z2,780,780,0,0,102.80,80184.00,0.00,0,N,13,0,0.00,100,N,Routine,Routine: no recurring variance or recount pattern,N,5.03,Quarterly
3419,SKU0131,Industrial Supplies 0131,Industrial Supplies,Z3-B01,Z3,636,636,0,0,8.70,5533.20,0.00,0,N,13,0,0.00,100,N,Routine,Routine: no recurring variance or recount pattern,N,5.03,Quarterly
3420,SKU0133,Safety Supplies 0133,Safety Supplies,Z1-B03,Z1,744,744,0,0,16.10,11978.40,0.00,0,N,13,0,0.00,100,N,Routine,Routine: no recurring variance or recount pattern,N,5.03,Quarterly
3421,SKU0135,Tools 0135,Tools,Z3-B01,Z3,930,930,0,0,23.50,21855.00,0.00,0,N,13,0,0.00,100,N,Routine,Routine: no recurring variance or recount pattern,N,5.03,Quarterly
3422,SKU0147,Fasteners 0147,Fasteners,Z1-B01,Z1,1078,1078,0,0,67.90,73196.20,0.00,0,N,13,0,0.00,100,N,Routine,Routine: no recurring variance or recount pattern,N,5.03,Quarterly
3423,SKU0154,Packaging 0154,Packaging,Z1-B02,Z1,836,836,0,0,93.80,78416.80,0.00,0,N,13,0,0.00,100,N,Routine,Routine: no recurring variance or recount pattern,N,5.03,Quarterly
3424,SKU0187,Fasteners 0187,Fasteners,Z1-B01,Z1,522,522,0,0,95.90,50059.80,0.00,0,N,13,0,0.00,100,N,Routine,Routine: no recurring variance or recount pattern,N,5.03,Quarterly
3425,SKU0188,Maintenance Parts 0188,Maintenance Parts,Z3-B02,Z3,0,0,0,0,554.00,0.00,0.00,0,N,13,0,0.00,100,N,Routine,Routine: no recurring variance or recount pattern,N,5.03,Quarterly
3426,SKU0192,Electrical Components 0192,Electrical Components,Z3-B04,Z3,1089,1089,0,0,114.40,124581.60,0.00,0,N,13,0,0.00,100,N,Routine,Routine: no recurring variance or recount pattern,N,5.03,Quarterly
3427,SKU0201,Industrial Supplies 0201,Industrial Supplies,Z1-B03,Z1,1029,1029,0,0,27.70,28503.30,0.00,0,N,13,0,0.00,100,N,Routine,Routine: no recurring variance or recount pattern,N,5.03,Quarterly
3428,SKU0203,Safety Supplies 0203,Safety Supplies,Z2-B01,Z2,1031,1031,0,0,35.10,36188.10,0.00,0,N,13,0,0.00,100,N,Routine,Routine: no recurring variance or recount pattern,N,5.03,Quarterly
3429,SKU0215,Tools 0215,Tools,Z1-B01,Z1,624,624,0,0,79.50,49608.00,0.00,0,N,13,0,0.00,100,N,Routine,Routine: no recurring variance or recount pattern,N,5.03,Quarterly
3430,SKU0231,Industrial Supplies 0231,Industrial Supplies,Z2-B01,Z2,1050,1050,0,0,18.70,19635.00,0.00,0,N,13,0,0.00,100,N,Routine,Routine: no recurring variance or recount pattern,N,5.03,Quarterly
3431,SKU0012,Electrical Components 0012,Electrical Components,Z2-B04,Z2,807,807,0,0,48.40,39058.80,0.00,0,N,13,0,0.00,99,N,Routine,Routine: no recurring variance or recount pattern,N,4.97,Quarterly
3432,SKU0014,Packaging 0014,Packaging,Z1-B02,Z1,876,876,0,0,55.80,48880.80,0.00,0,N,13,0,0.00,99,N,Routine,Routine: no recurring variance or recount pattern,N,4.97,Quarterly
3433,SKU0028,Maintenance Parts 0028,Maintenance Parts,Z3-B04,Z3,625,625,0,0,107.60,67250.00,0.00,0,N,13,0,0.00,99,N,Routine,Routine: no recurring variance or recount pattern,N,4.97,Quarterly
3434,SKU0038,Maintenance Parts 0038,Maintenance Parts,Z1-B02,Z1,612,612,0,0,24.60,15055.20,0.00,0,N,13,0,0.00,99,N,Routine,Routine: no recurring variance or recount pattern,N,4.97,Quarterly
3435,SKU0041,Industrial Supplies 0041,Industrial Supplies,Z1-B03,Z1,737,737,0,0,35.70,26310.90,0.00,0,N,13,0,0.00,99,N,Routine,Routine: no recurring variance or recount pattern,N,4.97,Quarterly
3436,SKU0047,Fasteners 0047,Fasteners,Z1-B01,Z1,513,513,0,0,57.90,29702.70,0.00,0,N,13,0,0.00,99,N,Routine,Routine: no recurring variance or recount pattern,N,4.97,Quarterly
3437,SKU0049,Shipping Supplies 0049,Shipping Supplies,Z1-B03,Z1,741,741,0,0,65.30,48387.30,0.00,0,N,13,0,0.00,99,N,Routine,Routine: no recurring variance or recount pattern,N,4.97,Quarterly
3438,SKU0068,Maintenance Parts 0068,Maintenance Parts,Z3-B04,Z3,848,848,0,0,15.60,13228.80,0.00,0,N,13,0,0.00,99,N,Routine,Routine: no recurring variance or recount pattern,N,4.97,Quarterly
3439,SKU0080,Material Handling 0080,Material Handling,Z1-B04,Z1,878,878,0,0,60.00,52680.00,0.00,0,N,13,0,0.00,99,N,Routine,Routine: no recurring variance or recount pattern,N,4.97,Quarterly
3440,SKU0084,Packaging 0084,Packaging,Z3-B04,Z3,678,678,0,0,74.80,50714.40,0.00,0,N,13,0,0.00,99,N,Routine,Routine: no recurring variance or recount pattern,N,4.97,Quarterly
3441,SKU0087,Fasteners 0087,Fasteners,Z2-B01,Z2,808,808,0,0,85.90,69407.20,0.00,0,N,13,0,0.00,99,N,Routine,Routine: no recurring variance or recount pattern,N,4.97,Quarterly
3442,SKU0090,Material Handling 0090,Material Handling,Z1-B02,Z1,1002,1002,0,0,97.00,97194.00,0.00,0,N,13,0,0.00,99,N,Routine,Routine: no recurring variance or recount pattern,N,4.97,Quarterly
3443,SKU0097,Fasteners 0097,Fasteners,Z2-B03,Z2,906,906,0,0,122.90,111347.40,0.00,0,N,13,0,0.00,99,N,Routine,Routine: no recurring variance or recount pattern,N,4.97,Quarterly
3444,SKU0111,Industrial Supplies 0111,Industrial Supplies,Z3-B01,Z3,532,532,0,0,54.70,29100.40,0.00,0,N,13,0,0.00,99,N,Routine,Routine: no recurring variance or recount pattern,N,4.97,Quarterly
3445,SKU0119,Shipping Supplies 0119,Shipping Supplies,Z1-B01,Z1,997,997,0,0,84.30,84047.10,0.00,0,N,13,0,0.00,99,N,Routine,Routine: no recurring variance or recount pattern,N,4.97,Quarterly
3446,SKU0131,Industrial Supplies 0131,Industrial Supplies,Z2-B01,Z2,563,563,0,0,8.70,4898.10,0.00,0,N,13,0,0.00,99,N,Routine,Routine: no recurring variance or recount pattern,N,4.97,Quarterly
3447,SKU0136,Consumables 0136,Consumables,Z1-B04,Z1,883,883,0,0,27.20,24017.60,0.00,0,N,13,0,0.00,99,N,Routine,Routine: no recurring variance or recount pattern,N,4.97,Quarterly
3448,SKU0163,Safety Supplies 0163,Safety Supplies,Z1-B01,Z1,875,875,0,0,7.10,6212.50,0.00,0,N,13,0,0.00,99,N,Routine,Routine: no recurring variance or recount pattern,N,4.97,Quarterly
3449,SKU0182,Electrical Components 0182,Electrical Components,Z1-B02,Z1,875,875,0,0,77.40,67725.00,0.00,0,N,13,0,0.00,99,N,Routine,Routine: no recurring variance or recount pattern,N,4.97,Quarterly
3450,SKU0186,Consumables 0186,Consumables,Z1-B02,Z1,513,513,0,0,92.20,47298.60,0.00,0,N,13,0,0.00,99,N,Routine,Routine: no recurring variance or recount pattern,N,4.97,Quarterly
3451,SKU0199,Shipping Supplies 0199,Shipping Supplies,Z1-B01,Z1,757,757,0,0,20.30,15367.10,0.00,0,N,13,0,0.00,99,N,Routine,Routine: no recurring variance or recount pattern,N,4.97,Quarterly
3452,SKU0230,Material Handling 0230,Material Handling,Z3-B02,Z3,1074,1074,0,0,15.00,16110.00,0.00,0,N,13,0,0.00,99,N,Routine,Routine: no recurring variance or recount pattern,N,4.97,Quarterly
3453,SKU0235,Tools 0235,Tools,Z3-B01,Z3,855,855,0,0,33.50,28642.50,0.00,0,N,13,0,0.00,99,N,Routine,Routine: no recurring variance or recount pattern,N,4.97,Quarterly
3454,SKU0239,Shipping Supplies 0239,Shipping Supplies,Z2-B01,Z2,1104,1104,0,0,48.30,53323.20,0.00,0,N,13,0,0.00,99,N,Routine,Routine: no recurring variance or recount pattern,N,4.97,Quarterly
3455,SKU0240,Material Handling 0240,Material Handling,Z3-B04,Z3,447,447,0,0,52.00,23244.00,0.00,0,N,13,0,0.00,99,N,Routine,Routine: no recurring variance or recount pattern,N,4.97,Quarterly
3456,SKU0247,Fasteners 0247,Fasteners,Z1-B01,Z1,961,961,0,0,77.90,74861.90,0.00,0,N,13,0,0.00,99,N,Routine,Routine: no recurring variance or recount pattern,N,4.97,Quarterly
3457,SKU0256,Consumables 0256,Consumables,Z1-B04,Z1,842,842,0,0,111.20,93630.40,0.00,0,N,13,0,0.00,99,N,Routine,Routine: no recurring variance or recount pattern,N,4.97,Quarterly
3458,SKU0272,Electrical Components 0272,Electrical Components,Z2-B04,Z2,795,795,0,0,50.40,40068.00,0.00,0,N,13,0,0.00,99,N,Routine,Routine: no recurring variance or recount pattern,N,4.97,Quarterly
3459,SKU0276,Consumables 0276,Consumables,Z3-B04,Z3,1080,1080,0,0,65.20,70416.00,0.00,0,N,13,0,0.00,99,N,Routine,Routine: no recurring variance or recount pattern,N,4.97,Quarterly
3460,SKU0281,Industrial Supplies 0281,Industrial Supplies,Z1-B03,Z1,698,698,0,0,83.70,58422.60,0.00,0,N,13,0,0.00,99,N,Routine,Routine: no recurring variance or recount pattern,N,4.97,Quarterly
3461,SKU0283,Safety Supplies 0283,Safety Supplies,Z3-B01,Z3,911,911,0,0,91.10,82992.10,0.00,0,N,13,0,0.00,99,N,Routine,Routine: no recurring variance or recount pattern,N,4.97,Quarterly
3462,SKU0295,Tools 0295,Tools,Z2-B01,Z2,1015,1015,0,0,15.50,15732.50,0.00,0,N,13,0,0.00,99,N,Routine,Routine: no recurring variance or recount pattern,N,4.97,Quarterly
3463,SKU0298,Maintenance Parts 0298,Maintenance Parts,Z3-B02,Z3,586,586,0,0,26.60,15587.60,0.00,0,N,13,0,0.00,99,N,Routine,Routine: no recurring variance or recount pattern,N,4.97,Quarterly
3464,SKU0001,Industrial Supplies 0001,Industrial Supplies,Z2-B03,Z2,649,649,0,0,7.70,4997.30,0.00,0,N,13,0,0.00,98,N,Routine,Routine: no recurring variance or recount pattern,N,4.92,Quarterly
3465,SKU0059,Shipping Supplies 0059,Shipping Supplies,Z1-B01,Z1,769,769,0,0,102.30,78668.70,0.00,0,N,13,0,0.00,98,N,Routine,Routine: no recurring variance or recount pattern,N,4.92,Quarterly
3466,SKU0081,Industrial Supplies 0081,Industrial Supplies,Z2-B03,Z2,1106,1106,0,0,63.70,70452.20,0.00,0,N,13,0,0.00,98,N,Routine,Routine: no recurring variance or recount pattern,N,4.92,Quarterly
3467,SKU0137,Fasteners 0137,Fasteners,Z2-B03,Z2,1129,1129,0,0,30.90,34886.10,0.00,0,N,13,0,0.00,98,N,Routine,Routine: no recurring variance or recount pattern,N,4.92,Quarterly
3468,SKU0142,Electrical Components 0142,Electrical Components,Z1-B02,Z1,631,631,0,0,49.40,31171.40,0.00,0,N,13,0,0.00,98,N,Routine,Routine: no recurring variance or recount pattern,N,4.92,Quarterly
3469,SKU0183,Safety Supplies 0183,Safety Supplies,Z1-B01,Z1,918,918,0,0,81.10,74449.80,0.00,0,N,13,0,0.00,98,N,Routine,Routine: no recurring variance or recount pattern,N,4.92,Quarterly
3470,SKU0214,Packaging 0214,Packaging,Z1-B02,Z1,545,545,0,0,75.80,41311.00,0.00,0,N,13,0,0.00,98,N,Routine,Routine: no recurring variance or recount pattern,N,4.92,Quarterly
3471,SKU0243,Safety Supplies 0243,Safety Supplies,Z2-B01,Z2,635,635,0,0,63.10,40068.50,0.00,0,N,13,0,0.00,98,N,Routine,Routine: no recurring variance or recount pattern,N,4.92,Quarterly
3472,SKU0248,Maintenance Parts 0248,Maintenance Parts,Z2-B04,Z2,990,990,0,0,81.60,80784.00,0.00,0,N,13,0,0.00,98,N,Routine,Routine: no recurring variance or recount pattern,N,4.92,Quarterly
3473,SKU0267,Fasteners 0267,Fasteners,Z1-B01,Z1,952,952,0,0,31.90,30368.80,0.00,0,N,13,0,0.00,98,N,Routine,Routine: no recurring variance or recount pattern,N,4.92,Quarterly
3474,SKU0003,Safety Supplies 0003,Safety Supplies,Z3-B01,Z3,723,723,0,0,15.10,10917.30,0.00,0,N,13,0,0.00,97,N,Routine,Routine: no recurring variance or recount pattern,N,4.87,Quarterly
3475,SKU0019,Shipping Supplies 0019,Shipping Supplies,Z1-B01,Z1,503,503,0,0,74.30,37372.90,0.00,0,N,13,0,0.00,97,N,Routine,Routine: no recurring variance or recount pattern,N,4.87,Quarterly
3476,SKU0040,Material Handling 0040,Material Handling,Z1-B04,Z1,670,670,0,0,32.00,21440.00,0.00,0,N,13,0,0.00,97,N,Routine,Routine: no recurring variance or recount pattern,N,4.87,Quarterly
3477,SKU0043,Safety Supplies 0043,Safety Supplies,Z2-B01,Z2,1045,1045,0,0,43.10,45039.50,0.00,0,N,13,0,0.00,97,N,Routine,Routine: no recurring variance or recount pattern,N,4.87,Quarterly
3478,SKU0061,Industrial Supplies 0061,Industrial Supplies,Z2-B03,Z2,902,902,0,0,109.70,98949.40,0.00,0,N,13,0,0.00,97,N,Routine,Routine: no recurring variance or recount pattern,N,4.87,Quarterly
3479,SKU0085,Tools 0085,Tools,Z2-B03,Z2,610,610,0,0,78.50,47885.00,0.00,0,N,13,0,0.00,97,N,Routine,Routine: no recurring variance or recount pattern,N,4.87,Quarterly
3480,SKU0096,Consumables 0096,Consumables,Z2-B04,Z2,757,757,0,0,119.20,90234.40,0.00,0,N,13,0,0.00,97,N,Routine,Routine: no recurring variance or recount pattern,N,4.87,Quarterly
3481,SKU0169,Shipping Supplies 0169,Shipping Supplies,Z1-B03,Z1,696,696,0,0,29.30,20392.80,0.00,0,N,13,0,0.00,97,N,Routine,Routine: no recurring variance or recount pattern,N,4.87,Quarterly
3482,SKU0184,Packaging 0184,Packaging,Z3-B04,Z3,486,486,0,0,84.80,41212.80,0.00,0,N,13,0,0.00,97,N,Routine,Routine: no recurring variance or recount pattern,N,4.87,Quarterly
3483,SKU0219,Shipping Supplies 0219,Shipping Supplies,Z3-B01,Z3,943,943,0,0,94.30,88924.90,0.00,0,N,13,0,0.00,97,N,Routine,Routine: no recurring variance or recount pattern,N,4.87,Quarterly
3484,SKU0232,Electrical Components 0232,Electrical Components,Z3-B04,Z3,619,619,0,0,22.40,13865.60,0.00,0,N,13,0,0.00,97,N,Routine,Routine: no recurring variance or recount pattern,N,4.87,Quarterly
3485,SKU0236,Consumables 0236,Consumables,Z1-B04,Z1,865,865,0,0,37.20,32178.00,0.00,0,N,13,0,0.00,97,N,Routine,Routine: no recurring variance or recount pattern,N,4.87,Quarterly
3486,SKU0274,Packaging 0274,Packaging,Z3-B02,Z3,950,950,0,0,57.80,54910.00,0.00,0,N,13,0,0.00,97,N,Routine,Routine: no recurring variance or recount pattern,N,4.87,Quarterly
3487,SKU0283,Safety Supplies 0283,Safety Supplies,Z2-B01,Z2,852,852,0,0,91.10,77617.20,0.00,0,N,13,0,0.00,97,N,Routine,Routine: no recurring variance or recount pattern,N,4.87,Quarterly
3488,SKU0019,Shipping Supplies 0019,Shipping Supplies,Z3-B01,Z3,655,655,0,0,74.30,48666.50,0.00,0,N,13,0,0.00,96,N,Routine,Routine: no recurring variance or recount pattern,N,4.82,Quarterly
3489,SKU0029,Shipping Supplies 0029,Shipping Supplies,Z2-B03,Z2,687,687,0,0,111.30,76463.10,0.00,0,N,13,0,0.00,96,N,Routine,Routine: no recurring variance or recount pattern,N,4.82,Quarterly
3490,SKU0099,Shipping Supplies 0099,Shipping Supplies,Z2-B01,Z2,1040,1040,0,0,10.30,10712.00,0.00,0,N,13,0,0.00,96,N,Routine,Routine: no recurring variance or recount pattern,N,4.82,Quarterly
3491,SKU0100,Material Handling 0100,Material Handling,Z3-B04,Z3,1097,1097,0,0,14.00,15358.00,0.00,0,N,13,0,0.00,96,N,Routine,Routine: no recurring variance or recount pattern,N,4.82,Quarterly
3492,SKU0120,Material Handling 0120,Material Handling,Z1-B04,Z1,1123,1123,0,0,88.00,98824.00,0.00,0,N,13,0,0.00,96,N,Routine,Routine: no recurring variance or recount pattern,N,4.82,Quarterly
3493,SKU0132,Electrical Components 0132,Electrical Components,Z3-B04,Z3,780,780,0,0,12.40,9672.00,0.00,0,N,13,0,0.00,96,N,Routine,Routine: no recurring variance or recount pattern,N,4.82,Quarterly
3494,SKU0152,Electrical Components 0152,Electrical Components,Z2-B04,Z2,758,758,0,0,86.40,65491.20,0.00,0,N,13,0,0.00,96,N,Routine,Routine: no recurring variance or recount pattern,N,4.82,Quarterly
3495,SKU0167,Fasteners 0167,Fasteners,Z3-B01,Z3,596,596,0,0,21.90,13052.40,0.00,0,N,13,0,0.00,96,N,Routine,Routine: no recurring variance or recount pattern,N,4.82,Quarterly
3496,SKU0200,Material Handling 0200,Material Handling,Z2-B04,Z2,986,986,0,0,24.00,23664.00,0.00,0,N,13,0,0.00,96,N,Routine,Routine: no recurring variance or recount pattern,N,4.82,Quarterly
3497,SKU0207,Fasteners 0207,Fasteners,Z2-B01,Z2,722,722,0,0,49.90,36027.80,0.00,0,N,13,0,0.00,96,N,Routine,Routine: no recurring variance or recount pattern,N,4.82,Quarterly
3498,SKU0223,Safety Supplies 0223,Safety Supplies,Z1-B01,Z1,476,476,0,0,109.10,51931.60,0.00,0,N,13,0,0.00,96,N,Routine,Routine: no recurring variance or recount pattern,N,4.82,Quarterly
3499,SKU0231,Industrial Supplies 0231,Industrial Supplies,Z3-B01,Z3,434,434,0,0,18.70,8115.80,0.00,0,N,13,0,0.00,96,N,Routine,Routine: no recurring variance or recount pattern,N,4.82,Quarterly
3500,SKU0238,Maintenance Parts 0238,Maintenance Parts,Z1-B02,Z1,894,894,0,0,44.60,39872.40,0.00,0,N,13,0,0.00,96,N,Routine,Routine: no recurring variance or recount pattern,N,4.82,Quarterly
3501,SKU0256,Consumables 0256,Consumables,Z3-B04,Z3,1043,1043,0,0,111.20,115981.60,0.00,0,N,13,0,0.00,96,N,Routine,Routine: no recurring variance or recount pattern,N,4.82,Quarterly
3502,SKU0003,Safety Supplies 0003,Safety Supplies,Z1-B01,Z1,723,723,0,0,15.10,10917.30,0.00,0,N,13,0,0.00,95,N,Routine,Routine: no recurring variance or recount pattern,N,4.77,Quarterly
3503,SKU0013,Safety Supplies 0013,Safety Supplies,Z1-B02,Z1,0,0,0,0,191.50,0.00,0.00,0,N,13,0,0.00,95,N,Routine,Routine: no recurring variance or recount pattern,N,4.77,Quarterly
3504,SKU0041,Industrial Supplies 0041,Industrial Supplies,Z2-B03,Z2,872,872,0,0,35.70,31130.40,0.00,0,N,13,0,0.00,95,N,Routine,Routine: no recurring variance or recount pattern,N,4.77,Quarterly
3505,SKU0071,Industrial Supplies 0071,Industrial Supplies,Z1-B01,Z1,992,992,0,0,26.70,26486.40,0.00,0,N,13,0,0.00,95,N,Routine,Routine: no recurring variance or recount pattern,N,4.77,Quarterly
3506,SKU0112,Electrical Components 0112,Electrical Components,Z3-B04,Z3,685,685,0,0,58.40,40004.00,0.00,0,N,13,0,0.00,95,N,Routine,Routine: no recurring variance or recount pattern,N,4.77,Quarterly
3507,SKU0122,Electrical Components 0122,Electrical Components,Z1-B02,Z1,593,593,0,0,95.40,56572.20,0.00,0,N,13,0,0.00,95,N,Routine,Routine: no recurring variance or recount pattern,N,4.77,Quarterly
3508,SKU0127,Fasteners 0127,Fasteners,Z3-B01,Z3,1051,1051,0,0,113.90,119708.90,0.00,0,N,13,0,0.00,95,N,Routine,Routine: no recurring variance or recount pattern,N,4.77,Quarterly
3509,SKU0165,Tools 0165,Tools,Z1-B03,Z1,1009,1009,0,0,14.50,14630.50,0.00,0,N,13,0,0.00,95,N,Routine,Routine: no recurring variance or recount pattern,N,4.77,Quarterly
3510,SKU0172,Electrical Components 0172,Electrical Components,Z3-B04,Z3,884,884,0,0,40.40,35713.60,0.00,0,N,13,0,0.00,95,N,Routine,Routine: no recurring variance or recount pattern,N,4.77,Quarterly
3511,SKU0185,Tools 0185,Tools,Z2-B03,Z2,478,478,0,0,88.50,42303.00,0.00,0,N,13,0,0.00,95,N,Routine,Routine: no recurring variance or recount pattern,N,4.77,Quarterly
3512,SKU0187,Fasteners 0187,Fasteners,Z2-B01,Z2,569,569,0,0,95.90,54567.10,0.00,0,N,13,0,0.00,95,N,Routine,Routine: no recurring variance or recount pattern,N,4.77,Quarterly
3513,SKU0214,Packaging 0214,Packaging,Z3-B02,Z3,594,594,0,0,75.80,45025.20,0.00,0,N,13,0,0.00,95,N,Routine,Routine: no recurring variance or recount pattern,N,4.77,Quarterly
3514,SKU0234,Packaging 0234,Packaging,Z1-B02,Z1,615,615,0,0,29.80,18327.00,0.00,0,N,13,0,0.00,95,N,Routine,Routine: no recurring variance or recount pattern,N,4.77,Quarterly
3515,SKU0260,Material Handling 0260,Material Handling,Z3-B04,Z3,615,615,0,0,6.00,3690.00,0.00,0,N,13,0,0.00,95,N,Routine,Routine: no recurring variance or recount pattern,N,4.77,Quarterly
3516,SKU0272,Electrical Components 0272,Electrical Components,Z1-B04,Z1,683,683,0,0,50.40,34423.20,0.00,0,N,13,0,0.00,95,N,Routine,Routine: no recurring variance or recount pattern,N,4.77,Quarterly
3517,SKU0013,Safety Supplies 0013,Safety Supplies,Z3-B02,Z3,0,0,0,0,191.50,0.00,0.00,0,N,13,0,0.00,94,N,Routine,Routine: no recurring variance or recount pattern,N,4.72,Quarterly
3518,SKU0028,Maintenance Parts 0028,Maintenance Parts,Z2-B04,Z2,555,555,0,0,107.60,59718.00,0.00,0,N,13,0,0.00,94,N,Routine,Routine: no recurring variance or recount pattern,N,4.72,Quarterly
3519,SKU0032,Electrical Components 0032,Electrical Components,Z1-B04,Z1,853,853,0,0,122.40,104407.20,0.00,0,N,13,0,0.00,94,N,Routine,Routine: no recurring variance or recount pattern,N,4.72,Quarterly
3520,SKU0091,Industrial Supplies 0091,Industrial Supplies,Z1-B01,Z1,989,989,0,0,100.70,99592.30,0.00,0,N,13,0,0.00,94,N,Routine,Routine: no recurring variance or recount pattern,N,4.72,Quarterly
3521,SKU0159,Shipping Supplies 0159,Shipping Supplies,Z1-B01,Z1,526,526,0,0,112.30,59069.80,0.00,0,N,13,0,0.00,94,N,Routine,Routine: no recurring variance or recount pattern,N,4.72,Quarterly
3522,SKU0195,Tools 0195,Tools,Z1-B01,Z1,477,477,0,0,5.50,2623.50,0.00,0,N,13,0,0.00,94,N,Routine,Routine: no recurring variance or recount pattern,N,4.72,Quarterly
3523,SKU0212,Electrical Components 0212,Electrical Components,Z3-B04,Z3,445,445,0,0,68.40,30438.00,0.00,0,N,13,0,0.00,94,N,Routine,Routine: no recurring variance or recount pattern,N,4.72,Quarterly
3524,SKU0251,Industrial Supplies 0251,Industrial Supplies,Z1-B03,Z1,0,0,0,0,540.50,0.00,0.00,0,N,13,0,0.00,94,N,Routine,Routine: no recurring variance or recount pattern,N,4.72,Quarterly
3525,SKU0255,Tools 0255,Tools,Z1-B01,Z1,774,774,0,0,107.50,83205.00,0.00,0,N,13,0,0.00,94,N,Routine,Routine: no recurring variance or recount pattern,N,4.72,Quarterly
3526,SKU0263,Safety Supplies 0263,Safety Supplies,Z3-B01,Z3,850,850,0,0,17.10,14535.00,0.00,0,N,13,0,0.00,94,N,Routine,Routine: no recurring variance or recount pattern,N,4.72,Quarterly
3527,SKU0274,Packaging 0274,Packaging,Z1-B02,Z1,877,877,0,0,57.80,50690.60,0.00,0,N,13,0,0.00,94,N,Routine,Routine: no recurring variance or recount pattern,N,4.72,Quarterly
3528,SKU0035,Tools 0035,Tools,Z1-B01,Z1,949,949,0,0,13.50,12811.50,0.00,0,N,13,0,0.00,93,N,Routine,Routine: no recurring variance or recount pattern,N,4.67,Quarterly
3529,SKU0088,Maintenance Parts 0088,Maintenance Parts,Z3-B04,Z3,910,910,0,0,89.60,81536.00,0.00,0,N,13,0,0.00,93,N,Routine,Routine: no recurring variance or recount pattern,N,4.67,Quarterly
3530,SKU0116,Consumables 0116,Consumables,Z2-B04,Z2,936,936,0,0,73.20,68515.20,0.00,0,N,13,0,0.00,93,N,Routine,Routine: no recurring variance or recount pattern,N,4.67,Quarterly
3531,SKU0175,Tools 0175,Tools,Z1-B01,Z1,1148,1148,0,0,51.50,59122.00,0.00,0,N,13,0,0.00,93,N,Routine,Routine: no recurring variance or recount pattern,N,4.67,Quarterly
3532,SKU0225,Tools 0225,Tools,Z2-B03,Z2,710,710,0,0,116.50,82715.00,0.00,0,N,13,0,0.00,93,N,Routine,Routine: no recurring variance or recount pattern,N,4.67,Quarterly
3533,SKU0035,Tools 0035,Tools,Z3-B01,Z3,1164,1164,0,0,13.50,15714.00,0.00,0,N,13,0,0.00,92,N,Routine,Routine: no recurring variance or recount pattern,N,4.62,Quarterly
3534,SKU0039,Shipping Supplies 0039,Shipping Supplies,Z2-B01,Z2,627,627,0,0,28.30,17744.10,0.00,0,N,13,0,0.00,92,N,Routine,Routine: no recurring variance or recount pattern,N,4.62,Quarterly
3535,SKU0080,Material Handling 0080,Material Handling,Z3-B04,Z3,1062,1062,0,0,60.00,63720.00,0.00,0,N,13,0,0.00,92,N,Routine,Routine: no recurring variance or recount pattern,N,4.62,Quarterly
3536,SKU0143,Safety Supplies 0143,Safety Supplies,Z3-B01,Z3,887,887,0,0,53.10,47099.70,0.00,0,N,13,0,0.00,92,N,Routine,Routine: no recurring variance or recount pattern,N,4.62,Quarterly
3537,SKU0152,Electrical Components 0152,Electrical Components,Z1-B04,Z1,714,714,0,0,86.40,61689.60,0.00,0,N,13,0,0.00,92,N,Routine,Routine: no recurring variance or recount pattern,N,4.62,Quarterly
3538,SKU0181,Industrial Supplies 0181,Industrial Supplies,Z2-B03,Z2,872,872,0,0,73.70,64266.40,0.00,0,N,13,0,0.00,92,N,Routine,Routine: no recurring variance or recount pattern,N,4.62,Quarterly
3539,SKU0008,Maintenance Parts 0008,Maintenance Parts,Z2-B04,Z2,1199,1199,0,0,33.60,40286.40,0.00,0,N,13,0,0.00,91,N,Routine,Routine: no recurring variance or recount pattern,N,4.57,Quarterly
3540,SKU0030,Material Handling 0030,Material Handling,Z1-B02,Z1,618,618,0,0,115.00,71070.00,0.00,0,N,13,0,0.00,91,N,Routine,Routine: no recurring variance or recount pattern,N,4.57,Quarterly
3541,SKU0228,Maintenance Parts 0228,Maintenance Parts,Z3-B04,Z3,1026,1026,0,0,7.60,7797.60,0.00,0,N,13,0,0.00,91,N,Routine,Routine: no recurring variance or recount pattern,N,4.57,Quarterly
3542,SKU0281,Industrial Supplies 0281,Industrial Supplies,Z2-B03,Z2,746,746,0,0,83.70,62440.20,0.00,0,N,13,0,0.00,91,N,Routine,Routine: no recurring variance or recount pattern,N,4.57,Quarterly
3543,SKU0188,Maintenance Parts 0188,Maintenance Parts,Z2-B03,Z2,0,0,0,0,554.00,0.00,0.00,0,N,13,0,0.00,90,N,Routine,Routine: no recurring variance or recount pattern,N,4.52,Quarterly
3544,SKU0239,Shipping Supplies 0239,Shipping Supplies,Z3-B01,Z3,1120,1120,0,0,48.30,54096.00,0.00,0,N,13,0,0.00,90,N,Routine,Routine: no recurring variance or recount pattern,N,4.52,Quarterly
3545,SKU0017,Fasteners 0017,Fasteners,Z1-B03,Z1,1064,1064,0,0,66.90,71181.60,0.00,0,N,13,0,0.00,87,N,Routine,Routine: no recurring variance or recount pattern,N,4.37,Quarterly
3546,SKU0107,Fasteners 0107,Fasteners,Z2-B01,Z2,881,881,0,0,39.90,35151.90,0.00,0,N,13,0,0.00,87,N,Routine,Routine: no recurring variance or recount pattern,N,4.37,Quarterly
3547,SKU0251,Industrial Supplies 0251,Industrial Supplies,Z1-B04,Z1,0,0,0,0,540.50,0.00,0.00,0,N,13,0,0.00,86,N,Routine,Routine: no recurring variance or recount pattern,N,4.32,Quarterly
3548,SKU0251,Industrial Supplies 0251,Industrial Supplies,Z2-B03,Z2,0,0,0,0,540.50,0.00,0.00,0,N,13,0,0.00,84,N,Routine,Routine: no recurring variance or recount pattern,N,4.22,Quarterly
3549,SKU0251,Industrial Supplies 0251,Industrial Supplies,Z3-B04,Z3,64,64,0,0,540.50,34592.00,0.00,0,N,13,0,0.00,84,N,Routine,Routine: no recurring variance or recount pattern,N,4.22,Quarterly
3550,SKU0251,Industrial Supplies 0251,Industrial Supplies,Z2-B04,Z2,0,0,0,0,540.50,0.00,0.00,0,N,13,0,0.00,78,N,Routine,Routine: no recurring variance or recount pattern,N,3.92,Quarterly
3551,SKU0208,Maintenance Parts 0208,Maintenance Parts,Z1-B02,Z1,0,0,0,0,364.00,0.00,0.00,0,N,13,0,0.00,17,N,Routine,Routine: no recurring variance or recount pattern,N,0.85,Quarterly
3552,SKU0277,Fasteners 0277,Fasteners,Z2-B04,Z2,0,0,0,0,563.50,0.00,0.00,0,N,13,0,0.00,16,N,Routine,Routine: no recurring variance or recount pattern,N,0.80,Quarterly
3553,SKU0277,Fasteners 0277,Fasteners,Z3-B01,Z3,0,0,0,0,563.50,0.00,0.00,0,N,13,0,0.00,15,N,Routine,Routine: no recurring variance or recount pattern,N,0.75,Quarterly
3554,SKU0007,Fasteners 0007,Fasteners,Z2-B04,Z2,0,0,0,0,428.50,0.00,0.00,0,N,13,0,0.00,14,N,Routine,Routine: no recurring variance or recount pattern,N,0.70,Quarterly
3555,SKU0208,Maintenance Parts 0208,Maintenance Parts,Z1-B03,Z1,0,0,0,0,364.00,0.00,0.00,0,N,13,0,0.00,14,N,Routine,Routine: no recurring variance or recount pattern,N,0.70,Quarterly
3556,SKU0208,Maintenance Parts 0208,Maintenance Parts,Z2-B03,Z2,0,0,0,0,364.00,0.00,0.00,0,N,13,0,0.00,14,N,Routine,Routine: no recurring variance or recount pattern,N,0.70,Quarterly
3557,SKU0277,Fasteners 0277,Fasteners,Z1-B03,Z1,0,0,0,0,563.50,0.00,0.00,0,N,13,0,0.00,14,N,Routine,Routine: no recurring variance or recount pattern,N,0.70,Quarterly
3558,SKU0044,Packaging 0044,Packaging,Z1-B03,Z1,0,0,0,0,392.00,0.00,0.00,0,N,13,0,0.00,13,N,Routine,Routine: no recurring variance or recount pattern,N,0.65,Quarterly
3559,SKU0044,Packaging 0044,Packaging,Z1-B04,Z1,0,0,0,0,392.00,0.00,0.00,0,N,13,0,0.00,13,N,Routine,Routine: no recurring variance or recount pattern,N,0.65,Quarterly
3560,SKU0044,Packaging 0044,Packaging,Z2-B04,Z2,0,0,0,0,392.00,0.00,0.00,0,N,13,0,0.00,13,N,Routine,Routine: no recurring variance or recount pattern,N,0.65,Quarterly
3561,SKU0208,Maintenance Parts 0208,Maintenance Parts,Z1-B04,Z1,0,0,0,0,364.00,0.00,0.00,0,N,13,0,0.00,13,N,Routine,Routine: no recurring variance or recount pattern,N,0.65,Quarterly
3562,SKU0208,Maintenance Parts 0208,Maintenance Parts,Z3-B01,Z3,0,0,0,0,364.00,0.00,0.00,0,N,13,0,0.00,13,N,Routine,Routine: no recurring variance or recount pattern,N,0.65,Quarterly
3563,SKU0208,Maintenance Parts 0208,Maintenance Parts,Z3-B04,Z3,0,0,0,0,364.00,0.00,0.00,0,N,13,0,0.00,13,N,Routine,Routine: no recurring variance or recount pattern,N,0.65,Quarterly
3564,SKU0277,Fasteners 0277,Fasteners,Z1-B04,Z1,0,0,0,0,563.50,0.00,0.00,0,N,13,0,0.00,13,N,Routine,Routine: no recurring variance or recount pattern,N,0.65,Quarterly
3565,SKU0277,Fasteners 0277,Fasteners,Z3-B02,Z3,0,0,0,0,563.50,0.00,0.00,0,N,13,0,0.00,13,N,Routine,Routine: no recurring variance or recount pattern,N,0.65,Quarterly
3566,SKU0007,Fasteners 0007,Fasteners,Z1-B03,Z1,0,0,0,0,428.50,0.00,0.00,0,N,13,0,0.00,12,N,Routine,Routine: no recurring variance or recount pattern,N,0.60,Quarterly
3567,SKU0044,Packaging 0044,Packaging,Z1-B02,Z1,0,0,0,0,392.00,0.00,0.00,0,N,13,0,0.00,12,N,Routine,Routine: no recurring variance or recount pattern,N,0.60,Quarterly
3568,SKU0044,Packaging 0044,Packaging,Z2-B01,Z2,0,0,0,0,392.00,0.00,0.00,0,N,13,0,0.00,12,N,Routine,Routine: no recurring variance or recount pattern,N,0.60,Quarterly
3569,SKU0121,Industrial Supplies 0121,Industrial Supplies,Z1-B04,Z1,0,0,0,0,425.50,0.00,0.00,0,N,13,0,0.00,12,N,Routine,Routine: no recurring variance or recount pattern,N,0.60,Quarterly
3570,SKU0121,Industrial Supplies 0121,Industrial Supplies,Z2-B01,Z2,0,0,0,0,425.50,0.00,0.00,0,N,13,0,0.00,12,N,Routine,Routine: no recurring variance or recount pattern,N,0.60,Quarterly
3571,SKU0121,Industrial Supplies 0121,Industrial Supplies,Z2-B03,Z2,0,0,0,0,425.50,0.00,0.00,0,N,13,0,0.00,12,N,Routine,Routine: no recurring variance or recount pattern,N,0.60,Quarterly
3572,SKU0121,Industrial Supplies 0121,Industrial Supplies,Z3-B01,Z3,0,0,0,0,425.50,0.00,0.00,0,N,13,0,0.00,12,N,Routine,Routine: no recurring variance or recount pattern,N,0.60,Quarterly
3573,SKU0121,Industrial Supplies 0121,Industrial Supplies,Z3-B02,Z3,0,0,0,0,425.50,0.00,0.00,0,N,13,0,0.00,12,N,Routine,Routine: no recurring variance or recount pattern,N,0.60,Quarterly
3574,SKU0208,Maintenance Parts 0208,Maintenance Parts,Z2-B01,Z2,0,0,0,0,364.00,0.00,0.00,0,N,13,0,0.00,12,N,Routine,Routine: no recurring variance or recount pattern,N,0.60,Quarterly
3575,SKU0277,Fasteners 0277,Fasteners,Z1-B02,Z1,0,0,0,0,563.50,0.00,0.00,0,N,13,0,0.00,12,N,Routine,Routine: no recurring variance or recount pattern,N,0.60,Quarterly
3576,SKU0007,Fasteners 0007,Fasteners,Z3-B02,Z3,0,0,0,0,428.50,0.00,0.00,0,N,13,0,0.00,11,N,Routine,Routine: no recurring variance or recount pattern,N,0.55,Quarterly
3577,SKU0044,Packaging 0044,Packaging,Z1-B01,Z1,0,0,0,0,392.00,0.00,0.00,0,N,13,0,0.00,11,N,Routine,Routine: no recurring variance or recount pattern,N,0.55,Quarterly
3578,SKU0044,Packaging 0044,Packaging,Z2-B03,Z2,0,0,0,0,392.00,0.00,0.00,0,N,13,0,0.00,11,N,Routine,Routine: no recurring variance or recount pattern,N,0.55,Quarterly
3579,SKU0044,Packaging 0044,Packaging,Z3-B01,Z3,0,0,0,0,392.00,0.00,0.00,0,N,13,0,0.00,11,N,Routine,Routine: no recurring variance or recount pattern,N,0.55,Quarterly
3580,SKU0044,Packaging 0044,Packaging,Z3-B02,Z3,0,0,0,0,392.00,0.00,0.00,0,N,13,0,0.00,11,N,Routine,Routine: no recurring variance or recount pattern,N,0.55,Quarterly
3581,SKU0121,Industrial Supplies 0121,Industrial Supplies,Z1-B02,Z1,0,0,0,0,425.50,0.00,0.00,0,N,13,0,0.00,11,N,Routine,Routine: no recurring variance or recount pattern,N,0.55,Quarterly
3582,SKU0121,Industrial Supplies 0121,Industrial Supplies,Z3-B04,Z3,0,0,0,0,425.50,0.00,0.00,0,N,13,0,0.00,11,N,Routine,Routine: no recurring variance or recount pattern,N,0.55,Quarterly
3583,SKU0208,Maintenance Parts 0208,Maintenance Parts,Z2-B04,Z2,0,0,0,0,364.00,0.00,0.00,0,N,13,0,0.00,11,N,Routine,Routine: no recurring variance or recount pattern,N,0.55,Quarterly
3584,SKU0208,Maintenance Parts 0208,Maintenance Parts,Z3-B02,Z3,0,0,0,0,364.00,0.00,0.00,0,N,13,0,0.00,11,N,Routine,Routine: no recurring variance or recount pattern,N,0.55,Quarterly
3585,SKU0277,Fasteners 0277,Fasteners,Z1-B01,Z1,0,0,0,0,563.50,0.00,0.00,0,N,13,0,0.00,11,N,Routine,Routine: no recurring variance or recount pattern,N,0.55,Quarterly
3586,SKU0277,Fasteners 0277,Fasteners,Z2-B01,Z2,0,0,0,0,563.50,0.00,0.00,0,N,13,0,0.00,11,N,Routine,Routine: no recurring variance or recount pattern,N,0.55,Quarterly
3587,SKU0277,Fasteners 0277,Fasteners,Z2-B03,Z2,0,0,0,0,563.50,0.00,0.00,0,N,13,0,0.00,11,N,Routine,Routine: no recurring variance or recount pattern,N,0.55,Quarterly
3588,SKU0007,Fasteners 0007,Fasteners,Z1-B01,Z1,0,0,0,0,428.50,0.00,0.00,0,N,13,0,0.00,10,N,Routine,Routine: no recurring variance or recount pattern,N,0.50,Quarterly
3589,SKU0007,Fasteners 0007,Fasteners,Z1-B04,Z1,0,0,0,0,428.50,0.00,0.00,0,N,13,0,0.00,10,N,Routine,Routine: no recurring variance or recount pattern,N,0.50,Quarterly
3590,SKU0007,Fasteners 0007,Fasteners,Z2-B01,Z2,0,0,0,0,428.50,0.00,0.00,0,N,13,0,0.00,10,N,Routine,Routine: no recurring variance or recount pattern,N,0.50,Quarterly
3591,SKU0007,Fasteners 0007,Fasteners,Z3-B01,Z3,0,0,0,0,428.50,0.00,0.00,0,N,13,0,0.00,10,N,Routine,Routine: no recurring variance or recount pattern,N,0.50,Quarterly
3592,SKU0044,Packaging 0044,Packaging,Z3-B04,Z3,0,0,0,0,392.00,0.00,0.00,0,N,13,0,0.00,10,N,Routine,Routine: no recurring variance or recount pattern,N,0.50,Quarterly
3593,SKU0121,Industrial Supplies 0121,Industrial Supplies,Z1-B01,Z1,0,0,0,0,425.50,0.00,0.00,0,N,13,0,0.00,10,N,Routine,Routine: no recurring variance or recount pattern,N,0.50,Quarterly
3594,SKU0121,Industrial Supplies 0121,Industrial Supplies,Z1-B03,Z1,0,0,0,0,425.50,0.00,0.00,0,N,13,0,0.00,10,N,Routine,Routine: no recurring variance or recount pattern,N,0.50,Quarterly
3595,SKU0121,Industrial Supplies 0121,Industrial Supplies,Z2-B04,Z2,0,0,0,0,425.50,0.00,0.00,0,N,13,0,0.00,10,N,Routine,Routine: no recurring variance or recount pattern,N,0.50,Quarterly
3596,SKU0208,Maintenance Parts 0208,Maintenance Parts,Z1-B01,Z1,0,0,0,0,364.00,0.00,0.00,0,N,13,0,0.00,10,N,Routine,Routine: no recurring variance or recount pattern,N,0.50,Quarterly
3597,SKU0277,Fasteners 0277,Fasteners,Z3-B04,Z3,0,0,0,0,563.50,0.00,0.00,0,N,13,0,0.00,10,N,Routine,Routine: no recurring variance or recount pattern,N,0.50,Quarterly
3598,SKU0007,Fasteners 0007,Fasteners,Z1-B02,Z1,0,0,0,0,428.50,0.00,0.00,0,N,13,0,0.00,9,N,Routine,Routine: no recurring variance or recount pattern,N,0.45,Quarterly
3599,SKU0007,Fasteners 0007,Fasteners,Z2-B03,Z2,0,0,0,0,428.50,0.00,0.00,0,N,13,0,0.00,8,N,Routine,Routine: no recurring variance or recount pattern,N,0.40,Quarterly
3600,SKU0007,Fasteners 0007,Fasteners,Z3-B04,Z3,0,0,0,0,428.50,0.00,0.00,0,N,13,0,0.00,8,N,Routine,Routine: no recurring variance or recount pattern,N,0.40,Quarterly
