sku,product_name,category,supplier,location,zone,physical_qty,average_daily_demand,days_of_supply,reorder_point,safety_stock,lead_time_days,stockout_risk_reason,recommended_action
SKU0001,Electrical Components 0001,Electrical Components,Blue Ridge Supply,Z1-B01,Z1,0,0.00,999.00,31,15,11,On hand is below reorder and lead-time demand,Prioritize count and replenish
SKU0001,Electrical Components 0001,Electrical Components,Blue Ridge Supply,Z1-B02,Z1,0,0.00,999.00,31,15,11,On hand is below reorder and lead-time demand,Prioritize count and replenish
SKU0001,Electrical Components 0001,Electrical Components,Blue Ridge Supply,Z2-B03,Z2,36,0.00,999.00,31,15,11,On hand is below reorder and lead-time demand,Review reorder settings
SKU0001,Electrical Components 0001,Electrical Components,Blue Ridge Supply,Z2-B04,Z2,28,0.00,999.00,31,15,11,On hand is below reorder and lead-time demand,Review reorder settings
SKU0001,Electrical Components 0001,Electrical Components,Blue Ridge Supply,Z3-B01,Z3,21,0.00,999.00,31,15,11,On hand is below reorder and lead-time demand,Review reorder settings
SKU0001,Electrical Components 0001,Electrical Components,Blue Ridge Supply,Z3-B02,Z3,11,0.00,999.00,31,15,11,On hand is below reorder and lead-time demand,Prioritize count and replenish
SKU0002,Safety Supplies 0002,Safety Supplies,Cedar Components,Z1-B01,Z1,0,0.00,999.00,42,20,18,On hand is below reorder and lead-time demand,Prioritize count and replenish
SKU0002,Safety Supplies 0002,Safety Supplies,Cedar Components,Z1-B02,Z1,51,0.00,999.00,42,20,18,On hand is below reorder and lead-time demand,Review reorder settings
SKU0002,Safety Supplies 0002,Safety Supplies,Cedar Components,Z1-B03,Z1,48,0.00,999.00,42,20,18,On hand is below reorder and lead-time demand,Review reorder settings
SKU0002,Safety Supplies 0002,Safety Supplies,Cedar Components,Z1-B04,Z1,40,0.00,999.00,42,20,18,On hand is below reorder and lead-time demand,Review reorder settings
SKU0002,Safety Supplies 0002,Safety Supplies,Cedar Components,Z2-B01,Z2,25,0.00,999.00,42,20,18,On hand is below reorder and lead-time demand,Prioritize count and replenish
SKU0002,Safety Supplies 0002,Safety Supplies,Cedar Components,Z3-B01,Z3,27,0.00,999.00,42,20,18,On hand is below reorder and lead-time demand,Review reorder settings
SKU0002,Safety Supplies 0002,Safety Supplies,Cedar Components,Z3-B02,Z3,19,0.00,999.00,42,20,18,On hand is below reorder and lead-time demand,Review reorder settings
SKU0002,Safety Supplies 0002,Safety Supplies,Cedar Components,Z3-B03,Z3,6,0.00,999.00,42,20,18,On hand is below reorder and lead-time demand,Prioritize count and replenish
SKU0002,Safety Supplies 0002,Safety Supplies,Cedar Components,Z3-B04,Z3,0,0.00,999.00,42,20,18,On hand is below reorder and lead-time demand,Prioritize count and replenish
SKU0003,Packaging 0003,Packaging,Harbor Safety,Z1-B04,Z1,41,0.00,999.00,53,25,7,On hand is below reorder and lead-time demand,Review reorder settings
SKU0003,Packaging 0003,Packaging,Harbor Safety,Z2-B01,Z2,30,0.00,999.00,53,25,7,On hand is below reorder and lead-time demand,Review reorder settings
SKU0003,Packaging 0003,Packaging,Harbor Safety,Z2-B02,Z2,19,0.00,999.00,53,25,7,On hand is below reorder and lead-time demand,Review reorder settings
SKU0003,Packaging 0003,Packaging,Harbor Safety,Z2-B03,Z2,6,0.00,999.00,53,25,7,On hand is below reorder and lead-time demand,Prioritize count and replenish
SKU0003,Packaging 0003,Packaging,Harbor Safety,Z2-B04,Z2,0,0.00,999.00,53,25,7,On hand is below reorder and lead-time demand,Prioritize count and replenish
SKU0003,Packaging 0003,Packaging,Harbor Safety,Z3-B04,Z3,8,0.00,999.00,53,25,7,On hand is below reorder and lead-time demand,Review reorder settings
SKU0004,Tools 0004,Tools,Summit Packaging,Z1-B01,Z1,31,0.00,999.00,64,30,14,On hand is below reorder and lead-time demand,Review reorder settings
SKU0004,Tools 0004,Tools,Summit Packaging,Z1-B02,Z1,22,0.00,999.00,64,30,14,On hand is below reorder and lead-time demand,Prioritize count and replenish
SKU0004,Tools 0004,Tools,Summit Packaging,Z1-B03,Z1,5,0.00,999.00,64,30,14,On hand is below reorder and lead-time demand,Prioritize count and replenish
SKU0004,Tools 0004,Tools,Summit Packaging,Z2-B03,Z2,20,0.00,999.00,64,30,14,On hand is below reorder and lead-time demand,Review reorder settings
SKU0004,Tools 0004,Tools,Summit Packaging,Z2-B04,Z2,0,0.00,999.00,64,30,14,On hand is below reorder and lead-time demand,Review reorder settings
SKU0004,Tools 0004,Tools,Summit Packaging,Z3-B01,Z3,0,0.00,999.00,64,30,14,On hand is below reorder and lead-time demand,Prioritize count and replenish
SKU0004,Tools 0004,Tools,Summit Packaging,Z3-B02,Z3,0,0.00,999.00,64,30,14,On hand is below reorder and lead-time demand,Prioritize count and replenish
SKU0004,Tools 0004,Tools,Summit Packaging,Z3-B03,Z3,0,0.00,999.00,64,30,14,On hand is below reorder and lead-time demand,Prioritize count and replenish
SKU0005,Consumables 0005,Consumables,Atlas Industrial,Z1-B02,Z1,24,0.00,999.00,75,35,21,On hand is below reorder and lead-time demand,Review reorder settings
SKU0005,Consumables 0005,Consumables,Atlas Industrial,Z1-B03,Z1,21,0.00,999.00,75,35,21,On hand is below reorder and lead-time demand,Review reorder settings
SKU0005,Consumables 0005,Consumables,Atlas Industrial,Z1-B04,Z1,0,0.00,999.00,75,35,21,On hand is below reorder and lead-time demand,Prioritize count and replenish
SKU0005,Consumables 0005,Consumables,Atlas Industrial,Z2-B01,Z2,0,0.00,999.00,75,35,21,On hand is below reorder and lead-time demand,Prioritize count and replenish
SKU0005,Consumables 0005,Consumables,Atlas Industrial,Z2-B02,Z2,0,0.00,999.00,75,35,21,On hand is below reorder and lead-time demand,Prioritize count and replenish
SKU0005,Consumables 0005,Consumables,Atlas Industrial,Z3-B04,Z3,70,0.00,999.00,75,35,21,On hand is below reorder and lead-time demand,Review reorder settings
SKU0006,Fasteners 0006,Fasteners,Blue Ridge Supply,Z1-B01,Z1,0,0.00,999.00,86,40,10,On hand is below reorder and lead-time demand,Prioritize count and replenish
SKU0006,Fasteners 0006,Fasteners,Blue Ridge Supply,Z2-B01,Z2,38,0.00,999.00,86,40,10,On hand is below reorder and lead-time demand,Review reorder settings
SKU0006,Fasteners 0006,Fasteners,Blue Ridge Supply,Z2-B02,Z2,0,0.00,999.00,86,40,10,On hand is below reorder and lead-time demand,Review reorder settings
SKU0006,Fasteners 0006,Fasteners,Blue Ridge Supply,Z2-B03,Z2,84,0.00,999.00,86,40,10,On hand is below reorder and lead-time demand,Review reorder settings
SKU0006,Fasteners 0006,Fasteners,Blue Ridge Supply,Z2-B04,Z2,78,0.00,999.00,86,40,10,On hand is below reorder and lead-time demand,Review reorder settings
SKU0006,Fasteners 0006,Fasteners,Blue Ridge Supply,Z3-B01,Z3,65,0.00,999.00,86,40,10,On hand is below reorder and lead-time demand,Review reorder settings
SKU0007,Maintenance Parts 0007,Maintenance Parts,Cedar Components,Z1-B01,Z1,0,0.00,999.00,97,45,17,On hand is below reorder and lead-time demand,Prioritize count and replenish
SKU0007,Maintenance Parts 0007,Maintenance Parts,Cedar Components,Z1-B02,Z1,0,0.00,999.00,97,45,17,On hand is below reorder and lead-time demand,Prioritize count and replenish
SKU0007,Maintenance Parts 0007,Maintenance Parts,Cedar Components,Z1-B03,Z1,0,0.00,999.00,97,45,17,On hand is below reorder and lead-time demand,Prioritize count and replenish
SKU0007,Maintenance Parts 0007,Maintenance Parts,Cedar Components,Z1-B04,Z1,88,0.00,999.00,97,45,17,On hand is below reorder and lead-time demand,Review reorder settings
SKU0007,Maintenance Parts 0007,Maintenance Parts,Cedar Components,Z2-B01,Z2,82,0.00,999.00,97,45,17,On hand is below reorder and lead-time demand,Review reorder settings
SKU0007,Maintenance Parts 0007,Maintenance Parts,Cedar Components,Z2-B02,Z2,75,0.00,999.00,97,45,17,On hand is below reorder and lead-time demand,Review reorder settings
SKU0007,Maintenance Parts 0007,Maintenance Parts,Cedar Components,Z2-B03,Z2,67,0.00,999.00,97,45,17,On hand is below reorder and lead-time demand,Review reorder settings
SKU0007,Maintenance Parts 0007,Maintenance Parts,Cedar Components,Z2-B04,Z2,56,0.00,999.00,97,45,17,On hand is below reorder and lead-time demand,Review reorder settings
SKU0007,Maintenance Parts 0007,Maintenance Parts,Cedar Components,Z3-B01,Z3,44,0.00,999.00,97,45,17,On hand is below reorder and lead-time demand,Review reorder settings
SKU0007,Maintenance Parts 0007,Maintenance Parts,Cedar Components,Z3-B02,Z3,30,0.00,999.00,97,45,17,On hand is below reorder and lead-time demand,Prioritize count and replenish
SKU0007,Maintenance Parts 0007,Maintenance Parts,Cedar Components,Z3-B03,Z3,1,0.00,999.00,97,45,17,On hand is below reorder and lead-time demand,Prioritize count and replenish
SKU0007,Maintenance Parts 0007,Maintenance Parts,Cedar Components,Z3-B04,Z3,0,0.00,999.00,97,45,17,On hand is below reorder and lead-time demand,Prioritize count and replenish
SKU0009,Material Handling 0009,Material Handling,Summit Packaging,Z2-B03,Z2,0,0.00,999.00,39,15,13,On hand is below reorder and lead-time demand,Prioritize count and replenish
SKU0009,Material Handling 0009,Material Handling,Summit Packaging,Z2-B04,Z2,0,0.00,999.00,39,15,13,On hand is below reorder and lead-time demand,Prioritize count and replenish
SKU0009,Material Handling 0009,Material Handling,Summit Packaging,Z3-B01,Z3,0,0.00,999.00,39,15,13,On hand is below reorder and lead-time demand,Prioritize count and replenish
SKU0009,Material Handling 0009,Material Handling,Summit Packaging,Z3-B02,Z3,0,0.00,999.00,39,15,13,On hand is below reorder and lead-time demand,Prioritize count and replenish
SKU0009,Material Handling 0009,Material Handling,Summit Packaging,Z3-B04,Z3,4,0.00,999.00,39,15,13,On hand is below reorder and lead-time demand,Review reorder settings
SKU0010,Industrial Supplies 0010,Industrial Supplies,Atlas Industrial,Z1-B01,Z1,7,0.00,999.00,50,20,20,On hand is below reorder and lead-time demand,Prioritize count and replenish
SKU0010,Industrial Supplies 0010,Industrial Supplies,Atlas Industrial,Z1-B02,Z1,0,0.00,999.00,50,20,20,On hand is below reorder and lead-time demand,Prioritize count and replenish
SKU0010,Industrial Supplies 0010,Industrial Supplies,Atlas Industrial,Z1-B03,Z1,0,0.00,999.00,50,20,20,On hand is below reorder and lead-time demand,Prioritize count and replenish
SKU0010,Industrial Supplies 0010,Industrial Supplies,Atlas Industrial,Z1-B04,Z1,0,0.00,999.00,50,20,20,On hand is below reorder and lead-time demand,Prioritize count and replenish
SKU0010,Industrial Supplies 0010,Industrial Supplies,Atlas Industrial,Z2-B01,Z2,0,0.00,999.00,50,20,20,On hand is below reorder and lead-time demand,Prioritize count and replenish
SKU0010,Industrial Supplies 0010,Industrial Supplies,Atlas Industrial,Z2-B03,Z2,30,0.00,999.00,50,20,20,On hand is below reorder and lead-time demand,Review reorder settings
SKU0010,Industrial Supplies 0010,Industrial Supplies,Atlas Industrial,Z2-B04,Z2,0,0.00,999.00,50,20,20,On hand is below reorder and lead-time demand,Prioritize count and replenish
SKU0010,Industrial Supplies 0010,Industrial Supplies,Atlas Industrial,Z3-B01,Z3,0,0.00,999.00,50,20,20,On hand is below reorder and lead-time demand,Prioritize count and replenish
SKU0010,Industrial Supplies 0010,Industrial Supplies,Atlas Industrial,Z3-B02,Z3,0,0.00,999.00,50,20,20,On hand is below reorder and lead-time demand,Prioritize count and replenish
SKU0010,Industrial Supplies 0010,Industrial Supplies,Atlas Industrial,Z3-B03,Z3,0,0.00,999.00,50,20,20,On hand is below reorder and lead-time demand,Prioritize count and replenish
SKU0010,Industrial Supplies 0010,Industrial Supplies,Atlas Industrial,Z3-B04,Z3,47,0.00,999.00,50,20,20,On hand is below reorder and lead-time demand,Review reorder settings
SKU0011,Electrical Components 0011,Electrical Components,Blue Ridge Supply,Z1-B02,Z1,13,0.00,999.00,61,25,9,On hand is below reorder and lead-time demand,Review reorder settings
SKU0011,Electrical Components 0011,Electrical Components,Blue Ridge Supply,Z1-B03,Z1,4,0.00,999.00,61,25,9,On hand is below reorder and lead-time demand,Review reorder settings
SKU0011,Electrical Components 0011,Electrical Components,Blue Ridge Supply,Z1-B04,Z1,0,0.00,999.00,61,25,9,On hand is below reorder and lead-time demand,Prioritize count and replenish
SKU0011,Electrical Components 0011,Electrical Components,Blue Ridge Supply,Z2-B01,Z2,0,0.00,999.00,61,25,9,On hand is below reorder and lead-time demand,Prioritize count and replenish
SKU0011,Electrical Components 0011,Electrical Components,Blue Ridge Supply,Z2-B02,Z2,0,0.00,999.00,61,25,9,On hand is below reorder and lead-time demand,Prioritize count and replenish
SKU0011,Electrical Components 0011,Electrical Components,Blue Ridge Supply,Z2-B03,Z2,0,0.00,999.00,61,25,9,On hand is below reorder and lead-time demand,Prioritize count and replenish
SKU0011,Electrical Components 0011,Electrical Components,Blue Ridge Supply,Z2-B04,Z2,0,0.00,999.00,61,25,9,On hand is below reorder and lead-time demand,Prioritize count and replenish
SKU0011,Electrical Components 0011,Electrical Components,Blue Ridge Supply,Z3-B04,Z3,41,0.00,999.00,61,25,9,On hand is below reorder and lead-time demand,Review reorder settings
SKU0012,Safety Supplies 0012,Safety Supplies,Cedar Components,Z1-B01,Z1,0,0.00,999.00,72,30,16,On hand is below reorder and lead-time demand,Prioritize count and replenish
SKU0012,Safety Supplies 0012,Safety Supplies,Cedar Components,Z1-B02,Z1,0,0.00,999.00,72,30,16,On hand is below reorder and lead-time demand,Prioritize count and replenish
SKU0012,Safety Supplies 0012,Safety Supplies,Cedar Components,Z1-B03,Z1,0,0.00,999.00,72,30,16,On hand is below reorder and lead-time demand,Prioritize count and replenish
SKU0012,Safety Supplies 0012,Safety Supplies,Cedar Components,Z2-B03,Z2,50,0.00,999.00,72,30,16,On hand is below reorder and lead-time demand,Review reorder settings
SKU0012,Safety Supplies 0012,Safety Supplies,Cedar Components,Z2-B04,Z2,46,0.00,999.00,72,30,16,On hand is below reorder and lead-time demand,Review reorder settings
SKU0012,Safety Supplies 0012,Safety Supplies,Cedar Components,Z3-B01,Z3,40,0.00,999.00,72,30,16,On hand is below reorder and lead-time demand,Review reorder settings
SKU0012,Safety Supplies 0012,Safety Supplies,Cedar Components,Z3-B02,Z3,28,0.00,999.00,72,30,16,On hand is below reorder and lead-time demand,Prioritize count and replenish
SKU0012,Safety Supplies 0012,Safety Supplies,Cedar Components,Z3-B03,Z3,15,0.00,999.00,72,30,16,On hand is below reorder and lead-time demand,Prioritize count and replenish
SKU0013,Packaging 0013,Packaging,Harbor Safety,Z1-B01,Z1,19,0.00,999.00,83,35,5,On hand is below reorder and lead-time demand,Review reorder settings
SKU0013,Packaging 0013,Packaging,Harbor Safety,Z1-B02,Z1,0,0.00,999.00,83,35,5,On hand is below reorder and lead-time demand,Review reorder settings
SKU0013,Packaging 0013,Packaging,Harbor Safety,Z1-B03,Z1,59,0.00,999.00,83,35,5,On hand is below reorder and lead-time demand,Review reorder settings
SKU0013,Packaging 0013,Packaging,Harbor Safety,Z1-B04,Z1,53,0.00,999.00,83,35,5,On hand is below reorder and lead-time demand,Review reorder settings
SKU0013,Packaging 0013,Packaging,Harbor Safety,Z2-B01,Z2,47,0.00,999.00,83,35,5,On hand is below reorder and lead-time demand,Review reorder settings
SKU0013,Packaging 0013,Packaging,Harbor Safety,Z2-B02,Z2,42,0.00,999.00,83,35,5,On hand is below reorder and lead-time demand,Prioritize count and replenish
SKU0013,Packaging 0013,Packaging,Harbor Safety,Z3-B02,Z3,40,0.00,999.00,83,35,5,On hand is below reorder and lead-time demand,Review reorder settings
SKU0013,Packaging 0013,Packaging,Harbor Safety,Z3-B03,Z3,28,0.00,999.00,83,35,5,On hand is below reorder and lead-time demand,Review reorder settings
SKU0013,Packaging 0013,Packaging,Harbor Safety,Z3-B04,Z3,9,0.00,999.00,83,35,5,On hand is below reorder and lead-time demand,Prioritize count and replenish
SKU0014,Tools 0014,Tools,Summit Packaging,Z1-B01,Z1,55,0.00,999.00,94,40,12,On hand is below reorder and lead-time demand,Review reorder settings
SKU0014,Tools 0014,Tools,Summit Packaging,Z2-B01,Z2,51,0.00,999.00,94,40,12,On hand is below reorder and lead-time demand,Review reorder settings
SKU0014,Tools 0014,Tools,Summit Packaging,Z2-B02,Z2,37,0.00,999.00,94,40,12,On hand is below reorder and lead-time demand,Review reorder settings
SKU0014,Tools 0014,Tools,Summit Packaging,Z2-B03,Z2,25,0.00,999.00,94,40,12,On hand is below reorder and lead-time demand,Review reorder settings
SKU0014,Tools 0014,Tools,Summit Packaging,Z2-B04,Z2,12,0.00,999.00,94,40,12,On hand is below reorder and lead-time demand,Prioritize count and replenish
SKU0014,Tools 0014,Tools,Summit Packaging,Z3-B01,Z3,0,0.00,999.00,94,40,12,On hand is below reorder and lead-time demand,Prioritize count and replenish
SKU0015,Consumables 0015,Consumables,Atlas Industrial,Z1-B02,Z1,42,0.00,999.00,25,45,19,On hand is below reorder and lead-time demand,Review reorder settings
SKU0015,Consumables 0015,Consumables,Atlas Industrial,Z1-B03,Z1,31,0.00,999.00,25,45,19,On hand is below reorder and lead-time demand,Review reorder settings
SKU0015,Consumables 0015,Consumables,Atlas Industrial,Z1-B04,Z1,14,0.00,999.00,25,45,19,On hand is below reorder and lead-time demand,Prioritize count and replenish
SKU0015,Consumables 0015,Consumables,Atlas Industrial,Z3-B01,Z3,16,0.00,999.00,25,45,19,On hand is below reorder and lead-time demand,Review reorder settings
SKU0015,Consumables 0015,Consumables,Atlas Industrial,Z3-B02,Z3,0,0.00,999.00,25,45,19,On hand is below reorder and lead-time demand,Prioritize count and replenish
SKU0015,Consumables 0015,Consumables,Atlas Industrial,Z3-B03,Z3,0,0.00,999.00,25,45,19,On hand is below reorder and lead-time demand,Prioritize count and replenish
SKU0015,Consumables 0015,Consumables,Atlas Industrial,Z3-B04,Z3,0,0.00,999.00,25,45,19,On hand is below reorder and lead-time demand,Prioritize count and replenish
SKU0016,Fasteners 0016,Fasteners,Blue Ridge Supply,Z1-B04,Z1,19,0.00,999.00,36,10,8,On hand is below reorder and lead-time demand,Review reorder settings
SKU0016,Fasteners 0016,Fasteners,Blue Ridge Supply,Z2-B01,Z2,0,0.00,999.00,36,10,8,On hand is below reorder and lead-time demand,Prioritize count and replenish
SKU0016,Fasteners 0016,Fasteners,Blue Ridge Supply,Z2-B02,Z2,0,0.00,999.00,36,10,8,On hand is below reorder and lead-time demand,Prioritize count and replenish
SKU0016,Fasteners 0016,Fasteners,Blue Ridge Supply,Z2-B03,Z2,0,0.00,999.00,36,10,8,On hand is below reorder and lead-time demand,Prioritize count and replenish
SKU0017,Maintenance Parts 0017,Maintenance Parts,Cedar Components,Z1-B01,Z1,8,0.00,999.00,47,15,15,On hand is below reorder and lead-time demand,Review reorder settings
SKU0017,Maintenance Parts 0017,Maintenance Parts,Cedar Components,Z1-B02,Z1,0,0.00,999.00,47,15,15,On hand is below reorder and lead-time demand,Prioritize count and replenish
SKU0017,Maintenance Parts 0017,Maintenance Parts,Cedar Components,Z2-B03,Z2,9,0.00,999.00,47,15,15,On hand is below reorder and lead-time demand,Review reorder settings
SKU0018,Shipping Supplies 0018,Shipping Supplies,Harbor Safety,Z1-B02,Z1,19,0.00,999.00,58,20,4,On hand is below reorder and lead-time demand,Review reorder settings
SKU0018,Shipping Supplies 0018,Shipping Supplies,Harbor Safety,Z1-B03,Z1,0,0.00,999.00,58,20,4,On hand is below reorder and lead-time demand,Review reorder settings
SKU0018,Shipping Supplies 0018,Shipping Supplies,Harbor Safety,Z1-B04,Z1,0,0.00,999.00,58,20,4,On hand is below reorder and lead-time demand,Prioritize count and replenish
SKU0019,Material Handling 0019,Material Handling,Summit Packaging,Z2-B03,Z2,0,0.00,999.00,69,25,11,On hand is below reorder and lead-time demand,Prioritize count and replenish
SKU0019,Material Handling 0019,Material Handling,Summit Packaging,Z2-B04,Z2,0,0.00,999.00,69,25,11,On hand is below reorder and lead-time demand,Prioritize count and replenish
SKU0019,Material Handling 0019,Material Handling,Summit Packaging,Z3-B02,Z3,17,0.00,999.00,69,25,11,On hand is below reorder and lead-time demand,Review reorder settings
SKU0019,Material Handling 0019,Material Handling,Summit Packaging,Z3-B03,Z3,6,0.00,999.00,69,25,11,On hand is below reorder and lead-time demand,Review reorder settings
SKU0019,Material Handling 0019,Material Handling,Summit Packaging,Z3-B04,Z3,0,0.00,999.00,69,25,11,On hand is below reorder and lead-time demand,Prioritize count and replenish
SKU0020,Industrial Supplies 0020,Industrial Supplies,Atlas Industrial,Z1-B01,Z1,22,0.00,999.00,80,30,18,On hand is below reorder and lead-time demand,Prioritize count and replenish
SKU0020,Industrial Supplies 0020,Industrial Supplies,Atlas Industrial,Z1-B02,Z1,15,0.00,999.00,80,30,18,On hand is below reorder and lead-time demand,Prioritize count and replenish
SKU0020,Industrial Supplies 0020,Industrial Supplies,Atlas Industrial,Z1-B03,Z1,6,0.00,999.00,80,30,18,On hand is below reorder and lead-time demand,Prioritize count and replenish
SKU0020,Industrial Supplies 0020,Industrial Supplies,Atlas Industrial,Z2-B02,Z2,14,0.00,999.00,80,30,18,On hand is below reorder and lead-time demand,Review reorder settings
SKU0020,Industrial Supplies 0020,Industrial Supplies,Atlas Industrial,Z2-B03,Z2,4,0.00,999.00,80,30,18,On hand is below reorder and lead-time demand,Prioritize count and replenish
SKU0020,Industrial Supplies 0020,Industrial Supplies,Atlas Industrial,Z2-B04,Z2,0,0.00,999.00,80,30,18,On hand is below reorder and lead-time demand,Prioritize count and replenish
SKU0020,Industrial Supplies 0020,Industrial Supplies,Atlas Industrial,Z3-B01,Z3,0,0.00,999.00,80,30,18,On hand is below reorder and lead-time demand,Prioritize count and replenish
SKU0020,Industrial Supplies 0020,Industrial Supplies,Atlas Industrial,Z3-B02,Z3,0,0.00,999.00,80,30,18,On hand is below reorder and lead-time demand,Prioritize count and replenish
SKU0020,Industrial Supplies 0020,Industrial Supplies,Atlas Industrial,Z3-B03,Z3,0,0.00,999.00,80,30,18,On hand is below reorder and lead-time demand,Prioritize count and replenish
SKU0021,Electrical Components 0021,Electrical Components,Blue Ridge Supply,Z1-B01,Z1,32,0.00,999.00,91,35,7,On hand is below reorder and lead-time demand,Review reorder settings
SKU0021,Electrical Components 0021,Electrical Components,Blue Ridge Supply,Z1-B02,Z1,24,0.00,999.00,91,35,7,On hand is below reorder and lead-time demand,Prioritize count and replenish
SKU0021,Electrical Components 0021,Electrical Components,Blue Ridge Supply,Z1-B03,Z1,4,0.00,999.00,91,35,7,On hand is below reorder and lead-time demand,Prioritize count and replenish
SKU0021,Electrical Components 0021,Electrical Components,Blue Ridge Supply,Z1-B04,Z1,3,0.00,999.00,91,35,7,On hand is below reorder and lead-time demand,Prioritize count and replenish
SKU0021,Electrical Components 0021,Electrical Components,Blue Ridge Supply,Z2-B01,Z2,0,0.00,999.00,91,35,7,On hand is below reorder and lead-time demand,Prioritize count and replenish
SKU0021,Electrical Components 0021,Electrical Components,Blue Ridge Supply,Z2-B02,Z2,0,0.00,999.00,91,35,7,On hand is below reorder and lead-time demand,Prioritize count and replenish
SKU0021,Electrical Components 0021,Electrical Components,Blue Ridge Supply,Z3-B01,Z3,10,0.00,999.00,91,35,7,On hand is below reorder and lead-time demand,Review reorder settings
SKU0021,Electrical Components 0021,Electrical Components,Blue Ridge Supply,Z3-B02,Z3,0,0.00,999.00,91,35,7,On hand is below reorder and lead-time demand,Prioritize count and replenish
SKU0021,Electrical Components 0021,Electrical Components,Blue Ridge Supply,Z3-B03,Z3,0,0.00,999.00,91,35,7,On hand is below reorder and lead-time demand,Prioritize count and replenish
SKU0021,Electrical Components 0021,Electrical Components,Blue Ridge Supply,Z3-B04,Z3,0,0.00,999.00,91,35,7,On hand is below reorder and lead-time demand,Prioritize count and replenish
SKU0022,Safety Supplies 0022,Safety Supplies,Cedar Components,Z1-B01,Z1,0,0.00,999.00,22,40,14,On hand is below reorder and lead-time demand,Prioritize count and replenish
SKU0022,Safety Supplies 0022,Safety Supplies,Cedar Components,Z1-B04,Z1,3,0.00,999.00,22,40,14,On hand is below reorder and lead-time demand,Review reorder settings
SKU0022,Safety Supplies 0022,Safety Supplies,Cedar Components,Z2-B01,Z2,9,0.00,999.00,22,40,14,On hand is below reorder and lead-time demand,Review reorder settings
SKU0022,Safety Supplies 0022,Safety Supplies,Cedar Components,Z2-B02,Z2,0,0.00,999.00,22,40,14,On hand is below reorder and lead-time demand,Prioritize count and replenish
SKU0022,Safety Supplies 0022,Safety Supplies,Cedar Components,Z2-B03,Z2,0,0.00,999.00,22,40,14,On hand is below reorder and lead-time demand,Prioritize count and replenish
SKU0022,Safety Supplies 0022,Safety Supplies,Cedar Components,Z2-B04,Z2,0,0.00,999.00,22,40,14,On hand is below reorder and lead-time demand,Prioritize count and replenish
SKU0022,Safety Supplies 0022,Safety Supplies,Cedar Components,Z3-B01,Z3,0,0.00,999.00,22,40,14,On hand is below reorder and lead-time demand,Prioritize count and replenish
SKU0023,Packaging 0023,Packaging,Harbor Safety,Z1-B01,Z1,0,0.00,999.00,33,45,21,On hand is below reorder and lead-time demand,Prioritize count and replenish
SKU0023,Packaging 0023,Packaging,Harbor Safety,Z1-B02,Z1,0,0.00,999.00,33,45,21,On hand is below reorder and lead-time demand,Prioritize count and replenish
SKU0023,Packaging 0023,Packaging,Harbor Safety,Z1-B03,Z1,0,0.00,999.00,33,45,21,On hand is below reorder and lead-time demand,Prioritize count and replenish
SKU0023,Packaging 0023,Packaging,Harbor Safety,Z1-B04,Z1,0,0.00,999.00,33,45,21,On hand is below reorder and lead-time demand,Prioritize count and replenish
SKU0023,Packaging 0023,Packaging,Harbor Safety,Z3-B01,Z3,56,0.00,999.00,33,45,21,On hand is below reorder and lead-time demand,Review reorder settings
SKU0023,Packaging 0023,Packaging,Harbor Safety,Z3-B02,Z3,47,0.00,999.00,33,45,21,On hand is below reorder and lead-time demand,Review reorder settings
SKU0023,Packaging 0023,Packaging,Harbor Safety,Z3-B03,Z3,33,0.00,999.00,33,45,21,On hand is below reorder and lead-time demand,Review reorder settings
SKU0023,Packaging 0023,Packaging,Harbor Safety,Z3-B04,Z3,26,0.00,999.00,33,45,21,On hand is below reorder and lead-time demand,Review reorder settings
SKU0024,Tools 0024,Tools,Summit Packaging,Z1-B03,Z1,0,0.00,999.00,44,10,10,On hand is below reorder and lead-time demand,Review reorder settings
SKU0024,Tools 0024,Tools,Summit Packaging,Z2-B03,Z2,44,0.00,999.00,44,10,10,On hand is below reorder and lead-time demand,Review reorder settings
SKU0025,Consumables 0025,Consumables,Atlas Industrial,Z1-B02,Z1,65,0.00,999.00,55,15,17,On hand is below reorder and lead-time demand,Review reorder settings
SKU0025,Consumables 0025,Consumables,Atlas Industrial,Z2-B04,Z2,28,0.00,999.00,55,15,17,On hand is below reorder and lead-time demand,Review reorder settings
SKU0025,Consumables 0025,Consumables,Atlas Industrial,Z3-B01,Z3,15,0.00,999.00,55,15,17,On hand is below reorder and lead-time demand,Review reorder settings
SKU0025,Consumables 0025,Consumables,Atlas Industrial,Z3-B02,Z3,3,0.00,999.00,55,15,17,On hand is below reorder and lead-time demand,Prioritize count and replenish
SKU0026,Fasteners 0026,Fasteners,Blue Ridge Supply,Z1-B03,Z1,50,0.00,999.00,66,20,6,On hand is below reorder and lead-time demand,Review reorder settings
SKU0026,Fasteners 0026,Fasteners,Blue Ridge Supply,Z1-B04,Z1,31,0.00,999.00,66,20,6,On hand is below reorder and lead-time demand,Review reorder settings
SKU0026,Fasteners 0026,Fasteners,Blue Ridge Supply,Z2-B01,Z2,27,0.00,999.00,66,20,6,On hand is below reorder and lead-time demand,Review reorder settings
SKU0026,Fasteners 0026,Fasteners,Blue Ridge Supply,Z3-B02,Z3,15,0.00,999.00,66,20,6,On hand is below reorder and lead-time demand,Review reorder settings
SKU0026,Fasteners 0026,Fasteners,Blue Ridge Supply,Z3-B03,Z3,8,0.00,999.00,66,20,6,On hand is below reorder and lead-time demand,Review reorder settings
SKU0026,Fasteners 0026,Fasteners,Blue Ridge Supply,Z3-B04,Z3,0,0.00,999.00,66,20,6,On hand is below reorder and lead-time demand,Prioritize count and replenish
SKU0027,Maintenance Parts 0027,Maintenance Parts,Cedar Components,Z2-B02,Z2,20,0.00,999.00,77,25,13,On hand is below reorder and lead-time demand,Review reorder settings
SKU0027,Maintenance Parts 0027,Maintenance Parts,Cedar Components,Z2-B03,Z2,2,0.00,999.00,77,25,13,On hand is below reorder and lead-time demand,Prioritize count and replenish
SKU0027,Maintenance Parts 0027,Maintenance Parts,Cedar Components,Z2-B04,Z2,0,0.00,999.00,77,25,13,On hand is below reorder and lead-time demand,Prioritize count and replenish
SKU0028,Shipping Supplies 0028,Shipping Supplies,Harbor Safety,Z1-B01,Z1,25,0.00,999.00,88,30,20,On hand is below reorder and lead-time demand,Review reorder settings
SKU0028,Shipping Supplies 0028,Shipping Supplies,Harbor Safety,Z1-B02,Z1,27,0.00,999.00,88,30,20,On hand is below reorder and lead-time demand,Review reorder settings
SKU0028,Shipping Supplies 0028,Shipping Supplies,Harbor Safety,Z1-B03,Z1,2,0.00,999.00,88,30,20,On hand is below reorder and lead-time demand,Prioritize count and replenish
SKU0029,Material Handling 0029,Material Handling,Summit Packaging,Z1-B04,Z1,10,0.00,999.00,99,35,9,On hand is below reorder and lead-time demand,Review reorder settings
SKU0029,Material Handling 0029,Material Handling,Summit Packaging,Z2-B01,Z2,0,0.00,999.00,99,35,9,On hand is below reorder and lead-time demand,Review reorder settings
SKU0029,Material Handling 0029,Material Handling,Summit Packaging,Z3-B01,Z3,26,0.00,999.00,99,35,9,On hand is below reorder and lead-time demand,Review reorder settings
SKU0029,Material Handling 0029,Material Handling,Summit Packaging,Z3-B02,Z3,20,0.00,999.00,99,35,9,On hand is below reorder and lead-time demand,Prioritize count and replenish
SKU0029,Material Handling 0029,Material Handling,Summit Packaging,Z3-B03,Z3,11,0.00,999.00,99,35,9,On hand is below reorder and lead-time demand,Prioritize count and replenish
SKU0029,Material Handling 0029,Material Handling,Summit Packaging,Z3-B04,Z3,3,0.00,999.00,99,35,9,On hand is below reorder and lead-time demand,Prioritize count and replenish
SKU0030,Industrial Supplies 0030,Industrial Supplies,Atlas Industrial,Z1-B01,Z1,0,0.00,999.00,30,40,16,On hand is below reorder and lead-time demand,Prioritize count and replenish
SKU0030,Industrial Supplies 0030,Industrial Supplies,Atlas Industrial,Z1-B03,Z1,38,0.00,999.00,30,40,16,On hand is below reorder and lead-time demand,Review reorder settings
SKU0030,Industrial Supplies 0030,Industrial Supplies,Atlas Industrial,Z1-B04,Z1,33,0.00,999.00,30,40,16,On hand is below reorder and lead-time demand,Review reorder settings
SKU0030,Industrial Supplies 0030,Industrial Supplies,Atlas Industrial,Z2-B01,Z2,32,0.00,999.00,30,40,16,On hand is below reorder and lead-time demand,Review reorder settings
SKU0030,Industrial Supplies 0030,Industrial Supplies,Atlas Industrial,Z2-B02,Z2,26,0.00,999.00,30,40,16,On hand is below reorder and lead-time demand,Review reorder settings
SKU0030,Industrial Supplies 0030,Industrial Supplies,Atlas Industrial,Z2-B03,Z2,14,0.00,999.00,30,40,16,On hand is below reorder and lead-time demand,Prioritize count and replenish
SKU0030,Industrial Supplies 0030,Industrial Supplies,Atlas Industrial,Z2-B04,Z2,7,0.00,999.00,30,40,16,On hand is below reorder and lead-time demand,Prioritize count and replenish
SKU0030,Industrial Supplies 0030,Industrial Supplies,Atlas Industrial,Z3-B01,Z3,0,0.00,999.00,30,40,16,On hand is below reorder and lead-time demand,Prioritize count and replenish
SKU0030,Industrial Supplies 0030,Industrial Supplies,Atlas Industrial,Z3-B04,Z3,25,0.00,999.00,30,40,16,On hand is below reorder and lead-time demand,Review reorder settings
SKU0031,Electrical Components 0031,Electrical Components,Blue Ridge Supply,Z1-B01,Z1,40,0.00,999.00,41,45,5,On hand is below reorder and lead-time demand,Review reorder settings
SKU0031,Electrical Components 0031,Electrical Components,Blue Ridge Supply,Z1-B02,Z1,28,0.00,999.00,41,45,5,On hand is below reorder and lead-time demand,Prioritize count and replenish
SKU0031,Electrical Components 0031,Electrical Components,Blue Ridge Supply,Z1-B03,Z1,16,0.00,999.00,41,45,5,On hand is below reorder and lead-time demand,Prioritize count and replenish
SKU0031,Electrical Components 0031,Electrical Components,Blue Ridge Supply,Z1-B04,Z1,10,0.00,999.00,41,45,5,On hand is below reorder and lead-time demand,Prioritize count and replenish
SKU0031,Electrical Components 0031,Electrical Components,Blue Ridge Supply,Z2-B04,Z2,18,0.00,999.00,41,45,5,On hand is below reorder and lead-time demand,Review reorder settings
SKU0031,Electrical Components 0031,Electrical Components,Blue Ridge Supply,Z3-B01,Z3,8,0.00,999.00,41,45,5,On hand is below reorder and lead-time demand,Prioritize count and replenish
SKU0031,Electrical Components 0031,Electrical Components,Blue Ridge Supply,Z3-B02,Z3,0,0.00,999.00,41,45,5,On hand is below reorder and lead-time demand,Prioritize count and replenish
SKU0031,Electrical Components 0031,Electrical Components,Blue Ridge Supply,Z3-B03,Z3,0,0.00,999.00,41,45,5,On hand is below reorder and lead-time demand,Prioritize count and replenish
SKU0031,Electrical Components 0031,Electrical Components,Blue Ridge Supply,Z3-B04,Z3,0,0.00,999.00,41,45,5,On hand is below reorder and lead-time demand,Prioritize count and replenish
SKU0032,Safety Supplies 0032,Safety Supplies,Cedar Components,Z1-B03,Z1,21,0.00,999.00,52,10,12,On hand is below reorder and lead-time demand,Review reorder settings
SKU0032,Safety Supplies 0032,Safety Supplies,Cedar Components,Z1-B04,Z1,17,0.00,999.00,52,10,12,On hand is below reorder and lead-time demand,Review reorder settings
SKU0032,Safety Supplies 0032,Safety Supplies,Cedar Components,Z2-B01,Z2,2,0.00,999.00,52,10,12,On hand is below reorder and lead-time demand,Prioritize count and replenish
SKU0032,Safety Supplies 0032,Safety Supplies,Cedar Components,Z2-B02,Z2,0,0.00,999.00,52,10,12,On hand is below reorder and lead-time demand,Prioritize count and replenish
SKU0032,Safety Supplies 0032,Safety Supplies,Cedar Components,Z2-B03,Z2,0,0.00,999.00,52,10,12,On hand is below reorder and lead-time demand,Prioritize count and replenish
SKU0032,Safety Supplies 0032,Safety Supplies,Cedar Components,Z3-B03,Z3,0,0.00,999.00,52,10,12,On hand is below reorder and lead-time demand,Prioritize count and replenish
SKU0032,Safety Supplies 0032,Safety Supplies,Cedar Components,Z3-B04,Z3,0,0.00,999.00,52,10,12,On hand is below reorder and lead-time demand,Prioritize count and replenish
SKU0033,Packaging 0033,Packaging,Harbor Safety,Z1-B01,Z1,1,0.00,999.00,63,15,19,On hand is below reorder and lead-time demand,Prioritize count and replenish
SKU0033,Packaging 0033,Packaging,Harbor Safety,Z1-B02,Z1,0,0.00,999.00,63,15,19,On hand is below reorder and lead-time demand,Prioritize count and replenish
SKU0033,Packaging 0033,Packaging,Harbor Safety,Z2-B02,Z2,5,0.00,999.00,63,15,19,On hand is below reorder and lead-time demand,Review reorder settings
SKU0033,Packaging 0033,Packaging,Harbor Safety,Z2-B03,Z2,0,0.00,999.00,63,15,19,On hand is below reorder and lead-time demand,Prioritize count and replenish
SKU0033,Packaging 0033,Packaging,Harbor Safety,Z2-B04,Z2,0,0.00,999.00,63,15,19,On hand is below reorder and lead-time demand,Prioritize count and replenish
SKU0033,Packaging 0033,Packaging,Harbor Safety,Z3-B01,Z3,0,0.00,999.00,63,15,19,On hand is below reorder and lead-time demand,Prioritize count and replenish
SKU0033,Packaging 0033,Packaging,Harbor Safety,Z3-B02,Z3,0,0.00,999.00,63,15,19,On hand is below reorder and lead-time demand,Prioritize count and replenish
SKU0034,Tools 0034,Tools,Summit Packaging,Z1-B01,Z1,17,0.00,999.00,74,20,8,On hand is below reorder and lead-time demand,Review reorder settings
SKU0034,Tools 0034,Tools,Summit Packaging,Z1-B02,Z1,3,0.00,999.00,74,20,8,On hand is below reorder and lead-time demand,Prioritize count and replenish
SKU0034,Tools 0034,Tools,Summit Packaging,Z1-B03,Z1,0,0.00,999.00,74,20,8,On hand is below reorder and lead-time demand,Prioritize count and replenish
SKU0034,Tools 0034,Tools,Summit Packaging,Z1-B04,Z1,0,0.00,999.00,74,20,8,On hand is below reorder and lead-time demand,Prioritize count and replenish
SKU0034,Tools 0034,Tools,Summit Packaging,Z2-B01,Z2,0,0.00,999.00,74,20,8,On hand is below reorder and lead-time demand,Prioritize count and replenish
SKU0034,Tools 0034,Tools,Summit Packaging,Z3-B03,Z3,54,0.00,999.00,74,20,8,On hand is below reorder and lead-time demand,Review reorder settings
SKU0034,Tools 0034,Tools,Summit Packaging,Z3-B04,Z3,52,0.00,999.00,74,20,8,On hand is below reorder and lead-time demand,Review reorder settings
SKU0035,Consumables 0035,Consumables,Atlas Industrial,Z1-B04,Z1,14,0.00,999.00,85,25,15,On hand is below reorder and lead-time demand,Review reorder settings
SKU0035,Consumables 0035,Consumables,Atlas Industrial,Z2-B02,Z2,71,0.00,999.00,85,25,15,On hand is below reorder and lead-time demand,Review reorder settings
SKU0035,Consumables 0035,Consumables,Atlas Industrial,Z2-B03,Z2,62,0.00,999.00,85,25,15,On hand is below reorder and lead-time demand,Review reorder settings
SKU0035,Consumables 0035,Consumables,Atlas Industrial,Z2-B04,Z2,53,0.00,999.00,85,25,15,On hand is below reorder and lead-time demand,Review reorder settings
SKU0036,Fasteners 0036,Fasteners,Blue Ridge Supply,Z1-B01,Z1,0,0.00,999.00,96,30,4,On hand is below reorder and lead-time demand,Prioritize count and replenish
SKU0036,Fasteners 0036,Fasteners,Blue Ridge Supply,Z1-B02,Z1,79,0.00,999.00,96,30,4,On hand is below reorder and lead-time demand,Review reorder settings
SKU0036,Fasteners 0036,Fasteners,Blue Ridge Supply,Z1-B03,Z1,72,0.00,999.00,96,30,4,On hand is below reorder and lead-time demand,Review reorder settings
SKU0036,Fasteners 0036,Fasteners,Blue Ridge Supply,Z2-B04,Z2,52,0.00,999.00,96,30,4,On hand is below reorder and lead-time demand,Review reorder settings
SKU0036,Fasteners 0036,Fasteners,Blue Ridge Supply,Z3-B01,Z3,42,0.00,999.00,96,30,4,On hand is below reorder and lead-time demand,Review reorder settings
SKU0036,Fasteners 0036,Fasteners,Blue Ridge Supply,Z3-B02,Z3,27,0.00,999.00,96,30,4,On hand is below reorder and lead-time demand,Review reorder settings
SKU0036,Fasteners 0036,Fasteners,Blue Ridge Supply,Z3-B03,Z3,11,0.00,999.00,96,30,4,On hand is below reorder and lead-time demand,Prioritize count and replenish
SKU0037,Maintenance Parts 0037,Maintenance Parts,Cedar Components,Z2-B01,Z2,45,0.00,999.00,27,35,11,On hand is below reorder and lead-time demand,Review reorder settings
SKU0037,Maintenance Parts 0037,Maintenance Parts,Cedar Components,Z2-B02,Z2,36,0.00,999.00,27,35,11,On hand is below reorder and lead-time demand,Review reorder settings
SKU0037,Maintenance Parts 0037,Maintenance Parts,Cedar Components,Z3-B04,Z3,14,0.00,999.00,27,35,11,On hand is below reorder and lead-time demand,Review reorder settings
SKU0038,Shipping Supplies 0038,Shipping Supplies,Harbor Safety,Z1-B01,Z1,44,0.00,999.00,38,40,18,On hand is below reorder and lead-time demand,Review reorder settings
SKU0038,Shipping Supplies 0038,Shipping Supplies,Harbor Safety,Z2-B03,Z2,20,0.00,999.00,38,40,18,On hand is below reorder and lead-time demand,Review reorder settings
SKU0038,Shipping Supplies 0038,Shipping Supplies,Harbor Safety,Z2-B04,Z2,4,0.00,999.00,38,40,18,On hand is below reorder and lead-time demand,Review reorder settings
SKU0038,Shipping Supplies 0038,Shipping Supplies,Harbor Safety,Z3-B01,Z3,0,0.00,999.00,38,40,18,On hand is below reorder and lead-time demand,Prioritize count and replenish
SKU0039,Material Handling 0039,Material Handling,Summit Packaging,Z1-B02,Z1,43,0.00,999.00,49,45,7,On hand is below reorder and lead-time demand,Review reorder settings
SKU0039,Material Handling 0039,Material Handling,Summit Packaging,Z1-B03,Z1,27,0.00,999.00,49,45,7,On hand is below reorder and lead-time demand,Review reorder settings
SKU0039,Material Handling 0039,Material Handling,Summit Packaging,Z1-B04,Z1,2,0.00,999.00,49,45,7,On hand is below reorder and lead-time demand,Prioritize count and replenish
SKU0039,Material Handling 0039,Material Handling,Summit Packaging,Z2-B03,Z2,0,0.00,999.00,49,45,7,On hand is below reorder and lead-time demand,Prioritize count and replenish
SKU0039,Material Handling 0039,Material Handling,Summit Packaging,Z2-B04,Z2,0,0.00,999.00,49,45,7,On hand is below reorder and lead-time demand,Prioritize count and replenish
SKU0039,Material Handling 0039,Material Handling,Summit Packaging,Z3-B01,Z3,0,0.00,999.00,49,45,7,On hand is below reorder and lead-time demand,Prioritize count and replenish
SKU0039,Material Handling 0039,Material Handling,Summit Packaging,Z3-B02,Z3,38,0.00,999.00,49,45,7,On hand is below reorder and lead-time demand,Prioritize count and replenish
SKU0039,Material Handling 0039,Material Handling,Summit Packaging,Z3-B03,Z3,30,0.00,999.00,49,45,7,On hand is below reorder and lead-time demand,Prioritize count and replenish
SKU0039,Material Handling 0039,Material Handling,Summit Packaging,Z3-B04,Z3,21,0.00,999.00,49,45,7,On hand is below reorder and lead-time demand,Prioritize count and replenish
SKU0040,Industrial Supplies 0040,Industrial Supplies,Atlas Industrial,Z1-B01,Z1,6,0.00,999.00,60,10,14,On hand is below reorder and lead-time demand,Review reorder settings
SKU0040,Industrial Supplies 0040,Industrial Supplies,Atlas Industrial,Z1-B02,Z1,0,0.00,999.00,60,10,14,On hand is below reorder and lead-time demand,Prioritize count and replenish
SKU0040,Industrial Supplies 0040,Industrial Supplies,Atlas Industrial,Z1-B03,Z1,0,0.00,999.00,60,10,14,On hand is below reorder and lead-time demand,Prioritize count and replenish
SKU0040,Industrial Supplies 0040,Industrial Supplies,Atlas Industrial,Z1-B04,Z1,0,0.00,999.00,60,10,14,On hand is below reorder and lead-time demand,Prioritize count and replenish
SKU0040,Industrial Supplies 0040,Industrial Supplies,Atlas Industrial,Z2-B01,Z2,0,0.00,999.00,60,10,14,On hand is below reorder and lead-time demand,Prioritize count and replenish
SKU0040,Industrial Supplies 0040,Industrial Supplies,Atlas Industrial,Z2-B02,Z2,0,0.00,999.00,60,10,14,On hand is below reorder and lead-time demand,Prioritize count and replenish
SKU0040,Industrial Supplies 0040,Industrial Supplies,Atlas Industrial,Z2-B03,Z2,42,0.00,999.00,60,10,14,On hand is below reorder and lead-time demand,Review reorder settings
SKU0040,Industrial Supplies 0040,Industrial Supplies,Atlas Industrial,Z3-B03,Z3,30,0.00,999.00,60,10,14,On hand is below reorder and lead-time demand,Review reorder settings
SKU0040,Industrial Supplies 0040,Industrial Supplies,Atlas Industrial,Z3-B04,Z3,15,0.00,999.00,60,10,14,On hand is below reorder and lead-time demand,Prioritize count and replenish
SKU0041,Electrical Components 0041,Electrical Components,Blue Ridge Supply,Z1-B01,Z1,0,0.00,999.00,71,15,21,On hand is below reorder and lead-time demand,Prioritize count and replenish
SKU0041,Electrical Components 0041,Electrical Components,Blue Ridge Supply,Z1-B02,Z1,0,0.00,999.00,71,15,21,On hand is below reorder and lead-time demand,Prioritize count and replenish
SKU0041,Electrical Components 0041,Electrical Components,Blue Ridge Supply,Z2-B01,Z2,44,0.00,999.00,71,15,21,On hand is below reorder and lead-time demand,Review reorder settings
SKU0041,Electrical Components 0041,Electrical Components,Blue Ridge Supply,Z2-B02,Z2,42,0.00,999.00,71,15,21,On hand is below reorder and lead-time demand,Review reorder settings
SKU0041,Electrical Components 0041,Electrical Components,Blue Ridge Supply,Z2-B03,Z2,33,0.00,999.00,71,15,21,On hand is below reorder and lead-time demand,Review reorder settings
SKU0041,Electrical Components 0041,Electrical Components,Blue Ridge Supply,Z2-B04,Z2,25,0.00,999.00,71,15,21,On hand is below reorder and lead-time demand,Review reorder settings
SKU0041,Electrical Components 0041,Electrical Components,Blue Ridge Supply,Z3-B01,Z3,8,0.00,999.00,71,15,21,On hand is below reorder and lead-time demand,Prioritize count and replenish
SKU0041,Electrical Components 0041,Electrical Components,Blue Ridge Supply,Z3-B02,Z3,4,0.00,999.00,71,15,21,On hand is below reorder and lead-time demand,Prioritize count and replenish
SKU0042,Safety Supplies 0042,Safety Supplies,Cedar Components,Z1-B01,Z1,50,0.00,999.00,82,20,10,On hand is below reorder and lead-time demand,Review reorder settings
SKU0042,Safety Supplies 0042,Safety Supplies,Cedar Components,Z1-B02,Z1,45,0.00,999.00,82,20,10,On hand is below reorder and lead-time demand,Review reorder settings
SKU0042,Safety Supplies 0042,Safety Supplies,Cedar Components,Z1-B03,Z1,40,0.00,999.00,82,20,10,On hand is below reorder and lead-time demand,Review reorder settings
SKU0042,Safety Supplies 0042,Safety Supplies,Cedar Components,Z1-B04,Z1,28,0.00,999.00,82,20,10,On hand is below reorder and lead-time demand,Prioritize count and replenish
SKU0042,Safety Supplies 0042,Safety Supplies,Cedar Components,Z2-B01,Z2,15,0.00,999.00,82,20,10,On hand is below reorder and lead-time demand,Prioritize count and replenish
SKU0042,Safety Supplies 0042,Safety Supplies,Cedar Components,Z3-B01,Z3,24,0.00,999.00,82,20,10,On hand is below reorder and lead-time demand,Review reorder settings
SKU0042,Safety Supplies 0042,Safety Supplies,Cedar Components,Z3-B02,Z3,13,0.00,999.00,82,20,10,On hand is below reorder and lead-time demand,Review reorder settings
SKU0042,Safety Supplies 0042,Safety Supplies,Cedar Components,Z3-B03,Z3,0,0.00,999.00,82,20,10,On hand is below reorder and lead-time demand,Prioritize count and replenish
SKU0042,Safety Supplies 0042,Safety Supplies,Cedar Components,Z3-B04,Z3,0,0.00,999.00,82,20,10,On hand is below reorder and lead-time demand,Prioritize count and replenish
SKU0043,Packaging 0043,Packaging,Harbor Safety,Z1-B04,Z1,37,0.00,999.00,93,25,17,On hand is below reorder and lead-time demand,Review reorder settings
SKU0043,Packaging 0043,Packaging,Harbor Safety,Z2-B01,Z2,24,0.00,999.00,93,25,17,On hand is below reorder and lead-time demand,Review reorder settings
SKU0043,Packaging 0043,Packaging,Harbor Safety,Z2-B02,Z2,11,0.00,999.00,93,25,17,On hand is below reorder and lead-time demand,Prioritize count and replenish
SKU0043,Packaging 0043,Packaging,Harbor Safety,Z2-B03,Z2,0,0.00,999.00,93,25,17,On hand is below reorder and lead-time demand,Prioritize count and replenish
SKU0043,Packaging 0043,Packaging,Harbor Safety,Z2-B04,Z2,0,0.00,999.00,93,25,17,On hand is below reorder and lead-time demand,Prioritize count and replenish
SKU0043,Packaging 0043,Packaging,Harbor Safety,Z3-B04,Z3,2,0.00,999.00,93,25,17,On hand is below reorder and lead-time demand,Review reorder settings
SKU0044,Tools 0044,Tools,Summit Packaging,Z1-B01,Z1,0,0.00,999.00,24,30,6,On hand is below reorder and lead-time demand,Prioritize count and replenish
SKU0044,Tools 0044,Tools,Summit Packaging,Z1-B02,Z1,0,0.00,999.00,24,30,6,On hand is below reorder and lead-time demand,Prioritize count and replenish
SKU0044,Tools 0044,Tools,Summit Packaging,Z1-B03,Z1,0,0.00,999.00,24,30,6,On hand is below reorder and lead-time demand,Prioritize count and replenish
SKU0044,Tools 0044,Tools,Summit Packaging,Z1-B04,Z1,8,0.00,999.00,24,30,6,On hand is below reorder and lead-time demand,Review reorder settings
SKU0044,Tools 0044,Tools,Summit Packaging,Z2-B01,Z2,0,0.00,999.00,24,30,6,On hand is below reorder and lead-time demand,Prioritize count and replenish
SKU0044,Tools 0044,Tools,Summit Packaging,Z2-B02,Z2,0,0.00,999.00,24,30,6,On hand is below reorder and lead-time demand,Prioritize count and replenish
SKU0044,Tools 0044,Tools,Summit Packaging,Z2-B03,Z2,0,0.00,999.00,24,30,6,On hand is below reorder and lead-time demand,Prioritize count and replenish
SKU0044,Tools 0044,Tools,Summit Packaging,Z2-B04,Z2,0,0.00,999.00,24,30,6,On hand is below reorder and lead-time demand,Prioritize count and replenish
SKU0044,Tools 0044,Tools,Summit Packaging,Z3-B01,Z3,0,0.00,999.00,24,30,6,On hand is below reorder and lead-time demand,Prioritize count and replenish
SKU0044,Tools 0044,Tools,Summit Packaging,Z3-B02,Z3,0,0.00,999.00,24,30,6,On hand is below reorder and lead-time demand,Prioritize count and replenish
SKU0044,Tools 0044,Tools,Summit Packaging,Z3-B03,Z3,0,0.00,999.00,24,30,6,On hand is below reorder and lead-time demand,Prioritize count and replenish
SKU0045,Consumables 0045,Consumables,Atlas Industrial,Z1-B02,Z1,23,0.00,999.00,35,35,13,On hand is below reorder and lead-time demand,Review reorder settings
SKU0045,Consumables 0045,Consumables,Atlas Industrial,Z1-B03,Z1,12,0.00,999.00,35,35,13,On hand is below reorder and lead-time demand,Review reorder settings
SKU0045,Consumables 0045,Consumables,Atlas Industrial,Z1-B04,Z1,0,0.00,999.00,35,35,13,On hand is below reorder and lead-time demand,Prioritize count and replenish
SKU0045,Consumables 0045,Consumables,Atlas Industrial,Z2-B01,Z2,0,0.00,999.00,35,35,13,On hand is below reorder and lead-time demand,Prioritize count and replenish
SKU0045,Consumables 0045,Consumables,Atlas Industrial,Z2-B02,Z2,0,0.00,999.00,35,35,13,On hand is below reorder and lead-time demand,Prioritize count and replenish
SKU0046,Fasteners 0046,Fasteners,Blue Ridge Supply,Z1-B01,Z1,0,0.00,999.00,46,40,20,On hand is below reorder and lead-time demand,Prioritize count and replenish
SKU0046,Fasteners 0046,Fasteners,Blue Ridge Supply,Z3-B01,Z3,59,0.00,999.00,46,40,20,On hand is below reorder and lead-time demand,Review reorder settings
SKU0047,Maintenance Parts 0047,Maintenance Parts,Cedar Components,Z1-B01,Z1,9,0.00,999.00,57,45,9,On hand is below reorder and lead-time demand,Review reorder settings
SKU0047,Maintenance Parts 0047,Maintenance Parts,Cedar Components,Z1-B02,Z1,0,0.00,999.00,57,45,9,On hand is below reorder and lead-time demand,Review reorder settings
SKU0047,Maintenance Parts 0047,Maintenance Parts,Cedar Components,Z1-B04,Z1,82,0.00,999.00,57,45,9,On hand is below reorder and lead-time demand,Review reorder settings
SKU0047,Maintenance Parts 0047,Maintenance Parts,Cedar Components,Z3-B03,Z3,33,0.00,999.00,57,45,9,On hand is below reorder and lead-time demand,Review reorder settings
SKU0047,Maintenance Parts 0047,Maintenance Parts,Cedar Components,Z3-B04,Z3,13,0.00,999.00,57,45,9,On hand is below reorder and lead-time demand,Review reorder settings
SKU0048,Shipping Supplies 0048,Shipping Supplies,Harbor Safety,Z2-B02,Z2,48,0.00,999.00,68,10,16,On hand is below reorder and lead-time demand,Review reorder settings
SKU0048,Shipping Supplies 0048,Shipping Supplies,Harbor Safety,Z2-B03,Z2,38,0.00,999.00,68,10,16,On hand is below reorder and lead-time demand,Review reorder settings
SKU0049,Material Handling 0049,Material Handling,Summit Packaging,Z1-B02,Z1,62,0.00,999.00,79,15,5,On hand is below reorder and lead-time demand,Review reorder settings
SKU0049,Material Handling 0049,Material Handling,Summit Packaging,Z2-B03,Z2,0,0.00,999.00,79,15,5,On hand is below reorder and lead-time demand,Prioritize count and replenish
SKU0049,Material Handling 0049,Material Handling,Summit Packaging,Z2-B04,Z2,0,0.00,999.00,79,15,5,On hand is below reorder and lead-time demand,Prioritize count and replenish
SKU0049,Material Handling 0049,Material Handling,Summit Packaging,Z3-B01,Z3,0,0.00,999.00,79,15,5,On hand is below reorder and lead-time demand,Prioritize count and replenish
SKU0049,Material Handling 0049,Material Handling,Summit Packaging,Z3-B02,Z3,0,0.00,999.00,79,15,5,On hand is below reorder and lead-time demand,Prioritize count and replenish
SKU0050,Industrial Supplies 0050,Industrial Supplies,Atlas Industrial,Z1-B01,Z1,7,0.00,999.00,90,20,12,On hand is below reorder and lead-time demand,Prioritize count and replenish
SKU0050,Industrial Supplies 0050,Industrial Supplies,Atlas Industrial,Z1-B02,Z1,0,0.00,999.00,90,20,12,On hand is below reorder and lead-time demand,Prioritize count and replenish
SKU0050,Industrial Supplies 0050,Industrial Supplies,Atlas Industrial,Z1-B03,Z1,0,0.00,999.00,90,20,12,On hand is below reorder and lead-time demand,Prioritize count and replenish
SKU0050,Industrial Supplies 0050,Industrial Supplies,Atlas Industrial,Z1-B04,Z1,0,0.00,999.00,90,20,12,On hand is below reorder and lead-time demand,Prioritize count and replenish
SKU0050,Industrial Supplies 0050,Industrial Supplies,Atlas Industrial,Z2-B01,Z2,0,0.00,999.00,90,20,12,On hand is below reorder and lead-time demand,Prioritize count and replenish
SKU0050,Industrial Supplies 0050,Industrial Supplies,Atlas Industrial,Z2-B04,Z2,0,0.00,999.00,90,20,12,On hand is below reorder and lead-time demand,Prioritize count and replenish
SKU0050,Industrial Supplies 0050,Industrial Supplies,Atlas Industrial,Z3-B01,Z3,0,0.00,999.00,90,20,12,On hand is below reorder and lead-time demand,Prioritize count and replenish
SKU0050,Industrial Supplies 0050,Industrial Supplies,Atlas Industrial,Z3-B02,Z3,0,0.00,999.00,90,20,12,On hand is below reorder and lead-time demand,Prioritize count and replenish
SKU0050,Industrial Supplies 0050,Industrial Supplies,Atlas Industrial,Z3-B03,Z3,46,0.00,999.00,90,20,12,On hand is below reorder and lead-time demand,Review reorder settings
SKU0050,Industrial Supplies 0050,Industrial Supplies,Atlas Industrial,Z3-B04,Z3,39,0.00,999.00,90,20,12,On hand is below reorder and lead-time demand,Prioritize count and replenish
SKU0051,Electrical Components 0051,Electrical Components,Blue Ridge Supply,Z1-B03,Z1,1,0.00,999.00,21,25,19,On hand is below reorder and lead-time demand,Review reorder settings
SKU0051,Electrical Components 0051,Electrical Components,Blue Ridge Supply,Z1-B04,Z1,0,0.00,999.00,21,25,19,On hand is below reorder and lead-time demand,Prioritize count and replenish
SKU0051,Electrical Components 0051,Electrical Components,Blue Ridge Supply,Z2-B01,Z2,0,0.00,999.00,21,25,19,On hand is below reorder and lead-time demand,Prioritize count and replenish
SKU0051,Electrical Components 0051,Electrical Components,Blue Ridge Supply,Z2-B02,Z2,0,0.00,999.00,21,25,19,On hand is below reorder and lead-time demand,Prioritize count and replenish
SKU0051,Electrical Components 0051,Electrical Components,Blue Ridge Supply,Z2-B03,Z2,0,0.00,999.00,21,25,19,On hand is below reorder and lead-time demand,Prioritize count and replenish
SKU0051,Electrical Components 0051,Electrical Components,Blue Ridge Supply,Z2-B04,Z2,50,0.00,999.00,21,25,19,On hand is below reorder and lead-time demand,Review reorder settings
SKU0052,Safety Supplies 0052,Safety Supplies,Cedar Components,Z1-B01,Z1,0,0.00,999.00,32,30,8,On hand is below reorder and lead-time demand,Prioritize count and replenish
SKU0052,Safety Supplies 0052,Safety Supplies,Cedar Components,Z1-B02,Z1,0,0.00,999.00,32,30,8,On hand is below reorder and lead-time demand,Prioritize count and replenish
SKU0052,Safety Supplies 0052,Safety Supplies,Cedar Components,Z1-B03,Z1,0,0.00,999.00,32,30,8,On hand is below reorder and lead-time demand,Prioritize count and replenish
SKU0052,Safety Supplies 0052,Safety Supplies,Cedar Components,Z2-B04,Z2,40,0.00,999.00,32,30,8,On hand is below reorder and lead-time demand,Review reorder settings
SKU0052,Safety Supplies 0052,Safety Supplies,Cedar Components,Z3-B01,Z3,37,0.00,999.00,32,30,8,On hand is below reorder and lead-time demand,Review reorder settings
SKU0052,Safety Supplies 0052,Safety Supplies,Cedar Components,Z3-B02,Z3,18,0.00,999.00,32,30,8,On hand is below reorder and lead-time demand,Prioritize count and replenish
SKU0052,Safety Supplies 0052,Safety Supplies,Cedar Components,Z3-B03,Z3,2,0.00,999.00,32,30,8,On hand is below reorder and lead-time demand,Prioritize count and replenish
SKU0053,Packaging 0053,Packaging,Harbor Safety,Z1-B01,Z1,21,0.00,999.00,43,35,15,On hand is below reorder and lead-time demand,Review reorder settings
SKU0053,Packaging 0053,Packaging,Harbor Safety,Z1-B03,Z1,54,0.00,999.00,43,35,15,On hand is below reorder and lead-time demand,Review reorder settings
SKU0053,Packaging 0053,Packaging,Harbor Safety,Z1-B04,Z1,47,0.00,999.00,43,35,15,On hand is below reorder and lead-time demand,Review reorder settings
SKU0053,Packaging 0053,Packaging,Harbor Safety,Z2-B01,Z2,39,0.00,999.00,43,35,15,On hand is below reorder and lead-time demand,Review reorder settings
SKU0053,Packaging 0053,Packaging,Harbor Safety,Z2-B02,Z2,33,0.00,999.00,43,35,15,On hand is below reorder and lead-time demand,Review reorder settings
SKU0053,Packaging 0053,Packaging,Harbor Safety,Z3-B02,Z3,32,0.00,999.00,43,35,15,On hand is below reorder and lead-time demand,Review reorder settings
SKU0053,Packaging 0053,Packaging,Harbor Safety,Z3-B03,Z3,21,0.00,999.00,43,35,15,On hand is below reorder and lead-time demand,Review reorder settings
SKU0053,Packaging 0053,Packaging,Harbor Safety,Z3-B04,Z3,0,0.00,999.00,43,35,15,On hand is below reorder and lead-time demand,Prioritize count and replenish
SKU0054,Tools 0054,Tools,Summit Packaging,Z1-B01,Z1,48,0.00,999.00,54,40,4,On hand is below reorder and lead-time demand,Review reorder settings
SKU0054,Tools 0054,Tools,Summit Packaging,Z2-B02,Z2,23,0.00,999.00,54,40,4,On hand is below reorder and lead-time demand,Review reorder settings
SKU0054,Tools 0054,Tools,Summit Packaging,Z2-B03,Z2,25,0.00,999.00,54,40,4,On hand is below reorder and lead-time demand,Review reorder settings
SKU0054,Tools 0054,Tools,Summit Packaging,Z2-B04,Z2,4,0.00,999.00,54,40,4,On hand is below reorder and lead-time demand,Prioritize count and replenish
SKU0054,Tools 0054,Tools,Summit Packaging,Z3-B01,Z3,0,0.00,999.00,54,40,4,On hand is below reorder and lead-time demand,Prioritize count and replenish
SKU0055,Consumables 0055,Consumables,Atlas Industrial,Z1-B01,Z1,47,0.00,999.00,65,45,11,On hand is below reorder and lead-time demand,Review reorder settings
SKU0055,Consumables 0055,Consumables,Atlas Industrial,Z1-B02,Z1,29,0.00,999.00,65,45,11,On hand is below reorder and lead-time demand,Review reorder settings
SKU0055,Consumables 0055,Consumables,Atlas Industrial,Z1-B03,Z1,17,0.00,999.00,65,45,11,On hand is below reorder and lead-time demand,Review reorder settings
SKU0055,Consumables 0055,Consumables,Atlas Industrial,Z1-B04,Z1,8,0.00,999.00,65,45,11,On hand is below reorder and lead-time demand,Prioritize count and replenish
SKU0055,Consumables 0055,Consumables,Atlas Industrial,Z3-B01,Z3,6,0.00,999.00,65,45,11,On hand is below reorder and lead-time demand,Review reorder settings
SKU0055,Consumables 0055,Consumables,Atlas Industrial,Z3-B02,Z3,0,0.00,999.00,65,45,11,On hand is below reorder and lead-time demand,Prioritize count and replenish
SKU0055,Consumables 0055,Consumables,Atlas Industrial,Z3-B03,Z3,0,0.00,999.00,65,45,11,On hand is below reorder and lead-time demand,Prioritize count and replenish
SKU0055,Consumables 0055,Consumables,Atlas Industrial,Z3-B04,Z3,0,0.00,999.00,65,45,11,On hand is below reorder and lead-time demand,Prioritize count and replenish
SKU0056,Fasteners 0056,Fasteners,Blue Ridge Supply,Z1-B04,Z1,9,0.00,999.00,76,10,18,On hand is below reorder and lead-time demand,Review reorder settings
SKU0056,Fasteners 0056,Fasteners,Blue Ridge Supply,Z2-B01,Z2,6,0.00,999.00,76,10,18,On hand is below reorder and lead-time demand,Review reorder settings
SKU0056,Fasteners 0056,Fasteners,Blue Ridge Supply,Z2-B02,Z2,0,0.00,999.00,76,10,18,On hand is below reorder and lead-time demand,Prioritize count and replenish
SKU0056,Fasteners 0056,Fasteners,Blue Ridge Supply,Z2-B03,Z2,0,0.00,999.00,76,10,18,On hand is below reorder and lead-time demand,Prioritize count and replenish
SKU0057,Maintenance Parts 0057,Maintenance Parts,Cedar Components,Z1-B01,Z1,0,0.00,999.00,87,15,7,On hand is below reorder and lead-time demand,Prioritize count and replenish
SKU0057,Maintenance Parts 0057,Maintenance Parts,Cedar Components,Z1-B02,Z1,0,0.00,999.00,87,15,7,On hand is below reorder and lead-time demand,Prioritize count and replenish
SKU0057,Maintenance Parts 0057,Maintenance Parts,Cedar Components,Z3-B02,Z3,67,0.00,999.00,87,15,7,On hand is below reorder and lead-time demand,Review reorder settings
SKU0058,Shipping Supplies 0058,Shipping Supplies,Harbor Safety,Z1-B02,Z1,21,0.00,999.00,98,20,14,On hand is below reorder and lead-time demand,Review reorder settings
SKU0058,Shipping Supplies 0058,Shipping Supplies,Harbor Safety,Z1-B03,Z1,0,0.00,999.00,98,20,14,On hand is below reorder and lead-time demand,Review reorder settings
SKU0058,Shipping Supplies 0058,Shipping Supplies,Harbor Safety,Z2-B01,Z2,87,0.00,999.00,98,20,14,On hand is below reorder and lead-time demand,Review reorder settings
SKU0058,Shipping Supplies 0058,Shipping Supplies,Harbor Safety,Z3-B03,Z3,59,0.00,999.00,98,20,14,On hand is below reorder and lead-time demand,Review reorder settings
SKU0058,Shipping Supplies 0058,Shipping Supplies,Harbor Safety,Z3-B04,Z3,46,0.00,999.00,98,20,14,On hand is below reorder and lead-time demand,Review reorder settings
SKU0059,Material Handling 0059,Material Handling,Summit Packaging,Z2-B03,Z2,0,0.00,999.00,29,25,21,On hand is below reorder and lead-time demand,Prioritize count and replenish
SKU0059,Material Handling 0059,Material Handling,Summit Packaging,Z2-B04,Z2,0,0.00,999.00,29,25,21,On hand is below reorder and lead-time demand,Prioritize count and replenish
SKU0059,Material Handling 0059,Material Handling,Summit Packaging,Z3-B03,Z3,8,0.00,999.00,29,25,21,On hand is below reorder and lead-time demand,Review reorder settings
SKU0059,Material Handling 0059,Material Handling,Summit Packaging,Z3-B04,Z3,0,0.00,999.00,29,25,21,On hand is below reorder and lead-time demand,Prioritize count and replenish
SKU0060,Industrial Supplies 0060,Industrial Supplies,Atlas Industrial,Z1-B01,Z1,14,0.00,999.00,40,30,10,On hand is below reorder and lead-time demand,Prioritize count and replenish
SKU0060,Industrial Supplies 0060,Industrial Supplies,Atlas Industrial,Z1-B02,Z1,2,0.00,999.00,40,30,10,On hand is below reorder and lead-time demand,Prioritize count and replenish
SKU0060,Industrial Supplies 0060,Industrial Supplies,Atlas Industrial,Z1-B03,Z1,0,0.00,999.00,40,30,10,On hand is below reorder and lead-time demand,Prioritize count and replenish
SKU0060,Industrial Supplies 0060,Industrial Supplies,Atlas Industrial,Z2-B02,Z2,6,0.00,999.00,40,30,10,On hand is below reorder and lead-time demand,Review reorder settings
SKU0060,Industrial Supplies 0060,Industrial Supplies,Atlas Industrial,Z2-B03,Z2,9,0.00,999.00,40,30,10,On hand is below reorder and lead-time demand,Prioritize count and replenish
SKU0060,Industrial Supplies 0060,Industrial Supplies,Atlas Industrial,Z2-B04,Z2,0,0.00,999.00,40,30,10,On hand is below reorder and lead-time demand,Prioritize count and replenish
SKU0060,Industrial Supplies 0060,Industrial Supplies,Atlas Industrial,Z3-B01,Z3,0,0.00,999.00,40,30,10,On hand is below reorder and lead-time demand,Prioritize count and replenish
SKU0060,Industrial Supplies 0060,Industrial Supplies,Atlas Industrial,Z3-B02,Z3,0,0.00,999.00,40,30,10,On hand is below reorder and lead-time demand,Prioritize count and replenish
SKU0060,Industrial Supplies 0060,Industrial Supplies,Atlas Industrial,Z3-B03,Z3,0,0.00,999.00,40,30,10,On hand is below reorder and lead-time demand,Prioritize count and replenish
SKU0061,Electrical Components 0061,Electrical Components,Blue Ridge Supply,Z1-B01,Z1,21,0.00,999.00,51,35,17,On hand is below reorder and lead-time demand,Review reorder settings
SKU0061,Electrical Components 0061,Electrical Components,Blue Ridge Supply,Z1-B02,Z1,16,0.00,999.00,51,35,17,On hand is below reorder and lead-time demand,Review reorder settings
SKU0061,Electrical Components 0061,Electrical Components,Blue Ridge Supply,Z1-B03,Z1,0,0.00,999.00,51,35,17,On hand is below reorder and lead-time demand,Prioritize count and replenish
SKU0061,Electrical Components 0061,Electrical Components,Blue Ridge Supply,Z1-B04,Z1,0,0.00,999.00,51,35,17,On hand is below reorder and lead-time demand,Prioritize count and replenish
SKU0061,Electrical Components 0061,Electrical Components,Blue Ridge Supply,Z2-B01,Z2,0,0.00,999.00,51,35,17,On hand is below reorder and lead-time demand,Prioritize count and replenish
SKU0061,Electrical Components 0061,Electrical Components,Blue Ridge Supply,Z2-B02,Z2,0,0.00,999.00,51,35,17,On hand is below reorder and lead-time demand,Prioritize count and replenish
SKU0061,Electrical Components 0061,Electrical Components,Blue Ridge Supply,Z3-B01,Z3,4,0.00,999.00,51,35,17,On hand is below reorder and lead-time demand,Review reorder settings
SKU0061,Electrical Components 0061,Electrical Components,Blue Ridge Supply,Z3-B02,Z3,0,0.00,999.00,51,35,17,On hand is below reorder and lead-time demand,Prioritize count and replenish
SKU0061,Electrical Components 0061,Electrical Components,Blue Ridge Supply,Z3-B03,Z3,0,0.00,999.00,51,35,17,On hand is below reorder and lead-time demand,Prioritize count and replenish
SKU0061,Electrical Components 0061,Electrical Components,Blue Ridge Supply,Z3-B04,Z3,54,0.00,999.00,51,35,17,On hand is below reorder and lead-time demand,Review reorder settings
SKU0062,Safety Supplies 0062,Safety Supplies,Cedar Components,Z1-B01,Z1,0,0.00,999.00,62,40,6,On hand is below reorder and lead-time demand,Prioritize count and replenish
SKU0062,Safety Supplies 0062,Safety Supplies,Cedar Components,Z1-B04,Z1,39,0.00,999.00,62,40,6,On hand is below reorder and lead-time demand,Review reorder settings
SKU0062,Safety Supplies 0062,Safety Supplies,Cedar Components,Z2-B01,Z2,0,0.00,999.00,62,40,6,On hand is below reorder and lead-time demand,Review reorder settings
SKU0062,Safety Supplies 0062,Safety Supplies,Cedar Components,Z2-B02,Z2,0,0.00,999.00,62,40,6,On hand is below reorder and lead-time demand,Prioritize count and replenish
SKU0062,Safety Supplies 0062,Safety Supplies,Cedar Components,Z2-B03,Z2,0,0.00,999.00,62,40,6,On hand is below reorder and lead-time demand,Prioritize count and replenish
SKU0062,Safety Supplies 0062,Safety Supplies,Cedar Components,Z2-B04,Z2,0,0.00,999.00,62,40,6,On hand is below reorder and lead-time demand,Prioritize count and replenish
SKU0062,Safety Supplies 0062,Safety Supplies,Cedar Components,Z3-B01,Z3,58,0.00,999.00,62,40,6,On hand is below reorder and lead-time demand,Review reorder settings
SKU0063,Packaging 0063,Packaging,Harbor Safety,Z1-B01,Z1,0,0.00,999.00,73,45,13,On hand is below reorder and lead-time demand,Prioritize count and replenish
SKU0063,Packaging 0063,Packaging,Harbor Safety,Z1-B02,Z1,0,0.00,999.00,73,45,13,On hand is below reorder and lead-time demand,Prioritize count and replenish
SKU0063,Packaging 0063,Packaging,Harbor Safety,Z1-B03,Z1,0,0.00,999.00,73,45,13,On hand is below reorder and lead-time demand,Prioritize count and replenish
SKU0063,Packaging 0063,Packaging,Harbor Safety,Z1-B04,Z1,0,0.00,999.00,73,45,13,On hand is below reorder and lead-time demand,Prioritize count and replenish
SKU0063,Packaging 0063,Packaging,Harbor Safety,Z3-B01,Z3,43,0.00,999.00,73,45,13,On hand is below reorder and lead-time demand,Review reorder settings
SKU0063,Packaging 0063,Packaging,Harbor Safety,Z3-B02,Z3,40,0.00,999.00,73,45,13,On hand is below reorder and lead-time demand,Review reorder settings
SKU0063,Packaging 0063,Packaging,Harbor Safety,Z3-B03,Z3,28,0.00,999.00,73,45,13,On hand is below reorder and lead-time demand,Prioritize count and replenish
SKU0063,Packaging 0063,Packaging,Harbor Safety,Z3-B04,Z3,18,0.00,999.00,73,45,13,On hand is below reorder and lead-time demand,Prioritize count and replenish
SKU0064,Tools 0064,Tools,Summit Packaging,Z1-B04,Z1,63,0.00,999.00,84,10,20,On hand is below reorder and lead-time demand,Review reorder settings
SKU0064,Tools 0064,Tools,Summit Packaging,Z2-B01,Z2,52,0.00,999.00,84,10,20,On hand is below reorder and lead-time demand,Review reorder settings
SKU0064,Tools 0064,Tools,Summit Packaging,Z2-B02,Z2,46,0.00,999.00,84,10,20,On hand is below reorder and lead-time demand,Review reorder settings
SKU0064,Tools 0064,Tools,Summit Packaging,Z2-B03,Z2,37,0.00,999.00,84,10,20,On hand is below reorder and lead-time demand,Review reorder settings
SKU0064,Tools 0064,Tools,Summit Packaging,Z3-B04,Z3,32,0.00,999.00,84,10,20,On hand is below reorder and lead-time demand,Review reorder settings
SKU0065,Consumables 0065,Consumables,Atlas Industrial,Z1-B01,Z1,65,0.00,999.00,95,15,9,On hand is below reorder and lead-time demand,Review reorder settings
SKU0065,Consumables 0065,Consumables,Atlas Industrial,Z1-B02,Z1,53,0.00,999.00,95,15,9,On hand is below reorder and lead-time demand,Review reorder settings
SKU0065,Consumables 0065,Consumables,Atlas Industrial,Z2-B03,Z2,41,0.00,999.00,95,15,9,On hand is below reorder and lead-time demand,Review reorder settings
SKU0065,Consumables 0065,Consumables,Atlas Industrial,Z2-B04,Z2,24,0.00,999.00,95,15,9,On hand is below reorder and lead-time demand,Review reorder settings
SKU0065,Consumables 0065,Consumables,Atlas Industrial,Z3-B01,Z3,9,0.00,999.00,95,15,9,On hand is below reorder and lead-time demand,Prioritize count and replenish
SKU0065,Consumables 0065,Consumables,Atlas Industrial,Z3-B02,Z3,0,0.00,999.00,95,15,9,On hand is below reorder and lead-time demand,Prioritize count and replenish
SKU0066,Fasteners 0066,Fasteners,Blue Ridge Supply,Z1-B04,Z1,31,0.00,999.00,26,20,16,On hand is below reorder and lead-time demand,Review reorder settings
SKU0066,Fasteners 0066,Fasteners,Blue Ridge Supply,Z2-B01,Z2,9,0.00,999.00,26,20,16,On hand is below reorder and lead-time demand,Review reorder settings
SKU0066,Fasteners 0066,Fasteners,Blue Ridge Supply,Z3-B02,Z3,8,0.00,999.00,26,20,16,On hand is below reorder and lead-time demand,Review reorder settings
SKU0066,Fasteners 0066,Fasteners,Blue Ridge Supply,Z3-B03,Z3,0,0.00,999.00,26,20,16,On hand is below reorder and lead-time demand,Review reorder settings
SKU0066,Fasteners 0066,Fasteners,Blue Ridge Supply,Z3-B04,Z3,0,0.00,999.00,26,20,16,On hand is below reorder and lead-time demand,Prioritize count and replenish
SKU0067,Maintenance Parts 0067,Maintenance Parts,Cedar Components,Z2-B02,Z2,13,0.00,999.00,37,25,5,On hand is below reorder and lead-time demand,Review reorder settings
SKU0067,Maintenance Parts 0067,Maintenance Parts,Cedar Components,Z2-B03,Z2,0,0.00,999.00,37,25,5,On hand is below reorder and lead-time demand,Prioritize count and replenish
SKU0067,Maintenance Parts 0067,Maintenance Parts,Cedar Components,Z2-B04,Z2,0,0.00,999.00,37,25,5,On hand is below reorder and lead-time demand,Prioritize count and replenish
SKU0068,Shipping Supplies 0068,Shipping Supplies,Harbor Safety,Z1-B01,Z1,21,0.00,999.00,48,30,12,On hand is below reorder and lead-time demand,Review reorder settings
SKU0068,Shipping Supplies 0068,Shipping Supplies,Harbor Safety,Z1-B02,Z1,7,0.00,999.00,48,30,12,On hand is below reorder and lead-time demand,Review reorder settings
SKU0068,Shipping Supplies 0068,Shipping Supplies,Harbor Safety,Z1-B03,Z1,0,0.00,999.00,48,30,12,On hand is below reorder and lead-time demand,Prioritize count and replenish
SKU0069,Material Handling 0069,Material Handling,Summit Packaging,Z1-B04,Z1,1,0.00,999.00,59,35,19,On hand is below reorder and lead-time demand,Review reorder settings
SKU0069,Material Handling 0069,Material Handling,Summit Packaging,Z2-B04,Z2,25,0.00,999.00,59,35,19,On hand is below reorder and lead-time demand,Review reorder settings
SKU0069,Material Handling 0069,Material Handling,Summit Packaging,Z3-B01,Z3,26,0.00,999.00,59,35,19,On hand is below reorder and lead-time demand,Review reorder settings
SKU0069,Material Handling 0069,Material Handling,Summit Packaging,Z3-B02,Z3,14,0.00,999.00,59,35,19,On hand is below reorder and lead-time demand,Prioritize count and replenish
SKU0069,Material Handling 0069,Material Handling,Summit Packaging,Z3-B03,Z3,5,0.00,999.00,59,35,19,On hand is below reorder and lead-time demand,Prioritize count and replenish
SKU0069,Material Handling 0069,Material Handling,Summit Packaging,Z3-B04,Z3,5,0.00,999.00,59,35,19,On hand is below reorder and lead-time demand,Prioritize count and replenish
SKU0070,Industrial Supplies 0070,Industrial Supplies,Atlas Industrial,Z1-B01,Z1,0,0.00,999.00,70,40,8,On hand is below reorder and lead-time demand,Prioritize count and replenish
SKU0070,Industrial Supplies 0070,Industrial Supplies,Atlas Industrial,Z1-B04,Z1,30,0.00,999.00,70,40,8,On hand is below reorder and lead-time demand,Review reorder settings
SKU0070,Industrial Supplies 0070,Industrial Supplies,Atlas Industrial,Z2-B01,Z2,30,0.00,999.00,70,40,8,On hand is below reorder and lead-time demand,Review reorder settings
SKU0070,Industrial Supplies 0070,Industrial Supplies,Atlas Industrial,Z2-B02,Z2,17,0.00,999.00,70,40,8,On hand is below reorder and lead-time demand,Prioritize count and replenish
SKU0070,Industrial Supplies 0070,Industrial Supplies,Atlas Industrial,Z2-B03,Z2,9,0.00,999.00,70,40,8,On hand is below reorder and lead-time demand,Prioritize count and replenish
SKU0070,Industrial Supplies 0070,Industrial Supplies,Atlas Industrial,Z2-B04,Z2,0,0.00,999.00,70,40,8,On hand is below reorder and lead-time demand,Prioritize count and replenish
SKU0070,Industrial Supplies 0070,Industrial Supplies,Atlas Industrial,Z3-B01,Z3,0,0.00,999.00,70,40,8,On hand is below reorder and lead-time demand,Prioritize count and replenish
SKU0070,Industrial Supplies 0070,Industrial Supplies,Atlas Industrial,Z3-B04,Z3,5,0.00,999.00,70,40,8,On hand is below reorder and lead-time demand,Review reorder settings
SKU0071,Electrical Components 0071,Electrical Components,Blue Ridge Supply,Z1-B01,Z1,26,0.00,999.00,81,45,15,On hand is below reorder and lead-time demand,Prioritize count and replenish
SKU0071,Electrical Components 0071,Electrical Components,Blue Ridge Supply,Z1-B02,Z1,26,0.00,999.00,81,45,15,On hand is below reorder and lead-time demand,Prioritize count and replenish
SKU0071,Electrical Components 0071,Electrical Components,Blue Ridge Supply,Z1-B03,Z1,13,0.00,999.00,81,45,15,On hand is below reorder and lead-time demand,Prioritize count and replenish
SKU0071,Electrical Components 0071,Electrical Components,Blue Ridge Supply,Z1-B04,Z1,4,0.00,999.00,81,45,15,On hand is below reorder and lead-time demand,Prioritize count and replenish
SKU0071,Electrical Components 0071,Electrical Components,Blue Ridge Supply,Z2-B03,Z2,27,0.00,999.00,81,45,15,On hand is below reorder and lead-time demand,Review reorder settings
SKU0071,Electrical Components 0071,Electrical Components,Blue Ridge Supply,Z2-B04,Z2,11,0.00,999.00,81,45,15,On hand is below reorder and lead-time demand,Prioritize count and replenish
SKU0071,Electrical Components 0071,Electrical Components,Blue Ridge Supply,Z3-B01,Z3,0,0.00,999.00,81,45,15,On hand is below reorder and lead-time demand,Prioritize count and replenish
SKU0071,Electrical Components 0071,Electrical Components,Blue Ridge Supply,Z3-B02,Z3,0,0.00,999.00,81,45,15,On hand is below reorder and lead-time demand,Prioritize count and replenish
SKU0071,Electrical Components 0071,Electrical Components,Blue Ridge Supply,Z3-B03,Z3,0,0.00,999.00,81,45,15,On hand is below reorder and lead-time demand,Prioritize count and replenish
SKU0071,Electrical Components 0071,Electrical Components,Blue Ridge Supply,Z3-B04,Z3,0,0.00,999.00,81,45,15,On hand is below reorder and lead-time demand,Prioritize count and replenish
SKU0072,Safety Supplies 0072,Safety Supplies,Cedar Components,Z1-B02,Z1,31,0.00,999.00,92,10,4,On hand is below reorder and lead-time demand,Review reorder settings
SKU0072,Safety Supplies 0072,Safety Supplies,Cedar Components,Z1-B03,Z1,28,0.00,999.00,92,10,4,On hand is below reorder and lead-time demand,Review reorder settings
SKU0072,Safety Supplies 0072,Safety Supplies,Cedar Components,Z1-B04,Z1,7,0.00,999.00,92,10,4,On hand is below reorder and lead-time demand,Prioritize count and replenish
SKU0072,Safety Supplies 0072,Safety Supplies,Cedar Components,Z2-B01,Z2,1,0.00,999.00,92,10,4,On hand is below reorder and lead-time demand,Prioritize count and replenish
SKU0072,Safety Supplies 0072,Safety Supplies,Cedar Components,Z2-B02,Z2,0,0.00,999.00,92,10,4,On hand is below reorder and lead-time demand,Prioritize count and replenish
SKU0072,Safety Supplies 0072,Safety Supplies,Cedar Components,Z2-B03,Z2,0,0.00,999.00,92,10,4,On hand is below reorder and lead-time demand,Prioritize count and replenish
SKU0072,Safety Supplies 0072,Safety Supplies,Cedar Components,Z3-B02,Z3,22,0.00,999.00,92,10,4,On hand is below reorder and lead-time demand,Review reorder settings
SKU0072,Safety Supplies 0072,Safety Supplies,Cedar Components,Z3-B03,Z3,0,0.00,999.00,92,10,4,On hand is below reorder and lead-time demand,Review reorder settings
SKU0072,Safety Supplies 0072,Safety Supplies,Cedar Components,Z3-B04,Z3,0,0.00,999.00,92,10,4,On hand is below reorder and lead-time demand,Prioritize count and replenish
SKU0073,Packaging 0073,Packaging,Harbor Safety,Z1-B01,Z1,2,0.00,999.00,23,15,11,On hand is below reorder and lead-time demand,Prioritize count and replenish
SKU0073,Packaging 0073,Packaging,Harbor Safety,Z1-B02,Z1,0,0.00,999.00,23,15,11,On hand is below reorder and lead-time demand,Prioritize count and replenish
SKU0073,Packaging 0073,Packaging,Harbor Safety,Z2-B02,Z2,2,0.00,999.00,23,15,11,On hand is below reorder and lead-time demand,Review reorder settings
SKU0073,Packaging 0073,Packaging,Harbor Safety,Z2-B03,Z2,0,0.00,999.00,23,15,11,On hand is below reorder and lead-time demand,Prioritize count and replenish
SKU0073,Packaging 0073,Packaging,Harbor Safety,Z2-B04,Z2,0,0.00,999.00,23,15,11,On hand is below reorder and lead-time demand,Prioritize count and replenish
SKU0073,Packaging 0073,Packaging,Harbor Safety,Z3-B01,Z3,0,0.00,999.00,23,15,11,On hand is below reorder and lead-time demand,Prioritize count and replenish
SKU0073,Packaging 0073,Packaging,Harbor Safety,Z3-B02,Z3,66,0.00,999.00,23,15,11,On hand is below reorder and lead-time demand,Review reorder settings
SKU0074,Tools 0074,Tools,Summit Packaging,Z1-B01,Z1,14,0.00,999.00,34,20,18,On hand is below reorder and lead-time demand,Review reorder settings
SKU0074,Tools 0074,Tools,Summit Packaging,Z1-B02,Z1,0,0.00,999.00,34,20,18,On hand is below reorder and lead-time demand,Prioritize count and replenish
SKU0074,Tools 0074,Tools,Summit Packaging,Z1-B03,Z1,0,0.00,999.00,34,20,18,On hand is below reorder and lead-time demand,Prioritize count and replenish
SKU0074,Tools 0074,Tools,Summit Packaging,Z1-B04,Z1,0,0.00,999.00,34,20,18,On hand is below reorder and lead-time demand,Prioritize count and replenish
SKU0074,Tools 0074,Tools,Summit Packaging,Z2-B01,Z2,0,0.00,999.00,34,20,18,On hand is below reorder and lead-time demand,Prioritize count and replenish
SKU0074,Tools 0074,Tools,Summit Packaging,Z3-B03,Z3,42,0.00,999.00,34,20,18,On hand is below reorder and lead-time demand,Review reorder settings
SKU0074,Tools 0074,Tools,Summit Packaging,Z3-B04,Z3,36,0.00,999.00,34,20,18,On hand is below reorder and lead-time demand,Review reorder settings
SKU0075,Consumables 0075,Consumables,Atlas Industrial,Z2-B03,Z2,57,0.00,999.00,45,25,7,On hand is below reorder and lead-time demand,Review reorder settings
SKU0075,Consumables 0075,Consumables,Atlas Industrial,Z2-B04,Z2,43,0.00,999.00,45,25,7,On hand is below reorder and lead-time demand,Review reorder settings
SKU0076,Fasteners 0076,Fasteners,Blue Ridge Supply,Z1-B02,Z1,71,0.00,999.00,56,30,14,On hand is below reorder and lead-time demand,Review reorder settings
SKU0076,Fasteners 0076,Fasteners,Blue Ridge Supply,Z1-B03,Z1,65,0.00,999.00,56,30,14,On hand is below reorder and lead-time demand,Review reorder settings
SKU0076,Fasteners 0076,Fasteners,Blue Ridge Supply,Z3-B01,Z3,31,0.00,999.00,56,30,14,On hand is below reorder and lead-time demand,Review reorder settings
SKU0076,Fasteners 0076,Fasteners,Blue Ridge Supply,Z3-B02,Z3,24,0.00,999.00,56,30,14,On hand is below reorder and lead-time demand,Review reorder settings
SKU0076,Fasteners 0076,Fasteners,Blue Ridge Supply,Z3-B03,Z3,0,0.00,999.00,56,30,14,On hand is below reorder and lead-time demand,Prioritize count and replenish
SKU0077,Maintenance Parts 0077,Maintenance Parts,Cedar Components,Z1-B04,Z1,40,0.00,999.00,67,35,21,On hand is below reorder and lead-time demand,Review reorder settings
SKU0077,Maintenance Parts 0077,Maintenance Parts,Cedar Components,Z2-B01,Z2,38,0.00,999.00,67,35,21,On hand is below reorder and lead-time demand,Review reorder settings
SKU0077,Maintenance Parts 0077,Maintenance Parts,Cedar Components,Z2-B02,Z2,19,0.00,999.00,67,35,21,On hand is below reorder and lead-time demand,Review reorder settings
SKU0077,Maintenance Parts 0077,Maintenance Parts,Cedar Components,Z3-B04,Z3,13,0.00,999.00,67,35,21,On hand is below reorder and lead-time demand,Review reorder settings
SKU0078,Shipping Supplies 0078,Shipping Supplies,Harbor Safety,Z1-B01,Z1,36,0.00,999.00,78,40,10,On hand is below reorder and lead-time demand,Review reorder settings
SKU0078,Shipping Supplies 0078,Shipping Supplies,Harbor Safety,Z2-B03,Z2,20,0.00,999.00,78,40,10,On hand is below reorder and lead-time demand,Review reorder settings
SKU0078,Shipping Supplies 0078,Shipping Supplies,Harbor Safety,Z2-B04,Z2,0,0.00,999.00,78,40,10,On hand is below reorder and lead-time demand,Prioritize count and replenish
SKU0078,Shipping Supplies 0078,Shipping Supplies,Harbor Safety,Z3-B01,Z3,0,0.00,999.00,78,40,10,On hand is below reorder and lead-time demand,Prioritize count and replenish
SKU0079,Material Handling 0079,Material Handling,Summit Packaging,Z1-B02,Z1,35,0.00,999.00,89,45,17,On hand is below reorder and lead-time demand,Review reorder settings
SKU0079,Material Handling 0079,Material Handling,Summit Packaging,Z1-B03,Z1,17,0.00,999.00,89,45,17,On hand is below reorder and lead-time demand,Review reorder settings
SKU0079,Material Handling 0079,Material Handling,Summit Packaging,Z1-B04,Z1,0,0.00,999.00,89,45,17,On hand is below reorder and lead-time demand,Prioritize count and replenish
SKU0079,Material Handling 0079,Material Handling,Summit Packaging,Z2-B03,Z2,0,0.00,999.00,89,45,17,On hand is below reorder and lead-time demand,Prioritize count and replenish
SKU0079,Material Handling 0079,Material Handling,Summit Packaging,Z2-B04,Z2,0,0.00,999.00,89,45,17,On hand is below reorder and lead-time demand,Prioritize count and replenish
SKU0079,Material Handling 0079,Material Handling,Summit Packaging,Z3-B01,Z3,37,0.00,999.00,89,45,17,On hand is below reorder and lead-time demand,Prioritize count and replenish
SKU0079,Material Handling 0079,Material Handling,Summit Packaging,Z3-B02,Z3,32,0.00,999.00,89,45,17,On hand is below reorder and lead-time demand,Prioritize count and replenish
SKU0079,Material Handling 0079,Material Handling,Summit Packaging,Z3-B03,Z3,25,0.00,999.00,89,45,17,On hand is below reorder and lead-time demand,Prioritize count and replenish
SKU0079,Material Handling 0079,Material Handling,Summit Packaging,Z3-B04,Z3,13,0.00,999.00,89,45,17,On hand is below reorder and lead-time demand,Prioritize count and replenish
SKU0080,Industrial Supplies 0080,Industrial Supplies,Atlas Industrial,Z1-B01,Z1,0,0.00,999.00,20,10,6,On hand is below reorder and lead-time demand,Review reorder settings
SKU0080,Industrial Supplies 0080,Industrial Supplies,Atlas Industrial,Z1-B02,Z1,0,0.00,999.00,20,10,6,On hand is below reorder and lead-time demand,Prioritize count and replenish
SKU0080,Industrial Supplies 0080,Industrial Supplies,Atlas Industrial,Z1-B03,Z1,0,0.00,999.00,20,10,6,On hand is below reorder and lead-time demand,Prioritize count and replenish
SKU0080,Industrial Supplies 0080,Industrial Supplies,Atlas Industrial,Z1-B04,Z1,0,0.00,999.00,20,10,6,On hand is below reorder and lead-time demand,Prioritize count and replenish
SKU0080,Industrial Supplies 0080,Industrial Supplies,Atlas Industrial,Z2-B01,Z2,0,0.00,999.00,20,10,6,On hand is below reorder and lead-time demand,Prioritize count and replenish
SKU0080,Industrial Supplies 0080,Industrial Supplies,Atlas Industrial,Z2-B02,Z2,41,0.00,999.00,20,10,6,On hand is below reorder and lead-time demand,Review reorder settings
SKU0080,Industrial Supplies 0080,Industrial Supplies,Atlas Industrial,Z2-B03,Z2,32,0.00,999.00,20,10,6,On hand is below reorder and lead-time demand,Review reorder settings
SKU0080,Industrial Supplies 0080,Industrial Supplies,Atlas Industrial,Z3-B03,Z3,21,0.00,999.00,20,10,6,On hand is below reorder and lead-time demand,Review reorder settings
SKU0080,Industrial Supplies 0080,Industrial Supplies,Atlas Industrial,Z3-B04,Z3,14,0.00,999.00,20,10,6,On hand is below reorder and lead-time demand,Review reorder settings
SKU0081,Electrical Components 0081,Electrical Components,Blue Ridge Supply,Z1-B01,Z1,0,0.00,999.00,31,15,13,On hand is below reorder and lead-time demand,Prioritize count and replenish
SKU0081,Electrical Components 0081,Electrical Components,Blue Ridge Supply,Z1-B02,Z1,0,0.00,999.00,31,15,13,On hand is below reorder and lead-time demand,Prioritize count and replenish
SKU0081,Electrical Components 0081,Electrical Components,Blue Ridge Supply,Z2-B03,Z2,27,0.00,999.00,31,15,13,On hand is below reorder and lead-time demand,Review reorder settings
SKU0081,Electrical Components 0081,Electrical Components,Blue Ridge Supply,Z2-B04,Z2,23,0.00,999.00,31,15,13,On hand is below reorder and lead-time demand,Review reorder settings
SKU0081,Electrical Components 0081,Electrical Components,Blue Ridge Supply,Z3-B01,Z3,6,0.00,999.00,31,15,13,On hand is below reorder and lead-time demand,Prioritize count and replenish
SKU0081,Electrical Components 0081,Electrical Components,Blue Ridge Supply,Z3-B02,Z3,0,0.00,999.00,31,15,13,On hand is below reorder and lead-time demand,Prioritize count and replenish
SKU0082,Safety Supplies 0082,Safety Supplies,Cedar Components,Z1-B02,Z1,40,0.00,999.00,42,20,20,On hand is below reorder and lead-time demand,Review reorder settings
SKU0082,Safety Supplies 0082,Safety Supplies,Cedar Components,Z1-B03,Z1,35,0.00,999.00,42,20,20,On hand is below reorder and lead-time demand,Review reorder settings
SKU0082,Safety Supplies 0082,Safety Supplies,Cedar Components,Z1-B04,Z1,26,0.00,999.00,42,20,20,On hand is below reorder and lead-time demand,Review reorder settings
SKU0082,Safety Supplies 0082,Safety Supplies,Cedar Components,Z2-B01,Z2,15,0.00,999.00,42,20,20,On hand is below reorder and lead-time demand,Prioritize count and replenish
SKU0082,Safety Supplies 0082,Safety Supplies,Cedar Components,Z3-B01,Z3,21,0.00,999.00,42,20,20,On hand is below reorder and lead-time demand,Review reorder settings
SKU0082,Safety Supplies 0082,Safety Supplies,Cedar Components,Z3-B02,Z3,3,0.00,999.00,42,20,20,On hand is below reorder and lead-time demand,Prioritize count and replenish
SKU0082,Safety Supplies 0082,Safety Supplies,Cedar Components,Z3-B03,Z3,0,0.00,999.00,42,20,20,On hand is below reorder and lead-time demand,Prioritize count and replenish
SKU0082,Safety Supplies 0082,Safety Supplies,Cedar Components,Z3-B04,Z3,0,0.00,999.00,42,20,20,On hand is below reorder and lead-time demand,Prioritize count and replenish
SKU0083,Packaging 0083,Packaging,Harbor Safety,Z1-B04,Z1,33,0.00,999.00,53,25,9,On hand is below reorder and lead-time demand,Review reorder settings
SKU0083,Packaging 0083,Packaging,Harbor Safety,Z2-B01,Z2,19,0.00,999.00,53,25,9,On hand is below reorder and lead-time demand,Review reorder settings
SKU0083,Packaging 0083,Packaging,Harbor Safety,Z2-B02,Z2,2,0.00,999.00,53,25,9,On hand is below reorder and lead-time demand,Prioritize count and replenish
SKU0083,Packaging 0083,Packaging,Harbor Safety,Z2-B03,Z2,0,0.00,999.00,53,25,9,On hand is below reorder and lead-time demand,Prioritize count and replenish
SKU0083,Packaging 0083,Packaging,Harbor Safety,Z2-B04,Z2,0,0.00,999.00,53,25,9,On hand is below reorder and lead-time demand,Prioritize count and replenish
SKU0083,Packaging 0083,Packaging,Harbor Safety,Z3-B04,Z3,5,0.00,999.00,53,25,9,On hand is below reorder and lead-time demand,Review reorder settings
SKU0084,Tools 0084,Tools,Summit Packaging,Z1-B01,Z1,18,0.00,999.00,64,30,16,On hand is below reorder and lead-time demand,Review reorder settings
SKU0084,Tools 0084,Tools,Summit Packaging,Z1-B02,Z1,5,0.00,999.00,64,30,16,On hand is below reorder and lead-time demand,Prioritize count and replenish
SKU0084,Tools 0084,Tools,Summit Packaging,Z1-B03,Z1,0,0.00,999.00,64,30,16,On hand is below reorder and lead-time demand,Prioritize count and replenish
SKU0084,Tools 0084,Tools,Summit Packaging,Z2-B03,Z2,16,0.00,999.00,64,30,16,On hand is below reorder and lead-time demand,Review reorder settings
SKU0084,Tools 0084,Tools,Summit Packaging,Z2-B04,Z2,0,0.00,999.00,64,30,16,On hand is below reorder and lead-time demand,Review reorder settings
SKU0084,Tools 0084,Tools,Summit Packaging,Z3-B01,Z3,0,0.00,999.00,64,30,16,On hand is below reorder and lead-time demand,Prioritize count and replenish
SKU0084,Tools 0084,Tools,Summit Packaging,Z3-B02,Z3,0,0.00,999.00,64,30,16,On hand is below reorder and lead-time demand,Prioritize count and replenish
SKU0084,Tools 0084,Tools,Summit Packaging,Z3-B03,Z3,74,0.00,999.00,64,30,16,On hand is below reorder and lead-time demand,Review reorder settings
SKU0085,Consumables 0085,Consumables,Atlas Industrial,Z1-B02,Z1,29,0.00,999.00,75,35,5,On hand is below reorder and lead-time demand,Review reorder settings
SKU0085,Consumables 0085,Consumables,Atlas Industrial,Z1-B03,Z1,6,0.00,999.00,75,35,5,On hand is below reorder and lead-time demand,Review reorder settings
SKU0085,Consumables 0085,Consumables,Atlas Industrial,Z1-B04,Z1,0,0.00,999.00,75,35,5,On hand is below reorder and lead-time demand,Prioritize count and replenish
SKU0085,Consumables 0085,Consumables,Atlas Industrial,Z2-B01,Z2,0,0.00,999.00,75,35,5,On hand is below reorder and lead-time demand,Prioritize count and replenish
SKU0085,Consumables 0085,Consumables,Atlas Industrial,Z2-B02,Z2,0,0.00,999.00,75,35,5,On hand is below reorder and lead-time demand,Prioritize count and replenish
SKU0085,Consumables 0085,Consumables,Atlas Industrial,Z3-B04,Z3,57,0.00,999.00,75,35,5,On hand is below reorder and lead-time demand,Review reorder settings
SKU0086,Fasteners 0086,Fasteners,Blue Ridge Supply,Z1-B01,Z1,0,0.00,999.00,86,40,12,On hand is below reorder and lead-time demand,Prioritize count and replenish
SKU0086,Fasteners 0086,Fasteners,Blue Ridge Supply,Z2-B03,Z2,70,0.00,999.00,86,40,12,On hand is below reorder and lead-time demand,Review reorder settings
SKU0086,Fasteners 0086,Fasteners,Blue Ridge Supply,Z2-B04,Z2,65,0.00,999.00,86,40,12,On hand is below reorder and lead-time demand,Review reorder settings
SKU0086,Fasteners 0086,Fasteners,Blue Ridge Supply,Z3-B01,Z3,50,0.00,999.00,86,40,12,On hand is below reorder and lead-time demand,Review reorder settings
SKU0087,Maintenance Parts 0087,Maintenance Parts,Cedar Components,Z1-B01,Z1,10,0.00,999.00,97,45,19,On hand is below reorder and lead-time demand,Review reorder settings
SKU0087,Maintenance Parts 0087,Maintenance Parts,Cedar Components,Z1-B02,Z1,86,0.00,999.00,97,45,19,On hand is below reorder and lead-time demand,Review reorder settings
SKU0087,Maintenance Parts 0087,Maintenance Parts,Cedar Components,Z1-B03,Z1,81,0.00,999.00,97,45,19,On hand is below reorder and lead-time demand,Review reorder settings
SKU0087,Maintenance Parts 0087,Maintenance Parts,Cedar Components,Z1-B04,Z1,70,0.00,999.00,97,45,19,On hand is below reorder and lead-time demand,Review reorder settings
SKU0087,Maintenance Parts 0087,Maintenance Parts,Cedar Components,Z3-B02,Z3,35,0.00,999.00,97,45,19,On hand is below reorder and lead-time demand,Review reorder settings
SKU0087,Maintenance Parts 0087,Maintenance Parts,Cedar Components,Z3-B03,Z3,26,0.00,999.00,97,45,19,On hand is below reorder and lead-time demand,Review reorder settings
SKU0087,Maintenance Parts 0087,Maintenance Parts,Cedar Components,Z3-B04,Z3,11,0.00,999.00,97,45,19,On hand is below reorder and lead-time demand,Prioritize count and replenish
SKU0088,Shipping Supplies 0088,Shipping Supplies,Harbor Safety,Z2-B03,Z2,20,0.00,999.00,28,10,8,On hand is below reorder and lead-time demand,Review reorder settings
SKU0089,Material Handling 0089,Material Handling,Summit Packaging,Z2-B03,Z2,0,0.00,999.00,39,15,15,On hand is below reorder and lead-time demand,Prioritize count and replenish
SKU0089,Material Handling 0089,Material Handling,Summit Packaging,Z2-B04,Z2,0,0.00,999.00,39,15,15,On hand is below reorder and lead-time demand,Prioritize count and replenish
SKU0089,Material Handling 0089,Material Handling,Summit Packaging,Z3-B01,Z3,0,0.00,999.00,39,15,15,On hand is below reorder and lead-time demand,Prioritize count and replenish
SKU0089,Material Handling 0089,Material Handling,Summit Packaging,Z3-B02,Z3,0,0.00,999.00,39,15,15,On hand is below reorder and lead-time demand,Prioritize count and replenish
SKU0090,Industrial Supplies 0090,Industrial Supplies,Atlas Industrial,Z1-B01,Z1,5,0.00,999.00,50,20,4,On hand is below reorder and lead-time demand,Prioritize count and replenish
SKU0090,Industrial Supplies 0090,Industrial Supplies,Atlas Industrial,Z1-B02,Z1,0,0.00,999.00,50,20,4,On hand is below reorder and lead-time demand,Prioritize count and replenish
SKU0090,Industrial Supplies 0090,Industrial Supplies,Atlas Industrial,Z1-B03,Z1,0,0.00,999.00,50,20,4,On hand is below reorder and lead-time demand,Prioritize count and replenish
SKU0090,Industrial Supplies 0090,Industrial Supplies,Atlas Industrial,Z1-B04,Z1,0,0.00,999.00,50,20,4,On hand is below reorder and lead-time demand,Prioritize count and replenish
SKU0090,Industrial Supplies 0090,Industrial Supplies,Atlas Industrial,Z2-B01,Z2,0,0.00,999.00,50,20,4,On hand is below reorder and lead-time demand,Prioritize count and replenish
SKU0090,Industrial Supplies 0090,Industrial Supplies,Atlas Industrial,Z2-B03,Z2,26,0.00,999.00,50,20,4,On hand is below reorder and lead-time demand,Review reorder settings
SKU0090,Industrial Supplies 0090,Industrial Supplies,Atlas Industrial,Z2-B04,Z2,0,0.00,999.00,50,20,4,On hand is below reorder and lead-time demand,Review reorder settings
SKU0090,Industrial Supplies 0090,Industrial Supplies,Atlas Industrial,Z3-B01,Z3,0,0.00,999.00,50,20,4,On hand is below reorder and lead-time demand,Prioritize count and replenish
SKU0090,Industrial Supplies 0090,Industrial Supplies,Atlas Industrial,Z3-B02,Z3,45,0.00,999.00,50,20,4,On hand is below reorder and lead-time demand,Review reorder settings
SKU0090,Industrial Supplies 0090,Industrial Supplies,Atlas Industrial,Z3-B03,Z3,39,0.00,999.00,50,20,4,On hand is below reorder and lead-time demand,Review reorder settings
SKU0090,Industrial Supplies 0090,Industrial Supplies,Atlas Industrial,Z3-B04,Z3,35,0.00,999.00,50,20,4,On hand is below reorder and lead-time demand,Review reorder settings
SKU0091,Electrical Components 0091,Electrical Components,Blue Ridge Supply,Z1-B03,Z1,3,0.00,999.00,61,25,11,On hand is below reorder and lead-time demand,Review reorder settings
SKU0091,Electrical Components 0091,Electrical Components,Blue Ridge Supply,Z1-B04,Z1,0,0.00,999.00,61,25,11,On hand is below reorder and lead-time demand,Prioritize count and replenish
SKU0091,Electrical Components 0091,Electrical Components,Blue Ridge Supply,Z2-B01,Z2,0,0.00,999.00,61,25,11,On hand is below reorder and lead-time demand,Prioritize count and replenish
SKU0091,Electrical Components 0091,Electrical Components,Blue Ridge Supply,Z2-B02,Z2,0,0.00,999.00,61,25,11,On hand is below reorder and lead-time demand,Prioritize count and replenish
SKU0091,Electrical Components 0091,Electrical Components,Blue Ridge Supply,Z2-B03,Z2,49,0.00,999.00,61,25,11,On hand is below reorder and lead-time demand,Review reorder settings
SKU0091,Electrical Components 0091,Electrical Components,Blue Ridge Supply,Z2-B04,Z2,39,0.00,999.00,61,25,11,On hand is below reorder and lead-time demand,Prioritize count and replenish
SKU0091,Electrical Components 0091,Electrical Components,Blue Ridge Supply,Z3-B03,Z3,38,0.00,999.00,61,25,11,On hand is below reorder and lead-time demand,Review reorder settings
SKU0091,Electrical Components 0091,Electrical Components,Blue Ridge Supply,Z3-B04,Z3,32,0.00,999.00,61,25,11,On hand is below reorder and lead-time demand,Review reorder settings
SKU0092,Safety Supplies 0092,Safety Supplies,Cedar Components,Z1-B01,Z1,0,0.00,999.00,72,30,18,On hand is below reorder and lead-time demand,Prioritize count and replenish
SKU0092,Safety Supplies 0092,Safety Supplies,Cedar Components,Z1-B02,Z1,0,0.00,999.00,72,30,18,On hand is below reorder and lead-time demand,Prioritize count and replenish
SKU0092,Safety Supplies 0092,Safety Supplies,Cedar Components,Z1-B03,Z1,0,0.00,999.00,72,30,18,On hand is below reorder and lead-time demand,Prioritize count and replenish
SKU0092,Safety Supplies 0092,Safety Supplies,Cedar Components,Z2-B03,Z2,47,0.00,999.00,72,30,18,On hand is below reorder and lead-time demand,Review reorder settings
SKU0092,Safety Supplies 0092,Safety Supplies,Cedar Components,Z2-B04,Z2,41,0.00,999.00,72,30,18,On hand is below reorder and lead-time demand,Review reorder settings
SKU0092,Safety Supplies 0092,Safety Supplies,Cedar Components,Z3-B01,Z3,18,0.00,999.00,72,30,18,On hand is below reorder and lead-time demand,Prioritize count and replenish
SKU0092,Safety Supplies 0092,Safety Supplies,Cedar Components,Z3-B02,Z3,13,0.00,999.00,72,30,18,On hand is below reorder and lead-time demand,Prioritize count and replenish
SKU0092,Safety Supplies 0092,Safety Supplies,Cedar Components,Z3-B03,Z3,2,0.00,999.00,72,30,18,On hand is below reorder and lead-time demand,Prioritize count and replenish
SKU0093,Packaging 0093,Packaging,Harbor Safety,Z1-B02,Z1,53,0.00,999.00,83,35,7,On hand is below reorder and lead-time demand,Review reorder settings
SKU0093,Packaging 0093,Packaging,Harbor Safety,Z1-B03,Z1,48,0.00,999.00,83,35,7,On hand is below reorder and lead-time demand,Review reorder settings
SKU0093,Packaging 0093,Packaging,Harbor Safety,Z1-B04,Z1,38,0.00,999.00,83,35,7,On hand is below reorder and lead-time demand,Review reorder settings
SKU0093,Packaging 0093,Packaging,Harbor Safety,Z2-B01,Z2,36,0.00,999.00,83,35,7,On hand is below reorder and lead-time demand,Review reorder settings
SKU0093,Packaging 0093,Packaging,Harbor Safety,Z2-B02,Z2,19,0.00,999.00,83,35,7,On hand is below reorder and lead-time demand,Prioritize count and replenish
SKU0093,Packaging 0093,Packaging,Harbor Safety,Z3-B02,Z3,28,0.00,999.00,83,35,7,On hand is below reorder and lead-time demand,Review reorder settings
SKU0093,Packaging 0093,Packaging,Harbor Safety,Z3-B03,Z3,14,0.00,999.00,83,35,7,On hand is below reorder and lead-time demand,Review reorder settings
SKU0093,Packaging 0093,Packaging,Harbor Safety,Z3-B04,Z3,0,0.00,999.00,83,35,7,On hand is below reorder and lead-time demand,Prioritize count and replenish
SKU0094,Tools 0094,Tools,Summit Packaging,Z1-B01,Z1,35,0.00,999.00,94,40,14,On hand is below reorder and lead-time demand,Prioritize count and replenish
SKU0094,Tools 0094,Tools,Summit Packaging,Z2-B02,Z2,25,0.00,999.00,94,40,14,On hand is below reorder and lead-time demand,Review reorder settings
SKU0094,Tools 0094,Tools,Summit Packaging,Z2-B03,Z2,7,0.00,999.00,94,40,14,On hand is below reorder and lead-time demand,Prioritize count and replenish
SKU0094,Tools 0094,Tools,Summit Packaging,Z2-B04,Z2,0,0.00,999.00,94,40,14,On hand is below reorder and lead-time demand,Prioritize count and replenish
SKU0094,Tools 0094,Tools,Summit Packaging,Z3-B01,Z3,0,0.00,999.00,94,40,14,On hand is below reorder and lead-time demand,Prioritize count and replenish
SKU0095,Consumables 0095,Consumables,Atlas Industrial,Z1-B01,Z1,36,0.00,999.00,25,45,21,On hand is below reorder and lead-time demand,Review reorder settings
SKU0095,Consumables 0095,Consumables,Atlas Industrial,Z1-B02,Z1,33,0.00,999.00,25,45,21,On hand is below reorder and lead-time demand,Review reorder settings
SKU0095,Consumables 0095,Consumables,Atlas Industrial,Z1-B03,Z1,15,0.00,999.00,25,45,21,On hand is below reorder and lead-time demand,Review reorder settings
SKU0095,Consumables 0095,Consumables,Atlas Industrial,Z1-B04,Z1,0,0.00,999.00,25,45,21,On hand is below reorder and lead-time demand,Prioritize count and replenish
SKU0095,Consumables 0095,Consumables,Atlas Industrial,Z3-B01,Z3,0,0.00,999.00,25,45,21,On hand is below reorder and lead-time demand,Review reorder settings
SKU0095,Consumables 0095,Consumables,Atlas Industrial,Z3-B02,Z3,0,0.00,999.00,25,45,21,On hand is below reorder and lead-time demand,Prioritize count and replenish
SKU0095,Consumables 0095,Consumables,Atlas Industrial,Z3-B03,Z3,0,0.00,999.00,25,45,21,On hand is below reorder and lead-time demand,Prioritize count and replenish
SKU0096,Fasteners 0096,Fasteners,Blue Ridge Supply,Z1-B04,Z1,8,0.00,999.00,36,10,10,On hand is below reorder and lead-time demand,Review reorder settings
SKU0096,Fasteners 0096,Fasteners,Blue Ridge Supply,Z2-B01,Z2,0,0.00,999.00,36,10,10,On hand is below reorder and lead-time demand,Prioritize count and replenish
SKU0096,Fasteners 0096,Fasteners,Blue Ridge Supply,Z2-B02,Z2,0,0.00,999.00,36,10,10,On hand is below reorder and lead-time demand,Prioritize count and replenish
SKU0096,Fasteners 0096,Fasteners,Blue Ridge Supply,Z2-B03,Z2,0,0.00,999.00,36,10,10,On hand is below reorder and lead-time demand,Prioritize count and replenish
SKU0097,Maintenance Parts 0097,Maintenance Parts,Cedar Components,Z1-B01,Z1,0,0.00,999.00,47,15,17,On hand is below reorder and lead-time demand,Prioritize count and replenish
SKU0097,Maintenance Parts 0097,Maintenance Parts,Cedar Components,Z1-B02,Z1,0,0.00,999.00,47,15,17,On hand is below reorder and lead-time demand,Prioritize count and replenish
SKU0098,Shipping Supplies 0098,Shipping Supplies,Harbor Safety,Z1-B02,Z1,11,0.00,999.00,58,20,6,On hand is below reorder and lead-time demand,Review reorder settings
SKU0098,Shipping Supplies 0098,Shipping Supplies,Harbor Safety,Z3-B04,Z3,31,0.00,999.00,58,20,6,On hand is below reorder and lead-time demand,Review reorder settings
SKU0099,Material Handling 0099,Material Handling,Summit Packaging,Z2-B03,Z2,0,0.00,999.00,69,25,13,On hand is below reorder and lead-time demand,Prioritize count and replenish
SKU0099,Material Handling 0099,Material Handling,Summit Packaging,Z2-B04,Z2,0,0.00,999.00,69,25,13,On hand is below reorder and lead-time demand,Prioritize count and replenish
SKU0099,Material Handling 0099,Material Handling,Summit Packaging,Z3-B02,Z3,19,0.00,999.00,69,25,13,On hand is below reorder and lead-time demand,Review reorder settings
SKU0099,Material Handling 0099,Material Handling,Summit Packaging,Z3-B03,Z3,0,0.00,999.00,69,25,13,On hand is below reorder and lead-time demand,Prioritize count and replenish
SKU0099,Material Handling 0099,Material Handling,Summit Packaging,Z3-B04,Z3,0,0.00,999.00,69,25,13,On hand is below reorder and lead-time demand,Prioritize count and replenish
SKU0100,Industrial Supplies 0100,Industrial Supplies,Atlas Industrial,Z1-B01,Z1,8,0.00,999.00,80,30,20,On hand is below reorder and lead-time demand,Prioritize count and replenish
SKU0100,Industrial Supplies 0100,Industrial Supplies,Atlas Industrial,Z1-B02,Z1,2,0.00,999.00,80,30,20,On hand is below reorder and lead-time demand,Prioritize count and replenish
SKU0100,Industrial Supplies 0100,Industrial Supplies,Atlas Industrial,Z1-B03,Z1,0,0.00,999.00,80,30,20,On hand is below reorder and lead-time demand,Prioritize count and replenish
SKU0100,Industrial Supplies 0100,Industrial Supplies,Atlas Industrial,Z2-B01,Z2,24,0.00,999.00,80,30,20,On hand is below reorder and lead-time demand,Review reorder settings
SKU0100,Industrial Supplies 0100,Industrial Supplies,Atlas Industrial,Z2-B02,Z2,9,0.00,999.00,80,30,20,On hand is below reorder and lead-time demand,Review reorder settings
SKU0100,Industrial Supplies 0100,Industrial Supplies,Atlas Industrial,Z2-B03,Z2,1,0.00,999.00,80,30,20,On hand is below reorder and lead-time demand,Prioritize count and replenish
SKU0100,Industrial Supplies 0100,Industrial Supplies,Atlas Industrial,Z2-B04,Z2,0,0.00,999.00,80,30,20,On hand is below reorder and lead-time demand,Prioritize count and replenish
SKU0100,Industrial Supplies 0100,Industrial Supplies,Atlas Industrial,Z3-B01,Z3,0,0.00,999.00,80,30,20,On hand is below reorder and lead-time demand,Prioritize count and replenish
SKU0100,Industrial Supplies 0100,Industrial Supplies,Atlas Industrial,Z3-B02,Z3,0,0.00,999.00,80,30,20,On hand is below reorder and lead-time demand,Prioritize count and replenish
SKU0100,Industrial Supplies 0100,Industrial Supplies,Atlas Industrial,Z3-B03,Z3,0,0.00,999.00,80,30,20,On hand is below reorder and lead-time demand,Prioritize count and replenish
SKU0101,Electrical Components 0101,Electrical Components,Blue Ridge Supply,Z1-B01,Z1,20,0.00,999.00,91,35,9,On hand is below reorder and lead-time demand,Review reorder settings
SKU0101,Electrical Components 0101,Electrical Components,Blue Ridge Supply,Z1-B02,Z1,9,0.00,999.00,91,35,9,On hand is below reorder and lead-time demand,Prioritize count and replenish
SKU0101,Electrical Components 0101,Electrical Components,Blue Ridge Supply,Z1-B03,Z1,0,0.00,999.00,91,35,9,On hand is below reorder and lead-time demand,Prioritize count and replenish
SKU0101,Electrical Components 0101,Electrical Components,Blue Ridge Supply,Z1-B04,Z1,0,0.00,999.00,91,35,9,On hand is below reorder and lead-time demand,Prioritize count and replenish
SKU0101,Electrical Components 0101,Electrical Components,Blue Ridge Supply,Z2-B01,Z2,0,0.00,999.00,91,35,9,On hand is below reorder and lead-time demand,Prioritize count and replenish
SKU0101,Electrical Components 0101,Electrical Components,Blue Ridge Supply,Z2-B02,Z2,0,0.00,999.00,91,35,9,On hand is below reorder and lead-time demand,Prioritize count and replenish
SKU0101,Electrical Components 0101,Electrical Components,Blue Ridge Supply,Z3-B01,Z3,0,0.00,999.00,91,35,9,On hand is below reorder and lead-time demand,Review reorder settings
SKU0101,Electrical Components 0101,Electrical Components,Blue Ridge Supply,Z3-B02,Z3,0,0.00,999.00,91,35,9,On hand is below reorder and lead-time demand,Prioritize count and replenish
SKU0101,Electrical Components 0101,Electrical Components,Blue Ridge Supply,Z3-B03,Z3,53,0.00,999.00,91,35,9,On hand is below reorder and lead-time demand,Review reorder settings
SKU0101,Electrical Components 0101,Electrical Components,Blue Ridge Supply,Z3-B04,Z3,48,0.00,999.00,91,35,9,On hand is below reorder and lead-time demand,Review reorder settings
SKU0102,Safety Supplies 0102,Safety Supplies,Cedar Components,Z1-B01,Z1,0,0.00,999.00,22,40,16,On hand is below reorder and lead-time demand,Prioritize count and replenish
SKU0102,Safety Supplies 0102,Safety Supplies,Cedar Components,Z1-B04,Z1,15,0.00,999.00,22,40,16,On hand is below reorder and lead-time demand,Review reorder settings
SKU0102,Safety Supplies 0102,Safety Supplies,Cedar Components,Z2-B01,Z2,0,0.00,999.00,22,40,16,On hand is below reorder and lead-time demand,Prioritize count and replenish
SKU0102,Safety Supplies 0102,Safety Supplies,Cedar Components,Z2-B02,Z2,0,0.00,999.00,22,40,16,On hand is below reorder and lead-time demand,Prioritize count and replenish
SKU0102,Safety Supplies 0102,Safety Supplies,Cedar Components,Z2-B03,Z2,0,0.00,999.00,22,40,16,On hand is below reorder and lead-time demand,Prioritize count and replenish
SKU0102,Safety Supplies 0102,Safety Supplies,Cedar Components,Z2-B04,Z2,57,0.00,999.00,22,40,16,On hand is below reorder and lead-time demand,Review reorder settings
SKU0102,Safety Supplies 0102,Safety Supplies,Cedar Components,Z3-B01,Z3,51,0.00,999.00,22,40,16,On hand is below reorder and lead-time demand,Review reorder settings
SKU0103,Packaging 0103,Packaging,Harbor Safety,Z1-B01,Z1,0,0.00,999.00,33,45,5,On hand is below reorder and lead-time demand,Prioritize count and replenish
SKU0103,Packaging 0103,Packaging,Harbor Safety,Z1-B02,Z1,0,0.00,999.00,33,45,5,On hand is below reorder and lead-time demand,Prioritize count and replenish
SKU0103,Packaging 0103,Packaging,Harbor Safety,Z1-B03,Z1,0,0.00,999.00,33,45,5,On hand is below reorder and lead-time demand,Prioritize count and replenish
SKU0103,Packaging 0103,Packaging,Harbor Safety,Z1-B04,Z1,0,0.00,999.00,33,45,5,On hand is below reorder and lead-time demand,Prioritize count and replenish
SKU0103,Packaging 0103,Packaging,Harbor Safety,Z3-B01,Z3,43,0.00,999.00,33,45,5,On hand is below reorder and lead-time demand,Review reorder settings
SKU0103,Packaging 0103,Packaging,Harbor Safety,Z3-B02,Z3,35,0.00,999.00,33,45,5,On hand is below reorder and lead-time demand,Review reorder settings
SKU0103,Packaging 0103,Packaging,Harbor Safety,Z3-B03,Z3,25,0.00,999.00,33,45,5,On hand is below reorder and lead-time demand,Review reorder settings
SKU0103,Packaging 0103,Packaging,Harbor Safety,Z3-B04,Z3,4,0.00,999.00,33,45,5,On hand is below reorder and lead-time demand,Prioritize count and replenish
SKU0104,Tools 0104,Tools,Summit Packaging,Z2-B02,Z2,41,0.00,999.00,44,10,12,On hand is below reorder and lead-time demand,Review reorder settings
SKU0104,Tools 0104,Tools,Summit Packaging,Z2-B03,Z2,30,0.00,999.00,44,10,12,On hand is below reorder and lead-time demand,Review reorder settings
SKU0104,Tools 0104,Tools,Summit Packaging,Z3-B04,Z3,26,0.00,999.00,44,10,12,On hand is below reorder and lead-time demand,Review reorder settings
SKU0105,Consumables 0105,Consumables,Atlas Industrial,Z1-B01,Z1,54,0.00,999.00,55,15,19,On hand is below reorder and lead-time demand,Review reorder settings
SKU0105,Consumables 0105,Consumables,Atlas Industrial,Z1-B02,Z1,47,0.00,999.00,55,15,19,On hand is below reorder and lead-time demand,Review reorder settings
SKU0105,Consumables 0105,Consumables,Atlas Industrial,Z2-B03,Z2,34,0.00,999.00,55,15,19,On hand is below reorder and lead-time demand,Review reorder settings
SKU0105,Consumables 0105,Consumables,Atlas Industrial,Z2-B04,Z2,30,0.00,999.00,55,15,19,On hand is below reorder and lead-time demand,Review reorder settings
SKU0105,Consumables 0105,Consumables,Atlas Industrial,Z3-B01,Z3,9,0.00,999.00,55,15,19,On hand is below reorder and lead-time demand,Prioritize count and replenish
SKU0105,Consumables 0105,Consumables,Atlas Industrial,Z3-B02,Z3,0,0.00,999.00,55,15,19,On hand is below reorder and lead-time demand,Prioritize count and replenish
SKU0106,Fasteners 0106,Fasteners,Blue Ridge Supply,Z1-B02,Z1,45,0.00,999.00,66,20,8,On hand is below reorder and lead-time demand,Review reorder settings
SKU0106,Fasteners 0106,Fasteners,Blue Ridge Supply,Z1-B03,Z1,36,0.00,999.00,66,20,8,On hand is below reorder and lead-time demand,Review reorder settings
SKU0106,Fasteners 0106,Fasteners,Blue Ridge Supply,Z1-B04,Z1,25,0.00,999.00,66,20,8,On hand is below reorder and lead-time demand,Review reorder settings
SKU0106,Fasteners 0106,Fasteners,Blue Ridge Supply,Z2-B01,Z2,7,0.00,999.00,66,20,8,On hand is below reorder and lead-time demand,Prioritize count and replenish
SKU0106,Fasteners 0106,Fasteners,Blue Ridge Supply,Z3-B02,Z3,2,0.00,999.00,66,20,8,On hand is below reorder and lead-time demand,Review reorder settings
SKU0106,Fasteners 0106,Fasteners,Blue Ridge Supply,Z3-B03,Z3,0,0.00,999.00,66,20,8,On hand is below reorder and lead-time demand,Review reorder settings
SKU0106,Fasteners 0106,Fasteners,Blue Ridge Supply,Z3-B04,Z3,0,0.00,999.00,66,20,8,On hand is below reorder and lead-time demand,Prioritize count and replenish
SKU0107,Maintenance Parts 0107,Maintenance Parts,Cedar Components,Z2-B01,Z2,22,0.00,999.00,77,25,15,On hand is below reorder and lead-time demand,Review reorder settings
SKU0107,Maintenance Parts 0107,Maintenance Parts,Cedar Components,Z2-B02,Z2,8,0.00,999.00,77,25,15,On hand is below reorder and lead-time demand,Review reorder settings
SKU0107,Maintenance Parts 0107,Maintenance Parts,Cedar Components,Z2-B03,Z2,0,0.00,999.00,77,25,15,On hand is below reorder and lead-time demand,Prioritize count and replenish
SKU0107,Maintenance Parts 0107,Maintenance Parts,Cedar Components,Z2-B04,Z2,0,0.00,999.00,77,25,15,On hand is below reorder and lead-time demand,Prioritize count and replenish
SKU0108,Shipping Supplies 0108,Shipping Supplies,Harbor Safety,Z1-B01,Z1,24,0.00,999.00,88,30,4,On hand is below reorder and lead-time demand,Review reorder settings
SKU0108,Shipping Supplies 0108,Shipping Supplies,Harbor Safety,Z1-B02,Z1,5,0.00,999.00,88,30,4,On hand is below reorder and lead-time demand,Prioritize count and replenish
SKU0108,Shipping Supplies 0108,Shipping Supplies,Harbor Safety,Z1-B03,Z1,0,0.00,999.00,88,30,4,On hand is below reorder and lead-time demand,Prioritize count and replenish
SKU0108,Shipping Supplies 0108,Shipping Supplies,Harbor Safety,Z3-B03,Z3,69,0.00,999.00,88,30,4,On hand is below reorder and lead-time demand,Review reorder settings
SKU0109,Material Handling 0109,Material Handling,Summit Packaging,Z2-B02,Z2,89,0.00,999.00,99,35,11,On hand is below reorder and lead-time demand,Review reorder settings
SKU0109,Material Handling 0109,Material Handling,Summit Packaging,Z3-B01,Z3,15,0.00,999.00,99,35,11,On hand is below reorder and lead-time demand,Review reorder settings
SKU0109,Material Handling 0109,Material Handling,Summit Packaging,Z3-B02,Z3,6,0.00,999.00,99,35,11,On hand is below reorder and lead-time demand,Prioritize count and replenish
SKU0109,Material Handling 0109,Material Handling,Summit Packaging,Z3-B03,Z3,1,0.00,999.00,99,35,11,On hand is below reorder and lead-time demand,Prioritize count and replenish
SKU0109,Material Handling 0109,Material Handling,Summit Packaging,Z3-B04,Z3,0,0.00,999.00,99,35,11,On hand is below reorder and lead-time demand,Prioritize count and replenish
SKU0110,Industrial Supplies 0110,Industrial Supplies,Atlas Industrial,Z1-B01,Z1,36,0.00,999.00,30,40,18,On hand is below reorder and lead-time demand,Prioritize count and replenish
SKU0110,Industrial Supplies 0110,Industrial Supplies,Atlas Industrial,Z1-B04,Z1,24,0.00,999.00,30,40,18,On hand is below reorder and lead-time demand,Review reorder settings
SKU0110,Industrial Supplies 0110,Industrial Supplies,Atlas Industrial,Z2-B01,Z2,21,0.00,999.00,30,40,18,On hand is below reorder and lead-time demand,Review reorder settings
SKU0110,Industrial Supplies 0110,Industrial Supplies,Atlas Industrial,Z2-B02,Z2,12,0.00,999.00,30,40,18,On hand is below reorder and lead-time demand,Prioritize count and replenish
SKU0110,Industrial Supplies 0110,Industrial Supplies,Atlas Industrial,Z2-B03,Z2,0,0.00,999.00,30,40,18,On hand is below reorder and lead-time demand,Prioritize count and replenish
SKU0110,Industrial Supplies 0110,Industrial Supplies,Atlas Industrial,Z2-B04,Z2,0,0.00,999.00,30,40,18,On hand is below reorder and lead-time demand,Prioritize count and replenish
SKU0110,Industrial Supplies 0110,Industrial Supplies,Atlas Industrial,Z3-B01,Z3,0,0.00,999.00,30,40,18,On hand is below reorder and lead-time demand,Prioritize count and replenish
SKU0110,Industrial Supplies 0110,Industrial Supplies,Atlas Industrial,Z3-B04,Z3,10,0.00,999.00,30,40,18,On hand is below reorder and lead-time demand,Review reorder settings
SKU0111,Electrical Components 0111,Electrical Components,Blue Ridge Supply,Z1-B01,Z1,26,0.00,999.00,41,45,7,On hand is below reorder and lead-time demand,Prioritize count and replenish
SKU0111,Electrical Components 0111,Electrical Components,Blue Ridge Supply,Z1-B02,Z1,21,0.00,999.00,41,45,7,On hand is below reorder and lead-time demand,Prioritize count and replenish
SKU0111,Electrical Components 0111,Electrical Components,Blue Ridge Supply,Z1-B03,Z1,8,0.00,999.00,41,45,7,On hand is below reorder and lead-time demand,Prioritize count and replenish
SKU0111,Electrical Components 0111,Electrical Components,Blue Ridge Supply,Z1-B04,Z1,0,0.00,999.00,41,45,7,On hand is below reorder and lead-time demand,Prioritize count and replenish
SKU0111,Electrical Components 0111,Electrical Components,Blue Ridge Supply,Z2-B03,Z2,19,0.00,999.00,41,45,7,On hand is below reorder and lead-time demand,Review reorder settings
SKU0111,Electrical Components 0111,Electrical Components,Blue Ridge Supply,Z2-B04,Z2,8,0.00,999.00,41,45,7,On hand is below reorder and lead-time demand,Prioritize count and replenish
SKU0111,Electrical Components 0111,Electrical Components,Blue Ridge Supply,Z3-B01,Z3,0,0.00,999.00,41,45,7,On hand is below reorder and lead-time demand,Prioritize count and replenish
SKU0111,Electrical Components 0111,Electrical Components,Blue Ridge Supply,Z3-B02,Z3,0,0.00,999.00,41,45,7,On hand is below reorder and lead-time demand,Prioritize count and replenish
SKU0111,Electrical Components 0111,Electrical Components,Blue Ridge Supply,Z3-B03,Z3,0,0.00,999.00,41,45,7,On hand is below reorder and lead-time demand,Prioritize count and replenish
SKU0111,Electrical Components 0111,Electrical Components,Blue Ridge Supply,Z3-B04,Z3,0,0.00,999.00,41,45,7,On hand is below reorder and lead-time demand,Prioritize count and replenish
SKU0112,Safety Supplies 0112,Safety Supplies,Cedar Components,Z1-B02,Z1,25,0.00,999.00,52,10,14,On hand is below reorder and lead-time demand,Review reorder settings
SKU0112,Safety Supplies 0112,Safety Supplies,Cedar Components,Z1-B03,Z1,13,0.00,999.00,52,10,14,On hand is below reorder and lead-time demand,Review reorder settings
SKU0112,Safety Supplies 0112,Safety Supplies,Cedar Components,Z1-B04,Z1,2,0.00,999.00,52,10,14,On hand is below reorder and lead-time demand,Prioritize count and replenish
SKU0112,Safety Supplies 0112,Safety Supplies,Cedar Components,Z2-B01,Z2,0,0.00,999.00,52,10,14,On hand is below reorder and lead-time demand,Prioritize count and replenish
SKU0112,Safety Supplies 0112,Safety Supplies,Cedar Components,Z2-B02,Z2,0,0.00,999.00,52,10,14,On hand is below reorder and lead-time demand,Prioritize count and replenish
SKU0112,Safety Supplies 0112,Safety Supplies,Cedar Components,Z2-B03,Z2,0,0.00,999.00,52,10,14,On hand is below reorder and lead-time demand,Prioritize count and replenish
SKU0112,Safety Supplies 0112,Safety Supplies,Cedar Components,Z3-B02,Z3,5,0.00,999.00,52,10,14,On hand is below reorder and lead-time demand,Review reorder settings
SKU0112,Safety Supplies 0112,Safety Supplies,Cedar Components,Z3-B03,Z3,0,0.00,999.00,52,10,14,On hand is below reorder and lead-time demand,Review reorder settings
SKU0113,Packaging 0113,Packaging,Harbor Safety,Z1-B01,Z1,0,0.00,999.00,63,15,21,On hand is below reorder and lead-time demand,Prioritize count and replenish
SKU0113,Packaging 0113,Packaging,Harbor Safety,Z1-B02,Z1,0,0.00,999.00,63,15,21,On hand is below reorder and lead-time demand,Prioritize count and replenish
SKU0113,Packaging 0113,Packaging,Harbor Safety,Z2-B02,Z2,7,0.00,999.00,63,15,21,On hand is below reorder and lead-time demand,Review reorder settings
SKU0113,Packaging 0113,Packaging,Harbor Safety,Z2-B03,Z2,0,0.00,999.00,63,15,21,On hand is below reorder and lead-time demand,Prioritize count and replenish
SKU0113,Packaging 0113,Packaging,Harbor Safety,Z2-B04,Z2,0,0.00,999.00,63,15,21,On hand is below reorder and lead-time demand,Prioritize count and replenish
SKU0113,Packaging 0113,Packaging,Harbor Safety,Z3-B01,Z3,65,0.00,999.00,63,15,21,On hand is below reorder and lead-time demand,Review reorder settings
SKU0113,Packaging 0113,Packaging,Harbor Safety,Z3-B02,Z3,57,0.00,999.00,63,15,21,On hand is below reorder and lead-time demand,Review reorder settings
SKU0114,Tools 0114,Tools,Summit Packaging,Z1-B01,Z1,10,0.00,999.00,74,20,10,On hand is below reorder and lead-time demand,Review reorder settings
SKU0114,Tools 0114,Tools,Summit Packaging,Z1-B02,Z1,0,0.00,999.00,74,20,10,On hand is below reorder and lead-time demand,Prioritize count and replenish
SKU0114,Tools 0114,Tools,Summit Packaging,Z1-B03,Z1,0,0.00,999.00,74,20,10,On hand is below reorder and lead-time demand,Prioritize count and replenish
SKU0114,Tools 0114,Tools,Summit Packaging,Z1-B04,Z1,0,0.00,999.00,74,20,10,On hand is below reorder and lead-time demand,Prioritize count and replenish
SKU0114,Tools 0114,Tools,Summit Packaging,Z2-B01,Z2,0,0.00,999.00,74,20,10,On hand is below reorder and lead-time demand,Prioritize count and replenish
SKU0114,Tools 0114,Tools,Summit Packaging,Z3-B02,Z3,57,0.00,999.00,74,20,10,On hand is below reorder and lead-time demand,Review reorder settings
SKU0114,Tools 0114,Tools,Summit Packaging,Z3-B03,Z3,45,0.00,999.00,74,20,10,On hand is below reorder and lead-time demand,Review reorder settings
SKU0114,Tools 0114,Tools,Summit Packaging,Z3-B04,Z3,23,0.00,999.00,74,20,10,On hand is below reorder and lead-time demand,Review reorder settings
SKU0115,Consumables 0115,Consumables,Atlas Industrial,Z2-B02,Z2,58,0.00,999.00,85,25,17,On hand is below reorder and lead-time demand,Review reorder settings
SKU0115,Consumables 0115,Consumables,Atlas Industrial,Z2-B03,Z2,49,0.00,999.00,85,25,17,On hand is below reorder and lead-time demand,Review reorder settings
SKU0115,Consumables 0115,Consumables,Atlas Industrial,Z2-B04,Z2,34,0.00,999.00,85,25,17,On hand is below reorder and lead-time demand,Review reorder settings
SKU0116,Fasteners 0116,Fasteners,Blue Ridge Supply,Z1-B01,Z1,71,0.00,999.00,96,30,6,On hand is below reorder and lead-time demand,Review reorder settings
SKU0116,Fasteners 0116,Fasteners,Blue Ridge Supply,Z1-B02,Z1,66,0.00,999.00,96,30,6,On hand is below reorder and lead-time demand,Review reorder settings
SKU0116,Fasteners 0116,Fasteners,Blue Ridge Supply,Z1-B03,Z1,55,0.00,999.00,96,30,6,On hand is below reorder and lead-time demand,Review reorder settings
SKU0116,Fasteners 0116,Fasteners,Blue Ridge Supply,Z3-B01,Z3,22,0.00,999.00,96,30,6,On hand is below reorder and lead-time demand,Review reorder settings
SKU0116,Fasteners 0116,Fasteners,Blue Ridge Supply,Z3-B02,Z3,9,0.00,999.00,96,30,6,On hand is below reorder and lead-time demand,Prioritize count and replenish
SKU0116,Fasteners 0116,Fasteners,Blue Ridge Supply,Z3-B03,Z3,0,0.00,999.00,96,30,6,On hand is below reorder and lead-time demand,Prioritize count and replenish
SKU0117,Maintenance Parts 0117,Maintenance Parts,Cedar Components,Z2-B01,Z2,25,0.00,999.00,27,35,13,On hand is below reorder and lead-time demand,Review reorder settings
SKU0117,Maintenance Parts 0117,Maintenance Parts,Cedar Components,Z2-B02,Z2,14,0.00,999.00,27,35,13,On hand is below reorder and lead-time demand,Review reorder settings
SKU0117,Maintenance Parts 0117,Maintenance Parts,Cedar Components,Z3-B03,Z3,25,0.00,999.00,27,35,13,On hand is below reorder and lead-time demand,Review reorder settings
SKU0117,Maintenance Parts 0117,Maintenance Parts,Cedar Components,Z3-B04,Z3,1,0.00,999.00,27,35,13,On hand is below reorder and lead-time demand,Review reorder settings
SKU0118,Shipping Supplies 0118,Shipping Supplies,Harbor Safety,Z1-B01,Z1,32,0.00,999.00,38,40,20,On hand is below reorder and lead-time demand,Review reorder settings
SKU0118,Shipping Supplies 0118,Shipping Supplies,Harbor Safety,Z2-B03,Z2,18,0.00,999.00,38,40,20,On hand is below reorder and lead-time demand,Review reorder settings
SKU0118,Shipping Supplies 0118,Shipping Supplies,Harbor Safety,Z2-B04,Z2,0,0.00,999.00,38,40,20,On hand is below reorder and lead-time demand,Review reorder settings
SKU0118,Shipping Supplies 0118,Shipping Supplies,Harbor Safety,Z3-B01,Z3,0,0.00,999.00,38,40,20,On hand is below reorder and lead-time demand,Prioritize count and replenish
SKU0119,Material Handling 0119,Material Handling,Summit Packaging,Z1-B02,Z1,34,0.00,999.00,49,45,9,On hand is below reorder and lead-time demand,Review reorder settings
SKU0119,Material Handling 0119,Material Handling,Summit Packaging,Z1-B03,Z1,5,0.00,999.00,49,45,9,On hand is below reorder and lead-time demand,Review reorder settings
SKU0119,Material Handling 0119,Material Handling,Summit Packaging,Z1-B04,Z1,0,0.00,999.00,49,45,9,On hand is below reorder and lead-time demand,Prioritize count and replenish
SKU0119,Material Handling 0119,Material Handling,Summit Packaging,Z2-B03,Z2,0,0.00,999.00,49,45,9,On hand is below reorder and lead-time demand,Prioritize count and replenish
SKU0119,Material Handling 0119,Material Handling,Summit Packaging,Z2-B04,Z2,36,0.00,999.00,49,45,9,On hand is below reorder and lead-time demand,Review reorder settings
SKU0119,Material Handling 0119,Material Handling,Summit Packaging,Z3-B01,Z3,29,0.00,999.00,49,45,9,On hand is below reorder and lead-time demand,Prioritize count and replenish
SKU0119,Material Handling 0119,Material Handling,Summit Packaging,Z3-B02,Z3,24,0.00,999.00,49,45,9,On hand is below reorder and lead-time demand,Prioritize count and replenish
SKU0119,Material Handling 0119,Material Handling,Summit Packaging,Z3-B03,Z3,16,0.00,999.00,49,45,9,On hand is below reorder and lead-time demand,Prioritize count and replenish
SKU0119,Material Handling 0119,Material Handling,Summit Packaging,Z3-B04,Z3,4,0.00,999.00,49,45,9,On hand is below reorder and lead-time demand,Prioritize count and replenish
SKU0120,Industrial Supplies 0120,Industrial Supplies,Atlas Industrial,Z1-B01,Z1,11,0.00,999.00,60,10,16,On hand is below reorder and lead-time demand,Review reorder settings
SKU0120,Industrial Supplies 0120,Industrial Supplies,Atlas Industrial,Z1-B02,Z1,0,0.00,999.00,60,10,16,On hand is below reorder and lead-time demand,Prioritize count and replenish
SKU0120,Industrial Supplies 0120,Industrial Supplies,Atlas Industrial,Z1-B03,Z1,0,0.00,999.00,60,10,16,On hand is below reorder and lead-time demand,Prioritize count and replenish
SKU0120,Industrial Supplies 0120,Industrial Supplies,Atlas Industrial,Z1-B04,Z1,0,0.00,999.00,60,10,16,On hand is below reorder and lead-time demand,Prioritize count and replenish
SKU0120,Industrial Supplies 0120,Industrial Supplies,Atlas Industrial,Z2-B01,Z2,40,0.00,999.00,60,10,16,On hand is below reorder and lead-time demand,Review reorder settings
SKU0120,Industrial Supplies 0120,Industrial Supplies,Atlas Industrial,Z2-B02,Z2,33,0.00,999.00,60,10,16,On hand is below reorder and lead-time demand,Prioritize count and replenish
SKU0120,Industrial Supplies 0120,Industrial Supplies,Atlas Industrial,Z2-B03,Z2,23,0.00,999.00,60,10,16,On hand is below reorder and lead-time demand,Prioritize count and replenish
SKU0120,Industrial Supplies 0120,Industrial Supplies,Atlas Industrial,Z3-B02,Z3,31,0.00,999.00,60,10,16,On hand is below reorder and lead-time demand,Review reorder settings
SKU0120,Industrial Supplies 0120,Industrial Supplies,Atlas Industrial,Z3-B03,Z3,24,0.00,999.00,60,10,16,On hand is below reorder and lead-time demand,Review reorder settings
SKU0120,Industrial Supplies 0120,Industrial Supplies,Atlas Industrial,Z3-B04,Z3,9,0.00,999.00,60,10,16,On hand is below reorder and lead-time demand,Prioritize count and replenish
SKU0121,Electrical Components 0121,Electrical Components,Blue Ridge Supply,Z1-B01,Z1,0,0.00,999.00,71,15,5,On hand is below reorder and lead-time demand,Prioritize count and replenish
SKU0121,Electrical Components 0121,Electrical Components,Blue Ridge Supply,Z1-B02,Z1,44,0.00,999.00,71,15,5,On hand is below reorder and lead-time demand,Prioritize count and replenish
SKU0121,Electrical Components 0121,Electrical Components,Blue Ridge Supply,Z1-B03,Z1,38,0.00,999.00,71,15,5,On hand is below reorder and lead-time demand,Review reorder settings
SKU0121,Electrical Components 0121,Electrical Components,Blue Ridge Supply,Z1-B04,Z1,30,0.00,999.00,71,15,5,On hand is below reorder and lead-time demand,Prioritize count and replenish
SKU0121,Electrical Components 0121,Electrical Components,Blue Ridge Supply,Z2-B01,Z2,26,0.00,999.00,71,15,5,On hand is below reorder and lead-time demand,Prioritize count and replenish
SKU0121,Electrical Components 0121,Electrical Components,Blue Ridge Supply,Z2-B02,Z2,11,0.00,999.00,71,15,5,On hand is below reorder and lead-time demand,Prioritize count and replenish
SKU0121,Electrical Components 0121,Electrical Components,Blue Ridge Supply,Z2-B03,Z2,0,0.00,999.00,71,15,5,On hand is below reorder and lead-time demand,Prioritize count and replenish
SKU0121,Electrical Components 0121,Electrical Components,Blue Ridge Supply,Z2-B04,Z2,0,0.00,999.00,71,15,5,On hand is below reorder and lead-time demand,Prioritize count and replenish
SKU0121,Electrical Components 0121,Electrical Components,Blue Ridge Supply,Z3-B01,Z3,0,0.00,999.00,71,15,5,On hand is below reorder and lead-time demand,Prioritize count and replenish
SKU0121,Electrical Components 0121,Electrical Components,Blue Ridge Supply,Z3-B02,Z3,0,0.00,999.00,71,15,5,On hand is below reorder and lead-time demand,Prioritize count and replenish
SKU0121,Electrical Components 0121,Electrical Components,Blue Ridge Supply,Z3-B03,Z3,0,0.00,999.00,71,15,5,On hand is below reorder and lead-time demand,Prioritize count and replenish
SKU0121,Electrical Components 0121,Electrical Components,Blue Ridge Supply,Z3-B04,Z3,0,0.00,999.00,71,15,5,On hand is below reorder and lead-time demand,Prioritize count and replenish
SKU0122,Safety Supplies 0122,Safety Supplies,Cedar Components,Z1-B01,Z1,46,0.00,999.00,82,20,12,On hand is below reorder and lead-time demand,Review reorder settings
SKU0122,Safety Supplies 0122,Safety Supplies,Cedar Components,Z1-B02,Z1,32,0.00,999.00,82,20,12,On hand is below reorder and lead-time demand,Review reorder settings
SKU0122,Safety Supplies 0122,Safety Supplies,Cedar Components,Z1-B03,Z1,28,0.00,999.00,82,20,12,On hand is below reorder and lead-time demand,Prioritize count and replenish
SKU0122,Safety Supplies 0122,Safety Supplies,Cedar Components,Z1-B04,Z1,17,0.00,999.00,82,20,12,On hand is below reorder and lead-time demand,Prioritize count and replenish
SKU0122,Safety Supplies 0122,Safety Supplies,Cedar Components,Z2-B01,Z2,4,0.00,999.00,82,20,12,On hand is below reorder and lead-time demand,Prioritize count and replenish
SKU0122,Safety Supplies 0122,Safety Supplies,Cedar Components,Z3-B01,Z3,10,0.00,999.00,82,20,12,On hand is below reorder and lead-time demand,Review reorder settings
SKU0122,Safety Supplies 0122,Safety Supplies,Cedar Components,Z3-B02,Z3,0,0.00,999.00,82,20,12,On hand is below reorder and lead-time demand,Prioritize count and replenish
SKU0122,Safety Supplies 0122,Safety Supplies,Cedar Components,Z3-B03,Z3,0,0.00,999.00,82,20,12,On hand is below reorder and lead-time demand,Prioritize count and replenish
SKU0122,Safety Supplies 0122,Safety Supplies,Cedar Components,Z3-B04,Z3,0,0.00,999.00,82,20,12,On hand is below reorder and lead-time demand,Prioritize count and replenish
SKU0123,Packaging 0123,Packaging,Harbor Safety,Z1-B04,Z1,17,0.00,999.00,93,25,19,On hand is below reorder and lead-time demand,Review reorder settings
SKU0123,Packaging 0123,Packaging,Harbor Safety,Z2-B01,Z2,14,0.00,999.00,93,25,19,On hand is below reorder and lead-time demand,Review reorder settings
SKU0123,Packaging 0123,Packaging,Harbor Safety,Z2-B02,Z2,3,0.00,999.00,93,25,19,On hand is below reorder and lead-time demand,Prioritize count and replenish
SKU0123,Packaging 0123,Packaging,Harbor Safety,Z2-B03,Z2,0,0.00,999.00,93,25,19,On hand is below reorder and lead-time demand,Prioritize count and replenish
SKU0123,Packaging 0123,Packaging,Harbor Safety,Z2-B04,Z2,0,0.00,999.00,93,25,19,On hand is below reorder and lead-time demand,Prioritize count and replenish
SKU0123,Packaging 0123,Packaging,Harbor Safety,Z3-B04,Z3,0,0.00,999.00,93,25,19,On hand is below reorder and lead-time demand,Review reorder settings
SKU0124,Tools 0124,Tools,Summit Packaging,Z1-B01,Z1,2,0.00,999.00,24,30,8,On hand is below reorder and lead-time demand,Prioritize count and replenish
SKU0124,Tools 0124,Tools,Summit Packaging,Z1-B02,Z1,0,0.00,999.00,24,30,8,On hand is below reorder and lead-time demand,Prioritize count and replenish
SKU0124,Tools 0124,Tools,Summit Packaging,Z1-B03,Z1,0,0.00,999.00,24,30,8,On hand is below reorder and lead-time demand,Prioritize count and replenish
SKU0124,Tools 0124,Tools,Summit Packaging,Z2-B03,Z2,7,0.00,999.00,24,30,8,On hand is below reorder and lead-time demand,Review reorder settings
SKU0124,Tools 0124,Tools,Summit Packaging,Z2-B04,Z2,0,0.00,999.00,24,30,8,On hand is below reorder and lead-time demand,Prioritize count and replenish
SKU0124,Tools 0124,Tools,Summit Packaging,Z3-B01,Z3,0,0.00,999.00,24,30,8,On hand is below reorder and lead-time demand,Prioritize count and replenish
SKU0124,Tools 0124,Tools,Summit Packaging,Z3-B03,Z3,64,0.00,999.00,24,30,8,On hand is below reorder and lead-time demand,Review reorder settings
SKU0125,Consumables 0125,Consumables,Atlas Industrial,Z1-B02,Z1,18,0.00,999.00,35,35,15,On hand is below reorder and lead-time demand,Review reorder settings
SKU0125,Consumables 0125,Consumables,Atlas Industrial,Z1-B03,Z1,3,0.00,999.00,35,35,15,On hand is below reorder and lead-time demand,Review reorder settings
SKU0125,Consumables 0125,Consumables,Atlas Industrial,Z1-B04,Z1,0,0.00,999.00,35,35,15,On hand is below reorder and lead-time demand,Prioritize count and replenish
SKU0125,Consumables 0125,Consumables,Atlas Industrial,Z2-B01,Z2,0,0.00,999.00,35,35,15,On hand is below reorder and lead-time demand,Prioritize count and replenish
SKU0125,Consumables 0125,Consumables,Atlas Industrial,Z2-B02,Z2,0,0.00,999.00,35,35,15,On hand is below reorder and lead-time demand,Prioritize count and replenish
SKU0126,Fasteners 0126,Fasteners,Blue Ridge Supply,Z1-B01,Z1,0,0.00,999.00,46,40,4,On hand is below reorder and lead-time demand,Prioritize count and replenish
SKU0126,Fasteners 0126,Fasteners,Blue Ridge Supply,Z2-B04,Z2,52,0.00,999.00,46,40,4,On hand is below reorder and lead-time demand,Review reorder settings
SKU0126,Fasteners 0126,Fasteners,Blue Ridge Supply,Z3-B01,Z3,45,0.00,999.00,46,40,4,On hand is below reorder and lead-time demand,Review reorder settings
SKU0127,Maintenance Parts 0127,Maintenance Parts,Cedar Components,Z1-B03,Z1,70,0.00,999.00,57,45,11,On hand is below reorder and lead-time demand,Review reorder settings
SKU0127,Maintenance Parts 0127,Maintenance Parts,Cedar Components,Z1-B04,Z1,62,0.00,999.00,57,45,11,On hand is below reorder and lead-time demand,Review reorder settings
SKU0127,Maintenance Parts 0127,Maintenance Parts,Cedar Components,Z3-B02,Z3,34,0.00,999.00,57,45,11,On hand is below reorder and lead-time demand,Review reorder settings
SKU0127,Maintenance Parts 0127,Maintenance Parts,Cedar Components,Z3-B03,Z3,15,0.00,999.00,57,45,11,On hand is below reorder and lead-time demand,Review reorder settings
SKU0127,Maintenance Parts 0127,Maintenance Parts,Cedar Components,Z3-B04,Z3,9,0.00,999.00,57,45,11,On hand is below reorder and lead-time demand,Prioritize count and replenish
SKU0128,Shipping Supplies 0128,Shipping Supplies,Harbor Safety,Z2-B02,Z2,37,0.00,999.00,68,10,18,On hand is below reorder and lead-time demand,Review reorder settings
SKU0128,Shipping Supplies 0128,Shipping Supplies,Harbor Safety,Z2-B03,Z2,20,0.00,999.00,68,10,18,On hand is below reorder and lead-time demand,Review reorder settings
SKU0129,Material Handling 0129,Material Handling,Summit Packaging,Z1-B01,Z1,51,0.00,999.00,79,15,7,On hand is below reorder and lead-time demand,Review reorder settings
SKU0129,Material Handling 0129,Material Handling,Summit Packaging,Z1-B02,Z1,44,0.00,999.00,79,15,7,On hand is below reorder and lead-time demand,Review reorder settings
SKU0129,Material Handling 0129,Material Handling,Summit Packaging,Z2-B03,Z2,0,0.00,999.00,79,15,7,On hand is below reorder and lead-time demand,Prioritize count and replenish
SKU0129,Material Handling 0129,Material Handling,Summit Packaging,Z2-B04,Z2,0,0.00,999.00,79,15,7,On hand is below reorder and lead-time demand,Prioritize count and replenish
SKU0129,Material Handling 0129,Material Handling,Summit Packaging,Z3-B01,Z3,0,0.00,999.00,79,15,7,On hand is below reorder and lead-time demand,Prioritize count and replenish
SKU0129,Material Handling 0129,Material Handling,Summit Packaging,Z3-B02,Z3,0,0.00,999.00,79,15,7,On hand is below reorder and lead-time demand,Prioritize count and replenish
SKU0130,Industrial Supplies 0130,Industrial Supplies,Atlas Industrial,Z1-B01,Z1,1,0.00,999.00,90,20,14,On hand is below reorder and lead-time demand,Prioritize count and replenish
SKU0130,Industrial Supplies 0130,Industrial Supplies,Atlas Industrial,Z1-B02,Z1,0,0.00,999.00,90,20,14,On hand is below reorder and lead-time demand,Prioritize count and replenish
SKU0130,Industrial Supplies 0130,Industrial Supplies,Atlas Industrial,Z1-B03,Z1,0,0.00,999.00,90,20,14,On hand is below reorder and lead-time demand,Prioritize count and replenish
SKU0130,Industrial Supplies 0130,Industrial Supplies,Atlas Industrial,Z1-B04,Z1,0,0.00,999.00,90,20,14,On hand is below reorder and lead-time demand,Prioritize count and replenish
SKU0130,Industrial Supplies 0130,Industrial Supplies,Atlas Industrial,Z2-B01,Z2,0,0.00,999.00,90,20,14,On hand is below reorder and lead-time demand,Prioritize count and replenish
SKU0130,Industrial Supplies 0130,Industrial Supplies,Atlas Industrial,Z2-B04,Z2,0,0.00,999.00,90,20,14,On hand is below reorder and lead-time demand,Prioritize count and replenish
SKU0130,Industrial Supplies 0130,Industrial Supplies,Atlas Industrial,Z3-B01,Z3,44,0.00,999.00,90,20,14,On hand is below reorder and lead-time demand,Review reorder settings
SKU0130,Industrial Supplies 0130,Industrial Supplies,Atlas Industrial,Z3-B02,Z3,40,0.00,999.00,90,20,14,On hand is below reorder and lead-time demand,Review reorder settings
SKU0130,Industrial Supplies 0130,Industrial Supplies,Atlas Industrial,Z3-B03,Z3,30,0.00,999.00,90,20,14,On hand is below reorder and lead-time demand,Prioritize count and replenish
SKU0130,Industrial Supplies 0130,Industrial Supplies,Atlas Industrial,Z3-B04,Z3,32,0.00,999.00,90,20,14,On hand is below reorder and lead-time demand,Prioritize count and replenish
SKU0131,Electrical Components 0131,Electrical Components,Blue Ridge Supply,Z1-B03,Z1,1,0.00,999.00,21,25,21,On hand is below reorder and lead-time demand,Review reorder settings
SKU0131,Electrical Components 0131,Electrical Components,Blue Ridge Supply,Z1-B04,Z1,0,0.00,999.00,21,25,21,On hand is below reorder and lead-time demand,Prioritize count and replenish
SKU0131,Electrical Components 0131,Electrical Components,Blue Ridge Supply,Z2-B01,Z2,0,0.00,999.00,21,25,21,On hand is below reorder and lead-time demand,Prioritize count and replenish
SKU0131,Electrical Components 0131,Electrical Components,Blue Ridge Supply,Z2-B02,Z2,48,0.00,999.00,21,25,21,On hand is below reorder and lead-time demand,Review reorder settings
SKU0131,Electrical Components 0131,Electrical Components,Blue Ridge Supply,Z2-B03,Z2,41,0.00,999.00,21,25,21,On hand is below reorder and lead-time demand,Review reorder settings
SKU0131,Electrical Components 0131,Electrical Components,Blue Ridge Supply,Z2-B04,Z2,33,0.00,999.00,21,25,21,On hand is below reorder and lead-time demand,Review reorder settings
SKU0131,Electrical Components 0131,Electrical Components,Blue Ridge Supply,Z3-B04,Z3,25,0.00,999.00,21,25,21,On hand is below reorder and lead-time demand,Review reorder settings
SKU0132,Safety Supplies 0132,Safety Supplies,Cedar Components,Z1-B01,Z1,0,0.00,999.00,32,30,10,On hand is below reorder and lead-time demand,Prioritize count and replenish
SKU0132,Safety Supplies 0132,Safety Supplies,Cedar Components,Z1-B02,Z1,0,0.00,999.00,32,30,10,On hand is below reorder and lead-time demand,Prioritize count and replenish
SKU0132,Safety Supplies 0132,Safety Supplies,Cedar Components,Z1-B03,Z1,52,0.00,999.00,32,30,10,On hand is below reorder and lead-time demand,Review reorder settings
SKU0132,Safety Supplies 0132,Safety Supplies,Cedar Components,Z2-B03,Z2,37,0.00,999.00,32,30,10,On hand is below reorder and lead-time demand,Review reorder settings
SKU0132,Safety Supplies 0132,Safety Supplies,Cedar Components,Z2-B04,Z2,28,0.00,999.00,32,30,10,On hand is below reorder and lead-time demand,Review reorder settings
SKU0132,Safety Supplies 0132,Safety Supplies,Cedar Components,Z3-B01,Z3,20,0.00,999.00,32,30,10,On hand is below reorder and lead-time demand,Review reorder settings
SKU0132,Safety Supplies 0132,Safety Supplies,Cedar Components,Z3-B02,Z3,9,0.00,999.00,32,30,10,On hand is below reorder and lead-time demand,Prioritize count and replenish
SKU0132,Safety Supplies 0132,Safety Supplies,Cedar Components,Z3-B03,Z3,0,0.00,999.00,32,30,10,On hand is below reorder and lead-time demand,Prioritize count and replenish
SKU0133,Packaging 0133,Packaging,Harbor Safety,Z1-B03,Z1,45,0.00,999.00,43,35,17,On hand is below reorder and lead-time demand,Review reorder settings
SKU0133,Packaging 0133,Packaging,Harbor Safety,Z1-B04,Z1,35,0.00,999.00,43,35,17,On hand is below reorder and lead-time demand,Review reorder settings
SKU0133,Packaging 0133,Packaging,Harbor Safety,Z2-B01,Z2,22,0.00,999.00,43,35,17,On hand is below reorder and lead-time demand,Review reorder settings
SKU0133,Packaging 0133,Packaging,Harbor Safety,Z2-B02,Z2,6,0.00,999.00,43,35,17,On hand is below reorder and lead-time demand,Prioritize count and replenish
SKU0133,Packaging 0133,Packaging,Harbor Safety,Z3-B02,Z3,20,0.00,999.00,43,35,17,On hand is below reorder and lead-time demand,Review reorder settings
SKU0133,Packaging 0133,Packaging,Harbor Safety,Z3-B03,Z3,7,0.00,999.00,43,35,17,On hand is below reorder and lead-time demand,Review reorder settings
SKU0133,Packaging 0133,Packaging,Harbor Safety,Z3-B04,Z3,0,0.00,999.00,43,35,17,On hand is below reorder and lead-time demand,Prioritize count and replenish
SKU0134,Tools 0134,Tools,Summit Packaging,Z1-B01,Z1,31,0.00,999.00,54,40,6,On hand is below reorder and lead-time demand,Review reorder settings
SKU0134,Tools 0134,Tools,Summit Packaging,Z2-B02,Z2,18,0.00,999.00,54,40,6,On hand is below reorder and lead-time demand,Review reorder settings
SKU0134,Tools 0134,Tools,Summit Packaging,Z2-B03,Z2,0,0.00,999.00,54,40,6,On hand is below reorder and lead-time demand,Prioritize count and replenish
SKU0134,Tools 0134,Tools,Summit Packaging,Z2-B04,Z2,0,0.00,999.00,54,40,6,On hand is below reorder and lead-time demand,Prioritize count and replenish
SKU0134,Tools 0134,Tools,Summit Packaging,Z3-B01,Z3,0,0.00,999.00,54,40,6,On hand is below reorder and lead-time demand,Prioritize count and replenish
SKU0135,Consumables 0135,Consumables,Atlas Industrial,Z1-B01,Z1,32,0.00,999.00,65,45,13,On hand is below reorder and lead-time demand,Review reorder settings
SKU0135,Consumables 0135,Consumables,Atlas Industrial,Z1-B02,Z1,21,0.00,999.00,65,45,13,On hand is below reorder and lead-time demand,Review reorder settings
SKU0135,Consumables 0135,Consumables,Atlas Industrial,Z1-B03,Z1,7,0.00,999.00,65,45,13,On hand is below reorder and lead-time demand,Prioritize count and replenish
SKU0135,Consumables 0135,Consumables,Atlas Industrial,Z1-B04,Z1,0,0.00,999.00,65,45,13,On hand is below reorder and lead-time demand,Prioritize count and replenish
SKU0135,Consumables 0135,Consumables,Atlas Industrial,Z3-B01,Z3,0,0.00,999.00,65,45,13,On hand is below reorder and lead-time demand,Review reorder settings
SKU0135,Consumables 0135,Consumables,Atlas Industrial,Z3-B02,Z3,0,0.00,999.00,65,45,13,On hand is below reorder and lead-time demand,Prioritize count and replenish
SKU0135,Consumables 0135,Consumables,Atlas Industrial,Z3-B03,Z3,81,0.00,999.00,65,45,13,On hand is below reorder and lead-time demand,Review reorder settings
SKU0135,Consumables 0135,Consumables,Atlas Industrial,Z3-B04,Z3,75,0.00,999.00,65,45,13,On hand is below reorder and lead-time demand,Review reorder settings
SKU0136,Fasteners 0136,Fasteners,Blue Ridge Supply,Z1-B04,Z1,11,0.00,999.00,76,10,20,On hand is below reorder and lead-time demand,Review reorder settings
SKU0136,Fasteners 0136,Fasteners,Blue Ridge Supply,Z2-B01,Z2,3,0.00,999.00,76,10,20,On hand is below reorder and lead-time demand,Review reorder settings
SKU0136,Fasteners 0136,Fasteners,Blue Ridge Supply,Z2-B02,Z2,0,0.00,999.00,76,10,20,On hand is below reorder and lead-time demand,Prioritize count and replenish
SKU0136,Fasteners 0136,Fasteners,Blue Ridge Supply,Z2-B03,Z2,0,0.00,999.00,76,10,20,On hand is below reorder and lead-time demand,Prioritize count and replenish
SKU0137,Maintenance Parts 0137,Maintenance Parts,Cedar Components,Z1-B01,Z1,0,0.00,999.00,87,15,9,On hand is below reorder and lead-time demand,Prioritize count and replenish
SKU0137,Maintenance Parts 0137,Maintenance Parts,Cedar Components,Z1-B02,Z1,0,0.00,999.00,87,15,9,On hand is below reorder and lead-time demand,Prioritize count and replenish
SKU0137,Maintenance Parts 0137,Maintenance Parts,Cedar Components,Z3-B01,Z3,59,0.00,999.00,87,15,9,On hand is below reorder and lead-time demand,Review reorder settings
SKU0137,Maintenance Parts 0137,Maintenance Parts,Cedar Components,Z3-B02,Z3,52,0.00,999.00,87,15,9,On hand is below reorder and lead-time demand,Review reorder settings
SKU0138,Shipping Supplies 0138,Shipping Supplies,Harbor Safety,Z2-B01,Z2,73,0.00,999.00,98,20,16,On hand is below reorder and lead-time demand,Review reorder settings
SKU0138,Shipping Supplies 0138,Shipping Supplies,Harbor Safety,Z3-B03,Z3,51,0.00,999.00,98,20,16,On hand is below reorder and lead-time demand,Review reorder settings
SKU0138,Shipping Supplies 0138,Shipping Supplies,Harbor Safety,Z3-B04,Z3,25,0.00,999.00,98,20,16,On hand is below reorder and lead-time demand,Review reorder settings
SKU0139,Material Handling 0139,Material Handling,Summit Packaging,Z2-B03,Z2,0,0.00,999.00,29,25,5,On hand is below reorder and lead-time demand,Prioritize count and replenish
SKU0139,Material Handling 0139,Material Handling,Summit Packaging,Z2-B04,Z2,0,0.00,999.00,29,25,5,On hand is below reorder and lead-time demand,Prioritize count and replenish
SKU0139,Material Handling 0139,Material Handling,Summit Packaging,Z3-B02,Z3,18,0.00,999.00,29,25,5,On hand is below reorder and lead-time demand,Review reorder settings
SKU0139,Material Handling 0139,Material Handling,Summit Packaging,Z3-B03,Z3,1,0.00,999.00,29,25,5,On hand is below reorder and lead-time demand,Review reorder settings
SKU0139,Material Handling 0139,Material Handling,Summit Packaging,Z3-B04,Z3,0,0.00,999.00,29,25,5,On hand is below reorder and lead-time demand,Prioritize count and replenish
SKU0140,Industrial Supplies 0140,Industrial Supplies,Atlas Industrial,Z1-B01,Z1,2,0.00,999.00,40,30,12,On hand is below reorder and lead-time demand,Prioritize count and replenish
SKU0140,Industrial Supplies 0140,Industrial Supplies,Atlas Industrial,Z1-B02,Z1,0,0.00,999.00,40,30,12,On hand is below reorder and lead-time demand,Prioritize count and replenish
SKU0140,Industrial Supplies 0140,Industrial Supplies,Atlas Industrial,Z1-B03,Z1,0,0.00,999.00,40,30,12,On hand is below reorder and lead-time demand,Prioritize count and replenish
SKU0140,Industrial Supplies 0140,Industrial Supplies,Atlas Industrial,Z2-B02,Z2,13,0.00,999.00,40,30,12,On hand is below reorder and lead-time demand,Review reorder settings
SKU0140,Industrial Supplies 0140,Industrial Supplies,Atlas Industrial,Z2-B03,Z2,0,0.00,999.00,40,30,12,On hand is below reorder and lead-time demand,Prioritize count and replenish
SKU0140,Industrial Supplies 0140,Industrial Supplies,Atlas Industrial,Z2-B04,Z2,0,0.00,999.00,40,30,12,On hand is below reorder and lead-time demand,Prioritize count and replenish
SKU0140,Industrial Supplies 0140,Industrial Supplies,Atlas Industrial,Z3-B01,Z3,0,0.00,999.00,40,30,12,On hand is below reorder and lead-time demand,Prioritize count and replenish
SKU0140,Industrial Supplies 0140,Industrial Supplies,Atlas Industrial,Z3-B02,Z3,0,0.00,999.00,40,30,12,On hand is below reorder and lead-time demand,Prioritize count and replenish
SKU0140,Industrial Supplies 0140,Industrial Supplies,Atlas Industrial,Z3-B03,Z3,0,0.00,999.00,40,30,12,On hand is below reorder and lead-time demand,Prioritize count and replenish
SKU0141,Electrical Components 0141,Electrical Components,Blue Ridge Supply,Z1-B01,Z1,14,0.00,999.00,51,35,19,On hand is below reorder and lead-time demand,Review reorder settings
SKU0141,Electrical Components 0141,Electrical Components,Blue Ridge Supply,Z1-B02,Z1,1,0.00,999.00,51,35,19,On hand is below reorder and lead-time demand,Prioritize count and replenish
SKU0141,Electrical Components 0141,Electrical Components,Blue Ridge Supply,Z1-B03,Z1,0,0.00,999.00,51,35,19,On hand is below reorder and lead-time demand,Prioritize count and replenish
SKU0141,Electrical Components 0141,Electrical Components,Blue Ridge Supply,Z1-B04,Z1,0,0.00,999.00,51,35,19,On hand is below reorder and lead-time demand,Prioritize count and replenish
SKU0141,Electrical Components 0141,Electrical Components,Blue Ridge Supply,Z2-B01,Z2,0,0.00,999.00,51,35,19,On hand is below reorder and lead-time demand,Prioritize count and replenish
SKU0141,Electrical Components 0141,Electrical Components,Blue Ridge Supply,Z2-B02,Z2,0,0.00,999.00,51,35,19,On hand is below reorder and lead-time demand,Prioritize count and replenish
SKU0141,Electrical Components 0141,Electrical Components,Blue Ridge Supply,Z3-B01,Z3,0,0.00,999.00,51,35,19,On hand is below reorder and lead-time demand,Review reorder settings
SKU0141,Electrical Components 0141,Electrical Components,Blue Ridge Supply,Z3-B02,Z3,52,0.00,999.00,51,35,19,On hand is below reorder and lead-time demand,Review reorder settings
SKU0141,Electrical Components 0141,Electrical Components,Blue Ridge Supply,Z3-B03,Z3,48,0.00,999.00,51,35,19,On hand is below reorder and lead-time demand,Review reorder settings
SKU0141,Electrical Components 0141,Electrical Components,Blue Ridge Supply,Z3-B04,Z3,42,0.00,999.00,51,35,19,On hand is below reorder and lead-time demand,Review reorder settings
SKU0142,Safety Supplies 0142,Safety Supplies,Cedar Components,Z1-B01,Z1,0,0.00,999.00,62,40,8,On hand is below reorder and lead-time demand,Prioritize count and replenish
SKU0142,Safety Supplies 0142,Safety Supplies,Cedar Components,Z1-B04,Z1,0,0.00,999.00,62,40,8,On hand is below reorder and lead-time demand,Review reorder settings
SKU0142,Safety Supplies 0142,Safety Supplies,Cedar Components,Z2-B01,Z2,0,0.00,999.00,62,40,8,On hand is below reorder and lead-time demand,Review reorder settings
SKU0142,Safety Supplies 0142,Safety Supplies,Cedar Components,Z2-B02,Z2,0,0.00,999.00,62,40,8,On hand is below reorder and lead-time demand,Prioritize count and replenish
SKU0142,Safety Supplies 0142,Safety Supplies,Cedar Components,Z2-B03,Z2,56,0.00,999.00,62,40,8,On hand is below reorder and lead-time demand,Review reorder settings
SKU0142,Safety Supplies 0142,Safety Supplies,Cedar Components,Z2-B04,Z2,49,0.00,999.00,62,40,8,On hand is below reorder and lead-time demand,Review reorder settings
SKU0142,Safety Supplies 0142,Safety Supplies,Cedar Components,Z3-B01,Z3,42,0.00,999.00,62,40,8,On hand is below reorder and lead-time demand,Prioritize count and replenish
SKU0143,Packaging 0143,Packaging,Harbor Safety,Z1-B01,Z1,0,0.00,999.00,73,45,15,On hand is below reorder and lead-time demand,Prioritize count and replenish
SKU0143,Packaging 0143,Packaging,Harbor Safety,Z1-B02,Z1,0,0.00,999.00,73,45,15,On hand is below reorder and lead-time demand,Prioritize count and replenish
SKU0143,Packaging 0143,Packaging,Harbor Safety,Z1-B03,Z1,0,0.00,999.00,73,45,15,On hand is below reorder and lead-time demand,Prioritize count and replenish
SKU0143,Packaging 0143,Packaging,Harbor Safety,Z1-B04,Z1,60,0.00,999.00,73,45,15,On hand is below reorder and lead-time demand,Review reorder settings
SKU0143,Packaging 0143,Packaging,Harbor Safety,Z2-B04,Z2,41,0.00,999.00,73,45,15,On hand is below reorder and lead-time demand,Review reorder settings
SKU0143,Packaging 0143,Packaging,Harbor Safety,Z3-B01,Z3,37,0.00,999.00,73,45,15,On hand is below reorder and lead-time demand,Review reorder settings
SKU0143,Packaging 0143,Packaging,Harbor Safety,Z3-B02,Z3,28,0.00,999.00,73,45,15,On hand is below reorder and lead-time demand,Review reorder settings
SKU0143,Packaging 0143,Packaging,Harbor Safety,Z3-B03,Z3,17,0.00,999.00,73,45,15,On hand is below reorder and lead-time demand,Prioritize count and replenish
SKU0143,Packaging 0143,Packaging,Harbor Safety,Z3-B04,Z3,5,0.00,999.00,73,45,15,On hand is below reorder and lead-time demand,Prioritize count and replenish
SKU0144,Tools 0144,Tools,Summit Packaging,Z1-B04,Z1,47,0.00,999.00,84,10,4,On hand is below reorder and lead-time demand,Review reorder settings
SKU0144,Tools 0144,Tools,Summit Packaging,Z2-B01,Z2,42,0.00,999.00,84,10,4,On hand is below reorder and lead-time demand,Review reorder settings
SKU0144,Tools 0144,Tools,Summit Packaging,Z2-B02,Z2,32,0.00,999.00,84,10,4,On hand is below reorder and lead-time demand,Review reorder settings
SKU0144,Tools 0144,Tools,Summit Packaging,Z2-B03,Z2,21,0.00,999.00,84,10,4,On hand is below reorder and lead-time demand,Prioritize count and replenish
SKU0144,Tools 0144,Tools,Summit Packaging,Z3-B03,Z3,30,0.00,999.00,84,10,4,On hand is below reorder and lead-time demand,Review reorder settings
SKU0144,Tools 0144,Tools,Summit Packaging,Z3-B04,Z3,11,0.00,999.00,84,10,4,On hand is below reorder and lead-time demand,Review reorder settings
SKU0145,Consumables 0145,Consumables,Atlas Industrial,Z1-B01,Z1,46,0.00,999.00,95,15,11,On hand is below reorder and lead-time demand,Review reorder settings
SKU0145,Consumables 0145,Consumables,Atlas Industrial,Z1-B02,Z1,36,0.00,999.00,95,15,11,On hand is below reorder and lead-time demand,Review reorder settings
SKU0145,Consumables 0145,Consumables,Atlas Industrial,Z2-B03,Z2,24,0.00,999.00,95,15,11,On hand is below reorder and lead-time demand,Review reorder settings
SKU0145,Consumables 0145,Consumables,Atlas Industrial,Z2-B04,Z2,13,0.00,999.00,95,15,11,On hand is below reorder and lead-time demand,Review reorder settings
SKU0145,Consumables 0145,Consumables,Atlas Industrial,Z3-B01,Z3,0,0.00,999.00,95,15,11,On hand is below reorder and lead-time demand,Prioritize count and replenish
SKU0145,Consumables 0145,Consumables,Atlas Industrial,Z3-B02,Z3,0,0.00,999.00,95,15,11,On hand is below reorder and lead-time demand,Prioritize count and replenish
SKU0146,Fasteners 0146,Fasteners,Blue Ridge Supply,Z1-B03,Z1,27,0.00,999.00,26,20,18,On hand is below reorder and lead-time demand,Review reorder settings
SKU0146,Fasteners 0146,Fasteners,Blue Ridge Supply,Z1-B04,Z1,7,0.00,999.00,26,20,18,On hand is below reorder and lead-time demand,Review reorder settings
SKU0146,Fasteners 0146,Fasteners,Blue Ridge Supply,Z2-B01,Z2,0,0.00,999.00,26,20,18,On hand is below reorder and lead-time demand,Prioritize count and replenish
SKU0146,Fasteners 0146,Fasteners,Blue Ridge Supply,Z3-B02,Z3,19,0.00,999.00,26,20,18,On hand is below reorder and lead-time demand,Review reorder settings
SKU0146,Fasteners 0146,Fasteners,Blue Ridge Supply,Z3-B03,Z3,0,0.00,999.00,26,20,18,On hand is below reorder and lead-time demand,Review reorder settings
SKU0147,Maintenance Parts 0147,Maintenance Parts,Cedar Components,Z2-B01,Z2,16,0.00,999.00,37,25,7,On hand is below reorder and lead-time demand,Review reorder settings
SKU0147,Maintenance Parts 0147,Maintenance Parts,Cedar Components,Z2-B02,Z2,0,0.00,999.00,37,25,7,On hand is below reorder and lead-time demand,Prioritize count and replenish
SKU0147,Maintenance Parts 0147,Maintenance Parts,Cedar Components,Z2-B03,Z2,0,0.00,999.00,37,25,7,On hand is below reorder and lead-time demand,Prioritize count and replenish
SKU0147,Maintenance Parts 0147,Maintenance Parts,Cedar Components,Z2-B04,Z2,0,0.00,999.00,37,25,7,On hand is below reorder and lead-time demand,Prioritize count and replenish
SKU0148,Shipping Supplies 0148,Shipping Supplies,Harbor Safety,Z1-B01,Z1,17,0.00,999.00,48,30,14,On hand is below reorder and lead-time demand,Review reorder settings
SKU0148,Shipping Supplies 0148,Shipping Supplies,Harbor Safety,Z1-B02,Z1,0,0.00,999.00,48,30,14,On hand is below reorder and lead-time demand,Prioritize count and replenish
SKU0148,Shipping Supplies 0148,Shipping Supplies,Harbor Safety,Z1-B03,Z1,0,0.00,999.00,48,30,14,On hand is below reorder and lead-time demand,Prioritize count and replenish
SKU0149,Material Handling 0149,Material Handling,Summit Packaging,Z3-B01,Z3,22,0.00,999.00,59,35,21,On hand is below reorder and lead-time demand,Review reorder settings
SKU0149,Material Handling 0149,Material Handling,Summit Packaging,Z3-B02,Z3,8,0.00,999.00,59,35,21,On hand is below reorder and lead-time demand,Prioritize count and replenish
SKU0149,Material Handling 0149,Material Handling,Summit Packaging,Z3-B03,Z3,0,0.00,999.00,59,35,21,On hand is below reorder and lead-time demand,Prioritize count and replenish
SKU0149,Material Handling 0149,Material Handling,Summit Packaging,Z3-B04,Z3,0,0.00,999.00,59,35,21,On hand is below reorder and lead-time demand,Prioritize count and replenish
SKU0150,Industrial Supplies 0150,Industrial Supplies,Atlas Industrial,Z1-B01,Z1,25,0.00,999.00,70,40,10,On hand is below reorder and lead-time demand,Prioritize count and replenish
SKU0150,Industrial Supplies 0150,Industrial Supplies,Atlas Industrial,Z1-B03,Z1,27,0.00,999.00,70,40,10,On hand is below reorder and lead-time demand,Review reorder settings
SKU0150,Industrial Supplies 0150,Industrial Supplies,Atlas Industrial,Z1-B04,Z1,26,0.00,999.00,70,40,10,On hand is below reorder and lead-time demand,Review reorder settings
SKU0150,Industrial Supplies 0150,Industrial Supplies,Atlas Industrial,Z2-B01,Z2,19,0.00,999.00,70,40,10,On hand is below reorder and lead-time demand,Prioritize count and replenish
SKU0150,Industrial Supplies 0150,Industrial Supplies,Atlas Industrial,Z2-B02,Z2,6,0.00,999.00,70,40,10,On hand is below reorder and lead-time demand,Prioritize count and replenish
SKU0150,Industrial Supplies 0150,Industrial Supplies,Atlas Industrial,Z2-B03,Z2,0,0.00,999.00,70,40,10,On hand is below reorder and lead-time demand,Prioritize count and replenish
SKU0150,Industrial Supplies 0150,Industrial Supplies,Atlas Industrial,Z2-B04,Z2,0,0.00,999.00,70,40,10,On hand is below reorder and lead-time demand,Prioritize count and replenish
SKU0150,Industrial Supplies 0150,Industrial Supplies,Atlas Industrial,Z3-B01,Z3,0,0.00,999.00,70,40,10,On hand is below reorder and lead-time demand,Prioritize count and replenish
SKU0150,Industrial Supplies 0150,Industrial Supplies,Atlas Industrial,Z3-B04,Z3,5,0.00,999.00,70,40,10,On hand is below reorder and lead-time demand,Review reorder settings
SKU0151,Electrical Components 0151,Electrical Components,Blue Ridge Supply,Z1-B01,Z1,23,0.00,999.00,81,45,17,On hand is below reorder and lead-time demand,Prioritize count and replenish
SKU0151,Electrical Components 0151,Electrical Components,Blue Ridge Supply,Z1-B02,Z1,11,0.00,999.00,81,45,17,On hand is below reorder and lead-time demand,Prioritize count and replenish
SKU0151,Electrical Components 0151,Electrical Components,Blue Ridge Supply,Z1-B03,Z1,0,0.00,999.00,81,45,17,On hand is below reorder and lead-time demand,Prioritize count and replenish
SKU0151,Electrical Components 0151,Electrical Components,Blue Ridge Supply,Z1-B04,Z1,0,0.00,999.00,81,45,17,On hand is below reorder and lead-time demand,Prioritize count and replenish
SKU0151,Electrical Components 0151,Electrical Components,Blue Ridge Supply,Z2-B03,Z2,17,0.00,999.00,81,45,17,On hand is below reorder and lead-time demand,Review reorder settings
SKU0151,Electrical Components 0151,Electrical Components,Blue Ridge Supply,Z2-B04,Z2,0,0.00,999.00,81,45,17,On hand is below reorder and lead-time demand,Prioritize count and replenish
SKU0151,Electrical Components 0151,Electrical Components,Blue Ridge Supply,Z3-B01,Z3,0,0.00,999.00,81,45,17,On hand is below reorder and lead-time demand,Prioritize count and replenish
SKU0151,Electrical Components 0151,Electrical Components,Blue Ridge Supply,Z3-B02,Z3,0,0.00,999.00,81,45,17,On hand is below reorder and lead-time demand,Prioritize count and replenish
SKU0151,Electrical Components 0151,Electrical Components,Blue Ridge Supply,Z3-B03,Z3,0,0.00,999.00,81,45,17,On hand is below reorder and lead-time demand,Prioritize count and replenish
SKU0151,Electrical Components 0151,Electrical Components,Blue Ridge Supply,Z3-B04,Z3,0,0.00,999.00,81,45,17,On hand is below reorder and lead-time demand,Prioritize count and replenish
SKU0152,Safety Supplies 0152,Safety Supplies,Cedar Components,Z1-B02,Z1,17,0.00,999.00,92,10,6,On hand is below reorder and lead-time demand,Review reorder settings
SKU0152,Safety Supplies 0152,Safety Supplies,Cedar Components,Z1-B03,Z1,13,0.00,999.00,92,10,6,On hand is below reorder and lead-time demand,Review reorder settings
SKU0152,Safety Supplies 0152,Safety Supplies,Cedar Components,Z1-B04,Z1,0,0.00,999.00,92,10,6,On hand is below reorder and lead-time demand,Prioritize count and replenish
SKU0152,Safety Supplies 0152,Safety Supplies,Cedar Components,Z2-B01,Z2,0,0.00,999.00,92,10,6,On hand is below reorder and lead-time demand,Prioritize count and replenish
SKU0152,Safety Supplies 0152,Safety Supplies,Cedar Components,Z2-B02,Z2,0,0.00,999.00,92,10,6,On hand is below reorder and lead-time demand,Prioritize count and replenish
SKU0152,Safety Supplies 0152,Safety Supplies,Cedar Components,Z2-B03,Z2,0,0.00,999.00,92,10,6,On hand is below reorder and lead-time demand,Prioritize count and replenish
SKU0152,Safety Supplies 0152,Safety Supplies,Cedar Components,Z3-B02,Z3,10,0.00,999.00,92,10,6,On hand is below reorder and lead-time demand,Review reorder settings
SKU0152,Safety Supplies 0152,Safety Supplies,Cedar Components,Z3-B04,Z3,58,0.00,999.00,92,10,6,On hand is below reorder and lead-time demand,Review reorder settings
SKU0153,Packaging 0153,Packaging,Harbor Safety,Z1-B01,Z1,0,0.00,999.00,23,15,13,On hand is below reorder and lead-time demand,Prioritize count and replenish
SKU0153,Packaging 0153,Packaging,Harbor Safety,Z1-B02,Z1,0,0.00,999.00,23,15,13,On hand is below reorder and lead-time demand,Prioritize count and replenish
SKU0153,Packaging 0153,Packaging,Harbor Safety,Z2-B02,Z2,1,0.00,999.00,23,15,13,On hand is below reorder and lead-time demand,Review reorder settings
SKU0153,Packaging 0153,Packaging,Harbor Safety,Z2-B03,Z2,0,0.00,999.00,23,15,13,On hand is below reorder and lead-time demand,Prioritize count and replenish
SKU0154,Tools 0154,Tools,Summit Packaging,Z1-B01,Z1,15,0.00,999.00,34,20,20,On hand is below reorder and lead-time demand,Review reorder settings
SKU0154,Tools 0154,Tools,Summit Packaging,Z1-B02,Z1,0,0.00,999.00,34,20,20,On hand is below reorder and lead-time demand,Prioritize count and replenish
SKU0154,Tools 0154,Tools,Summit Packaging,Z1-B03,Z1,0,0.00,999.00,34,20,20,On hand is below reorder and lead-time demand,Prioritize count and replenish
SKU0154,Tools 0154,Tools,Summit Packaging,Z1-B04,Z1,0,0.00,999.00,34,20,20,On hand is below reorder and lead-time demand,Prioritize count and replenish
SKU0154,Tools 0154,Tools,Summit Packaging,Z2-B01,Z2,68,0.00,999.00,34,20,20,On hand is below reorder and lead-time demand,Review reorder settings
SKU0154,Tools 0154,Tools,Summit Packaging,Z3-B03,Z3,32,0.00,999.00,34,20,20,On hand is below reorder and lead-time demand,Review reorder settings
SKU0154,Tools 0154,Tools,Summit Packaging,Z3-B04,Z3,23,0.00,999.00,34,20,20,On hand is below reorder and lead-time demand,Review reorder settings
SKU0155,Consumables 0155,Consumables,Atlas Industrial,Z2-B03,Z2,34,0.00,999.00,45,25,9,On hand is below reorder and lead-time demand,Review reorder settings
SKU0155,Consumables 0155,Consumables,Atlas Industrial,Z2-B04,Z2,28,0.00,999.00,45,25,9,On hand is below reorder and lead-time demand,Review reorder settings
SKU0156,Fasteners 0156,Fasteners,Blue Ridge Supply,Z1-B01,Z1,66,0.00,999.00,56,30,16,On hand is below reorder and lead-time demand,Review reorder settings
SKU0156,Fasteners 0156,Fasteners,Blue Ridge Supply,Z1-B02,Z1,59,0.00,999.00,56,30,16,On hand is below reorder and lead-time demand,Review reorder settings
SKU0156,Fasteners 0156,Fasteners,Blue Ridge Supply,Z1-B03,Z1,46,0.00,999.00,56,30,16,On hand is below reorder and lead-time demand,Review reorder settings
SKU0156,Fasteners 0156,Fasteners,Blue Ridge Supply,Z2-B04,Z2,33,0.00,999.00,56,30,16,On hand is below reorder and lead-time demand,Review reorder settings
SKU0156,Fasteners 0156,Fasteners,Blue Ridge Supply,Z3-B01,Z3,18,0.00,999.00,56,30,16,On hand is below reorder and lead-time demand,Review reorder settings
SKU0156,Fasteners 0156,Fasteners,Blue Ridge Supply,Z3-B02,Z3,15,0.00,999.00,56,30,16,On hand is below reorder and lead-time demand,Review reorder settings
SKU0156,Fasteners 0156,Fasteners,Blue Ridge Supply,Z3-B03,Z3,0,0.00,999.00,56,30,16,On hand is below reorder and lead-time demand,Prioritize count and replenish
SKU0157,Maintenance Parts 0157,Maintenance Parts,Cedar Components,Z1-B04,Z1,27,0.00,999.00,67,35,5,On hand is below reorder and lead-time demand,Review reorder settings
SKU0157,Maintenance Parts 0157,Maintenance Parts,Cedar Components,Z2-B01,Z2,33,0.00,999.00,67,35,5,On hand is below reorder and lead-time demand,Review reorder settings
SKU0157,Maintenance Parts 0157,Maintenance Parts,Cedar Components,Z2-B02,Z2,6,0.00,999.00,67,35,5,On hand is below reorder and lead-time demand,Prioritize count and replenish
SKU0157,Maintenance Parts 0157,Maintenance Parts,Cedar Components,Z3-B04,Z3,0,0.00,999.00,67,35,5,On hand is below reorder and lead-time demand,Review reorder settings
SKU0158,Shipping Supplies 0158,Shipping Supplies,Harbor Safety,Z1-B01,Z1,17,0.00,999.00,78,40,12,On hand is below reorder and lead-time demand,Review reorder settings
SKU0158,Shipping Supplies 0158,Shipping Supplies,Harbor Safety,Z2-B03,Z2,4,0.00,999.00,78,40,12,On hand is below reorder and lead-time demand,Review reorder settings
SKU0158,Shipping Supplies 0158,Shipping Supplies,Harbor Safety,Z2-B04,Z2,0,0.00,999.00,78,40,12,On hand is below reorder and lead-time demand,Prioritize count and replenish
SKU0158,Shipping Supplies 0158,Shipping Supplies,Harbor Safety,Z3-B01,Z3,0,0.00,999.00,78,40,12,On hand is below reorder and lead-time demand,Prioritize count and replenish
SKU0159,Material Handling 0159,Material Handling,Summit Packaging,Z1-B02,Z1,15,0.00,999.00,89,45,19,On hand is below reorder and lead-time demand,Review reorder settings
SKU0159,Material Handling 0159,Material Handling,Summit Packaging,Z1-B03,Z1,5,0.00,999.00,89,45,19,On hand is below reorder and lead-time demand,Review reorder settings
SKU0159,Material Handling 0159,Material Handling,Summit Packaging,Z1-B04,Z1,0,0.00,999.00,89,45,19,On hand is below reorder and lead-time demand,Prioritize count and replenish
SKU0159,Material Handling 0159,Material Handling,Summit Packaging,Z2-B03,Z2,35,0.00,999.00,89,45,19,On hand is below reorder and lead-time demand,Review reorder settings
SKU0159,Material Handling 0159,Material Handling,Summit Packaging,Z2-B04,Z2,30,0.00,999.00,89,45,19,On hand is below reorder and lead-time demand,Prioritize count and replenish
SKU0159,Material Handling 0159,Material Handling,Summit Packaging,Z3-B01,Z3,24,0.00,999.00,89,45,19,On hand is below reorder and lead-time demand,Prioritize count and replenish
SKU0159,Material Handling 0159,Material Handling,Summit Packaging,Z3-B02,Z3,15,0.00,999.00,89,45,19,On hand is below reorder and lead-time demand,Prioritize count and replenish
SKU0159,Material Handling 0159,Material Handling,Summit Packaging,Z3-B03,Z3,9,0.00,999.00,89,45,19,On hand is below reorder and lead-time demand,Prioritize count and replenish
SKU0159,Material Handling 0159,Material Handling,Summit Packaging,Z3-B04,Z3,0,0.00,999.00,89,45,19,On hand is below reorder and lead-time demand,Prioritize count and replenish
SKU0160,Industrial Supplies 0160,Industrial Supplies,Atlas Industrial,Z1-B01,Z1,8,0.00,999.00,20,10,8,On hand is below reorder and lead-time demand,Review reorder settings
SKU0160,Industrial Supplies 0160,Industrial Supplies,Atlas Industrial,Z1-B02,Z1,0,0.00,999.00,20,10,8,On hand is below reorder and lead-time demand,Prioritize count and replenish
SKU0160,Industrial Supplies 0160,Industrial Supplies,Atlas Industrial,Z1-B03,Z1,0,0.00,999.00,20,10,8,On hand is below reorder and lead-time demand,Prioritize count and replenish
SKU0160,Industrial Supplies 0160,Industrial Supplies,Atlas Industrial,Z1-B04,Z1,39,0.00,999.00,20,10,8,On hand is below reorder and lead-time demand,Review reorder settings
SKU0160,Industrial Supplies 0160,Industrial Supplies,Atlas Industrial,Z2-B01,Z2,31,0.00,999.00,20,10,8,On hand is below reorder and lead-time demand,Review reorder settings
SKU0160,Industrial Supplies 0160,Industrial Supplies,Atlas Industrial,Z2-B02,Z2,26,0.00,999.00,20,10,8,On hand is below reorder and lead-time demand,Review reorder settings
SKU0160,Industrial Supplies 0160,Industrial Supplies,Atlas Industrial,Z2-B03,Z2,18,0.00,999.00,20,10,8,On hand is below reorder and lead-time demand,Review reorder settings
SKU0160,Industrial Supplies 0160,Industrial Supplies,Atlas Industrial,Z3-B03,Z3,16,0.00,999.00,20,10,8,On hand is below reorder and lead-time demand,Review reorder settings
SKU0160,Industrial Supplies 0160,Industrial Supplies,Atlas Industrial,Z3-B04,Z3,0,0.00,999.00,20,10,8,On hand is below reorder and lead-time demand,Prioritize count and replenish
SKU0161,Electrical Components 0161,Electrical Components,Blue Ridge Supply,Z1-B01,Z1,43,0.00,999.00,31,15,15,On hand is below reorder and lead-time demand,Review reorder settings
SKU0161,Electrical Components 0161,Electrical Components,Blue Ridge Supply,Z1-B02,Z1,35,0.00,999.00,31,15,15,On hand is below reorder and lead-time demand,Review reorder settings
SKU0161,Electrical Components 0161,Electrical Components,Blue Ridge Supply,Z2-B02,Z2,27,0.00,999.00,31,15,15,On hand is below reorder and lead-time demand,Review reorder settings
SKU0161,Electrical Components 0161,Electrical Components,Blue Ridge Supply,Z2-B03,Z2,7,0.00,999.00,31,15,15,On hand is below reorder and lead-time demand,Prioritize count and replenish
SKU0161,Electrical Components 0161,Electrical Components,Blue Ridge Supply,Z2-B04,Z2,7,0.00,999.00,31,15,15,On hand is below reorder and lead-time demand,Prioritize count and replenish
SKU0161,Electrical Components 0161,Electrical Components,Blue Ridge Supply,Z3-B01,Z3,0,0.00,999.00,31,15,15,On hand is below reorder and lead-time demand,Prioritize count and replenish
SKU0161,Electrical Components 0161,Electrical Components,Blue Ridge Supply,Z3-B02,Z3,0,0.00,999.00,31,15,15,On hand is below reorder and lead-time demand,Prioritize count and replenish
SKU0162,Safety Supplies 0162,Safety Supplies,Cedar Components,Z1-B01,Z1,34,0.00,999.00,42,20,4,On hand is below reorder and lead-time demand,Review reorder settings
SKU0162,Safety Supplies 0162,Safety Supplies,Cedar Components,Z1-B02,Z1,33,0.00,999.00,42,20,4,On hand is below reorder and lead-time demand,Review reorder settings
SKU0162,Safety Supplies 0162,Safety Supplies,Cedar Components,Z1-B03,Z1,19,0.00,999.00,42,20,4,On hand is below reorder and lead-time demand,Review reorder settings
SKU0162,Safety Supplies 0162,Safety Supplies,Cedar Components,Z1-B04,Z1,15,0.00,999.00,42,20,4,On hand is below reorder and lead-time demand,Prioritize count and replenish
SKU0162,Safety Supplies 0162,Safety Supplies,Cedar Components,Z2-B01,Z2,0,0.00,999.00,42,20,4,On hand is below reorder and lead-time demand,Prioritize count and replenish
SKU0162,Safety Supplies 0162,Safety Supplies,Cedar Components,Z3-B01,Z3,4,0.00,999.00,42,20,4,On hand is below reorder and lead-time demand,Prioritize count and replenish
SKU0162,Safety Supplies 0162,Safety Supplies,Cedar Components,Z3-B02,Z3,2,0.00,999.00,42,20,4,On hand is below reorder and lead-time demand,Prioritize count and replenish
SKU0162,Safety Supplies 0162,Safety Supplies,Cedar Components,Z3-B03,Z3,0,0.00,999.00,42,20,4,On hand is below reorder and lead-time demand,Prioritize count and replenish
SKU0162,Safety Supplies 0162,Safety Supplies,Cedar Components,Z3-B04,Z3,0,0.00,999.00,42,20,4,On hand is below reorder and lead-time demand,Prioritize count and replenish
SKU0163,Packaging 0163,Packaging,Harbor Safety,Z1-B04,Z1,19,0.00,999.00,53,25,11,On hand is below reorder and lead-time demand,Review reorder settings
SKU0163,Packaging 0163,Packaging,Harbor Safety,Z2-B01,Z2,2,0.00,999.00,53,25,11,On hand is below reorder and lead-time demand,Prioritize count and replenish
SKU0163,Packaging 0163,Packaging,Harbor Safety,Z2-B02,Z2,0,0.00,999.00,53,25,11,On hand is below reorder and lead-time demand,Prioritize count and replenish
SKU0163,Packaging 0163,Packaging,Harbor Safety,Z2-B03,Z2,0,0.00,999.00,53,25,11,On hand is below reorder and lead-time demand,Prioritize count and replenish
SKU0163,Packaging 0163,Packaging,Harbor Safety,Z2-B04,Z2,0,0.00,999.00,53,25,11,On hand is below reorder and lead-time demand,Prioritize count and replenish
SKU0164,Tools 0164,Tools,Summit Packaging,Z1-B01,Z1,5,0.00,999.00,64,30,18,On hand is below reorder and lead-time demand,Prioritize count and replenish
SKU0164,Tools 0164,Tools,Summit Packaging,Z1-B02,Z1,0,0.00,999.00,64,30,18,On hand is below reorder and lead-time demand,Prioritize count and replenish
SKU0164,Tools 0164,Tools,Summit Packaging,Z1-B03,Z1,0,0.00,999.00,64,30,18,On hand is below reorder and lead-time demand,Prioritize count and replenish
SKU0164,Tools 0164,Tools,Summit Packaging,Z2-B03,Z2,1,0.00,999.00,64,30,18,On hand is below reorder and lead-time demand,Review reorder settings
SKU0164,Tools 0164,Tools,Summit Packaging,Z2-B04,Z2,0,0.00,999.00,64,30,18,On hand is below reorder and lead-time demand,Review reorder settings
SKU0164,Tools 0164,Tools,Summit Packaging,Z3-B01,Z3,72,0.00,999.00,64,30,18,On hand is below reorder and lead-time demand,Review reorder settings
SKU0164,Tools 0164,Tools,Summit Packaging,Z3-B02,Z3,69,0.00,999.00,64,30,18,On hand is below reorder and lead-time demand,Review reorder settings
SKU0164,Tools 0164,Tools,Summit Packaging,Z3-B03,Z3,57,0.00,999.00,64,30,18,On hand is below reorder and lead-time demand,Review reorder settings
SKU0165,Consumables 0165,Consumables,Atlas Industrial,Z1-B02,Z1,36,0.00,999.00,75,35,7,On hand is below reorder and lead-time demand,Review reorder settings
SKU0165,Consumables 0165,Consumables,Atlas Industrial,Z1-B03,Z1,1,0.00,999.00,75,35,7,On hand is below reorder and lead-time demand,Review reorder settings
SKU0165,Consumables 0165,Consumables,Atlas Industrial,Z1-B04,Z1,0,0.00,999.00,75,35,7,On hand is below reorder and lead-time demand,Prioritize count and replenish
SKU0165,Consumables 0165,Consumables,Atlas Industrial,Z2-B01,Z2,0,0.00,999.00,75,35,7,On hand is below reorder and lead-time demand,Prioritize count and replenish
SKU0165,Consumables 0165,Consumables,Atlas Industrial,Z2-B02,Z2,76,0.00,999.00,75,35,7,On hand is below reorder and lead-time demand,Review reorder settings
SKU0165,Consumables 0165,Consumables,Atlas Industrial,Z3-B04,Z3,43,0.00,999.00,75,35,7,On hand is below reorder and lead-time demand,Review reorder settings
SKU0166,Fasteners 0166,Fasteners,Blue Ridge Supply,Z1-B01,Z1,0,0.00,999.00,86,40,14,On hand is below reorder and lead-time demand,Prioritize count and replenish
SKU0166,Fasteners 0166,Fasteners,Blue Ridge Supply,Z2-B03,Z2,62,0.00,999.00,86,40,14,On hand is below reorder and lead-time demand,Review reorder settings
SKU0166,Fasteners 0166,Fasteners,Blue Ridge Supply,Z2-B04,Z2,46,0.00,999.00,86,40,14,On hand is below reorder and lead-time demand,Review reorder settings
SKU0166,Fasteners 0166,Fasteners,Blue Ridge Supply,Z3-B01,Z3,38,0.00,999.00,86,40,14,On hand is below reorder and lead-time demand,Review reorder settings
SKU0167,Maintenance Parts 0167,Maintenance Parts,Cedar Components,Z1-B02,Z1,73,0.00,999.00,97,45,21,On hand is below reorder and lead-time demand,Review reorder settings
SKU0167,Maintenance Parts 0167,Maintenance Parts,Cedar Components,Z1-B03,Z1,64,0.00,999.00,97,45,21,On hand is below reorder and lead-time demand,Review reorder settings
SKU0167,Maintenance Parts 0167,Maintenance Parts,Cedar Components,Z1-B04,Z1,54,0.00,999.00,97,45,21,On hand is below reorder and lead-time demand,Review reorder settings
SKU0167,Maintenance Parts 0167,Maintenance Parts,Cedar Components,Z3-B02,Z3,28,0.00,999.00,97,45,21,On hand is below reorder and lead-time demand,Review reorder settings
SKU0167,Maintenance Parts 0167,Maintenance Parts,Cedar Components,Z3-B03,Z3,16,0.00,999.00,97,45,21,On hand is below reorder and lead-time demand,Review reorder settings
SKU0167,Maintenance Parts 0167,Maintenance Parts,Cedar Components,Z3-B04,Z3,0,0.00,999.00,97,45,21,On hand is below reorder and lead-time demand,Prioritize count and replenish
SKU0168,Shipping Supplies 0168,Shipping Supplies,Harbor Safety,Z2-B03,Z2,13,0.00,999.00,28,10,10,On hand is below reorder and lead-time demand,Review reorder settings
SKU0169,Material Handling 0169,Material Handling,Summit Packaging,Z1-B02,Z1,34,0.00,999.00,39,15,17,On hand is below reorder and lead-time demand,Review reorder settings
SKU0169,Material Handling 0169,Material Handling,Summit Packaging,Z2-B03,Z2,0,0.00,999.00,39,15,17,On hand is below reorder and lead-time demand,Prioritize count and replenish
SKU0169,Material Handling 0169,Material Handling,Summit Packaging,Z2-B04,Z2,0,0.00,999.00,39,15,17,On hand is below reorder and lead-time demand,Prioritize count and replenish
SKU0169,Material Handling 0169,Material Handling,Summit Packaging,Z3-B01,Z3,0,0.00,999.00,39,15,17,On hand is below reorder and lead-time demand,Prioritize count and replenish
SKU0169,Material Handling 0169,Material Handling,Summit Packaging,Z3-B02,Z3,0,0.00,999.00,39,15,17,On hand is below reorder and lead-time demand,Prioritize count and replenish
SKU0170,Industrial Supplies 0170,Industrial Supplies,Atlas Industrial,Z1-B01,Z1,0,0.00,999.00,50,20,6,On hand is below reorder and lead-time demand,Prioritize count and replenish
SKU0170,Industrial Supplies 0170,Industrial Supplies,Atlas Industrial,Z1-B02,Z1,0,0.00,999.00,50,20,6,On hand is below reorder and lead-time demand,Prioritize count and replenish
SKU0170,Industrial Supplies 0170,Industrial Supplies,Atlas Industrial,Z1-B03,Z1,0,0.00,999.00,50,20,6,On hand is below reorder and lead-time demand,Prioritize count and replenish
SKU0170,Industrial Supplies 0170,Industrial Supplies,Atlas Industrial,Z1-B04,Z1,0,0.00,999.00,50,20,6,On hand is below reorder and lead-time demand,Prioritize count and replenish
SKU0170,Industrial Supplies 0170,Industrial Supplies,Atlas Industrial,Z2-B01,Z2,0,0.00,999.00,50,20,6,On hand is below reorder and lead-time demand,Prioritize count and replenish
SKU0170,Industrial Supplies 0170,Industrial Supplies,Atlas Industrial,Z2-B03,Z2,9,0.00,999.00,50,20,6,On hand is below reorder and lead-time demand,Review reorder settings
SKU0170,Industrial Supplies 0170,Industrial Supplies,Atlas Industrial,Z3-B01,Z3,38,0.00,999.00,50,20,6,On hand is below reorder and lead-time demand,Review reorder settings
SKU0170,Industrial Supplies 0170,Industrial Supplies,Atlas Industrial,Z3-B02,Z3,32,0.00,999.00,50,20,6,On hand is below reorder and lead-time demand,Review reorder settings
SKU0170,Industrial Supplies 0170,Industrial Supplies,Atlas Industrial,Z3-B03,Z3,24,0.00,999.00,50,20,6,On hand is below reorder and lead-time demand,Prioritize count and replenish
SKU0170,Industrial Supplies 0170,Industrial Supplies,Atlas Industrial,Z3-B04,Z3,22,0.00,999.00,50,20,6,On hand is below reorder and lead-time demand,Prioritize count and replenish
SKU0171,Electrical Components 0171,Electrical Components,Blue Ridge Supply,Z1-B03,Z1,3,0.00,999.00,61,25,13,On hand is below reorder and lead-time demand,Review reorder settings
SKU0171,Electrical Components 0171,Electrical Components,Blue Ridge Supply,Z1-B04,Z1,0,0.00,999.00,61,25,13,On hand is below reorder and lead-time demand,Prioritize count and replenish
SKU0171,Electrical Components 0171,Electrical Components,Blue Ridge Supply,Z2-B01,Z2,47,0.00,999.00,61,25,13,On hand is below reorder and lead-time demand,Review reorder settings
SKU0171,Electrical Components 0171,Electrical Components,Blue Ridge Supply,Z2-B02,Z2,41,0.00,999.00,61,25,13,On hand is below reorder and lead-time demand,Review reorder settings
SKU0171,Electrical Components 0171,Electrical Components,Blue Ridge Supply,Z2-B03,Z2,34,0.00,999.00,61,25,13,On hand is below reorder and lead-time demand,Review reorder settings
SKU0171,Electrical Components 0171,Electrical Components,Blue Ridge Supply,Z2-B04,Z2,26,0.00,999.00,61,25,13,On hand is below reorder and lead-time demand,Prioritize count and replenish
SKU0171,Electrical Components 0171,Electrical Components,Blue Ridge Supply,Z3-B03,Z3,28,0.00,999.00,61,25,13,On hand is below reorder and lead-time demand,Review reorder settings
SKU0171,Electrical Components 0171,Electrical Components,Blue Ridge Supply,Z3-B04,Z3,25,0.00,999.00,61,25,13,On hand is below reorder and lead-time demand,Review reorder settings
SKU0172,Safety Supplies 0172,Safety Supplies,Cedar Components,Z1-B01,Z1,0,0.00,999.00,72,30,20,On hand is below reorder and lead-time demand,Prioritize count and replenish
SKU0172,Safety Supplies 0172,Safety Supplies,Cedar Components,Z1-B02,Z1,51,0.00,999.00,72,30,20,On hand is below reorder and lead-time demand,Review reorder settings
SKU0172,Safety Supplies 0172,Safety Supplies,Cedar Components,Z1-B03,Z1,43,0.00,999.00,72,30,20,On hand is below reorder and lead-time demand,Prioritize count and replenish
SKU0172,Safety Supplies 0172,Safety Supplies,Cedar Components,Z2-B03,Z2,34,0.00,999.00,72,30,20,On hand is below reorder and lead-time demand,Review reorder settings
SKU0172,Safety Supplies 0172,Safety Supplies,Cedar Components,Z2-B04,Z2,30,0.00,999.00,72,30,20,On hand is below reorder and lead-time demand,Review reorder settings
SKU0172,Safety Supplies 0172,Safety Supplies,Cedar Components,Z3-B01,Z3,9,0.00,999.00,72,30,20,On hand is below reorder and lead-time demand,Prioritize count and replenish
SKU0172,Safety Supplies 0172,Safety Supplies,Cedar Components,Z3-B02,Z3,0,0.00,999.00,72,30,20,On hand is below reorder and lead-time demand,Prioritize count and replenish
SKU0172,Safety Supplies 0172,Safety Supplies,Cedar Components,Z3-B03,Z3,0,0.00,999.00,72,30,20,On hand is below reorder and lead-time demand,Prioritize count and replenish
SKU0173,Packaging 0173,Packaging,Harbor Safety,Z1-B02,Z1,43,0.00,999.00,83,35,9,On hand is below reorder and lead-time demand,Review reorder settings
SKU0173,Packaging 0173,Packaging,Harbor Safety,Z1-B03,Z1,38,0.00,999.00,83,35,9,On hand is below reorder and lead-time demand,Review reorder settings
SKU0173,Packaging 0173,Packaging,Harbor Safety,Z1-B04,Z1,22,0.00,999.00,83,35,9,On hand is below reorder and lead-time demand,Prioritize count and replenish
SKU0173,Packaging 0173,Packaging,Harbor Safety,Z2-B01,Z2,23,0.00,999.00,83,35,9,On hand is below reorder and lead-time demand,Prioritize count and replenish
SKU0173,Packaging 0173,Packaging,Harbor Safety,Z2-B02,Z2,0,0.00,999.00,83,35,9,On hand is below reorder and lead-time demand,Prioritize count and replenish
SKU0173,Packaging 0173,Packaging,Harbor Safety,Z3-B02,Z3,15,0.00,999.00,83,35,9,On hand is below reorder and lead-time demand,Review reorder settings
SKU0173,Packaging 0173,Packaging,Harbor Safety,Z3-B03,Z3,0,0.00,999.00,83,35,9,On hand is below reorder and lead-time demand,Prioritize count and replenish
SKU0173,Packaging 0173,Packaging,Harbor Safety,Z3-B04,Z3,0,0.00,999.00,83,35,9,On hand is below reorder and lead-time demand,Prioritize count and replenish
SKU0174,Tools 0174,Tools,Summit Packaging,Z1-B01,Z1,19,0.00,999.00,94,40,16,On hand is below reorder and lead-time demand,Prioritize count and replenish
SKU0174,Tools 0174,Tools,Summit Packaging,Z2-B01,Z2,31,0.00,999.00,94,40,16,On hand is below reorder and lead-time demand,Review reorder settings
SKU0174,Tools 0174,Tools,Summit Packaging,Z2-B02,Z2,9,0.00,999.00,94,40,16,On hand is below reorder and lead-time demand,Review reorder settings
SKU0174,Tools 0174,Tools,Summit Packaging,Z2-B03,Z2,0,0.00,999.00,94,40,16,On hand is below reorder and lead-time demand,Prioritize count and replenish
SKU0174,Tools 0174,Tools,Summit Packaging,Z2-B04,Z2,0,0.00,999.00,94,40,16,On hand is below reorder and lead-time demand,Prioritize count and replenish
SKU0174,Tools 0174,Tools,Summit Packaging,Z3-B01,Z3,0,0.00,999.00,94,40,16,On hand is below reorder and lead-time demand,Prioritize count and replenish
SKU0175,Consumables 0175,Consumables,Atlas Industrial,Z1-B01,Z1,27,0.00,999.00,25,45,5,On hand is below reorder and lead-time demand,Review reorder settings
SKU0175,Consumables 0175,Consumables,Atlas Industrial,Z1-B02,Z1,17,0.00,999.00,25,45,5,On hand is below reorder and lead-time demand,Review reorder settings
SKU0175,Consumables 0175,Consumables,Atlas Industrial,Z1-B03,Z1,0,0.00,999.00,25,45,5,On hand is below reorder and lead-time demand,Prioritize count and replenish
SKU0175,Consumables 0175,Consumables,Atlas Industrial,Z1-B04,Z1,0,0.00,999.00,25,45,5,On hand is below reorder and lead-time demand,Prioritize count and replenish
SKU0175,Consumables 0175,Consumables,Atlas Industrial,Z2-B04,Z2,14,0.00,999.00,25,45,5,On hand is below reorder and lead-time demand,Review reorder settings
SKU0175,Consumables 0175,Consumables,Atlas Industrial,Z3-B01,Z3,0,0.00,999.00,25,45,5,On hand is below reorder and lead-time demand,Review reorder settings
SKU0175,Consumables 0175,Consumables,Atlas Industrial,Z3-B04,Z3,64,0.00,999.00,25,45,5,On hand is below reorder and lead-time demand,Review reorder settings
SKU0176,Fasteners 0176,Fasteners,Blue Ridge Supply,Z1-B04,Z1,9,0.00,999.00,36,10,12,On hand is below reorder and lead-time demand,Review reorder settings
SKU0176,Fasteners 0176,Fasteners,Blue Ridge Supply,Z2-B01,Z2,0,0.00,999.00,36,10,12,On hand is below reorder and lead-time demand,Review reorder settings
SKU0176,Fasteners 0176,Fasteners,Blue Ridge Supply,Z2-B02,Z2,0,0.00,999.00,36,10,12,On hand is below reorder and lead-time demand,Prioritize count and replenish
SKU0177,Maintenance Parts 0177,Maintenance Parts,Cedar Components,Z1-B01,Z1,0,0.00,999.00,47,15,19,On hand is below reorder and lead-time demand,Prioritize count and replenish
SKU0177,Maintenance Parts 0177,Maintenance Parts,Cedar Components,Z1-B02,Z1,0,0.00,999.00,47,15,19,On hand is below reorder and lead-time demand,Prioritize count and replenish
SKU0177,Maintenance Parts 0177,Maintenance Parts,Cedar Components,Z3-B02,Z3,42,0.00,999.00,47,15,19,On hand is below reorder and lead-time demand,Review reorder settings
SKU0178,Shipping Supplies 0178,Shipping Supplies,Harbor Safety,Z2-B01,Z2,61,0.00,999.00,58,20,8,On hand is below reorder and lead-time demand,Review reorder settings
SKU0178,Shipping Supplies 0178,Shipping Supplies,Harbor Safety,Z3-B04,Z3,17,0.00,999.00,58,20,8,On hand is below reorder and lead-time demand,Review reorder settings
SKU0179,Material Handling 0179,Material Handling,Summit Packaging,Z2-B03,Z2,0,0.00,999.00,69,25,15,On hand is below reorder and lead-time demand,Prioritize count and replenish
SKU0179,Material Handling 0179,Material Handling,Summit Packaging,Z2-B04,Z2,0,0.00,999.00,69,25,15,On hand is below reorder and lead-time demand,Prioritize count and replenish
SKU0179,Material Handling 0179,Material Handling,Summit Packaging,Z3-B03,Z3,0,0.00,999.00,69,25,15,On hand is below reorder and lead-time demand,Review reorder settings
SKU0179,Material Handling 0179,Material Handling,Summit Packaging,Z3-B04,Z3,0,0.00,999.00,69,25,15,On hand is below reorder and lead-time demand,Prioritize count and replenish
SKU0180,Industrial Supplies 0180,Industrial Supplies,Atlas Industrial,Z1-B01,Z1,1,0.00,999.00,80,30,4,On hand is below reorder and lead-time demand,Prioritize count and replenish
SKU0180,Industrial Supplies 0180,Industrial Supplies,Atlas Industrial,Z1-B02,Z1,0,0.00,999.00,80,30,4,On hand is below reorder and lead-time demand,Prioritize count and replenish
SKU0180,Industrial Supplies 0180,Industrial Supplies,Atlas Industrial,Z1-B03,Z1,0,0.00,999.00,80,30,4,On hand is below reorder and lead-time demand,Prioritize count and replenish
SKU0180,Industrial Supplies 0180,Industrial Supplies,Atlas Industrial,Z2-B01,Z2,38,0.00,999.00,80,30,4,On hand is below reorder and lead-time demand,Review reorder settings
SKU0180,Industrial Supplies 0180,Industrial Supplies,Atlas Industrial,Z2-B02,Z2,2,0.00,999.00,80,30,4,On hand is below reorder and lead-time demand,Review reorder settings
SKU0180,Industrial Supplies 0180,Industrial Supplies,Atlas Industrial,Z2-B03,Z2,0,0.00,999.00,80,30,4,On hand is below reorder and lead-time demand,Prioritize count and replenish
SKU0180,Industrial Supplies 0180,Industrial Supplies,Atlas Industrial,Z2-B04,Z2,0,0.00,999.00,80,30,4,On hand is below reorder and lead-time demand,Prioritize count and replenish
SKU0180,Industrial Supplies 0180,Industrial Supplies,Atlas Industrial,Z3-B01,Z3,0,0.00,999.00,80,30,4,On hand is below reorder and lead-time demand,Prioritize count and replenish
SKU0180,Industrial Supplies 0180,Industrial Supplies,Atlas Industrial,Z3-B02,Z3,0,0.00,999.00,80,30,4,On hand is below reorder and lead-time demand,Prioritize count and replenish
SKU0180,Industrial Supplies 0180,Industrial Supplies,Atlas Industrial,Z3-B03,Z3,0,0.00,999.00,80,30,4,On hand is below reorder and lead-time demand,Prioritize count and replenish
SKU0181,Electrical Components 0181,Electrical Components,Blue Ridge Supply,Z1-B01,Z1,5,0.00,999.00,91,35,11,On hand is below reorder and lead-time demand,Review reorder settings
SKU0181,Electrical Components 0181,Electrical Components,Blue Ridge Supply,Z1-B02,Z1,0,0.00,999.00,91,35,11,On hand is below reorder and lead-time demand,Prioritize count and replenish
SKU0181,Electrical Components 0181,Electrical Components,Blue Ridge Supply,Z1-B03,Z1,0,0.00,999.00,91,35,11,On hand is below reorder and lead-time demand,Prioritize count and replenish
SKU0181,Electrical Components 0181,Electrical Components,Blue Ridge Supply,Z1-B04,Z1,0,0.00,999.00,91,35,11,On hand is below reorder and lead-time demand,Prioritize count and replenish
SKU0181,Electrical Components 0181,Electrical Components,Blue Ridge Supply,Z2-B01,Z2,0,0.00,999.00,91,35,11,On hand is below reorder and lead-time demand,Prioritize count and replenish
SKU0181,Electrical Components 0181,Electrical Components,Blue Ridge Supply,Z2-B02,Z2,0,0.00,999.00,91,35,11,On hand is below reorder and lead-time demand,Prioritize count and replenish
SKU0181,Electrical Components 0181,Electrical Components,Blue Ridge Supply,Z3-B01,Z3,51,0.00,999.00,91,35,11,On hand is below reorder and lead-time demand,Review reorder settings
SKU0181,Electrical Components 0181,Electrical Components,Blue Ridge Supply,Z3-B02,Z3,47,0.00,999.00,91,35,11,On hand is below reorder and lead-time demand,Review reorder settings
SKU0181,Electrical Components 0181,Electrical Components,Blue Ridge Supply,Z3-B03,Z3,41,0.00,999.00,91,35,11,On hand is below reorder and lead-time demand,Review reorder settings
SKU0181,Electrical Components 0181,Electrical Components,Blue Ridge Supply,Z3-B04,Z3,35,0.00,999.00,91,35,11,On hand is below reorder and lead-time demand,Prioritize count and replenish
SKU0182,Safety Supplies 0182,Safety Supplies,Cedar Components,Z1-B01,Z1,0,0.00,999.00,22,40,18,On hand is below reorder and lead-time demand,Prioritize count and replenish
SKU0182,Safety Supplies 0182,Safety Supplies,Cedar Components,Z1-B04,Z1,0,0.00,999.00,22,40,18,On hand is below reorder and lead-time demand,Review reorder settings
SKU0182,Safety Supplies 0182,Safety Supplies,Cedar Components,Z2-B01,Z2,0,0.00,999.00,22,40,18,On hand is below reorder and lead-time demand,Review reorder settings
SKU0182,Safety Supplies 0182,Safety Supplies,Cedar Components,Z2-B03,Z2,51,0.00,999.00,22,40,18,On hand is below reorder and lead-time demand,Review reorder settings
SKU0182,Safety Supplies 0182,Safety Supplies,Cedar Components,Z2-B04,Z2,41,0.00,999.00,22,40,18,On hand is below reorder and lead-time demand,Review reorder settings
SKU0182,Safety Supplies 0182,Safety Supplies,Cedar Components,Z3-B01,Z3,33,0.00,999.00,22,40,18,On hand is below reorder and lead-time demand,Review reorder settings
SKU0183,Packaging 0183,Packaging,Harbor Safety,Z1-B01,Z1,0,0.00,999.00,33,45,7,On hand is below reorder and lead-time demand,Prioritize count and replenish
SKU0183,Packaging 0183,Packaging,Harbor Safety,Z1-B02,Z1,0,0.00,999.00,33,45,7,On hand is below reorder and lead-time demand,Prioritize count and replenish
SKU0183,Packaging 0183,Packaging,Harbor Safety,Z1-B03,Z1,59,0.00,999.00,33,45,7,On hand is below reorder and lead-time demand,Review reorder settings
SKU0183,Packaging 0183,Packaging,Harbor Safety,Z1-B04,Z1,51,0.00,999.00,33,45,7,On hand is below reorder and lead-time demand,Review reorder settings
SKU0183,Packaging 0183,Packaging,Harbor Safety,Z3-B01,Z3,31,0.00,999.00,33,45,7,On hand is below reorder and lead-time demand,Review reorder settings
SKU0183,Packaging 0183,Packaging,Harbor Safety,Z3-B02,Z3,21,0.00,999.00,33,45,7,On hand is below reorder and lead-time demand,Review reorder settings
SKU0183,Packaging 0183,Packaging,Harbor Safety,Z3-B03,Z3,4,0.00,999.00,33,45,7,On hand is below reorder and lead-time demand,Prioritize count and replenish
SKU0183,Packaging 0183,Packaging,Harbor Safety,Z3-B04,Z3,0,0.00,999.00,33,45,7,On hand is below reorder and lead-time demand,Prioritize count and replenish
SKU0184,Tools 0184,Tools,Summit Packaging,Z2-B01,Z2,32,0.00,999.00,44,10,14,On hand is below reorder and lead-time demand,Review reorder settings
SKU0184,Tools 0184,Tools,Summit Packaging,Z2-B02,Z2,22,0.00,999.00,44,10,14,On hand is below reorder and lead-time demand,Review reorder settings
SKU0184,Tools 0184,Tools,Summit Packaging,Z2-B03,Z2,10,0.00,999.00,44,10,14,On hand is below reorder and lead-time demand,Prioritize count and replenish
SKU0184,Tools 0184,Tools,Summit Packaging,Z3-B04,Z3,4,0.00,999.00,44,10,14,On hand is below reorder and lead-time demand,Review reorder settings
SKU0185,Consumables 0185,Consumables,Atlas Industrial,Z1-B01,Z1,40,0.00,999.00,55,15,21,On hand is below reorder and lead-time demand,Review reorder settings
SKU0185,Consumables 0185,Consumables,Atlas Industrial,Z1-B02,Z1,29,0.00,999.00,55,15,21,On hand is below reorder and lead-time demand,Review reorder settings
SKU0185,Consumables 0185,Consumables,Atlas Industrial,Z2-B03,Z2,21,0.00,999.00,55,15,21,On hand is below reorder and lead-time demand,Review reorder settings
SKU0185,Consumables 0185,Consumables,Atlas Industrial,Z2-B04,Z2,7,0.00,999.00,55,15,21,On hand is below reorder and lead-time demand,Review reorder settings
SKU0185,Consumables 0185,Consumables,Atlas Industrial,Z3-B01,Z3,0,0.00,999.00,55,15,21,On hand is below reorder and lead-time demand,Prioritize count and replenish
SKU0185,Consumables 0185,Consumables,Atlas Industrial,Z3-B02,Z3,0,0.00,999.00,55,15,21,On hand is below reorder and lead-time demand,Prioritize count and replenish
SKU0186,Fasteners 0186,Fasteners,Blue Ridge Supply,Z1-B02,Z1,37,0.00,999.00,66,20,10,On hand is below reorder and lead-time demand,Review reorder settings
SKU0186,Fasteners 0186,Fasteners,Blue Ridge Supply,Z1-B03,Z1,13,0.00,999.00,66,20,10,On hand is below reorder and lead-time demand,Review reorder settings
SKU0186,Fasteners 0186,Fasteners,Blue Ridge Supply,Z1-B04,Z1,12,0.00,999.00,66,20,10,On hand is below reorder and lead-time demand,Review reorder settings
SKU0186,Fasteners 0186,Fasteners,Blue Ridge Supply,Z2-B01,Z2,0,0.00,999.00,66,20,10,On hand is below reorder and lead-time demand,Prioritize count and replenish
SKU0186,Fasteners 0186,Fasteners,Blue Ridge Supply,Z3-B02,Z3,15,0.00,999.00,66,20,10,On hand is below reorder and lead-time demand,Review reorder settings
SKU0187,Maintenance Parts 0187,Maintenance Parts,Cedar Components,Z2-B01,Z2,35,0.00,999.00,77,25,17,On hand is below reorder and lead-time demand,Review reorder settings
SKU0187,Maintenance Parts 0187,Maintenance Parts,Cedar Components,Z2-B02,Z2,0,0.00,999.00,77,25,17,On hand is below reorder and lead-time demand,Review reorder settings
SKU0187,Maintenance Parts 0187,Maintenance Parts,Cedar Components,Z2-B03,Z2,0,0.00,999.00,77,25,17,On hand is below reorder and lead-time demand,Prioritize count and replenish
SKU0188,Shipping Supplies 0188,Shipping Supplies,Harbor Safety,Z1-B01,Z1,4,0.00,999.00,88,30,6,On hand is below reorder and lead-time demand,Review reorder settings
SKU0188,Shipping Supplies 0188,Shipping Supplies,Harbor Safety,Z1-B02,Z1,0,0.00,999.00,88,30,6,On hand is below reorder and lead-time demand,Prioritize count and replenish
SKU0188,Shipping Supplies 0188,Shipping Supplies,Harbor Safety,Z1-B03,Z1,0,0.00,999.00,88,30,6,On hand is below reorder and lead-time demand,Prioritize count and replenish
SKU0188,Shipping Supplies 0188,Shipping Supplies,Harbor Safety,Z3-B02,Z3,66,0.00,999.00,88,30,6,On hand is below reorder and lead-time demand,Review reorder settings
SKU0188,Shipping Supplies 0188,Shipping Supplies,Harbor Safety,Z3-B03,Z3,50,0.00,999.00,88,30,6,On hand is below reorder and lead-time demand,Review reorder settings
SKU0189,Material Handling 0189,Material Handling,Summit Packaging,Z2-B01,Z2,77,0.00,999.00,99,35,13,On hand is below reorder and lead-time demand,Review reorder settings
SKU0189,Material Handling 0189,Material Handling,Summit Packaging,Z2-B02,Z2,71,0.00,999.00,99,35,13,On hand is below reorder and lead-time demand,Review reorder settings
SKU0189,Material Handling 0189,Material Handling,Summit Packaging,Z2-B04,Z2,18,0.00,999.00,99,35,13,On hand is below reorder and lead-time demand,Review reorder settings
SKU0189,Material Handling 0189,Material Handling,Summit Packaging,Z3-B01,Z3,11,0.00,999.00,99,35,13,On hand is below reorder and lead-time demand,Review reorder settings
SKU0189,Material Handling 0189,Material Handling,Summit Packaging,Z3-B02,Z3,3,0.00,999.00,99,35,13,On hand is below reorder and lead-time demand,Prioritize count and replenish
SKU0189,Material Handling 0189,Material Handling,Summit Packaging,Z3-B03,Z3,0,0.00,999.00,99,35,13,On hand is below reorder and lead-time demand,Prioritize count and replenish
SKU0189,Material Handling 0189,Material Handling,Summit Packaging,Z3-B04,Z3,0,0.00,999.00,99,35,13,On hand is below reorder and lead-time demand,Prioritize count and replenish
SKU0190,Industrial Supplies 0190,Industrial Supplies,Atlas Industrial,Z1-B01,Z1,21,0.00,999.00,30,40,20,On hand is below reorder and lead-time demand,Prioritize count and replenish
SKU0190,Industrial Supplies 0190,Industrial Supplies,Atlas Industrial,Z1-B03,Z1,31,0.00,999.00,30,40,20,On hand is below reorder and lead-time demand,Review reorder settings
SKU0190,Industrial Supplies 0190,Industrial Supplies,Atlas Industrial,Z1-B04,Z1,17,0.00,999.00,30,40,20,On hand is below reorder and lead-time demand,Review reorder settings
SKU0190,Industrial Supplies 0190,Industrial Supplies,Atlas Industrial,Z2-B01,Z2,9,0.00,999.00,30,40,20,On hand is below reorder and lead-time demand,Prioritize count and replenish
SKU0190,Industrial Supplies 0190,Industrial Supplies,Atlas Industrial,Z2-B02,Z2,0,0.00,999.00,30,40,20,On hand is below reorder and lead-time demand,Prioritize count and replenish
SKU0190,Industrial Supplies 0190,Industrial Supplies,Atlas Industrial,Z2-B03,Z2,0,0.00,999.00,30,40,20,On hand is below reorder and lead-time demand,Prioritize count and replenish
SKU0190,Industrial Supplies 0190,Industrial Supplies,Atlas Industrial,Z2-B04,Z2,0,0.00,999.00,30,40,20,On hand is below reorder and lead-time demand,Prioritize count and replenish
SKU0190,Industrial Supplies 0190,Industrial Supplies,Atlas Industrial,Z3-B01,Z3,0,0.00,999.00,30,40,20,On hand is below reorder and lead-time demand,Prioritize count and replenish
SKU0190,Industrial Supplies 0190,Industrial Supplies,Atlas Industrial,Z3-B04,Z3,5,0.00,999.00,30,40,20,On hand is below reorder and lead-time demand,Review reorder settings
SKU0191,Electrical Components 0191,Electrical Components,Blue Ridge Supply,Z1-B01,Z1,16,0.00,999.00,41,45,9,On hand is below reorder and lead-time demand,Prioritize count and replenish
SKU0191,Electrical Components 0191,Electrical Components,Blue Ridge Supply,Z1-B02,Z1,7,0.00,999.00,41,45,9,On hand is below reorder and lead-time demand,Prioritize count and replenish
SKU0191,Electrical Components 0191,Electrical Components,Blue Ridge Supply,Z1-B03,Z1,0,0.00,999.00,41,45,9,On hand is below reorder and lead-time demand,Prioritize count and replenish
SKU0191,Electrical Components 0191,Electrical Components,Blue Ridge Supply,Z1-B04,Z1,0,0.00,999.00,41,45,9,On hand is below reorder and lead-time demand,Prioritize count and replenish
SKU0191,Electrical Components 0191,Electrical Components,Blue Ridge Supply,Z2-B03,Z2,9,0.00,999.00,41,45,9,On hand is below reorder and lead-time demand,Review reorder settings
SKU0191,Electrical Components 0191,Electrical Components,Blue Ridge Supply,Z2-B04,Z2,0,0.00,999.00,41,45,9,On hand is below reorder and lead-time demand,Prioritize count and replenish
SKU0191,Electrical Components 0191,Electrical Components,Blue Ridge Supply,Z3-B01,Z3,0,0.00,999.00,41,45,9,On hand is below reorder and lead-time demand,Prioritize count and replenish
SKU0191,Electrical Components 0191,Electrical Components,Blue Ridge Supply,Z3-B02,Z3,0,0.00,999.00,41,45,9,On hand is below reorder and lead-time demand,Prioritize count and replenish
SKU0191,Electrical Components 0191,Electrical Components,Blue Ridge Supply,Z3-B03,Z3,0,0.00,999.00,41,45,9,On hand is below reorder and lead-time demand,Prioritize count and replenish
SKU0191,Electrical Components 0191,Electrical Components,Blue Ridge Supply,Z3-B04,Z3,0,0.00,999.00,41,45,9,On hand is below reorder and lead-time demand,Prioritize count and replenish
SKU0192,Safety Supplies 0192,Safety Supplies,Cedar Components,Z1-B02,Z1,14,0.00,999.00,52,10,16,On hand is below reorder and lead-time demand,Review reorder settings
SKU0192,Safety Supplies 0192,Safety Supplies,Cedar Components,Z1-B03,Z1,14,0.00,999.00,52,10,16,On hand is below reorder and lead-time demand,Review reorder settings
SKU0192,Safety Supplies 0192,Safety Supplies,Cedar Components,Z1-B04,Z1,0,0.00,999.00,52,10,16,On hand is below reorder and lead-time demand,Prioritize count and replenish
SKU0192,Safety Supplies 0192,Safety Supplies,Cedar Components,Z2-B01,Z2,0,0.00,999.00,52,10,16,On hand is below reorder and lead-time demand,Prioritize count and replenish
SKU0192,Safety Supplies 0192,Safety Supplies,Cedar Components,Z2-B02,Z2,0,0.00,999.00,52,10,16,On hand is below reorder and lead-time demand,Prioritize count and replenish
SKU0192,Safety Supplies 0192,Safety Supplies,Cedar Components,Z2-B03,Z2,0,0.00,999.00,52,10,16,On hand is below reorder and lead-time demand,Prioritize count and replenish
SKU0193,Packaging 0193,Packaging,Harbor Safety,Z1-B01,Z1,0,0.00,999.00,63,15,5,On hand is below reorder and lead-time demand,Prioritize count and replenish
SKU0193,Packaging 0193,Packaging,Harbor Safety,Z1-B02,Z1,0,0.00,999.00,63,15,5,On hand is below reorder and lead-time demand,Prioritize count and replenish
SKU0193,Packaging 0193,Packaging,Harbor Safety,Z2-B02,Z2,0,0.00,999.00,63,15,5,On hand is below reorder and lead-time demand,Review reorder settings
SKU0193,Packaging 0193,Packaging,Harbor Safety,Z2-B04,Z2,60,0.00,999.00,63,15,5,On hand is below reorder and lead-time demand,Review reorder settings
SKU0193,Packaging 0193,Packaging,Harbor Safety,Z3-B01,Z3,48,0.00,999.00,63,15,5,On hand is below reorder and lead-time demand,Review reorder settings
SKU0193,Packaging 0193,Packaging,Harbor Safety,Z3-B02,Z3,41,0.00,999.00,63,15,5,On hand is below reorder and lead-time demand,Review reorder settings
SKU0194,Tools 0194,Tools,Summit Packaging,Z1-B01,Z1,0,0.00,999.00,74,20,12,On hand is below reorder and lead-time demand,Review reorder settings
SKU0194,Tools 0194,Tools,Summit Packaging,Z1-B02,Z1,0,0.00,999.00,74,20,12,On hand is below reorder and lead-time demand,Prioritize count and replenish
SKU0194,Tools 0194,Tools,Summit Packaging,Z1-B03,Z1,0,0.00,999.00,74,20,12,On hand is below reorder and lead-time demand,Prioritize count and replenish
SKU0194,Tools 0194,Tools,Summit Packaging,Z1-B04,Z1,67,0.00,999.00,74,20,12,On hand is below reorder and lead-time demand,Review reorder settings
SKU0194,Tools 0194,Tools,Summit Packaging,Z2-B01,Z2,58,0.00,999.00,74,20,12,On hand is below reorder and lead-time demand,Review reorder settings
SKU0194,Tools 0194,Tools,Summit Packaging,Z3-B02,Z3,41,0.00,999.00,74,20,12,On hand is below reorder and lead-time demand,Review reorder settings
SKU0194,Tools 0194,Tools,Summit Packaging,Z3-B03,Z3,30,0.00,999.00,74,20,12,On hand is below reorder and lead-time demand,Review reorder settings
SKU0194,Tools 0194,Tools,Summit Packaging,Z3-B04,Z3,12,0.00,999.00,74,20,12,On hand is below reorder and lead-time demand,Prioritize count and replenish
SKU0195,Consumables 0195,Consumables,Atlas Industrial,Z2-B01,Z2,51,0.00,999.00,85,25,19,On hand is below reorder and lead-time demand,Review reorder settings
SKU0195,Consumables 0195,Consumables,Atlas Industrial,Z2-B02,Z2,41,0.00,999.00,85,25,19,On hand is below reorder and lead-time demand,Review reorder settings
SKU0195,Consumables 0195,Consumables,Atlas Industrial,Z2-B03,Z2,29,0.00,999.00,85,25,19,On hand is below reorder and lead-time demand,Review reorder settings
SKU0195,Consumables 0195,Consumables,Atlas Industrial,Z2-B04,Z2,20,0.00,999.00,85,25,19,On hand is below reorder and lead-time demand,Prioritize count and replenish
SKU0196,Fasteners 0196,Fasteners,Blue Ridge Supply,Z1-B01,Z1,57,0.00,999.00,96,30,8,On hand is below reorder and lead-time demand,Review reorder settings
SKU0196,Fasteners 0196,Fasteners,Blue Ridge Supply,Z1-B02,Z1,50,0.00,999.00,96,30,8,On hand is below reorder and lead-time demand,Review reorder settings
SKU0196,Fasteners 0196,Fasteners,Blue Ridge Supply,Z1-B03,Z1,38,0.00,999.00,96,30,8,On hand is below reorder and lead-time demand,Review reorder settings
SKU0196,Fasteners 0196,Fasteners,Blue Ridge Supply,Z2-B04,Z2,24,0.00,999.00,96,30,8,On hand is below reorder and lead-time demand,Review reorder settings
SKU0196,Fasteners 0196,Fasteners,Blue Ridge Supply,Z3-B01,Z3,11,0.00,999.00,96,30,8,On hand is below reorder and lead-time demand,Review reorder settings
SKU0196,Fasteners 0196,Fasteners,Blue Ridge Supply,Z3-B02,Z3,0,0.00,999.00,96,30,8,On hand is below reorder and lead-time demand,Prioritize count and replenish
SKU0196,Fasteners 0196,Fasteners,Blue Ridge Supply,Z3-B03,Z3,0,0.00,999.00,96,30,8,On hand is below reorder and lead-time demand,Prioritize count and replenish
SKU0197,Maintenance Parts 0197,Maintenance Parts,Cedar Components,Z1-B04,Z1,30,0.00,999.00,27,35,15,On hand is below reorder and lead-time demand,Review reorder settings
SKU0197,Maintenance Parts 0197,Maintenance Parts,Cedar Components,Z2-B01,Z2,14,0.00,999.00,27,35,15,On hand is below reorder and lead-time demand,Review reorder settings
SKU0197,Maintenance Parts 0197,Maintenance Parts,Cedar Components,Z2-B02,Z2,0,0.00,999.00,27,35,15,On hand is below reorder and lead-time demand,Prioritize count and replenish
SKU0197,Maintenance Parts 0197,Maintenance Parts,Cedar Components,Z3-B03,Z3,25,0.00,999.00,27,35,15,On hand is below reorder and lead-time demand,Review reorder settings
SKU0198,Shipping Supplies 0198,Shipping Supplies,Harbor Safety,Z1-B01,Z1,10,0.00,999.00,38,40,4,On hand is below reorder and lead-time demand,Review reorder settings
SKU0198,Shipping Supplies 0198,Shipping Supplies,Harbor Safety,Z2-B03,Z2,6,0.00,999.00,38,40,4,On hand is below reorder and lead-time demand,Review reorder settings
SKU0198,Shipping Supplies 0198,Shipping Supplies,Harbor Safety,Z2-B04,Z2,0,0.00,999.00,38,40,4,On hand is below reorder and lead-time demand,Review reorder settings
SKU0199,Material Handling 0199,Material Handling,Summit Packaging,Z1-B02,Z1,9,0.00,999.00,49,45,11,On hand is below reorder and lead-time demand,Review reorder settings
SKU0199,Material Handling 0199,Material Handling,Summit Packaging,Z1-B03,Z1,0,0.00,999.00,49,45,11,On hand is below reorder and lead-time demand,Prioritize count and replenish
SKU0199,Material Handling 0199,Material Handling,Summit Packaging,Z1-B04,Z1,0,0.00,999.00,49,45,11,On hand is below reorder and lead-time demand,Prioritize count and replenish
SKU0199,Material Handling 0199,Material Handling,Summit Packaging,Z2-B03,Z2,31,0.00,999.00,49,45,11,On hand is below reorder and lead-time demand,Review reorder settings
SKU0199,Material Handling 0199,Material Handling,Summit Packaging,Z2-B04,Z2,26,0.00,999.00,49,45,11,On hand is below reorder and lead-time demand,Prioritize count and replenish
SKU0199,Material Handling 0199,Material Handling,Summit Packaging,Z3-B01,Z3,18,0.00,999.00,49,45,11,On hand is below reorder and lead-time demand,Prioritize count and replenish
SKU0199,Material Handling 0199,Material Handling,Summit Packaging,Z3-B02,Z3,15,0.00,999.00,49,45,11,On hand is below reorder and lead-time demand,Prioritize count and replenish
SKU0199,Material Handling 0199,Material Handling,Summit Packaging,Z3-B03,Z3,3,0.00,999.00,49,45,11,On hand is below reorder and lead-time demand,Prioritize count and replenish
SKU0199,Material Handling 0199,Material Handling,Summit Packaging,Z3-B04,Z3,0,0.00,999.00,49,45,11,On hand is below reorder and lead-time demand,Prioritize count and replenish
SKU0200,Industrial Supplies 0200,Industrial Supplies,Atlas Industrial,Z1-B01,Z1,0,0.00,999.00,60,10,18,On hand is below reorder and lead-time demand,Review reorder settings
SKU0200,Industrial Supplies 0200,Industrial Supplies,Atlas Industrial,Z1-B02,Z1,0,0.00,999.00,60,10,18,On hand is below reorder and lead-time demand,Prioritize count and replenish
SKU0200,Industrial Supplies 0200,Industrial Supplies,Atlas Industrial,Z1-B03,Z1,38,0.00,999.00,60,10,18,On hand is below reorder and lead-time demand,Review reorder settings
SKU0200,Industrial Supplies 0200,Industrial Supplies,Atlas Industrial,Z1-B04,Z1,34,0.00,999.00,60,10,18,On hand is below reorder and lead-time demand,Review reorder settings
SKU0200,Industrial Supplies 0200,Industrial Supplies,Atlas Industrial,Z2-B01,Z2,25,0.00,999.00,60,10,18,On hand is below reorder and lead-time demand,Prioritize count and replenish
SKU0200,Industrial Supplies 0200,Industrial Supplies,Atlas Industrial,Z2-B02,Z2,21,0.00,999.00,60,10,18,On hand is below reorder and lead-time demand,Prioritize count and replenish
SKU0200,Industrial Supplies 0200,Industrial Supplies,Atlas Industrial,Z2-B03,Z2,5,0.00,999.00,60,10,18,On hand is below reorder and lead-time demand,Prioritize count and replenish
SKU0200,Industrial Supplies 0200,Industrial Supplies,Atlas Industrial,Z3-B02,Z3,20,0.00,999.00,60,10,18,On hand is below reorder and lead-time demand,Review reorder settings
SKU0200,Industrial Supplies 0200,Industrial Supplies,Atlas Industrial,Z3-B03,Z3,6,0.00,999.00,60,10,18,On hand is below reorder and lead-time demand,Prioritize count and replenish
SKU0200,Industrial Supplies 0200,Industrial Supplies,Atlas Industrial,Z3-B04,Z3,0,0.00,999.00,60,10,18,On hand is below reorder and lead-time demand,Prioritize count and replenish
SKU0201,Electrical Components 0201,Electrical Components,Blue Ridge Supply,Z1-B01,Z1,33,0.00,999.00,71,15,7,On hand is below reorder and lead-time demand,Prioritize count and replenish
SKU0201,Electrical Components 0201,Electrical Components,Blue Ridge Supply,Z1-B02,Z1,28,0.00,999.00,71,15,7,On hand is below reorder and lead-time demand,Prioritize count and replenish
SKU0201,Electrical Components 0201,Electrical Components,Blue Ridge Supply,Z2-B01,Z2,33,0.00,999.00,71,15,7,On hand is below reorder and lead-time demand,Review reorder settings
SKU0201,Electrical Components 0201,Electrical Components,Blue Ridge Supply,Z2-B02,Z2,19,0.00,999.00,71,15,7,On hand is below reorder and lead-time demand,Review reorder settings
SKU0201,Electrical Components 0201,Electrical Components,Blue Ridge Supply,Z2-B03,Z2,7,0.00,999.00,71,15,7,On hand is below reorder and lead-time demand,Prioritize count and replenish
SKU0201,Electrical Components 0201,Electrical Components,Blue Ridge Supply,Z2-B04,Z2,0,0.00,999.00,71,15,7,On hand is below reorder and lead-time demand,Prioritize count and replenish
SKU0201,Electrical Components 0201,Electrical Components,Blue Ridge Supply,Z3-B01,Z3,0,0.00,999.00,71,15,7,On hand is below reorder and lead-time demand,Prioritize count and replenish
SKU0201,Electrical Components 0201,Electrical Components,Blue Ridge Supply,Z3-B02,Z3,0,0.00,999.00,71,15,7,On hand is below reorder and lead-time demand,Prioritize count and replenish
SKU0202,Safety Supplies 0202,Safety Supplies,Cedar Components,Z1-B01,Z1,31,0.00,999.00,82,20,14,On hand is below reorder and lead-time demand,Review reorder settings
SKU0202,Safety Supplies 0202,Safety Supplies,Cedar Components,Z1-B02,Z1,18,0.00,999.00,82,20,14,On hand is below reorder and lead-time demand,Prioritize count and replenish
SKU0202,Safety Supplies 0202,Safety Supplies,Cedar Components,Z1-B03,Z1,12,0.00,999.00,82,20,14,On hand is below reorder and lead-time demand,Prioritize count and replenish
SKU0202,Safety Supplies 0202,Safety Supplies,Cedar Components,Z1-B04,Z1,0,0.00,999.00,82,20,14,On hand is below reorder and lead-time demand,Prioritize count and replenish
SKU0202,Safety Supplies 0202,Safety Supplies,Cedar Components,Z2-B01,Z2,0,0.00,999.00,82,20,14,On hand is below reorder and lead-time demand,Prioritize count and replenish
SKU0202,Safety Supplies 0202,Safety Supplies,Cedar Components,Z2-B04,Z2,34,0.00,999.00,82,20,14,On hand is below reorder and lead-time demand,Review reorder settings
SKU0202,Safety Supplies 0202,Safety Supplies,Cedar Components,Z3-B01,Z3,4,0.00,999.00,82,20,14,On hand is below reorder and lead-time demand,Review reorder settings
SKU0202,Safety Supplies 0202,Safety Supplies,Cedar Components,Z3-B02,Z3,0,0.00,999.00,82,20,14,On hand is below reorder and lead-time demand,Prioritize count and replenish
SKU0202,Safety Supplies 0202,Safety Supplies,Cedar Components,Z3-B03,Z3,0,0.00,999.00,82,20,14,On hand is below reorder and lead-time demand,Prioritize count and replenish
SKU0202,Safety Supplies 0202,Safety Supplies,Cedar Components,Z3-B04,Z3,0,0.00,999.00,82,20,14,On hand is below reorder and lead-time demand,Prioritize count and replenish
SKU0203,Packaging 0203,Packaging,Harbor Safety,Z1-B04,Z1,12,0.00,999.00,93,25,21,On hand is below reorder and lead-time demand,Review reorder settings
SKU0203,Packaging 0203,Packaging,Harbor Safety,Z2-B01,Z2,0,0.00,999.00,93,25,21,On hand is below reorder and lead-time demand,Prioritize count and replenish
SKU0203,Packaging 0203,Packaging,Harbor Safety,Z2-B02,Z2,0,0.00,999.00,93,25,21,On hand is below reorder and lead-time demand,Prioritize count and replenish
SKU0203,Packaging 0203,Packaging,Harbor Safety,Z2-B03,Z2,0,0.00,999.00,93,25,21,On hand is below reorder and lead-time demand,Prioritize count and replenish
SKU0203,Packaging 0203,Packaging,Harbor Safety,Z2-B04,Z2,0,0.00,999.00,93,25,21,On hand is below reorder and lead-time demand,Prioritize count and replenish
SKU0204,Tools 0204,Tools,Summit Packaging,Z1-B01,Z1,0,0.00,999.00,24,30,10,On hand is below reorder and lead-time demand,Prioritize count and replenish
SKU0204,Tools 0204,Tools,Summit Packaging,Z1-B02,Z1,0,0.00,999.00,24,30,10,On hand is below reorder and lead-time demand,Prioritize count and replenish
SKU0204,Tools 0204,Tools,Summit Packaging,Z1-B03,Z1,0,0.00,999.00,24,30,10,On hand is below reorder and lead-time demand,Prioritize count and replenish
SKU0204,Tools 0204,Tools,Summit Packaging,Z2-B03,Z2,0,0.00,999.00,24,30,10,On hand is below reorder and lead-time demand,Review reorder settings
SKU0204,Tools 0204,Tools,Summit Packaging,Z3-B03,Z3,46,0.00,999.00,24,30,10,On hand is below reorder and lead-time demand,Review reorder settings
SKU0205,Consumables 0205,Consumables,Atlas Industrial,Z1-B02,Z1,13,0.00,999.00,35,35,17,On hand is below reorder and lead-time demand,Review reorder settings
SKU0205,Consumables 0205,Consumables,Atlas Industrial,Z1-B03,Z1,0,0.00,999.00,35,35,17,On hand is below reorder and lead-time demand,Prioritize count and replenish
SKU0205,Consumables 0205,Consumables,Atlas Industrial,Z1-B04,Z1,0,0.00,999.00,35,35,17,On hand is below reorder and lead-time demand,Prioritize count and replenish
SKU0205,Consumables 0205,Consumables,Atlas Industrial,Z2-B02,Z2,67,0.00,999.00,35,35,17,On hand is below reorder and lead-time demand,Review reorder settings
SKU0205,Consumables 0205,Consumables,Atlas Industrial,Z3-B04,Z3,38,0.00,999.00,35,35,17,On hand is below reorder and lead-time demand,Review reorder settings
SKU0206,Fasteners 0206,Fasteners,Blue Ridge Supply,Z1-B01,Z1,0,0.00,999.00,46,40,6,On hand is below reorder and lead-time demand,Prioritize count and replenish
SKU0206,Fasteners 0206,Fasteners,Blue Ridge Supply,Z2-B03,Z2,52,0.00,999.00,46,40,6,On hand is below reorder and lead-time demand,Review reorder settings
SKU0206,Fasteners 0206,Fasteners,Blue Ridge Supply,Z2-B04,Z2,44,0.00,999.00,46,40,6,On hand is below reorder and lead-time demand,Review reorder settings
SKU0206,Fasteners 0206,Fasteners,Blue Ridge Supply,Z3-B01,Z3,30,0.00,999.00,46,40,6,On hand is below reorder and lead-time demand,Review reorder settings
SKU0207,Maintenance Parts 0207,Maintenance Parts,Cedar Components,Z1-B03,Z1,59,0.00,999.00,57,45,13,On hand is below reorder and lead-time demand,Review reorder settings
SKU0207,Maintenance Parts 0207,Maintenance Parts,Cedar Components,Z1-B04,Z1,40,0.00,999.00,57,45,13,On hand is below reorder and lead-time demand,Review reorder settings
SKU0207,Maintenance Parts 0207,Maintenance Parts,Cedar Components,Z3-B02,Z3,17,0.00,999.00,57,45,13,On hand is below reorder and lead-time demand,Review reorder settings
SKU0207,Maintenance Parts 0207,Maintenance Parts,Cedar Components,Z3-B03,Z3,3,0.00,999.00,57,45,13,On hand is below reorder and lead-time demand,Prioritize count and replenish
SKU0207,Maintenance Parts 0207,Maintenance Parts,Cedar Components,Z3-B04,Z3,0,0.00,999.00,57,45,13,On hand is below reorder and lead-time demand,Prioritize count and replenish
SKU0208,Shipping Supplies 0208,Shipping Supplies,Harbor Safety,Z1-B02,Z1,38,0.00,999.00,68,10,20,On hand is below reorder and lead-time demand,Review reorder settings
SKU0208,Shipping Supplies 0208,Shipping Supplies,Harbor Safety,Z1-B03,Z1,25,0.00,999.00,68,10,20,On hand is below reorder and lead-time demand,Review reorder settings
SKU0208,Shipping Supplies 0208,Shipping Supplies,Harbor Safety,Z1-B04,Z1,9,0.00,999.00,68,10,20,On hand is below reorder and lead-time demand,Prioritize count and replenish
SKU0208,Shipping Supplies 0208,Shipping Supplies,Harbor Safety,Z2-B01,Z2,3,0.00,999.00,68,10,20,On hand is below reorder and lead-time demand,Prioritize count and replenish
SKU0208,Shipping Supplies 0208,Shipping Supplies,Harbor Safety,Z2-B02,Z2,0,0.00,999.00,68,10,20,On hand is below reorder and lead-time demand,Prioritize count and replenish
SKU0208,Shipping Supplies 0208,Shipping Supplies,Harbor Safety,Z2-B03,Z2,0,0.00,999.00,68,10,20,On hand is below reorder and lead-time demand,Prioritize count and replenish
SKU0208,Shipping Supplies 0208,Shipping Supplies,Harbor Safety,Z2-B04,Z2,9,0.00,999.00,68,10,20,On hand is below reorder and lead-time demand,Review reorder settings
SKU0208,Shipping Supplies 0208,Shipping Supplies,Harbor Safety,Z3-B01,Z3,1,0.00,999.00,68,10,20,On hand is below reorder and lead-time demand,Prioritize count and replenish
SKU0208,Shipping Supplies 0208,Shipping Supplies,Harbor Safety,Z3-B02,Z3,0,0.00,999.00,68,10,20,On hand is below reorder and lead-time demand,Prioritize count and replenish
SKU0208,Shipping Supplies 0208,Shipping Supplies,Harbor Safety,Z3-B03,Z3,0,0.00,999.00,68,10,20,On hand is below reorder and lead-time demand,Prioritize count and replenish
SKU0208,Shipping Supplies 0208,Shipping Supplies,Harbor Safety,Z3-B04,Z3,0,0.00,999.00,68,10,20,On hand is below reorder and lead-time demand,Prioritize count and replenish
SKU0209,Material Handling 0209,Material Handling,Summit Packaging,Z1-B01,Z1,38,0.00,999.00,79,15,9,On hand is below reorder and lead-time demand,Review reorder settings
SKU0209,Material Handling 0209,Material Handling,Summit Packaging,Z1-B02,Z1,25,0.00,999.00,79,15,9,On hand is below reorder and lead-time demand,Review reorder settings
SKU0209,Material Handling 0209,Material Handling,Summit Packaging,Z2-B03,Z2,0,0.00,999.00,79,15,9,On hand is below reorder and lead-time demand,Prioritize count and replenish
SKU0209,Material Handling 0209,Material Handling,Summit Packaging,Z2-B04,Z2,0,0.00,999.00,79,15,9,On hand is below reorder and lead-time demand,Prioritize count and replenish
SKU0209,Material Handling 0209,Material Handling,Summit Packaging,Z3-B01,Z3,0,0.00,999.00,79,15,9,On hand is below reorder and lead-time demand,Prioritize count and replenish
SKU0209,Material Handling 0209,Material Handling,Summit Packaging,Z3-B02,Z3,38,0.00,999.00,79,15,9,On hand is below reorder and lead-time demand,Prioritize count and replenish
SKU0210,Industrial Supplies 0210,Industrial Supplies,Atlas Industrial,Z1-B01,Z1,0,0.00,999.00,90,20,16,On hand is below reorder and lead-time demand,Prioritize count and replenish
SKU0210,Industrial Supplies 0210,Industrial Supplies,Atlas Industrial,Z1-B02,Z1,0,0.00,999.00,90,20,16,On hand is below reorder and lead-time demand,Prioritize count and replenish
SKU0210,Industrial Supplies 0210,Industrial Supplies,Atlas Industrial,Z1-B03,Z1,0,0.00,999.00,90,20,16,On hand is below reorder and lead-time demand,Prioritize count and replenish
SKU0210,Industrial Supplies 0210,Industrial Supplies,Atlas Industrial,Z1-B04,Z1,0,0.00,999.00,90,20,16,On hand is below reorder and lead-time demand,Prioritize count and replenish
SKU0210,Industrial Supplies 0210,Industrial Supplies,Atlas Industrial,Z2-B01,Z2,0,0.00,999.00,90,20,16,On hand is below reorder and lead-time demand,Prioritize count and replenish
SKU0210,Industrial Supplies 0210,Industrial Supplies,Atlas Industrial,Z2-B04,Z2,36,0.00,999.00,90,20,16,On hand is below reorder and lead-time demand,Review reorder settings
SKU0210,Industrial Supplies 0210,Industrial Supplies,Atlas Industrial,Z3-B01,Z3,36,0.00,999.00,90,20,16,On hand is below reorder and lead-time demand,Review reorder settings
SKU0210,Industrial Supplies 0210,Industrial Supplies,Atlas Industrial,Z3-B02,Z3,28,0.00,999.00,90,20,16,On hand is below reorder and lead-time demand,Prioritize count and replenish
SKU0210,Industrial Supplies 0210,Industrial Supplies,Atlas Industrial,Z3-B03,Z3,19,0.00,999.00,90,20,16,On hand is below reorder and lead-time demand,Prioritize count and replenish
SKU0210,Industrial Supplies 0210,Industrial Supplies,Atlas Industrial,Z3-B04,Z3,10,0.00,999.00,90,20,16,On hand is below reorder and lead-time demand,Prioritize count and replenish
SKU0211,Electrical Components 0211,Electrical Components,Blue Ridge Supply,Z1-B03,Z1,0,0.00,999.00,21,25,5,On hand is below reorder and lead-time demand,Review reorder settings
SKU0211,Electrical Components 0211,Electrical Components,Blue Ridge Supply,Z2-B02,Z2,35,0.00,999.00,21,25,5,On hand is below reorder and lead-time demand,Review reorder settings
SKU0211,Electrical Components 0211,Electrical Components,Blue Ridge Supply,Z2-B03,Z2,28,0.00,999.00,21,25,5,On hand is below reorder and lead-time demand,Review reorder settings
SKU0211,Electrical Components 0211,Electrical Components,Blue Ridge Supply,Z2-B04,Z2,12,0.00,999.00,21,25,5,On hand is below reorder and lead-time demand,Prioritize count and replenish
SKU0211,Electrical Components 0211,Electrical Components,Blue Ridge Supply,Z3-B04,Z3,20,0.00,999.00,21,25,5,On hand is below reorder and lead-time demand,Review reorder settings
SKU0212,Safety Supplies 0212,Safety Supplies,Cedar Components,Z1-B01,Z1,50,0.00,999.00,32,30,12,On hand is below reorder and lead-time demand,Review reorder settings
SKU0212,Safety Supplies 0212,Safety Supplies,Cedar Components,Z1-B02,Z1,44,0.00,999.00,32,30,12,On hand is below reorder and lead-time demand,Review reorder settings
SKU0212,Safety Supplies 0212,Safety Supplies,Cedar Components,Z1-B03,Z1,37,0.00,999.00,32,30,12,On hand is below reorder and lead-time demand,Review reorder settings
SKU0212,Safety Supplies 0212,Safety Supplies,Cedar Components,Z2-B03,Z2,23,0.00,999.00,32,30,12,On hand is below reorder and lead-time demand,Review reorder settings
SKU0212,Safety Supplies 0212,Safety Supplies,Cedar Components,Z2-B04,Z2,11,0.00,999.00,32,30,12,On hand is below reorder and lead-time demand,Review reorder settings
SKU0212,Safety Supplies 0212,Safety Supplies,Cedar Components,Z3-B01,Z3,0,0.00,999.00,32,30,12,On hand is below reorder and lead-time demand,Prioritize count and replenish
SKU0212,Safety Supplies 0212,Safety Supplies,Cedar Components,Z3-B02,Z3,0,0.00,999.00,32,30,12,On hand is below reorder and lead-time demand,Prioritize count and replenish
SKU0212,Safety Supplies 0212,Safety Supplies,Cedar Components,Z3-B03,Z3,0,0.00,999.00,32,30,12,On hand is below reorder and lead-time demand,Prioritize count and replenish
SKU0213,Packaging 0213,Packaging,Harbor Safety,Z1-B02,Z1,37,0.00,999.00,43,35,19,On hand is below reorder and lead-time demand,Review reorder settings
SKU0213,Packaging 0213,Packaging,Harbor Safety,Z1-B03,Z1,31,0.00,999.00,43,35,19,On hand is below reorder and lead-time demand,Review reorder settings
SKU0213,Packaging 0213,Packaging,Harbor Safety,Z1-B04,Z1,17,0.00,999.00,43,35,19,On hand is below reorder and lead-time demand,Review reorder settings
SKU0213,Packaging 0213,Packaging,Harbor Safety,Z2-B01,Z2,10,0.00,999.00,43,35,19,On hand is below reorder and lead-time demand,Prioritize count and replenish
SKU0213,Packaging 0213,Packaging,Harbor Safety,Z2-B02,Z2,0,0.00,999.00,43,35,19,On hand is below reorder and lead-time demand,Prioritize count and replenish
SKU0213,Packaging 0213,Packaging,Harbor Safety,Z3-B02,Z3,8,0.00,999.00,43,35,19,On hand is below reorder and lead-time demand,Review reorder settings
SKU0213,Packaging 0213,Packaging,Harbor Safety,Z3-B03,Z3,0,0.00,999.00,43,35,19,On hand is below reorder and lead-time demand,Review reorder settings
SKU0213,Packaging 0213,Packaging,Harbor Safety,Z3-B04,Z3,0,0.00,999.00,43,35,19,On hand is below reorder and lead-time demand,Prioritize count and replenish
SKU0214,Tools 0214,Tools,Summit Packaging,Z1-B01,Z1,14,0.00,999.00,54,40,8,On hand is below reorder and lead-time demand,Prioritize count and replenish
SKU0214,Tools 0214,Tools,Summit Packaging,Z2-B01,Z2,21,0.00,999.00,54,40,8,On hand is below reorder and lead-time demand,Review reorder settings
SKU0214,Tools 0214,Tools,Summit Packaging,Z2-B02,Z2,2,0.00,999.00,54,40,8,On hand is below reorder and lead-time demand,Review reorder settings
SKU0214,Tools 0214,Tools,Summit Packaging,Z2-B03,Z2,0,0.00,999.00,54,40,8,On hand is below reorder and lead-time demand,Prioritize count and replenish
SKU0214,Tools 0214,Tools,Summit Packaging,Z2-B04,Z2,0,0.00,999.00,54,40,8,On hand is below reorder and lead-time demand,Prioritize count and replenish
SKU0214,Tools 0214,Tools,Summit Packaging,Z3-B01,Z3,0,0.00,999.00,54,40,8,On hand is below reorder and lead-time demand,Prioritize count and replenish
SKU0215,Consumables 0215,Consumables,Atlas Industrial,Z1-B01,Z1,21,0.00,999.00,65,45,15,On hand is below reorder and lead-time demand,Review reorder settings
SKU0215,Consumables 0215,Consumables,Atlas Industrial,Z1-B02,Z1,7,0.00,999.00,65,45,15,On hand is below reorder and lead-time demand,Prioritize count and replenish
SKU0215,Consumables 0215,Consumables,Atlas Industrial,Z1-B03,Z1,0,0.00,999.00,65,45,15,On hand is below reorder and lead-time demand,Prioritize count and replenish
SKU0215,Consumables 0215,Consumables,Atlas Industrial,Z1-B04,Z1,0,0.00,999.00,65,45,15,On hand is below reorder and lead-time demand,Prioritize count and replenish
SKU0215,Consumables 0215,Consumables,Atlas Industrial,Z3-B02,Z3,73,0.00,999.00,65,45,15,On hand is below reorder and lead-time demand,Review reorder settings
SKU0215,Consumables 0215,Consumables,Atlas Industrial,Z3-B03,Z3,65,0.00,999.00,65,45,15,On hand is below reorder and lead-time demand,Review reorder settings
SKU0215,Consumables 0215,Consumables,Atlas Industrial,Z3-B04,Z3,56,0.00,999.00,65,45,15,On hand is below reorder and lead-time demand,Review reorder settings
SKU0216,Fasteners 0216,Fasteners,Blue Ridge Supply,Z1-B04,Z1,0,0.00,999.00,76,10,4,On hand is below reorder and lead-time demand,Review reorder settings
SKU0216,Fasteners 0216,Fasteners,Blue Ridge Supply,Z2-B01,Z2,0,0.00,999.00,76,10,4,On hand is below reorder and lead-time demand,Review reorder settings
SKU0216,Fasteners 0216,Fasteners,Blue Ridge Supply,Z2-B03,Z2,75,0.00,999.00,76,10,4,On hand is below reorder and lead-time demand,Review reorder settings
SKU0217,Maintenance Parts 0217,Maintenance Parts,Cedar Components,Z1-B01,Z1,0,0.00,999.00,87,15,11,On hand is below reorder and lead-time demand,Prioritize count and replenish
SKU0217,Maintenance Parts 0217,Maintenance Parts,Cedar Components,Z1-B02,Z1,0,0.00,999.00,87,15,11,On hand is below reorder and lead-time demand,Prioritize count and replenish
SKU0217,Maintenance Parts 0217,Maintenance Parts,Cedar Components,Z2-B04,Z2,60,0.00,999.00,87,15,11,On hand is below reorder and lead-time demand,Review reorder settings
SKU0217,Maintenance Parts 0217,Maintenance Parts,Cedar Components,Z3-B01,Z3,47,0.00,999.00,87,15,11,On hand is below reorder and lead-time demand,Review reorder settings
SKU0217,Maintenance Parts 0217,Maintenance Parts,Cedar Components,Z3-B02,Z3,31,0.00,999.00,87,15,11,On hand is below reorder and lead-time demand,Review reorder settings
SKU0218,Shipping Supplies 0218,Shipping Supplies,Harbor Safety,Z1-B04,Z1,67,0.00,999.00,98,20,18,On hand is below reorder and lead-time demand,Review reorder settings
SKU0218,Shipping Supplies 0218,Shipping Supplies,Harbor Safety,Z2-B01,Z2,52,0.00,999.00,98,20,18,On hand is below reorder and lead-time demand,Review reorder settings
SKU0218,Shipping Supplies 0218,Shipping Supplies,Harbor Safety,Z3-B03,Z3,28,0.00,999.00,98,20,18,On hand is below reorder and lead-time demand,Review reorder settings
SKU0218,Shipping Supplies 0218,Shipping Supplies,Harbor Safety,Z3-B04,Z3,8,0.00,999.00,98,20,18,On hand is below reorder and lead-time demand,Review reorder settings
SKU0219,Material Handling 0219,Material Handling,Summit Packaging,Z2-B03,Z2,0,0.00,999.00,29,25,7,On hand is below reorder and lead-time demand,Prioritize count and replenish
SKU0219,Material Handling 0219,Material Handling,Summit Packaging,Z2-B04,Z2,0,0.00,999.00,29,25,7,On hand is below reorder and lead-time demand,Prioritize count and replenish
SKU0219,Material Handling 0219,Material Handling,Summit Packaging,Z3-B03,Z3,0,0.00,999.00,29,25,7,On hand is below reorder and lead-time demand,Prioritize count and replenish
SKU0219,Material Handling 0219,Material Handling,Summit Packaging,Z3-B04,Z3,0,0.00,999.00,29,25,7,On hand is below reorder and lead-time demand,Prioritize count and replenish
SKU0220,Industrial Supplies 0220,Industrial Supplies,Atlas Industrial,Z1-B01,Z1,0,0.00,999.00,40,30,14,On hand is below reorder and lead-time demand,Prioritize count and replenish
SKU0220,Industrial Supplies 0220,Industrial Supplies,Atlas Industrial,Z1-B02,Z1,0,0.00,999.00,40,30,14,On hand is below reorder and lead-time demand,Prioritize count and replenish
SKU0220,Industrial Supplies 0220,Industrial Supplies,Atlas Industrial,Z1-B03,Z1,0,0.00,999.00,40,30,14,On hand is below reorder and lead-time demand,Prioritize count and replenish
SKU0220,Industrial Supplies 0220,Industrial Supplies,Atlas Industrial,Z2-B01,Z2,14,0.00,999.00,40,30,14,On hand is below reorder and lead-time demand,Review reorder settings
SKU0220,Industrial Supplies 0220,Industrial Supplies,Atlas Industrial,Z2-B02,Z2,0,0.00,999.00,40,30,14,On hand is below reorder and lead-time demand,Prioritize count and replenish
SKU0220,Industrial Supplies 0220,Industrial Supplies,Atlas Industrial,Z2-B03,Z2,0,0.00,999.00,40,30,14,On hand is below reorder and lead-time demand,Prioritize count and replenish
SKU0220,Industrial Supplies 0220,Industrial Supplies,Atlas Industrial,Z2-B04,Z2,0,0.00,999.00,40,30,14,On hand is below reorder and lead-time demand,Prioritize count and replenish
SKU0220,Industrial Supplies 0220,Industrial Supplies,Atlas Industrial,Z3-B01,Z3,0,0.00,999.00,40,30,14,On hand is below reorder and lead-time demand,Prioritize count and replenish
SKU0220,Industrial Supplies 0220,Industrial Supplies,Atlas Industrial,Z3-B02,Z3,0,0.00,999.00,40,30,14,On hand is below reorder and lead-time demand,Prioritize count and replenish
SKU0220,Industrial Supplies 0220,Industrial Supplies,Atlas Industrial,Z3-B03,Z3,46,0.00,999.00,40,30,14,On hand is below reorder and lead-time demand,Review reorder settings
SKU0221,Electrical Components 0221,Electrical Components,Blue Ridge Supply,Z1-B01,Z1,6,0.00,999.00,51,35,21,On hand is below reorder and lead-time demand,Review reorder settings
SKU0221,Electrical Components 0221,Electrical Components,Blue Ridge Supply,Z1-B02,Z1,0,0.00,999.00,51,35,21,On hand is below reorder and lead-time demand,Prioritize count and replenish
SKU0221,Electrical Components 0221,Electrical Components,Blue Ridge Supply,Z1-B03,Z1,0,0.00,999.00,51,35,21,On hand is below reorder and lead-time demand,Prioritize count and replenish
SKU0221,Electrical Components 0221,Electrical Components,Blue Ridge Supply,Z1-B04,Z1,0,0.00,999.00,51,35,21,On hand is below reorder and lead-time demand,Prioritize count and replenish
SKU0221,Electrical Components 0221,Electrical Components,Blue Ridge Supply,Z2-B01,Z2,0,0.00,999.00,51,35,21,On hand is below reorder and lead-time demand,Prioritize count and replenish
SKU0221,Electrical Components 0221,Electrical Components,Blue Ridge Supply,Z2-B02,Z2,0,0.00,999.00,51,35,21,On hand is below reorder and lead-time demand,Prioritize count and replenish
SKU0221,Electrical Components 0221,Electrical Components,Blue Ridge Supply,Z3-B02,Z3,41,0.00,999.00,51,35,21,On hand is below reorder and lead-time demand,Review reorder settings
SKU0221,Electrical Components 0221,Electrical Components,Blue Ridge Supply,Z3-B03,Z3,40,0.00,999.00,51,35,21,On hand is below reorder and lead-time demand,Review reorder settings
SKU0221,Electrical Components 0221,Electrical Components,Blue Ridge Supply,Z3-B04,Z3,28,0.00,999.00,51,35,21,On hand is below reorder and lead-time demand,Review reorder settings
SKU0222,Safety Supplies 0222,Safety Supplies,Cedar Components,Z1-B01,Z1,0,0.00,999.00,62,40,10,On hand is below reorder and lead-time demand,Prioritize count and replenish
SKU0222,Safety Supplies 0222,Safety Supplies,Cedar Components,Z1-B04,Z1,7,0.00,999.00,62,40,10,On hand is below reorder and lead-time demand,Review reorder settings
SKU0222,Safety Supplies 0222,Safety Supplies,Cedar Components,Z2-B01,Z2,54,0.00,999.00,62,40,10,On hand is below reorder and lead-time demand,Review reorder settings
SKU0222,Safety Supplies 0222,Safety Supplies,Cedar Components,Z2-B02,Z2,53,0.00,999.00,62,40,10,On hand is below reorder and lead-time demand,Review reorder settings
SKU0222,Safety Supplies 0222,Safety Supplies,Cedar Components,Z2-B03,Z2,41,0.00,999.00,62,40,10,On hand is below reorder and lead-time demand,Review reorder settings
SKU0222,Safety Supplies 0222,Safety Supplies,Cedar Components,Z2-B04,Z2,37,0.00,999.00,62,40,10,On hand is below reorder and lead-time demand,Review reorder settings
SKU0222,Safety Supplies 0222,Safety Supplies,Cedar Components,Z3-B01,Z3,22,0.00,999.00,62,40,10,On hand is below reorder and lead-time demand,Prioritize count and replenish
SKU0223,Packaging 0223,Packaging,Harbor Safety,Z1-B01,Z1,0,0.00,999.00,73,45,17,On hand is below reorder and lead-time demand,Prioritize count and replenish
SKU0223,Packaging 0223,Packaging,Harbor Safety,Z1-B02,Z1,58,0.00,999.00,73,45,17,On hand is below reorder and lead-time demand,Review reorder settings
SKU0223,Packaging 0223,Packaging,Harbor Safety,Z1-B03,Z1,52,0.00,999.00,73,45,17,On hand is below reorder and lead-time demand,Review reorder settings
SKU0223,Packaging 0223,Packaging,Harbor Safety,Z1-B04,Z1,43,0.00,999.00,73,45,17,On hand is below reorder and lead-time demand,Prioritize count and replenish
SKU0223,Packaging 0223,Packaging,Harbor Safety,Z2-B04,Z2,32,0.00,999.00,73,45,17,On hand is below reorder and lead-time demand,Review reorder settings
SKU0223,Packaging 0223,Packaging,Harbor Safety,Z3-B01,Z3,29,0.00,999.00,73,45,17,On hand is below reorder and lead-time demand,Review reorder settings
SKU0223,Packaging 0223,Packaging,Harbor Safety,Z3-B02,Z3,20,0.00,999.00,73,45,17,On hand is below reorder and lead-time demand,Review reorder settings
SKU0223,Packaging 0223,Packaging,Harbor Safety,Z3-B03,Z3,2,0.00,999.00,73,45,17,On hand is below reorder and lead-time demand,Prioritize count and replenish
SKU0223,Packaging 0223,Packaging,Harbor Safety,Z3-B04,Z3,0,0.00,999.00,73,45,17,On hand is below reorder and lead-time demand,Prioritize count and replenish
SKU0224,Tools 0224,Tools,Summit Packaging,Z1-B04,Z1,42,0.00,999.00,84,10,6,On hand is below reorder and lead-time demand,Review reorder settings
SKU0224,Tools 0224,Tools,Summit Packaging,Z2-B01,Z2,31,0.00,999.00,84,10,6,On hand is below reorder and lead-time demand,Review reorder settings
SKU0224,Tools 0224,Tools,Summit Packaging,Z2-B02,Z2,19,0.00,999.00,84,10,6,On hand is below reorder and lead-time demand,Prioritize count and replenish
SKU0224,Tools 0224,Tools,Summit Packaging,Z2-B03,Z2,2,0.00,999.00,84,10,6,On hand is below reorder and lead-time demand,Prioritize count and replenish
SKU0224,Tools 0224,Tools,Summit Packaging,Z3-B03,Z3,17,0.00,999.00,84,10,6,On hand is below reorder and lead-time demand,Review reorder settings
SKU0224,Tools 0224,Tools,Summit Packaging,Z3-B04,Z3,13,0.00,999.00,84,10,6,On hand is below reorder and lead-time demand,Review reorder settings
SKU0225,Consumables 0225,Consumables,Atlas Industrial,Z1-B01,Z1,36,0.00,999.00,95,15,13,On hand is below reorder and lead-time demand,Review reorder settings
SKU0225,Consumables 0225,Consumables,Atlas Industrial,Z1-B02,Z1,17,0.00,999.00,95,15,13,On hand is below reorder and lead-time demand,Prioritize count and replenish
SKU0225,Consumables 0225,Consumables,Atlas Industrial,Z2-B03,Z2,10,0.00,999.00,95,15,13,On hand is below reorder and lead-time demand,Review reorder settings
SKU0225,Consumables 0225,Consumables,Atlas Industrial,Z2-B04,Z2,6,0.00,999.00,95,15,13,On hand is below reorder and lead-time demand,Review reorder settings
SKU0225,Consumables 0225,Consumables,Atlas Industrial,Z3-B01,Z3,0,0.00,999.00,95,15,13,On hand is below reorder and lead-time demand,Prioritize count and replenish
SKU0225,Consumables 0225,Consumables,Atlas Industrial,Z3-B02,Z3,0,0.00,999.00,95,15,13,On hand is below reorder and lead-time demand,Prioritize count and replenish
SKU0226,Fasteners 0226,Fasteners,Blue Ridge Supply,Z1-B03,Z1,11,0.00,999.00,26,20,20,On hand is below reorder and lead-time demand,Review reorder settings
SKU0226,Fasteners 0226,Fasteners,Blue Ridge Supply,Z1-B04,Z1,0,0.00,999.00,26,20,20,On hand is below reorder and lead-time demand,Prioritize count and replenish
SKU0226,Fasteners 0226,Fasteners,Blue Ridge Supply,Z2-B01,Z2,0,0.00,999.00,26,20,20,On hand is below reorder and lead-time demand,Prioritize count and replenish
SKU0227,Maintenance Parts 0227,Maintenance Parts,Cedar Components,Z2-B01,Z2,12,0.00,999.00,37,25,9,On hand is below reorder and lead-time demand,Review reorder settings
SKU0227,Maintenance Parts 0227,Maintenance Parts,Cedar Components,Z2-B02,Z2,0,0.00,999.00,37,25,9,On hand is below reorder and lead-time demand,Review reorder settings
SKU0228,Shipping Supplies 0228,Shipping Supplies,Harbor Safety,Z1-B01,Z1,0,0.00,999.00,48,30,16,On hand is below reorder and lead-time demand,Review reorder settings
SKU0228,Shipping Supplies 0228,Shipping Supplies,Harbor Safety,Z1-B02,Z1,0,0.00,999.00,48,30,16,On hand is below reorder and lead-time demand,Prioritize count and replenish
SKU0228,Shipping Supplies 0228,Shipping Supplies,Harbor Safety,Z1-B03,Z1,0,0.00,999.00,48,30,16,On hand is below reorder and lead-time demand,Prioritize count and replenish
SKU0228,Shipping Supplies 0228,Shipping Supplies,Harbor Safety,Z3-B03,Z3,40,0.00,999.00,48,30,16,On hand is below reorder and lead-time demand,Review reorder settings
SKU0229,Material Handling 0229,Material Handling,Summit Packaging,Z2-B02,Z2,64,0.00,999.00,59,35,5,On hand is below reorder and lead-time demand,Review reorder settings
SKU0229,Material Handling 0229,Material Handling,Summit Packaging,Z3-B01,Z3,7,0.00,999.00,59,35,5,On hand is below reorder and lead-time demand,Review reorder settings
SKU0229,Material Handling 0229,Material Handling,Summit Packaging,Z3-B02,Z3,2,0.00,999.00,59,35,5,On hand is below reorder and lead-time demand,Prioritize count and replenish
SKU0229,Material Handling 0229,Material Handling,Summit Packaging,Z3-B03,Z3,0,0.00,999.00,59,35,5,On hand is below reorder and lead-time demand,Prioritize count and replenish
SKU0229,Material Handling 0229,Material Handling,Summit Packaging,Z3-B04,Z3,0,0.00,999.00,59,35,5,On hand is below reorder and lead-time demand,Prioritize count and replenish
SKU0230,Industrial Supplies 0230,Industrial Supplies,Atlas Industrial,Z1-B01,Z1,9,0.00,999.00,70,40,12,On hand is below reorder and lead-time demand,Prioritize count and replenish
SKU0230,Industrial Supplies 0230,Industrial Supplies,Atlas Industrial,Z1-B04,Z1,14,0.00,999.00,70,40,12,On hand is below reorder and lead-time demand,Review reorder settings
SKU0230,Industrial Supplies 0230,Industrial Supplies,Atlas Industrial,Z2-B01,Z2,5,0.00,999.00,70,40,12,On hand is below reorder and lead-time demand,Prioritize count and replenish
SKU0230,Industrial Supplies 0230,Industrial Supplies,Atlas Industrial,Z2-B02,Z2,0,0.00,999.00,70,40,12,On hand is below reorder and lead-time demand,Prioritize count and replenish
SKU0230,Industrial Supplies 0230,Industrial Supplies,Atlas Industrial,Z2-B03,Z2,0,0.00,999.00,70,40,12,On hand is below reorder and lead-time demand,Prioritize count and replenish
SKU0230,Industrial Supplies 0230,Industrial Supplies,Atlas Industrial,Z2-B04,Z2,0,0.00,999.00,70,40,12,On hand is below reorder and lead-time demand,Prioritize count and replenish
SKU0230,Industrial Supplies 0230,Industrial Supplies,Atlas Industrial,Z3-B01,Z3,0,0.00,999.00,70,40,12,On hand is below reorder and lead-time demand,Prioritize count and replenish
SKU0230,Industrial Supplies 0230,Industrial Supplies,Atlas Industrial,Z3-B04,Z3,0,0.00,999.00,70,40,12,On hand is below reorder and lead-time demand,Review reorder settings
SKU0231,Electrical Components 0231,Electrical Components,Blue Ridge Supply,Z1-B01,Z1,9,0.00,999.00,81,45,19,On hand is below reorder and lead-time demand,Prioritize count and replenish
SKU0231,Electrical Components 0231,Electrical Components,Blue Ridge Supply,Z1-B02,Z1,3,0.00,999.00,81,45,19,On hand is below reorder and lead-time demand,Prioritize count and replenish
SKU0231,Electrical Components 0231,Electrical Components,Blue Ridge Supply,Z1-B03,Z1,0,0.00,999.00,81,45,19,On hand is below reorder and lead-time demand,Prioritize count and replenish
SKU0231,Electrical Components 0231,Electrical Components,Blue Ridge Supply,Z1-B04,Z1,0,0.00,999.00,81,45,19,On hand is below reorder and lead-time demand,Prioritize count and replenish
SKU0231,Electrical Components 0231,Electrical Components,Blue Ridge Supply,Z2-B03,Z2,0,0.00,999.00,81,45,19,On hand is below reorder and lead-time demand,Review reorder settings
SKU0231,Electrical Components 0231,Electrical Components,Blue Ridge Supply,Z2-B04,Z2,0,0.00,999.00,81,45,19,On hand is below reorder and lead-time demand,Prioritize count and replenish
SKU0231,Electrical Components 0231,Electrical Components,Blue Ridge Supply,Z3-B01,Z3,0,0.00,999.00,81,45,19,On hand is below reorder and lead-time demand,Prioritize count and replenish
SKU0231,Electrical Components 0231,Electrical Components,Blue Ridge Supply,Z3-B02,Z3,0,0.00,999.00,81,45,19,On hand is below reorder and lead-time demand,Prioritize count and replenish
SKU0231,Electrical Components 0231,Electrical Components,Blue Ridge Supply,Z3-B03,Z3,0,0.00,999.00,81,45,19,On hand is below reorder and lead-time demand,Prioritize count and replenish
SKU0231,Electrical Components 0231,Electrical Components,Blue Ridge Supply,Z3-B04,Z3,54,0.00,999.00,81,45,19,On hand is below reorder and lead-time demand,Prioritize count and replenish
SKU0232,Safety Supplies 0232,Safety Supplies,Cedar Components,Z1-B02,Z1,22,0.00,999.00,92,10,8,On hand is below reorder and lead-time demand,Review reorder settings
SKU0232,Safety Supplies 0232,Safety Supplies,Cedar Components,Z1-B03,Z1,5,0.00,999.00,92,10,8,On hand is below reorder and lead-time demand,Prioritize count and replenish
SKU0232,Safety Supplies 0232,Safety Supplies,Cedar Components,Z1-B04,Z1,0,0.00,999.00,92,10,8,On hand is below reorder and lead-time demand,Prioritize count and replenish
SKU0232,Safety Supplies 0232,Safety Supplies,Cedar Components,Z2-B01,Z2,0,0.00,999.00,92,10,8,On hand is below reorder and lead-time demand,Prioritize count and replenish
SKU0232,Safety Supplies 0232,Safety Supplies,Cedar Components,Z2-B02,Z2,0,0.00,999.00,92,10,8,On hand is below reorder and lead-time demand,Prioritize count and replenish
SKU0232,Safety Supplies 0232,Safety Supplies,Cedar Components,Z2-B03,Z2,0,0.00,999.00,92,10,8,On hand is below reorder and lead-time demand,Prioritize count and replenish
SKU0232,Safety Supplies 0232,Safety Supplies,Cedar Components,Z3-B03,Z3,51,0.00,999.00,92,10,8,On hand is below reorder and lead-time demand,Review reorder settings
SKU0232,Safety Supplies 0232,Safety Supplies,Cedar Components,Z3-B04,Z3,42,0.00,999.00,92,10,8,On hand is below reorder and lead-time demand,Review reorder settings
SKU0233,Packaging 0233,Packaging,Harbor Safety,Z1-B01,Z1,0,0.00,999.00,23,15,15,On hand is below reorder and lead-time demand,Prioritize count and replenish
SKU0233,Packaging 0233,Packaging,Harbor Safety,Z1-B02,Z1,0,0.00,999.00,23,15,15,On hand is below reorder and lead-time demand,Prioritize count and replenish
SKU0233,Packaging 0233,Packaging,Harbor Safety,Z3-B02,Z3,33,0.00,999.00,23,15,15,On hand is below reorder and lead-time demand,Review reorder settings
SKU0234,Tools 0234,Tools,Summit Packaging,Z1-B01,Z1,1,0.00,999.00,34,20,4,On hand is below reorder and lead-time demand,Review reorder settings
SKU0234,Tools 0234,Tools,Summit Packaging,Z1-B02,Z1,0,0.00,999.00,34,20,4,On hand is below reorder and lead-time demand,Review reorder settings
SKU0234,Tools 0234,Tools,Summit Packaging,Z2-B01,Z2,49,0.00,999.00,34,20,4,On hand is below reorder and lead-time demand,Review reorder settings
SKU0234,Tools 0234,Tools,Summit Packaging,Z3-B02,Z3,31,0.00,999.00,34,20,4,On hand is below reorder and lead-time demand,Review reorder settings
SKU0234,Tools 0234,Tools,Summit Packaging,Z3-B03,Z3,21,0.00,999.00,34,20,4,On hand is below reorder and lead-time demand,Review reorder settings
SKU0234,Tools 0234,Tools,Summit Packaging,Z3-B04,Z3,1,0.00,999.00,34,20,4,On hand is below reorder and lead-time demand,Prioritize count and replenish
SKU0235,Consumables 0235,Consumables,Atlas Industrial,Z2-B02,Z2,35,0.00,999.00,45,25,11,On hand is below reorder and lead-time demand,Review reorder settings
SKU0235,Consumables 0235,Consumables,Atlas Industrial,Z2-B03,Z2,25,0.00,999.00,45,25,11,On hand is below reorder and lead-time demand,Review reorder settings
SKU0235,Consumables 0235,Consumables,Atlas Industrial,Z2-B04,Z2,16,0.00,999.00,45,25,11,On hand is below reorder and lead-time demand,Review reorder settings
SKU0236,Fasteners 0236,Fasteners,Blue Ridge Supply,Z1-B01,Z1,51,0.00,999.00,56,30,18,On hand is below reorder and lead-time demand,Review reorder settings
SKU0236,Fasteners 0236,Fasteners,Blue Ridge Supply,Z1-B02,Z1,41,0.00,999.00,56,30,18,On hand is below reorder and lead-time demand,Review reorder settings
SKU0236,Fasteners 0236,Fasteners,Blue Ridge Supply,Z1-B03,Z1,29,0.00,999.00,56,30,18,On hand is below reorder and lead-time demand,Review reorder settings
SKU0236,Fasteners 0236,Fasteners,Blue Ridge Supply,Z2-B04,Z2,23,0.00,999.00,56,30,18,On hand is below reorder and lead-time demand,Review reorder settings
SKU0236,Fasteners 0236,Fasteners,Blue Ridge Supply,Z3-B01,Z3,12,0.00,999.00,56,30,18,On hand is below reorder and lead-time demand,Review reorder settings
SKU0236,Fasteners 0236,Fasteners,Blue Ridge Supply,Z3-B02,Z3,0,0.00,999.00,56,30,18,On hand is below reorder and lead-time demand,Prioritize count and replenish
SKU0236,Fasteners 0236,Fasteners,Blue Ridge Supply,Z3-B03,Z3,0,0.00,999.00,56,30,18,On hand is below reorder and lead-time demand,Prioritize count and replenish
SKU0237,Maintenance Parts 0237,Maintenance Parts,Cedar Components,Z1-B03,Z1,36,0.00,999.00,67,35,7,On hand is below reorder and lead-time demand,Review reorder settings
SKU0237,Maintenance Parts 0237,Maintenance Parts,Cedar Components,Z1-B04,Z1,20,0.00,999.00,67,35,7,On hand is below reorder and lead-time demand,Review reorder settings
SKU0237,Maintenance Parts 0237,Maintenance Parts,Cedar Components,Z2-B01,Z2,3,0.00,999.00,67,35,7,On hand is below reorder and lead-time demand,Prioritize count and replenish
SKU0237,Maintenance Parts 0237,Maintenance Parts,Cedar Components,Z2-B02,Z2,0,0.00,999.00,67,35,7,On hand is below reorder and lead-time demand,Prioritize count and replenish
SKU0238,Shipping Supplies 0238,Shipping Supplies,Harbor Safety,Z1-B01,Z1,8,0.00,999.00,78,40,14,On hand is below reorder and lead-time demand,Prioritize count and replenish
SKU0238,Shipping Supplies 0238,Shipping Supplies,Harbor Safety,Z2-B03,Z2,0,0.00,999.00,78,40,14,On hand is below reorder and lead-time demand,Review reorder settings
SKU0239,Material Handling 0239,Material Handling,Summit Packaging,Z1-B02,Z1,4,0.00,999.00,89,45,21,On hand is below reorder and lead-time demand,Review reorder settings
SKU0239,Material Handling 0239,Material Handling,Summit Packaging,Z1-B03,Z1,0,0.00,999.00,89,45,21,On hand is below reorder and lead-time demand,Review reorder settings
SKU0239,Material Handling 0239,Material Handling,Summit Packaging,Z1-B04,Z1,0,0.00,999.00,89,45,21,On hand is below reorder and lead-time demand,Prioritize count and replenish
SKU0239,Material Handling 0239,Material Handling,Summit Packaging,Z2-B03,Z2,26,0.00,999.00,89,45,21,On hand is below reorder and lead-time demand,Review reorder settings
SKU0239,Material Handling 0239,Material Handling,Summit Packaging,Z2-B04,Z2,24,0.00,999.00,89,45,21,On hand is below reorder and lead-time demand,Prioritize count and replenish
SKU0239,Material Handling 0239,Material Handling,Summit Packaging,Z3-B01,Z3,17,0.00,999.00,89,45,21,On hand is below reorder and lead-time demand,Prioritize count and replenish
SKU0239,Material Handling 0239,Material Handling,Summit Packaging,Z3-B02,Z3,4,0.00,999.00,89,45,21,On hand is below reorder and lead-time demand,Prioritize count and replenish
SKU0239,Material Handling 0239,Material Handling,Summit Packaging,Z3-B03,Z3,0,0.00,999.00,89,45,21,On hand is below reorder and lead-time demand,Prioritize count and replenish
SKU0239,Material Handling 0239,Material Handling,Summit Packaging,Z3-B04,Z3,0,0.00,999.00,89,45,21,On hand is below reorder and lead-time demand,Prioritize count and replenish
SKU0240,Industrial Supplies 0240,Industrial Supplies,Atlas Industrial,Z1-B01,Z1,1,0.00,999.00,20,10,10,On hand is below reorder and lead-time demand,Review reorder settings
SKU0240,Industrial Supplies 0240,Industrial Supplies,Atlas Industrial,Z1-B04,Z1,27,0.00,999.00,20,10,10,On hand is below reorder and lead-time demand,Review reorder settings
SKU0240,Industrial Supplies 0240,Industrial Supplies,Atlas Industrial,Z2-B01,Z2,20,0.00,999.00,20,10,10,On hand is below reorder and lead-time demand,Review reorder settings
SKU0240,Industrial Supplies 0240,Industrial Supplies,Atlas Industrial,Z2-B02,Z2,10,0.00,999.00,20,10,10,On hand is below reorder and lead-time demand,Prioritize count and replenish
SKU0240,Industrial Supplies 0240,Industrial Supplies,Atlas Industrial,Z2-B03,Z2,0,0.00,999.00,20,10,10,On hand is below reorder and lead-time demand,Prioritize count and replenish
SKU0240,Industrial Supplies 0240,Industrial Supplies,Atlas Industrial,Z3-B02,Z3,14,0.00,999.00,20,10,10,On hand is below reorder and lead-time demand,Review reorder settings
SKU0240,Industrial Supplies 0240,Industrial Supplies,Atlas Industrial,Z3-B03,Z3,12,0.00,999.00,20,10,10,On hand is below reorder and lead-time demand,Review reorder settings
SKU0240,Industrial Supplies 0240,Industrial Supplies,Atlas Industrial,Z3-B04,Z3,0,0.00,999.00,20,10,10,On hand is below reorder and lead-time demand,Prioritize count and replenish
SKU0241,Electrical Components 0241,Electrical Components,Blue Ridge Supply,Z1-B01,Z1,29,0.00,999.00,31,15,17,On hand is below reorder and lead-time demand,Review reorder settings
SKU0241,Electrical Components 0241,Electrical Components,Blue Ridge Supply,Z1-B02,Z1,21,0.00,999.00,31,15,17,On hand is below reorder and lead-time demand,Prioritize count and replenish
SKU0241,Electrical Components 0241,Electrical Components,Blue Ridge Supply,Z2-B02,Z2,18,0.00,999.00,31,15,17,On hand is below reorder and lead-time demand,Review reorder settings
SKU0241,Electrical Components 0241,Electrical Components,Blue Ridge Supply,Z2-B03,Z2,2,0.00,999.00,31,15,17,On hand is below reorder and lead-time demand,Prioritize count and replenish
SKU0241,Electrical Components 0241,Electrical Components,Blue Ridge Supply,Z2-B04,Z2,0,0.00,999.00,31,15,17,On hand is below reorder and lead-time demand,Prioritize count and replenish
SKU0241,Electrical Components 0241,Electrical Components,Blue Ridge Supply,Z3-B01,Z3,0,0.00,999.00,31,15,17,On hand is below reorder and lead-time demand,Prioritize count and replenish
SKU0241,Electrical Components 0241,Electrical Components,Blue Ridge Supply,Z3-B02,Z3,0,0.00,999.00,31,15,17,On hand is below reorder and lead-time demand,Prioritize count and replenish
SKU0242,Safety Supplies 0242,Safety Supplies,Cedar Components,Z1-B01,Z1,27,0.00,999.00,42,20,6,On hand is below reorder and lead-time demand,Review reorder settings
SKU0242,Safety Supplies 0242,Safety Supplies,Cedar Components,Z1-B02,Z1,23,0.00,999.00,42,20,6,On hand is below reorder and lead-time demand,Review reorder settings
SKU0242,Safety Supplies 0242,Safety Supplies,Cedar Components,Z1-B03,Z1,8,0.00,999.00,42,20,6,On hand is below reorder and lead-time demand,Prioritize count and replenish
SKU0242,Safety Supplies 0242,Safety Supplies,Cedar Components,Z1-B04,Z1,0,0.00,999.00,42,20,6,On hand is below reorder and lead-time demand,Prioritize count and replenish
SKU0242,Safety Supplies 0242,Safety Supplies,Cedar Components,Z2-B01,Z2,0,0.00,999.00,42,20,6,On hand is below reorder and lead-time demand,Prioritize count and replenish
SKU0242,Safety Supplies 0242,Safety Supplies,Cedar Components,Z3-B01,Z3,0,0.00,999.00,42,20,6,On hand is below reorder and lead-time demand,Review reorder settings
SKU0242,Safety Supplies 0242,Safety Supplies,Cedar Components,Z3-B02,Z3,0,0.00,999.00,42,20,6,On hand is below reorder and lead-time demand,Prioritize count and replenish
SKU0242,Safety Supplies 0242,Safety Supplies,Cedar Components,Z3-B03,Z3,0,0.00,999.00,42,20,6,On hand is below reorder and lead-time demand,Prioritize count and replenish
SKU0242,Safety Supplies 0242,Safety Supplies,Cedar Components,Z3-B04,Z3,0,0.00,999.00,42,20,6,On hand is below reorder and lead-time demand,Prioritize count and replenish
SKU0243,Packaging 0243,Packaging,Harbor Safety,Z1-B04,Z1,3,0.00,999.00,53,25,13,On hand is below reorder and lead-time demand,Review reorder settings
SKU0243,Packaging 0243,Packaging,Harbor Safety,Z2-B01,Z2,1,0.00,999.00,53,25,13,On hand is below reorder and lead-time demand,Prioritize count and replenish
SKU0243,Packaging 0243,Packaging,Harbor Safety,Z2-B02,Z2,0,0.00,999.00,53,25,13,On hand is below reorder and lead-time demand,Prioritize count and replenish
SKU0243,Packaging 0243,Packaging,Harbor Safety,Z2-B03,Z2,0,0.00,999.00,53,25,13,On hand is below reorder and lead-time demand,Prioritize count and replenish
SKU0243,Packaging 0243,Packaging,Harbor Safety,Z2-B04,Z2,0,0.00,999.00,53,25,13,On hand is below reorder and lead-time demand,Prioritize count and replenish
SKU0244,Tools 0244,Tools,Summit Packaging,Z1-B01,Z1,0,0.00,999.00,64,30,20,On hand is below reorder and lead-time demand,Prioritize count and replenish
SKU0244,Tools 0244,Tools,Summit Packaging,Z1-B02,Z1,0,0.00,999.00,64,30,20,On hand is below reorder and lead-time demand,Prioritize count and replenish
SKU0244,Tools 0244,Tools,Summit Packaging,Z1-B03,Z1,0,0.00,999.00,64,30,20,On hand is below reorder and lead-time demand,Prioritize count and replenish
SKU0244,Tools 0244,Tools,Summit Packaging,Z3-B01,Z3,56,0.00,999.00,64,30,20,On hand is below reorder and lead-time demand,Review reorder settings
SKU0244,Tools 0244,Tools,Summit Packaging,Z3-B02,Z3,50,0.00,999.00,64,30,20,On hand is below reorder and lead-time demand,Review reorder settings
SKU0244,Tools 0244,Tools,Summit Packaging,Z3-B03,Z3,38,0.00,999.00,64,30,20,On hand is below reorder and lead-time demand,Review reorder settings
SKU0245,Consumables 0245,Consumables,Atlas Industrial,Z1-B03,Z1,0,0.00,999.00,75,35,9,On hand is below reorder and lead-time demand,Review reorder settings
SKU0245,Consumables 0245,Consumables,Atlas Industrial,Z1-B04,Z1,74,0.00,999.00,75,35,9,On hand is below reorder and lead-time demand,Review reorder settings
SKU0245,Consumables 0245,Consumables,Atlas Industrial,Z2-B01,Z2,66,0.00,999.00,75,35,9,On hand is below reorder and lead-time demand,Review reorder settings
SKU0245,Consumables 0245,Consumables,Atlas Industrial,Z2-B02,Z2,57,0.00,999.00,75,35,9,On hand is below reorder and lead-time demand,Review reorder settings
SKU0245,Consumables 0245,Consumables,Atlas Industrial,Z3-B03,Z3,49,0.00,999.00,75,35,9,On hand is below reorder and lead-time demand,Review reorder settings
SKU0245,Consumables 0245,Consumables,Atlas Industrial,Z3-B04,Z3,26,0.00,999.00,75,35,9,On hand is below reorder and lead-time demand,Review reorder settings
SKU0246,Fasteners 0246,Fasteners,Blue Ridge Supply,Z1-B01,Z1,78,0.00,999.00,86,40,16,On hand is below reorder and lead-time demand,Review reorder settings
SKU0246,Fasteners 0246,Fasteners,Blue Ridge Supply,Z2-B03,Z2,45,0.00,999.00,86,40,16,On hand is below reorder and lead-time demand,Review reorder settings
SKU0246,Fasteners 0246,Fasteners,Blue Ridge Supply,Z2-B04,Z2,31,0.00,999.00,86,40,16,On hand is below reorder and lead-time demand,Review reorder settings
SKU0246,Fasteners 0246,Fasteners,Blue Ridge Supply,Z3-B01,Z3,14,0.00,999.00,86,40,16,On hand is below reorder and lead-time demand,Prioritize count and replenish
SKU0247,Maintenance Parts 0247,Maintenance Parts,Cedar Components,Z1-B02,Z1,61,0.00,999.00,97,45,5,On hand is below reorder and lead-time demand,Review reorder settings
SKU0247,Maintenance Parts 0247,Maintenance Parts,Cedar Components,Z1-B03,Z1,50,0.00,999.00,97,45,5,On hand is below reorder and lead-time demand,Review reorder settings
SKU0247,Maintenance Parts 0247,Maintenance Parts,Cedar Components,Z1-B04,Z1,41,0.00,999.00,97,45,5,On hand is below reorder and lead-time demand,Review reorder settings
SKU0247,Maintenance Parts 0247,Maintenance Parts,Cedar Components,Z3-B02,Z3,19,0.00,999.00,97,45,5,On hand is below reorder and lead-time demand,Review reorder settings
SKU0247,Maintenance Parts 0247,Maintenance Parts,Cedar Components,Z3-B03,Z3,0,0.00,999.00,97,45,5,On hand is below reorder and lead-time demand,Prioritize count and replenish
SKU0247,Maintenance Parts 0247,Maintenance Parts,Cedar Components,Z3-B04,Z3,0,0.00,999.00,97,45,5,On hand is below reorder and lead-time demand,Prioritize count and replenish
SKU0248,Shipping Supplies 0248,Shipping Supplies,Harbor Safety,Z2-B02,Z2,20,0.00,999.00,28,10,12,On hand is below reorder and lead-time demand,Review reorder settings
SKU0248,Shipping Supplies 0248,Shipping Supplies,Harbor Safety,Z2-B03,Z2,0,0.00,999.00,28,10,12,On hand is below reorder and lead-time demand,Prioritize count and replenish
SKU0249,Material Handling 0249,Material Handling,Summit Packaging,Z1-B01,Z1,33,0.00,999.00,39,15,19,On hand is below reorder and lead-time demand,Review reorder settings
SKU0249,Material Handling 0249,Material Handling,Summit Packaging,Z1-B02,Z1,20,0.00,999.00,39,15,19,On hand is below reorder and lead-time demand,Review reorder settings
SKU0249,Material Handling 0249,Material Handling,Summit Packaging,Z2-B03,Z2,0,0.00,999.00,39,15,19,On hand is below reorder and lead-time demand,Prioritize count and replenish
SKU0249,Material Handling 0249,Material Handling,Summit Packaging,Z2-B04,Z2,0,0.00,999.00,39,15,19,On hand is below reorder and lead-time demand,Prioritize count and replenish
SKU0249,Material Handling 0249,Material Handling,Summit Packaging,Z3-B01,Z3,37,0.00,999.00,39,15,19,On hand is below reorder and lead-time demand,Review reorder settings
SKU0249,Material Handling 0249,Material Handling,Summit Packaging,Z3-B02,Z3,30,0.00,999.00,39,15,19,On hand is below reorder and lead-time demand,Prioritize count and replenish
SKU0250,Industrial Supplies 0250,Industrial Supplies,Atlas Industrial,Z1-B01,Z1,0,0.00,999.00,50,20,8,On hand is below reorder and lead-time demand,Prioritize count and replenish
SKU0250,Industrial Supplies 0250,Industrial Supplies,Atlas Industrial,Z1-B02,Z1,0,0.00,999.00,50,20,8,On hand is below reorder and lead-time demand,Prioritize count and replenish
SKU0250,Industrial Supplies 0250,Industrial Supplies,Atlas Industrial,Z1-B03,Z1,0,0.00,999.00,50,20,8,On hand is below reorder and lead-time demand,Prioritize count and replenish
SKU0250,Industrial Supplies 0250,Industrial Supplies,Atlas Industrial,Z1-B04,Z1,0,0.00,999.00,50,20,8,On hand is below reorder and lead-time demand,Prioritize count and replenish
SKU0250,Industrial Supplies 0250,Industrial Supplies,Atlas Industrial,Z2-B01,Z2,0,0.00,999.00,50,20,8,On hand is below reorder and lead-time demand,Prioritize count and replenish
SKU0250,Industrial Supplies 0250,Industrial Supplies,Atlas Industrial,Z2-B04,Z2,30,0.00,999.00,50,20,8,On hand is below reorder and lead-time demand,Review reorder settings
SKU0250,Industrial Supplies 0250,Industrial Supplies,Atlas Industrial,Z3-B01,Z3,31,0.00,999.00,50,20,8,On hand is below reorder and lead-time demand,Review reorder settings
SKU0250,Industrial Supplies 0250,Industrial Supplies,Atlas Industrial,Z3-B02,Z3,27,0.00,999.00,50,20,8,On hand is below reorder and lead-time demand,Review reorder settings
SKU0250,Industrial Supplies 0250,Industrial Supplies,Atlas Industrial,Z3-B03,Z3,11,0.00,999.00,50,20,8,On hand is below reorder and lead-time demand,Prioritize count and replenish
SKU0250,Industrial Supplies 0250,Industrial Supplies,Atlas Industrial,Z3-B04,Z3,10,0.00,999.00,50,20,8,On hand is below reorder and lead-time demand,Prioritize count and replenish
SKU0251,Electrical Components 0251,Electrical Components,Blue Ridge Supply,Z1-B03,Z1,45,0.00,999.00,61,25,15,On hand is below reorder and lead-time demand,Review reorder settings
SKU0251,Electrical Components 0251,Electrical Components,Blue Ridge Supply,Z1-B04,Z1,42,0.00,999.00,61,25,15,On hand is below reorder and lead-time demand,Review reorder settings
SKU0251,Electrical Components 0251,Electrical Components,Blue Ridge Supply,Z2-B01,Z2,35,0.00,999.00,61,25,15,On hand is below reorder and lead-time demand,Review reorder settings
SKU0251,Electrical Components 0251,Electrical Components,Blue Ridge Supply,Z2-B02,Z2,33,0.00,999.00,61,25,15,On hand is below reorder and lead-time demand,Review reorder settings
SKU0251,Electrical Components 0251,Electrical Components,Blue Ridge Supply,Z2-B03,Z2,19,0.00,999.00,61,25,15,On hand is below reorder and lead-time demand,Prioritize count and replenish
SKU0251,Electrical Components 0251,Electrical Components,Blue Ridge Supply,Z2-B04,Z2,13,0.00,999.00,61,25,15,On hand is below reorder and lead-time demand,Prioritize count and replenish
SKU0251,Electrical Components 0251,Electrical Components,Blue Ridge Supply,Z3-B03,Z3,33,0.00,999.00,61,25,15,On hand is below reorder and lead-time demand,Review reorder settings
SKU0251,Electrical Components 0251,Electrical Components,Blue Ridge Supply,Z3-B04,Z3,15,0.00,999.00,61,25,15,On hand is below reorder and lead-time demand,Review reorder settings
SKU0252,Safety Supplies 0252,Safety Supplies,Cedar Components,Z1-B01,Z1,42,0.00,999.00,72,30,4,On hand is below reorder and lead-time demand,Review reorder settings
SKU0252,Safety Supplies 0252,Safety Supplies,Cedar Components,Z1-B02,Z1,36,0.00,999.00,72,30,4,On hand is below reorder and lead-time demand,Prioritize count and replenish
SKU0252,Safety Supplies 0252,Safety Supplies,Cedar Components,Z1-B03,Z1,25,0.00,999.00,72,30,4,On hand is below reorder and lead-time demand,Prioritize count and replenish
SKU0252,Safety Supplies 0252,Safety Supplies,Cedar Components,Z2-B03,Z2,24,0.00,999.00,72,30,4,On hand is below reorder and lead-time demand,Review reorder settings
SKU0252,Safety Supplies 0252,Safety Supplies,Cedar Components,Z2-B04,Z2,8,0.00,999.00,72,30,4,On hand is below reorder and lead-time demand,Prioritize count and replenish
SKU0252,Safety Supplies 0252,Safety Supplies,Cedar Components,Z3-B01,Z3,0,0.00,999.00,72,30,4,On hand is below reorder and lead-time demand,Prioritize count and replenish
SKU0252,Safety Supplies 0252,Safety Supplies,Cedar Components,Z3-B02,Z3,0,0.00,999.00,72,30,4,On hand is below reorder and lead-time demand,Prioritize count and replenish
SKU0252,Safety Supplies 0252,Safety Supplies,Cedar Components,Z3-B03,Z3,0,0.00,999.00,72,30,4,On hand is below reorder and lead-time demand,Prioritize count and replenish
SKU0253,Packaging 0253,Packaging,Harbor Safety,Z1-B02,Z1,39,0.00,999.00,83,35,11,On hand is below reorder and lead-time demand,Review reorder settings
SKU0253,Packaging 0253,Packaging,Harbor Safety,Z1-B03,Z1,27,0.00,999.00,83,35,11,On hand is below reorder and lead-time demand,Review reorder settings
SKU0253,Packaging 0253,Packaging,Harbor Safety,Z1-B04,Z1,12,0.00,999.00,83,35,11,On hand is below reorder and lead-time demand,Prioritize count and replenish
SKU0253,Packaging 0253,Packaging,Harbor Safety,Z2-B01,Z2,0,0.00,999.00,83,35,11,On hand is below reorder and lead-time demand,Prioritize count and replenish
SKU0253,Packaging 0253,Packaging,Harbor Safety,Z2-B02,Z2,0,0.00,999.00,83,35,11,On hand is below reorder and lead-time demand,Prioritize count and replenish
SKU0253,Packaging 0253,Packaging,Harbor Safety,Z3-B01,Z3,53,0.00,999.00,83,35,11,On hand is below reorder and lead-time demand,Review reorder settings
SKU0253,Packaging 0253,Packaging,Harbor Safety,Z3-B02,Z3,2,0.00,999.00,83,35,11,On hand is below reorder and lead-time demand,Review reorder settings
SKU0253,Packaging 0253,Packaging,Harbor Safety,Z3-B03,Z3,0,0.00,999.00,83,35,11,On hand is below reorder and lead-time demand,Review reorder settings
SKU0253,Packaging 0253,Packaging,Harbor Safety,Z3-B04,Z3,0,0.00,999.00,83,35,11,On hand is below reorder and lead-time demand,Prioritize count and replenish
SKU0254,Tools 0254,Tools,Summit Packaging,Z1-B01,Z1,3,0.00,999.00,94,40,18,On hand is below reorder and lead-time demand,Prioritize count and replenish
SKU0254,Tools 0254,Tools,Summit Packaging,Z2-B01,Z2,16,0.00,999.00,94,40,18,On hand is below reorder and lead-time demand,Review reorder settings
SKU0254,Tools 0254,Tools,Summit Packaging,Z2-B02,Z2,0,0.00,999.00,94,40,18,On hand is below reorder and lead-time demand,Review reorder settings
SKU0254,Tools 0254,Tools,Summit Packaging,Z2-B03,Z2,0,0.00,999.00,94,40,18,On hand is below reorder and lead-time demand,Prioritize count and replenish
SKU0254,Tools 0254,Tools,Summit Packaging,Z2-B04,Z2,0,0.00,999.00,94,40,18,On hand is below reorder and lead-time demand,Prioritize count and replenish
SKU0254,Tools 0254,Tools,Summit Packaging,Z3-B01,Z3,0,0.00,999.00,94,40,18,On hand is below reorder and lead-time demand,Prioritize count and replenish
SKU0255,Consumables 0255,Consumables,Atlas Industrial,Z1-B01,Z1,15,0.00,999.00,25,45,7,On hand is below reorder and lead-time demand,Review reorder settings
SKU0255,Consumables 0255,Consumables,Atlas Industrial,Z1-B02,Z1,0,0.00,999.00,25,45,7,On hand is below reorder and lead-time demand,Prioritize count and replenish
SKU0255,Consumables 0255,Consumables,Atlas Industrial,Z1-B03,Z1,0,0.00,999.00,25,45,7,On hand is below reorder and lead-time demand,Prioritize count and replenish
SKU0255,Consumables 0255,Consumables,Atlas Industrial,Z1-B04,Z1,0,0.00,999.00,25,45,7,On hand is below reorder and lead-time demand,Prioritize count and replenish
SKU0255,Consumables 0255,Consumables,Atlas Industrial,Z3-B03,Z3,53,0.00,999.00,25,45,7,On hand is below reorder and lead-time demand,Review reorder settings
SKU0255,Consumables 0255,Consumables,Atlas Industrial,Z3-B04,Z3,49,0.00,999.00,25,45,7,On hand is below reorder and lead-time demand,Review reorder settings
SKU0256,Fasteners 0256,Fasteners,Blue Ridge Supply,Z1-B03,Z1,19,0.00,999.00,36,10,14,On hand is below reorder and lead-time demand,Review reorder settings
SKU0256,Fasteners 0256,Fasteners,Blue Ridge Supply,Z1-B04,Z1,0,0.00,999.00,36,10,14,On hand is below reorder and lead-time demand,Review reorder settings
SKU0257,Maintenance Parts 0257,Maintenance Parts,Cedar Components,Z1-B01,Z1,0,0.00,999.00,47,15,21,On hand is below reorder and lead-time demand,Prioritize count and replenish
SKU0257,Maintenance Parts 0257,Maintenance Parts,Cedar Components,Z3-B02,Z3,29,0.00,999.00,47,15,21,On hand is below reorder and lead-time demand,Review reorder settings
SKU0258,Shipping Supplies 0258,Shipping Supplies,Harbor Safety,Z2-B01,Z2,41,0.00,999.00,58,20,10,On hand is below reorder and lead-time demand,Review reorder settings
SKU0258,Shipping Supplies 0258,Shipping Supplies,Harbor Safety,Z3-B03,Z3,24,0.00,999.00,58,20,10,On hand is below reorder and lead-time demand,Review reorder settings
SKU0258,Shipping Supplies 0258,Shipping Supplies,Harbor Safety,Z3-B04,Z3,8,0.00,999.00,58,20,10,On hand is below reorder and lead-time demand,Review reorder settings
SKU0259,Material Handling 0259,Material Handling,Summit Packaging,Z2-B02,Z2,37,0.00,999.00,69,25,17,On hand is below reorder and lead-time demand,Review reorder settings
SKU0259,Material Handling 0259,Material Handling,Summit Packaging,Z2-B03,Z2,0,0.00,999.00,69,25,17,On hand is below reorder and lead-time demand,Prioritize count and replenish
SKU0259,Material Handling 0259,Material Handling,Summit Packaging,Z2-B04,Z2,0,0.00,999.00,69,25,17,On hand is below reorder and lead-time demand,Prioritize count and replenish
SKU0259,Material Handling 0259,Material Handling,Summit Packaging,Z3-B02,Z3,0,0.00,999.00,69,25,17,On hand is below reorder and lead-time demand,Review reorder settings
SKU0259,Material Handling 0259,Material Handling,Summit Packaging,Z3-B03,Z3,0,0.00,999.00,69,25,17,On hand is below reorder and lead-time demand,Prioritize count and replenish
SKU0259,Material Handling 0259,Material Handling,Summit Packaging,Z3-B04,Z3,0,0.00,999.00,69,25,17,On hand is below reorder and lead-time demand,Prioritize count and replenish
SKU0260,Industrial Supplies 0260,Industrial Supplies,Atlas Industrial,Z1-B01,Z1,0,0.00,999.00,80,30,6,On hand is below reorder and lead-time demand,Prioritize count and replenish
SKU0260,Industrial Supplies 0260,Industrial Supplies,Atlas Industrial,Z1-B02,Z1,0,0.00,999.00,80,30,6,On hand is below reorder and lead-time demand,Prioritize count and replenish
SKU0260,Industrial Supplies 0260,Industrial Supplies,Atlas Industrial,Z1-B03,Z1,0,0.00,999.00,80,30,6,On hand is below reorder and lead-time demand,Prioritize count and replenish
SKU0260,Industrial Supplies 0260,Industrial Supplies,Atlas Industrial,Z2-B02,Z2,0,0.00,999.00,80,30,6,On hand is below reorder and lead-time demand,Prioritize count and replenish
SKU0260,Industrial Supplies 0260,Industrial Supplies,Atlas Industrial,Z2-B03,Z2,0,0.00,999.00,80,30,6,On hand is below reorder and lead-time demand,Prioritize count and replenish
SKU0260,Industrial Supplies 0260,Industrial Supplies,Atlas Industrial,Z2-B04,Z2,0,0.00,999.00,80,30,6,On hand is below reorder and lead-time demand,Prioritize count and replenish
SKU0260,Industrial Supplies 0260,Industrial Supplies,Atlas Industrial,Z3-B01,Z3,0,0.00,999.00,80,30,6,On hand is below reorder and lead-time demand,Prioritize count and replenish
SKU0260,Industrial Supplies 0260,Industrial Supplies,Atlas Industrial,Z3-B02,Z3,45,0.00,999.00,80,30,6,On hand is below reorder and lead-time demand,Prioritize count and replenish
SKU0260,Industrial Supplies 0260,Industrial Supplies,Atlas Industrial,Z3-B03,Z3,38,0.00,999.00,80,30,6,On hand is below reorder and lead-time demand,Prioritize count and replenish
SKU0261,Electrical Components 0261,Electrical Components,Blue Ridge Supply,Z1-B01,Z1,14,0.00,999.00,91,35,13,On hand is below reorder and lead-time demand,Review reorder settings
SKU0261,Electrical Components 0261,Electrical Components,Blue Ridge Supply,Z1-B02,Z1,0,0.00,999.00,91,35,13,On hand is below reorder and lead-time demand,Prioritize count and replenish
SKU0261,Electrical Components 0261,Electrical Components,Blue Ridge Supply,Z1-B03,Z1,0,0.00,999.00,91,35,13,On hand is below reorder and lead-time demand,Prioritize count and replenish
SKU0261,Electrical Components 0261,Electrical Components,Blue Ridge Supply,Z1-B04,Z1,0,0.00,999.00,91,35,13,On hand is below reorder and lead-time demand,Prioritize count and replenish
SKU0261,Electrical Components 0261,Electrical Components,Blue Ridge Supply,Z2-B01,Z2,0,0.00,999.00,91,35,13,On hand is below reorder and lead-time demand,Prioritize count and replenish
SKU0261,Electrical Components 0261,Electrical Components,Blue Ridge Supply,Z2-B02,Z2,0,0.00,999.00,91,35,13,On hand is below reorder and lead-time demand,Prioritize count and replenish
SKU0261,Electrical Components 0261,Electrical Components,Blue Ridge Supply,Z3-B01,Z3,43,0.00,999.00,91,35,13,On hand is below reorder and lead-time demand,Review reorder settings
SKU0261,Electrical Components 0261,Electrical Components,Blue Ridge Supply,Z3-B02,Z3,35,0.00,999.00,91,35,13,On hand is below reorder and lead-time demand,Review reorder settings
SKU0261,Electrical Components 0261,Electrical Components,Blue Ridge Supply,Z3-B03,Z3,25,0.00,999.00,91,35,13,On hand is below reorder and lead-time demand,Review reorder settings
SKU0261,Electrical Components 0261,Electrical Components,Blue Ridge Supply,Z3-B04,Z3,24,0.00,999.00,91,35,13,On hand is below reorder and lead-time demand,Prioritize count and replenish
SKU0262,Safety Supplies 0262,Safety Supplies,Cedar Components,Z1-B01,Z1,0,0.00,999.00,22,40,20,On hand is below reorder and lead-time demand,Prioritize count and replenish
SKU0262,Safety Supplies 0262,Safety Supplies,Cedar Components,Z2-B01,Z2,47,0.00,999.00,22,40,20,On hand is below reorder and lead-time demand,Review reorder settings
SKU0262,Safety Supplies 0262,Safety Supplies,Cedar Components,Z2-B02,Z2,44,0.00,999.00,22,40,20,On hand is below reorder and lead-time demand,Review reorder settings
SKU0262,Safety Supplies 0262,Safety Supplies,Cedar Components,Z2-B03,Z2,37,0.00,999.00,22,40,20,On hand is below reorder and lead-time demand,Review reorder settings
SKU0262,Safety Supplies 0262,Safety Supplies,Cedar Components,Z2-B04,Z2,26,0.00,999.00,22,40,20,On hand is below reorder and lead-time demand,Review reorder settings
SKU0262,Safety Supplies 0262,Safety Supplies,Cedar Components,Z3-B01,Z3,15,0.00,999.00,22,40,20,On hand is below reorder and lead-time demand,Prioritize count and replenish
SKU0263,Packaging 0263,Packaging,Harbor Safety,Z1-B01,Z1,57,0.00,999.00,33,45,9,On hand is below reorder and lead-time demand,Review reorder settings
SKU0263,Packaging 0263,Packaging,Harbor Safety,Z1-B02,Z1,52,0.00,999.00,33,45,9,On hand is below reorder and lead-time demand,Review reorder settings
SKU0263,Packaging 0263,Packaging,Harbor Safety,Z1-B03,Z1,40,0.00,999.00,33,45,9,On hand is below reorder and lead-time demand,Review reorder settings
SKU0263,Packaging 0263,Packaging,Harbor Safety,Z1-B04,Z1,35,0.00,999.00,33,45,9,On hand is below reorder and lead-time demand,Review reorder settings
SKU0263,Packaging 0263,Packaging,Harbor Safety,Z2-B04,Z2,29,0.00,999.00,33,45,9,On hand is below reorder and lead-time demand,Review reorder settings
SKU0263,Packaging 0263,Packaging,Harbor Safety,Z3-B01,Z3,28,0.00,999.00,33,45,9,On hand is below reorder and lead-time demand,Review reorder settings
SKU0263,Packaging 0263,Packaging,Harbor Safety,Z3-B02,Z3,11,0.00,999.00,33,45,9,On hand is below reorder and lead-time demand,Review reorder settings
SKU0263,Packaging 0263,Packaging,Harbor Safety,Z3-B03,Z3,1,0.00,999.00,33,45,9,On hand is below reorder and lead-time demand,Prioritize count and replenish
SKU0263,Packaging 0263,Packaging,Harbor Safety,Z3-B04,Z3,0,0.00,999.00,33,45,9,On hand is below reorder and lead-time demand,Prioritize count and replenish
SKU0264,Tools 0264,Tools,Summit Packaging,Z1-B04,Z1,36,0.00,999.00,44,10,16,On hand is below reorder and lead-time demand,Review reorder settings
SKU0264,Tools 0264,Tools,Summit Packaging,Z2-B01,Z2,18,0.00,999.00,44,10,16,On hand is below reorder and lead-time demand,Review reorder settings
SKU0264,Tools 0264,Tools,Summit Packaging,Z2-B02,Z2,15,0.00,999.00,44,10,16,On hand is below reorder and lead-time demand,Review reorder settings
SKU0264,Tools 0264,Tools,Summit Packaging,Z2-B03,Z2,0,0.00,999.00,44,10,16,On hand is below reorder and lead-time demand,Prioritize count and replenish
SKU0264,Tools 0264,Tools,Summit Packaging,Z3-B03,Z3,22,0.00,999.00,44,10,16,On hand is below reorder and lead-time demand,Review reorder settings
SKU0264,Tools 0264,Tools,Summit Packaging,Z3-B04,Z3,0,0.00,999.00,44,10,16,On hand is below reorder and lead-time demand,Review reorder settings
SKU0265,Consumables 0265,Consumables,Atlas Industrial,Z1-B01,Z1,26,0.00,999.00,55,15,5,On hand is below reorder and lead-time demand,Review reorder settings
SKU0265,Consumables 0265,Consumables,Atlas Industrial,Z1-B02,Z1,11,0.00,999.00,55,15,5,On hand is below reorder and lead-time demand,Prioritize count and replenish
SKU0265,Consumables 0265,Consumables,Atlas Industrial,Z2-B03,Z2,19,0.00,999.00,55,15,5,On hand is below reorder and lead-time demand,Review reorder settings
SKU0265,Consumables 0265,Consumables,Atlas Industrial,Z2-B04,Z2,0,0.00,999.00,55,15,5,On hand is below reorder and lead-time demand,Prioritize count and replenish
SKU0265,Consumables 0265,Consumables,Atlas Industrial,Z3-B01,Z3,0,0.00,999.00,55,15,5,On hand is below reorder and lead-time demand,Prioritize count and replenish
SKU0265,Consumables 0265,Consumables,Atlas Industrial,Z3-B02,Z3,0,0.00,999.00,55,15,5,On hand is below reorder and lead-time demand,Prioritize count and replenish
SKU0266,Fasteners 0266,Fasteners,Blue Ridge Supply,Z1-B02,Z1,27,0.00,999.00,66,20,12,On hand is below reorder and lead-time demand,Review reorder settings
SKU0266,Fasteners 0266,Fasteners,Blue Ridge Supply,Z1-B03,Z1,11,0.00,999.00,66,20,12,On hand is below reorder and lead-time demand,Review reorder settings
SKU0266,Fasteners 0266,Fasteners,Blue Ridge Supply,Z1-B04,Z1,5,0.00,999.00,66,20,12,On hand is below reorder and lead-time demand,Prioritize count and replenish
SKU0266,Fasteners 0266,Fasteners,Blue Ridge Supply,Z2-B01,Z2,0,0.00,999.00,66,20,12,On hand is below reorder and lead-time demand,Prioritize count and replenish
SKU0267,Maintenance Parts 0267,Maintenance Parts,Cedar Components,Z2-B01,Z2,5,0.00,999.00,77,25,19,On hand is below reorder and lead-time demand,Review reorder settings
SKU0267,Maintenance Parts 0267,Maintenance Parts,Cedar Components,Z2-B04,Z2,73,0.00,999.00,77,25,19,On hand is below reorder and lead-time demand,Review reorder settings
SKU0268,Shipping Supplies 0268,Shipping Supplies,Harbor Safety,Z1-B01,Z1,0,0.00,999.00,88,30,8,On hand is below reorder and lead-time demand,Review reorder settings
SKU0268,Shipping Supplies 0268,Shipping Supplies,Harbor Safety,Z1-B02,Z1,0,0.00,999.00,88,30,8,On hand is below reorder and lead-time demand,Prioritize count and replenish
SKU0268,Shipping Supplies 0268,Shipping Supplies,Harbor Safety,Z1-B03,Z1,94,0.00,999.00,88,30,8,On hand is below reorder and lead-time demand,Review reorder settings
SKU0268,Shipping Supplies 0268,Shipping Supplies,Harbor Safety,Z3-B02,Z3,54,0.00,999.00,88,30,8,On hand is below reorder and lead-time demand,Review reorder settings
SKU0268,Shipping Supplies 0268,Shipping Supplies,Harbor Safety,Z3-B03,Z3,28,0.00,999.00,88,30,8,On hand is below reorder and lead-time demand,Review reorder settings
SKU0269,Material Handling 0269,Material Handling,Summit Packaging,Z2-B01,Z2,59,0.00,999.00,99,35,15,On hand is below reorder and lead-time demand,Review reorder settings
SKU0269,Material Handling 0269,Material Handling,Summit Packaging,Z2-B02,Z2,53,0.00,999.00,99,35,15,On hand is below reorder and lead-time demand,Review reorder settings
SKU0269,Material Handling 0269,Material Handling,Summit Packaging,Z3-B01,Z3,7,0.00,999.00,99,35,15,On hand is below reorder and lead-time demand,Prioritize count and replenish
SKU0269,Material Handling 0269,Material Handling,Summit Packaging,Z3-B02,Z3,0,0.00,999.00,99,35,15,On hand is below reorder and lead-time demand,Prioritize count and replenish
SKU0269,Material Handling 0269,Material Handling,Summit Packaging,Z3-B03,Z3,0,0.00,999.00,99,35,15,On hand is below reorder and lead-time demand,Prioritize count and replenish
SKU0269,Material Handling 0269,Material Handling,Summit Packaging,Z3-B04,Z3,0,0.00,999.00,99,35,15,On hand is below reorder and lead-time demand,Prioritize count and replenish
SKU0270,Industrial Supplies 0270,Industrial Supplies,Atlas Industrial,Z1-B01,Z1,4,0.00,999.00,30,40,4,On hand is below reorder and lead-time demand,Prioritize count and replenish
SKU0270,Industrial Supplies 0270,Industrial Supplies,Atlas Industrial,Z1-B04,Z1,13,0.00,999.00,30,40,4,On hand is below reorder and lead-time demand,Review reorder settings
SKU0270,Industrial Supplies 0270,Industrial Supplies,Atlas Industrial,Z2-B01,Z2,11,0.00,999.00,30,40,4,On hand is below reorder and lead-time demand,Review reorder settings
SKU0270,Industrial Supplies 0270,Industrial Supplies,Atlas Industrial,Z2-B02,Z2,0,0.00,999.00,30,40,4,On hand is below reorder and lead-time demand,Prioritize count and replenish
SKU0270,Industrial Supplies 0270,Industrial Supplies,Atlas Industrial,Z2-B03,Z2,0,0.00,999.00,30,40,4,On hand is below reorder and lead-time demand,Prioritize count and replenish
SKU0270,Industrial Supplies 0270,Industrial Supplies,Atlas Industrial,Z2-B04,Z2,0,0.00,999.00,30,40,4,On hand is below reorder and lead-time demand,Prioritize count and replenish
SKU0270,Industrial Supplies 0270,Industrial Supplies,Atlas Industrial,Z3-B01,Z3,0,0.00,999.00,30,40,4,On hand is below reorder and lead-time demand,Prioritize count and replenish
SKU0270,Industrial Supplies 0270,Industrial Supplies,Atlas Industrial,Z3-B04,Z3,6,0.00,999.00,30,40,4,On hand is below reorder and lead-time demand,Review reorder settings
SKU0271,Electrical Components 0271,Electrical Components,Blue Ridge Supply,Z1-B01,Z1,6,0.00,999.00,41,45,11,On hand is below reorder and lead-time demand,Prioritize count and replenish
SKU0271,Electrical Components 0271,Electrical Components,Blue Ridge Supply,Z1-B02,Z1,0,0.00,999.00,41,45,11,On hand is below reorder and lead-time demand,Prioritize count and replenish
SKU0271,Electrical Components 0271,Electrical Components,Blue Ridge Supply,Z1-B03,Z1,0,0.00,999.00,41,45,11,On hand is below reorder and lead-time demand,Prioritize count and replenish
SKU0271,Electrical Components 0271,Electrical Components,Blue Ridge Supply,Z1-B04,Z1,0,0.00,999.00,41,45,11,On hand is below reorder and lead-time demand,Prioritize count and replenish
SKU0271,Electrical Components 0271,Electrical Components,Blue Ridge Supply,Z2-B03,Z2,9,0.00,999.00,41,45,11,On hand is below reorder and lead-time demand,Review reorder settings
SKU0271,Electrical Components 0271,Electrical Components,Blue Ridge Supply,Z2-B04,Z2,0,0.00,999.00,41,45,11,On hand is below reorder and lead-time demand,Prioritize count and replenish
SKU0271,Electrical Components 0271,Electrical Components,Blue Ridge Supply,Z3-B01,Z3,0,0.00,999.00,41,45,11,On hand is below reorder and lead-time demand,Prioritize count and replenish
SKU0271,Electrical Components 0271,Electrical Components,Blue Ridge Supply,Z3-B02,Z3,0,0.00,999.00,41,45,11,On hand is below reorder and lead-time demand,Prioritize count and replenish
SKU0271,Electrical Components 0271,Electrical Components,Blue Ridge Supply,Z3-B03,Z3,53,0.00,999.00,41,45,11,On hand is below reorder and lead-time demand,Review reorder settings
SKU0271,Electrical Components 0271,Electrical Components,Blue Ridge Supply,Z3-B04,Z3,44,0.00,999.00,41,45,11,On hand is below reorder and lead-time demand,Review reorder settings
SKU0272,Safety Supplies 0272,Safety Supplies,Cedar Components,Z1-B02,Z1,12,0.00,999.00,52,10,18,On hand is below reorder and lead-time demand,Review reorder settings
SKU0272,Safety Supplies 0272,Safety Supplies,Cedar Components,Z1-B03,Z1,10,0.00,999.00,52,10,18,On hand is below reorder and lead-time demand,Review reorder settings
SKU0272,Safety Supplies 0272,Safety Supplies,Cedar Components,Z1-B04,Z1,0,0.00,999.00,52,10,18,On hand is below reorder and lead-time demand,Prioritize count and replenish
SKU0272,Safety Supplies 0272,Safety Supplies,Cedar Components,Z2-B01,Z2,0,0.00,999.00,52,10,18,On hand is below reorder and lead-time demand,Prioritize count and replenish
SKU0272,Safety Supplies 0272,Safety Supplies,Cedar Components,Z2-B02,Z2,0,0.00,999.00,52,10,18,On hand is below reorder and lead-time demand,Prioritize count and replenish
SKU0272,Safety Supplies 0272,Safety Supplies,Cedar Components,Z2-B03,Z2,0,0.00,999.00,52,10,18,On hand is below reorder and lead-time demand,Prioritize count and replenish
SKU0272,Safety Supplies 0272,Safety Supplies,Cedar Components,Z3-B04,Z3,33,0.00,999.00,52,10,18,On hand is below reorder and lead-time demand,Review reorder settings
SKU0273,Packaging 0273,Packaging,Harbor Safety,Z1-B01,Z1,0,0.00,999.00,63,15,7,On hand is below reorder and lead-time demand,Prioritize count and replenish
SKU0273,Packaging 0273,Packaging,Harbor Safety,Z1-B02,Z1,0,0.00,999.00,63,15,7,On hand is below reorder and lead-time demand,Prioritize count and replenish
SKU0273,Packaging 0273,Packaging,Harbor Safety,Z2-B03,Z2,53,0.00,999.00,63,15,7,On hand is below reorder and lead-time demand,Review reorder settings
SKU0273,Packaging 0273,Packaging,Harbor Safety,Z2-B04,Z2,48,0.00,999.00,63,15,7,On hand is below reorder and lead-time demand,Review reorder settings
SKU0273,Packaging 0273,Packaging,Harbor Safety,Z3-B01,Z3,33,0.00,999.00,63,15,7,On hand is below reorder and lead-time demand,Review reorder settings
SKU0273,Packaging 0273,Packaging,Harbor Safety,Z3-B02,Z3,22,0.00,999.00,63,15,7,On hand is below reorder and lead-time demand,Prioritize count and replenish
SKU0274,Tools 0274,Tools,Summit Packaging,Z1-B01,Z1,0,0.00,999.00,74,20,14,On hand is below reorder and lead-time demand,Review reorder settings
SKU0274,Tools 0274,Tools,Summit Packaging,Z1-B02,Z1,65,0.00,999.00,74,20,14,On hand is below reorder and lead-time demand,Review reorder settings
SKU0274,Tools 0274,Tools,Summit Packaging,Z1-B03,Z1,59,0.00,999.00,74,20,14,On hand is below reorder and lead-time demand,Review reorder settings
SKU0274,Tools 0274,Tools,Summit Packaging,Z1-B04,Z1,46,0.00,999.00,74,20,14,On hand is below reorder and lead-time demand,Review reorder settings
SKU0274,Tools 0274,Tools,Summit Packaging,Z2-B01,Z2,41,0.00,999.00,74,20,14,On hand is below reorder and lead-time demand,Review reorder settings
SKU0274,Tools 0274,Tools,Summit Packaging,Z3-B02,Z3,32,0.00,999.00,74,20,14,On hand is below reorder and lead-time demand,Review reorder settings
SKU0274,Tools 0274,Tools,Summit Packaging,Z3-B03,Z3,18,0.00,999.00,74,20,14,On hand is below reorder and lead-time demand,Review reorder settings
SKU0274,Tools 0274,Tools,Summit Packaging,Z3-B04,Z3,0,0.00,999.00,74,20,14,On hand is below reorder and lead-time demand,Prioritize count and replenish
SKU0275,Consumables 0275,Consumables,Atlas Industrial,Z2-B01,Z2,39,0.00,999.00,85,25,21,On hand is below reorder and lead-time demand,Review reorder settings
SKU0275,Consumables 0275,Consumables,Atlas Industrial,Z2-B02,Z2,31,0.00,999.00,85,25,21,On hand is below reorder and lead-time demand,Review reorder settings
SKU0275,Consumables 0275,Consumables,Atlas Industrial,Z2-B03,Z2,19,0.00,999.00,85,25,21,On hand is below reorder and lead-time demand,Review reorder settings
SKU0275,Consumables 0275,Consumables,Atlas Industrial,Z2-B04,Z2,4,0.00,999.00,85,25,21,On hand is below reorder and lead-time demand,Prioritize count and replenish
SKU0276,Fasteners 0276,Fasteners,Blue Ridge Supply,Z1-B01,Z1,43,0.00,999.00,96,30,10,On hand is below reorder and lead-time demand,Review reorder settings
SKU0276,Fasteners 0276,Fasteners,Blue Ridge Supply,Z1-B02,Z1,38,0.00,999.00,96,30,10,On hand is below reorder and lead-time demand,Review reorder settings
SKU0276,Fasteners 0276,Fasteners,Blue Ridge Supply,Z1-B03,Z1,19,0.00,999.00,96,30,10,On hand is below reorder and lead-time demand,Prioritize count and replenish
SKU0276,Fasteners 0276,Fasteners,Blue Ridge Supply,Z2-B04,Z2,16,0.00,999.00,96,30,10,On hand is below reorder and lead-time demand,Review reorder settings
SKU0276,Fasteners 0276,Fasteners,Blue Ridge Supply,Z3-B01,Z3,7,0.00,999.00,96,30,10,On hand is below reorder and lead-time demand,Review reorder settings
SKU0276,Fasteners 0276,Fasteners,Blue Ridge Supply,Z3-B02,Z3,0,0.00,999.00,96,30,10,On hand is below reorder and lead-time demand,Prioritize count and replenish
SKU0276,Fasteners 0276,Fasteners,Blue Ridge Supply,Z3-B03,Z3,0,0.00,999.00,96,30,10,On hand is below reorder and lead-time demand,Prioritize count and replenish
SKU0277,Maintenance Parts 0277,Maintenance Parts,Cedar Components,Z1-B01,Z1,12,0.00,999.00,27,35,17,On hand is below reorder and lead-time demand,Review reorder settings
SKU0277,Maintenance Parts 0277,Maintenance Parts,Cedar Components,Z1-B02,Z1,6,0.00,999.00,27,35,17,On hand is below reorder and lead-time demand,Prioritize count and replenish
SKU0277,Maintenance Parts 0277,Maintenance Parts,Cedar Components,Z1-B03,Z1,0,0.00,999.00,27,35,17,On hand is below reorder and lead-time demand,Prioritize count and replenish
SKU0277,Maintenance Parts 0277,Maintenance Parts,Cedar Components,Z1-B04,Z1,0,0.00,999.00,27,35,17,On hand is below reorder and lead-time demand,Prioritize count and replenish
SKU0277,Maintenance Parts 0277,Maintenance Parts,Cedar Components,Z2-B01,Z2,0,0.00,999.00,27,35,17,On hand is below reorder and lead-time demand,Prioritize count and replenish
SKU0277,Maintenance Parts 0277,Maintenance Parts,Cedar Components,Z2-B02,Z2,0,0.00,999.00,27,35,17,On hand is below reorder and lead-time demand,Prioritize count and replenish
SKU0277,Maintenance Parts 0277,Maintenance Parts,Cedar Components,Z2-B03,Z2,5,0.00,999.00,27,35,17,On hand is below reorder and lead-time demand,Review reorder settings
SKU0277,Maintenance Parts 0277,Maintenance Parts,Cedar Components,Z2-B04,Z2,0,0.00,999.00,27,35,17,On hand is below reorder and lead-time demand,Prioritize count and replenish
SKU0277,Maintenance Parts 0277,Maintenance Parts,Cedar Components,Z3-B01,Z3,0,0.00,999.00,27,35,17,On hand is below reorder and lead-time demand,Prioritize count and replenish
SKU0278,Shipping Supplies 0278,Shipping Supplies,Harbor Safety,Z1-B01,Z1,0,0.00,999.00,38,40,6,On hand is below reorder and lead-time demand,Prioritize count and replenish
SKU0279,Material Handling 0279,Material Handling,Summit Packaging,Z1-B02,Z1,5,0.00,999.00,49,45,13,On hand is below reorder and lead-time demand,Review reorder settings
SKU0279,Material Handling 0279,Material Handling,Summit Packaging,Z1-B03,Z1,0,0.00,999.00,49,45,13,On hand is below reorder and lead-time demand,Prioritize count and replenish
SKU0279,Material Handling 0279,Material Handling,Summit Packaging,Z2-B03,Z2,25,0.00,999.00,49,45,13,On hand is below reorder and lead-time demand,Review reorder settings
SKU0279,Material Handling 0279,Material Handling,Summit Packaging,Z2-B04,Z2,21,0.00,999.00,49,45,13,On hand is below reorder and lead-time demand,Prioritize count and replenish
SKU0279,Material Handling 0279,Material Handling,Summit Packaging,Z3-B01,Z3,11,0.00,999.00,49,45,13,On hand is below reorder and lead-time demand,Prioritize count and replenish
SKU0279,Material Handling 0279,Material Handling,Summit Packaging,Z3-B02,Z3,2,0.00,999.00,49,45,13,On hand is below reorder and lead-time demand,Prioritize count and replenish
SKU0279,Material Handling 0279,Material Handling,Summit Packaging,Z3-B03,Z3,0,0.00,999.00,49,45,13,On hand is below reorder and lead-time demand,Prioritize count and replenish
SKU0279,Material Handling 0279,Material Handling,Summit Packaging,Z3-B04,Z3,0,0.00,999.00,49,45,13,On hand is below reorder and lead-time demand,Prioritize count and replenish
SKU0280,Industrial Supplies 0280,Industrial Supplies,Atlas Industrial,Z1-B02,Z1,34,0.00,999.00,60,10,20,On hand is below reorder and lead-time demand,Review reorder settings
SKU0280,Industrial Supplies 0280,Industrial Supplies,Atlas Industrial,Z1-B03,Z1,29,0.00,999.00,60,10,20,On hand is below reorder and lead-time demand,Review reorder settings
SKU0280,Industrial Supplies 0280,Industrial Supplies,Atlas Industrial,Z1-B04,Z1,23,0.00,999.00,60,10,20,On hand is below reorder and lead-time demand,Review reorder settings
SKU0280,Industrial Supplies 0280,Industrial Supplies,Atlas Industrial,Z2-B01,Z2,9,0.00,999.00,60,10,20,On hand is below reorder and lead-time demand,Prioritize count and replenish
SKU0280,Industrial Supplies 0280,Industrial Supplies,Atlas Industrial,Z2-B02,Z2,9,0.00,999.00,60,10,20,On hand is below reorder and lead-time demand,Prioritize count and replenish
SKU0280,Industrial Supplies 0280,Industrial Supplies,Atlas Industrial,Z2-B03,Z2,0,0.00,999.00,60,10,20,On hand is below reorder and lead-time demand,Prioritize count and replenish
SKU0280,Industrial Supplies 0280,Industrial Supplies,Atlas Industrial,Z3-B02,Z3,15,0.00,999.00,60,10,20,On hand is below reorder and lead-time demand,Review reorder settings
SKU0280,Industrial Supplies 0280,Industrial Supplies,Atlas Industrial,Z3-B03,Z3,0,0.00,999.00,60,10,20,On hand is below reorder and lead-time demand,Prioritize count and replenish
SKU0280,Industrial Supplies 0280,Industrial Supplies,Atlas Industrial,Z3-B04,Z3,0,0.00,999.00,60,10,20,On hand is below reorder and lead-time demand,Prioritize count and replenish
SKU0281,Electrical Components 0281,Electrical Components,Blue Ridge Supply,Z1-B01,Z1,15,0.00,999.00,71,15,9,On hand is below reorder and lead-time demand,Prioritize count and replenish
SKU0281,Electrical Components 0281,Electrical Components,Blue Ridge Supply,Z1-B02,Z1,15,0.00,999.00,71,15,9,On hand is below reorder and lead-time demand,Prioritize count and replenish
SKU0281,Electrical Components 0281,Electrical Components,Blue Ridge Supply,Z2-B01,Z2,24,0.00,999.00,71,15,9,On hand is below reorder and lead-time demand,Review reorder settings
SKU0281,Electrical Components 0281,Electrical Components,Blue Ridge Supply,Z2-B02,Z2,16,0.00,999.00,71,15,9,On hand is below reorder and lead-time demand,Review reorder settings
SKU0281,Electrical Components 0281,Electrical Components,Blue Ridge Supply,Z2-B03,Z2,5,0.00,999.00,71,15,9,On hand is below reorder and lead-time demand,Prioritize count and replenish
SKU0281,Electrical Components 0281,Electrical Components,Blue Ridge Supply,Z2-B04,Z2,0,0.00,999.00,71,15,9,On hand is below reorder and lead-time demand,Prioritize count and replenish
SKU0281,Electrical Components 0281,Electrical Components,Blue Ridge Supply,Z3-B01,Z3,0,0.00,999.00,71,15,9,On hand is below reorder and lead-time demand,Prioritize count and replenish
SKU0281,Electrical Components 0281,Electrical Components,Blue Ridge Supply,Z3-B02,Z3,0,0.00,999.00,71,15,9,On hand is below reorder and lead-time demand,Prioritize count and replenish
SKU0282,Safety Supplies 0282,Safety Supplies,Cedar Components,Z1-B01,Z1,20,0.00,999.00,82,20,16,On hand is below reorder and lead-time demand,Review reorder settings
SKU0282,Safety Supplies 0282,Safety Supplies,Cedar Components,Z1-B02,Z1,13,0.00,999.00,82,20,16,On hand is below reorder and lead-time demand,Prioritize count and replenish
SKU0282,Safety Supplies 0282,Safety Supplies,Cedar Components,Z1-B03,Z1,1,0.00,999.00,82,20,16,On hand is below reorder and lead-time demand,Prioritize count and replenish
SKU0282,Safety Supplies 0282,Safety Supplies,Cedar Components,Z1-B04,Z1,0,0.00,999.00,82,20,16,On hand is below reorder and lead-time demand,Prioritize count and replenish
SKU0282,Safety Supplies 0282,Safety Supplies,Cedar Components,Z2-B01,Z2,0,0.00,999.00,82,20,16,On hand is below reorder and lead-time demand,Prioritize count and replenish
SKU0282,Safety Supplies 0282,Safety Supplies,Cedar Components,Z2-B04,Z2,44,0.00,999.00,82,20,16,On hand is below reorder and lead-time demand,Review reorder settings
SKU0282,Safety Supplies 0282,Safety Supplies,Cedar Components,Z3-B01,Z3,0,0.00,999.00,82,20,16,On hand is below reorder and lead-time demand,Review reorder settings
SKU0282,Safety Supplies 0282,Safety Supplies,Cedar Components,Z3-B02,Z3,0,0.00,999.00,82,20,16,On hand is below reorder and lead-time demand,Prioritize count and replenish
SKU0282,Safety Supplies 0282,Safety Supplies,Cedar Components,Z3-B03,Z3,0,0.00,999.00,82,20,16,On hand is below reorder and lead-time demand,Prioritize count and replenish
SKU0282,Safety Supplies 0282,Safety Supplies,Cedar Components,Z3-B04,Z3,61,0.00,999.00,82,20,16,On hand is below reorder and lead-time demand,Review reorder settings
SKU0283,Packaging 0283,Packaging,Harbor Safety,Z1-B03,Z1,21,0.00,999.00,93,25,5,On hand is below reorder and lead-time demand,Review reorder settings
SKU0283,Packaging 0283,Packaging,Harbor Safety,Z1-B04,Z1,4,0.00,999.00,93,25,5,On hand is below reorder and lead-time demand,Review reorder settings
SKU0283,Packaging 0283,Packaging,Harbor Safety,Z2-B01,Z2,0,0.00,999.00,93,25,5,On hand is below reorder and lead-time demand,Prioritize count and replenish
SKU0283,Packaging 0283,Packaging,Harbor Safety,Z2-B02,Z2,0,0.00,999.00,93,25,5,On hand is below reorder and lead-time demand,Prioritize count and replenish
SKU0283,Packaging 0283,Packaging,Harbor Safety,Z2-B03,Z2,0,0.00,999.00,93,25,5,On hand is below reorder and lead-time demand,Prioritize count and replenish
SKU0283,Packaging 0283,Packaging,Harbor Safety,Z2-B04,Z2,0,0.00,999.00,93,25,5,On hand is below reorder and lead-time demand,Prioritize count and replenish
SKU0284,Tools 0284,Tools,Summit Packaging,Z1-B01,Z1,0,0.00,999.00,24,30,12,On hand is below reorder and lead-time demand,Prioritize count and replenish
SKU0284,Tools 0284,Tools,Summit Packaging,Z1-B02,Z1,0,0.00,999.00,24,30,12,On hand is below reorder and lead-time demand,Prioritize count and replenish
SKU0284,Tools 0284,Tools,Summit Packaging,Z1-B03,Z1,0,0.00,999.00,24,30,12,On hand is below reorder and lead-time demand,Prioritize count and replenish
SKU0284,Tools 0284,Tools,Summit Packaging,Z3-B02,Z3,45,0.00,999.00,24,30,12,On hand is below reorder and lead-time demand,Review reorder settings
SKU0284,Tools 0284,Tools,Summit Packaging,Z3-B03,Z3,31,0.00,999.00,24,30,12,On hand is below reorder and lead-time demand,Review reorder settings
SKU0285,Consumables 0285,Consumables,Atlas Industrial,Z1-B02,Z1,0,0.00,999.00,35,35,19,On hand is below reorder and lead-time demand,Review reorder settings
SKU0285,Consumables 0285,Consumables,Atlas Industrial,Z2-B02,Z2,50,0.00,999.00,35,35,19,On hand is below reorder and lead-time demand,Review reorder settings
SKU0285,Consumables 0285,Consumables,Atlas Industrial,Z3-B04,Z3,21,0.00,999.00,35,35,19,On hand is below reorder and lead-time demand,Review reorder settings
SKU0286,Fasteners 0286,Fasteners,Blue Ridge Supply,Z1-B01,Z1,72,0.00,999.00,46,40,8,On hand is below reorder and lead-time demand,Review reorder settings
SKU0286,Fasteners 0286,Fasteners,Blue Ridge Supply,Z2-B03,Z2,39,0.00,999.00,46,40,8,On hand is below reorder and lead-time demand,Review reorder settings
SKU0286,Fasteners 0286,Fasteners,Blue Ridge Supply,Z2-B04,Z2,23,0.00,999.00,46,40,8,On hand is below reorder and lead-time demand,Review reorder settings
SKU0286,Fasteners 0286,Fasteners,Blue Ridge Supply,Z3-B01,Z3,11,0.00,999.00,46,40,8,On hand is below reorder and lead-time demand,Prioritize count and replenish
SKU0287,Maintenance Parts 0287,Maintenance Parts,Cedar Components,Z1-B02,Z1,52,0.00,999.00,57,45,15,On hand is below reorder and lead-time demand,Review reorder settings
SKU0287,Maintenance Parts 0287,Maintenance Parts,Cedar Components,Z1-B03,Z1,43,0.00,999.00,57,45,15,On hand is below reorder and lead-time demand,Review reorder settings
SKU0287,Maintenance Parts 0287,Maintenance Parts,Cedar Components,Z1-B04,Z1,22,0.00,999.00,57,45,15,On hand is below reorder and lead-time demand,Review reorder settings
SKU0287,Maintenance Parts 0287,Maintenance Parts,Cedar Components,Z3-B02,Z3,9,0.00,999.00,57,45,15,On hand is below reorder and lead-time demand,Review reorder settings
SKU0287,Maintenance Parts 0287,Maintenance Parts,Cedar Components,Z3-B03,Z3,0,0.00,999.00,57,45,15,On hand is below reorder and lead-time demand,Prioritize count and replenish
SKU0287,Maintenance Parts 0287,Maintenance Parts,Cedar Components,Z3-B04,Z3,0,0.00,999.00,57,45,15,On hand is below reorder and lead-time demand,Prioritize count and replenish
SKU0288,Shipping Supplies 0288,Shipping Supplies,Harbor Safety,Z2-B01,Z2,22,0.00,999.00,68,10,4,On hand is below reorder and lead-time demand,Review reorder settings
SKU0288,Shipping Supplies 0288,Shipping Supplies,Harbor Safety,Z2-B02,Z2,15,0.00,999.00,68,10,4,On hand is below reorder and lead-time demand,Review reorder settings
SKU0288,Shipping Supplies 0288,Shipping Supplies,Harbor Safety,Z2-B03,Z2,0,0.00,999.00,68,10,4,On hand is below reorder and lead-time demand,Prioritize count and replenish
SKU0289,Material Handling 0289,Material Handling,Summit Packaging,Z1-B01,Z1,31,0.00,999.00,79,15,11,On hand is below reorder and lead-time demand,Review reorder settings
SKU0289,Material Handling 0289,Material Handling,Summit Packaging,Z1-B02,Z1,9,0.00,999.00,79,15,11,On hand is below reorder and lead-time demand,Prioritize count and replenish
SKU0289,Material Handling 0289,Material Handling,Summit Packaging,Z2-B03,Z2,0,0.00,999.00,79,15,11,On hand is below reorder and lead-time demand,Prioritize count and replenish
SKU0289,Material Handling 0289,Material Handling,Summit Packaging,Z2-B04,Z2,36,0.00,999.00,79,15,11,On hand is below reorder and lead-time demand,Prioritize count and replenish
SKU0289,Material Handling 0289,Material Handling,Summit Packaging,Z3-B01,Z3,28,0.00,999.00,79,15,11,On hand is below reorder and lead-time demand,Prioritize count and replenish
SKU0289,Material Handling 0289,Material Handling,Summit Packaging,Z3-B02,Z3,24,0.00,999.00,79,15,11,On hand is below reorder and lead-time demand,Prioritize count and replenish
SKU0290,Industrial Supplies 0290,Industrial Supplies,Atlas Industrial,Z1-B01,Z1,0,0.00,999.00,90,20,18,On hand is below reorder and lead-time demand,Prioritize count and replenish
SKU0290,Industrial Supplies 0290,Industrial Supplies,Atlas Industrial,Z1-B02,Z1,0,0.00,999.00,90,20,18,On hand is below reorder and lead-time demand,Prioritize count and replenish
SKU0290,Industrial Supplies 0290,Industrial Supplies,Atlas Industrial,Z1-B03,Z1,0,0.00,999.00,90,20,18,On hand is below reorder and lead-time demand,Prioritize count and replenish
SKU0290,Industrial Supplies 0290,Industrial Supplies,Atlas Industrial,Z1-B04,Z1,0,0.00,999.00,90,20,18,On hand is below reorder and lead-time demand,Prioritize count and replenish
SKU0290,Industrial Supplies 0290,Industrial Supplies,Atlas Industrial,Z2-B01,Z2,40,0.00,999.00,90,20,18,On hand is below reorder and lead-time demand,Prioritize count and replenish
SKU0290,Industrial Supplies 0290,Industrial Supplies,Atlas Industrial,Z2-B03,Z2,39,0.00,999.00,90,20,18,On hand is below reorder and lead-time demand,Review reorder settings
SKU0290,Industrial Supplies 0290,Industrial Supplies,Atlas Industrial,Z2-B04,Z2,28,0.00,999.00,90,20,18,On hand is below reorder and lead-time demand,Review reorder settings
SKU0290,Industrial Supplies 0290,Industrial Supplies,Atlas Industrial,Z3-B01,Z3,28,0.00,999.00,90,20,18,On hand is below reorder and lead-time demand,Review reorder settings
SKU0290,Industrial Supplies 0290,Industrial Supplies,Atlas Industrial,Z3-B02,Z3,18,0.00,999.00,90,20,18,On hand is below reorder and lead-time demand,Prioritize count and replenish
SKU0290,Industrial Supplies 0290,Industrial Supplies,Atlas Industrial,Z3-B03,Z3,6,0.00,999.00,90,20,18,On hand is below reorder and lead-time demand,Prioritize count and replenish
SKU0290,Industrial Supplies 0290,Industrial Supplies,Atlas Industrial,Z3-B04,Z3,0,0.00,999.00,90,20,18,On hand is below reorder and lead-time demand,Prioritize count and replenish
SKU0291,Electrical Components 0291,Electrical Components,Blue Ridge Supply,Z1-B04,Z1,35,0.00,999.00,21,25,7,On hand is below reorder and lead-time demand,Review reorder settings
SKU0291,Electrical Components 0291,Electrical Components,Blue Ridge Supply,Z2-B01,Z2,30,0.00,999.00,21,25,7,On hand is below reorder and lead-time demand,Review reorder settings
SKU0291,Electrical Components 0291,Electrical Components,Blue Ridge Supply,Z2-B02,Z2,27,0.00,999.00,21,25,7,On hand is below reorder and lead-time demand,Review reorder settings
SKU0291,Electrical Components 0291,Electrical Components,Blue Ridge Supply,Z2-B03,Z2,14,0.00,999.00,21,25,7,On hand is below reorder and lead-time demand,Prioritize count and replenish
SKU0291,Electrical Components 0291,Electrical Components,Blue Ridge Supply,Z2-B04,Z2,0,0.00,999.00,21,25,7,On hand is below reorder and lead-time demand,Prioritize count and replenish
SKU0291,Electrical Components 0291,Electrical Components,Blue Ridge Supply,Z3-B04,Z3,14,0.00,999.00,21,25,7,On hand is below reorder and lead-time demand,Review reorder settings
SKU0292,Safety Supplies 0292,Safety Supplies,Cedar Components,Z1-B01,Z1,39,0.00,999.00,32,30,14,On hand is below reorder and lead-time demand,Review reorder settings
SKU0292,Safety Supplies 0292,Safety Supplies,Cedar Components,Z1-B02,Z1,27,0.00,999.00,32,30,14,On hand is below reorder and lead-time demand,Review reorder settings
SKU0292,Safety Supplies 0292,Safety Supplies,Cedar Components,Z1-B03,Z1,23,0.00,999.00,32,30,14,On hand is below reorder and lead-time demand,Prioritize count and replenish
SKU0292,Safety Supplies 0292,Safety Supplies,Cedar Components,Z2-B03,Z2,19,0.00,999.00,32,30,14,On hand is below reorder and lead-time demand,Review reorder settings
SKU0292,Safety Supplies 0292,Safety Supplies,Cedar Components,Z2-B04,Z2,1,0.00,999.00,32,30,14,On hand is below reorder and lead-time demand,Prioritize count and replenish
SKU0292,Safety Supplies 0292,Safety Supplies,Cedar Components,Z3-B01,Z3,0,0.00,999.00,32,30,14,On hand is below reorder and lead-time demand,Prioritize count and replenish
SKU0292,Safety Supplies 0292,Safety Supplies,Cedar Components,Z3-B02,Z3,0,0.00,999.00,32,30,14,On hand is below reorder and lead-time demand,Prioritize count and replenish
SKU0292,Safety Supplies 0292,Safety Supplies,Cedar Components,Z3-B03,Z3,0,0.00,999.00,32,30,14,On hand is below reorder and lead-time demand,Prioritize count and replenish
SKU0293,Packaging 0293,Packaging,Harbor Safety,Z1-B02,Z1,27,0.00,999.00,43,35,21,On hand is below reorder and lead-time demand,Review reorder settings
SKU0293,Packaging 0293,Packaging,Harbor Safety,Z1-B03,Z1,21,0.00,999.00,43,35,21,On hand is below reorder and lead-time demand,Review reorder settings
SKU0293,Packaging 0293,Packaging,Harbor Safety,Z1-B04,Z1,15,0.00,999.00,43,35,21,On hand is below reorder and lead-time demand,Review reorder settings
SKU0293,Packaging 0293,Packaging,Harbor Safety,Z2-B01,Z2,1,0.00,999.00,43,35,21,On hand is below reorder and lead-time demand,Prioritize count and replenish
SKU0293,Packaging 0293,Packaging,Harbor Safety,Z2-B02,Z2,0,0.00,999.00,43,35,21,On hand is below reorder and lead-time demand,Prioritize count and replenish
SKU0293,Packaging 0293,Packaging,Harbor Safety,Z3-B02,Z3,3,0.00,999.00,43,35,21,On hand is below reorder and lead-time demand,Review reorder settings
SKU0293,Packaging 0293,Packaging,Harbor Safety,Z3-B03,Z3,0,0.00,999.00,43,35,21,On hand is below reorder and lead-time demand,Review reorder settings
SKU0293,Packaging 0293,Packaging,Harbor Safety,Z3-B04,Z3,0,0.00,999.00,43,35,21,On hand is below reorder and lead-time demand,Prioritize count and replenish
SKU0294,Tools 0294,Tools,Summit Packaging,Z1-B01,Z1,0,0.00,999.00,54,40,10,On hand is below reorder and lead-time demand,Prioritize count and replenish
SKU0294,Tools 0294,Tools,Summit Packaging,Z2-B01,Z2,13,0.00,999.00,54,40,10,On hand is below reorder and lead-time demand,Review reorder settings
SKU0294,Tools 0294,Tools,Summit Packaging,Z2-B02,Z2,0,0.00,999.00,54,40,10,On hand is below reorder and lead-time demand,Prioritize count and replenish
SKU0294,Tools 0294,Tools,Summit Packaging,Z2-B03,Z2,0,0.00,999.00,54,40,10,On hand is below reorder and lead-time demand,Prioritize count and replenish
SKU0294,Tools 0294,Tools,Summit Packaging,Z2-B04,Z2,0,0.00,999.00,54,40,10,On hand is below reorder and lead-time demand,Prioritize count and replenish
SKU0294,Tools 0294,Tools,Summit Packaging,Z3-B01,Z3,0,0.00,999.00,54,40,10,On hand is below reorder and lead-time demand,Prioritize count and replenish
SKU0295,Consumables 0295,Consumables,Atlas Industrial,Z1-B01,Z1,17,0.00,999.00,65,45,17,On hand is below reorder and lead-time demand,Review reorder settings
SKU0295,Consumables 0295,Consumables,Atlas Industrial,Z1-B02,Z1,0,0.00,999.00,65,45,17,On hand is below reorder and lead-time demand,Prioritize count and replenish
SKU0295,Consumables 0295,Consumables,Atlas Industrial,Z1-B03,Z1,0,0.00,999.00,65,45,17,On hand is below reorder and lead-time demand,Prioritize count and replenish
SKU0295,Consumables 0295,Consumables,Atlas Industrial,Z1-B04,Z1,0,0.00,999.00,65,45,17,On hand is below reorder and lead-time demand,Prioritize count and replenish
SKU0295,Consumables 0295,Consumables,Atlas Industrial,Z3-B02,Z3,63,0.00,999.00,65,45,17,On hand is below reorder and lead-time demand,Review reorder settings
SKU0295,Consumables 0295,Consumables,Atlas Industrial,Z3-B03,Z3,42,0.00,999.00,65,45,17,On hand is below reorder and lead-time demand,Review reorder settings
SKU0295,Consumables 0295,Consumables,Atlas Industrial,Z3-B04,Z3,38,0.00,999.00,65,45,17,On hand is below reorder and lead-time demand,Review reorder settings
SKU0296,Fasteners 0296,Fasteners,Blue Ridge Supply,Z2-B03,Z2,57,0.00,999.00,76,10,6,On hand is below reorder and lead-time demand,Review reorder settings
SKU0297,Maintenance Parts 0297,Maintenance Parts,Cedar Components,Z1-B02,Z1,77,0.00,999.00,87,15,13,On hand is below reorder and lead-time demand,Review reorder settings
SKU0297,Maintenance Parts 0297,Maintenance Parts,Cedar Components,Z2-B04,Z2,51,0.00,999.00,87,15,13,On hand is below reorder and lead-time demand,Review reorder settings
SKU0297,Maintenance Parts 0297,Maintenance Parts,Cedar Components,Z3-B01,Z3,31,0.00,999.00,87,15,13,On hand is below reorder and lead-time demand,Review reorder settings
SKU0297,Maintenance Parts 0297,Maintenance Parts,Cedar Components,Z3-B02,Z3,17,0.00,999.00,87,15,13,On hand is below reorder and lead-time demand,Review reorder settings
SKU0298,Shipping Supplies 0298,Shipping Supplies,Harbor Safety,Z1-B03,Z1,56,0.00,999.00,98,20,20,On hand is below reorder and lead-time demand,Review reorder settings
SKU0298,Shipping Supplies 0298,Shipping Supplies,Harbor Safety,Z1-B04,Z1,45,0.00,999.00,98,20,20,On hand is below reorder and lead-time demand,Review reorder settings
SKU0298,Shipping Supplies 0298,Shipping Supplies,Harbor Safety,Z2-B01,Z2,34,0.00,999.00,98,20,20,On hand is below reorder and lead-time demand,Review reorder settings
SKU0298,Shipping Supplies 0298,Shipping Supplies,Harbor Safety,Z3-B03,Z3,22,0.00,999.00,98,20,20,On hand is below reorder and lead-time demand,Review reorder settings
SKU0298,Shipping Supplies 0298,Shipping Supplies,Harbor Safety,Z3-B04,Z3,0,0.00,999.00,98,20,20,On hand is below reorder and lead-time demand,Prioritize count and replenish
SKU0299,Material Handling 0299,Material Handling,Summit Packaging,Z2-B03,Z2,0,0.00,999.00,29,25,9,On hand is below reorder and lead-time demand,Prioritize count and replenish
SKU0299,Material Handling 0299,Material Handling,Summit Packaging,Z2-B04,Z2,0,0.00,999.00,29,25,9,On hand is below reorder and lead-time demand,Prioritize count and replenish
SKU0299,Material Handling 0299,Material Handling,Summit Packaging,Z3-B02,Z3,0,0.00,999.00,29,25,9,On hand is below reorder and lead-time demand,Review reorder settings
SKU0299,Material Handling 0299,Material Handling,Summit Packaging,Z3-B03,Z3,0,0.00,999.00,29,25,9,On hand is below reorder and lead-time demand,Prioritize count and replenish
SKU0299,Material Handling 0299,Material Handling,Summit Packaging,Z3-B04,Z3,40,0.00,999.00,29,25,9,On hand is below reorder and lead-time demand,Review reorder settings
SKU0300,Industrial Supplies 0300,Industrial Supplies,Atlas Industrial,Z1-B01,Z1,0,0.00,999.00,40,30,16,On hand is below reorder and lead-time demand,Prioritize count and replenish
SKU0300,Industrial Supplies 0300,Industrial Supplies,Atlas Industrial,Z1-B02,Z1,0,0.00,999.00,40,30,16,On hand is below reorder and lead-time demand,Prioritize count and replenish
SKU0300,Industrial Supplies 0300,Industrial Supplies,Atlas Industrial,Z1-B03,Z1,0,0.00,999.00,40,30,16,On hand is below reorder and lead-time demand,Prioritize count and replenish
SKU0300,Industrial Supplies 0300,Industrial Supplies,Atlas Industrial,Z2-B01,Z2,10,0.00,999.00,40,30,16,On hand is below reorder and lead-time demand,Review reorder settings
SKU0300,Industrial Supplies 0300,Industrial Supplies,Atlas Industrial,Z2-B02,Z2,0,0.00,999.00,40,30,16,On hand is below reorder and lead-time demand,Review reorder settings
SKU0300,Industrial Supplies 0300,Industrial Supplies,Atlas Industrial,Z2-B03,Z2,0,0.00,999.00,40,30,16,On hand is below reorder and lead-time demand,Prioritize count and replenish
SKU0300,Industrial Supplies 0300,Industrial Supplies,Atlas Industrial,Z2-B04,Z2,0,0.00,999.00,40,30,16,On hand is below reorder and lead-time demand,Prioritize count and replenish
SKU0300,Industrial Supplies 0300,Industrial Supplies,Atlas Industrial,Z3-B01,Z3,44,0.00,999.00,40,30,16,On hand is below reorder and lead-time demand,Review reorder settings
SKU0300,Industrial Supplies 0300,Industrial Supplies,Atlas Industrial,Z3-B02,Z3,35,0.00,999.00,40,30,16,On hand is below reorder and lead-time demand,Review reorder settings
SKU0300,Industrial Supplies 0300,Industrial Supplies,Atlas Industrial,Z3-B03,Z3,31,0.00,999.00,40,30,16,On hand is below reorder and lead-time demand,Prioritize count and replenish
